identity_id,flight_designator_raw,flight_designator_compact,operator_code_raw,from_iata,to_iata,identity_status,as_of_validity_status,accepted_current_future,variant_count,source_row_count,runtime_airport_pair_status,exact_flight_number_and_pair_match,source_rows,physical_lineage_refs
ix-leg-2fe88655b9bd640994b0,IX 1012,IX1012,AXB,DEL,SXR,accepted,current,true,3,3,present in pinned runtime (any carrier),false,DGCA-AIX-2026-R1489;DGCA-AIX-2026-R0792;DGCA-AIX-2026-R1488,p27/physical-row-036/section=Srinagar/printed=2/source-row=DGCA-AIX-2026-R1489/lineage=26fd6249636ee77ebf1c7ff7aeedcad52880a1d6f380a92d86664cbbe203846d;p15/physical-row-010/section=Delhi/printed=26/source-row=DGCA-AIX-2026-R0792/lineage=4024b474eaa6efbf9bb228d8e509cbc81e7a9bfecd86561f962122d6450b4bb2;p27/physical-row-035/section=Srinagar/printed=1/source-row=DGCA-AIX-2026-R1488/lineage=863de11138563877eeb9cd5b98512ac1dbece37a8379ef027e9676e3a9b164cf
ix-leg-cf96eb0693d1da4afb2f,IX 1017,IX1017,AXB,DEL,PAT,accepted,current,true,3,3,present in pinned runtime (any carrier),false,DGCA-AIX-2026-R1424;DGCA-AIX-2026-R0842;DGCA-AIX-2026-R1425,p26/physical-row-026/section=Patna/printed=12/source-row=DGCA-AIX-2026-R1424/lineage=e6f90e4e87f94591c60adc8b83db5a0fae88c33a4f459a3ac82823813718459a;p16/physical-row-002/section=Delhi/printed=76/source-row=DGCA-AIX-2026-R0842/lineage=f2b6994889fe5b9e2f3b888c3d9605ac51e9df5a1464777f7fb8008d4fc51781;p26/physical-row-027/section=Patna/printed=13/source-row=DGCA-AIX-2026-R1425/lineage=dde48ea1b44c60851cd34a7fdfa0abbbad4ad7c50b14b547408b3e514ba5a0cb
ix-leg-ae7849f0d06658bcf8cf,IX 1017,IX1017,AXB,HYD,SXR,accepted,current,true,2,2,new airport pair vs pinned runtime,false,DGCA-AIX-2026-R1509;DGCA-AIX-2026-R1508,p27/physical-row-056/section=Srinagar/printed=22/source-row=DGCA-AIX-2026-R1509/lineage=fd7a7c0bcc8f88d9211d254fa4ff2618b179e99c57a2cc077957b3a2e97b7ed2;p27/physical-row-055/section=Srinagar/printed=21/source-row=DGCA-AIX-2026-R1508/lineage=e4805284288dca17528c4ac420b237a60b680024ed02d5f6bf6c9f533b2dfeaa
ix-leg-90c660e92f7110dbc3d1,IX 1017,IX1017,AXB,SXR,DEL,accepted,current,true,3,3,present in pinned runtime (any carrier),false,DGCA-AIX-2026-R1495;DGCA-AIX-2026-R0840;DGCA-AIX-2026-R1494,p27/physical-row-042/section=Srinagar/printed=8/source-row=DGCA-AIX-2026-R1495/lineage=a8412b96e5043270789a0088b08a44e1128f058bc0513997fac415bb2bb22e31;p15/physical-row-058/section=Delhi/printed=74/source-row=DGCA-AIX-2026-R0840/lineage=96446a9fed38050611f78ef1cd7c406773feb37f6399beff5a807098ef391e0a;p27/physical-row-041/section=Srinagar/printed=7/source-row=DGCA-AIX-2026-R1494/lineage=967ce86e0d0b13d28ea8ec8a787bb265844bfa6bb6bfc6abecf03a4ecaa5bc01
ix-leg-7845e3e8ff1bf8e3c721,IX 1023,IX1023,AXB,BOM,VNS,accepted,current,true,1,2,present in pinned runtime (any carrier),false,DGCA-AIX-2026-R1369;DGCA-AIX-2026-R1706,p25/physical-row-027/section=Mumbai/printed=34/source-row=DGCA-AIX-2026-R1369/lineage=6e8104674f73b097eb0fae03e822fdb845c997d23bfc5b241b47b72aded8e6e7;p31/physical-row-026/section=Varanasi/printed=7/source-row=DGCA-AIX-2026-R1706/lineage=984164831742d0c78d0a61be1afc59fa14df261ba0afec84f49f05c9a4e7f439
ix-leg-e72ee8d099a6c703bbd2,IX 1025,IX1025,AXB,BBI,BOM,accepted,current,true,4,4,present in pinned runtime (any carrier),false,DGCA-AIX-2026-R1384;DGCA-AIX-2026-R0727;DGCA-AIX-2026-R1386;DGCA-AIX-2026-R1339,p25/physical-row-042/section=Mumbai/printed=49/source-row=DGCA-AIX-2026-R1384/lineage=54504637972b4314a33fe63ab3181dffa4d6cdb4fd4def061c7a0104d4a5faba;p13/physical-row-056/section=Bhubneshwar/printed=14/source-row=DGCA-AIX-2026-R0727/lineage=f44ab0c9bdf4d35b91aaaccdef1252c1ccfc44127e54c9ceaf8cb40e7caf53cd;p25/physical-row-044/section=Mumbai/printed=51/source-row=DGCA-AIX-2026-R1386/lineage=d33bdc3de256d30a5c02880906f38cb2c62e5f739b8d306a9adc41450b619216;p24/physical-row-052/section=Mumbai/printed=4/source-row=DGCA-AIX-2026-R1339/lineage=f8062e246df8a586c7cee0c5cc663aa1107d4f81684db2d642201b2d3e7f31a6
ix-leg-f65530d55f67b11251e0,IX 1026,IX1026,AXB,BOM,LKO,accepted,current,true,1,2,present in pinned runtime (any carrier),false,DGCA-AIX-2026-R1269;DGCA-AIX-2026-R1348,p23/physical-row-038/section=Lucknow/printed=4/source-row=DGCA-AIX-2026-R1269/lineage=d345b0fd2cd5993e836bbf664fd1a518a7907f91a7e20a4ec125220821345abd;p25/physical-row-006/section=Mumbai/printed=13/source-row=DGCA-AIX-2026-R1348/lineage=00dd130d413a97816b5692b61655f06df358710d4c7e7ef65a67c44523ef1bde
ix-leg-a40b6e3baa729f7b12d9,IX 1027,IX1027,AXB,BOM,IXE,accepted,current,true,1,2,present in pinned runtime (any carrier),false,DGCA-AIX-2026-R1316;DGCA-AIX-2026-R1366,p24/physical-row-029/section=Mangalore/printed=25/source-row=DGCA-AIX-2026-R1316/lineage=025fa7495c702484bad67a7c5ca68735ead5e555800d9f3431f8ca8f9be66358;p25/physical-row-024/section=Mumbai/printed=31/source-row=DGCA-AIX-2026-R1366/lineage=c831e08b8a93065e8ceedf445431ac3c2244438737c81d6d1c6ecfc27615fa1a
ix-leg-b10a564f70f7ba1160c4,IX 1027,IX1027,AXB,LKO,BOM,accepted,current,true,1,2,present in pinned runtime (any carrier),false,DGCA-AIX-2026-R1271;DGCA-AIX-2026-R1357,p23/physical-row-040/section=Lucknow/printed=6/source-row=DGCA-AIX-2026-R1271/lineage=aabd0528cd14d9683a75776be5b960115f085698ef12d08fd358f7f402fa2f05;p25/physical-row-015/section=Mumbai/printed=22/source-row=DGCA-AIX-2026-R1357/lineage=b9ab3cee5899013c94ccc1d3fbe4cc8a287be299489cd22c4915c39f4f1307d6
ix-leg-b95755e6e59a48d1ab14,IX 1029,IX1029,AXB,PAT,DEL,accepted,current,true,4,4,present in pinned runtime (any carrier),false,DGCA-AIX-2026-R0924;DGCA-AIX-2026-R1429;DGCA-AIX-2026-R0926;DGCA-AIX-2026-R0925,p17/physical-row-026/section=Delhi/printed=158/source-row=DGCA-AIX-2026-R0924/lineage=219cd1f97f581eedc77c52f485a1bb69680afbee8907aa9dc82f3a7ceb21e1e8;p26/physical-row-031/section=Patna/printed=17/source-row=DGCA-AIX-2026-R1429/lineage=00d553a070951dd7859182c652d52f1bb5f121ad621f225aeb91513ffc6c4a11;p17/physical-row-028/section=Delhi/printed=160/source-row=DGCA-AIX-2026-R0926/lineage=78f1ff2b05af52f8e42106e5a5ccdd471ca00574b01c777120a7a8db643f0f6c;p17/physical-row-027/section=Delhi/printed=159/source-row=DGCA-AIX-2026-R0925/lineage=2150657b7b589c722ed13e5a16e380acd86b90a23329aa32e2340738bc075afc
ix-leg-457e1f2c1b9e9f42c448,IX 1032,IX1032,AXB,DEL,GAU,accepted,current,true,3,3,present in pinned runtime (any carrier),false,DGCA-AIX-2026-R0785;DGCA-AIX-2026-R1013;DGCA-AIX-2026-R0786,p15/physical-row-003/section=Delhi/printed=19/source-row=DGCA-AIX-2026-R0785/lineage=788f2a18439cd4e52e882b855a916ad16e752ba9fc75ace2ebd434521af543dd;p19/physical-row-003/section=Guwahati/printed=1/source-row=DGCA-AIX-2026-R1013/lineage=f7513759e9ca0e58a3140c27fce1700b6bfdfe10715b49b0730e6fd2793b2c8a;p15/physical-row-004/section=Delhi/printed=20/source-row=DGCA-AIX-2026-R0786/lineage=5eca7bcd216abbf8d310d3d50194ce37631a50dea9230022bab5596ad2b8d4ee
ix-leg-1051289d03f3e5851ae1,IX 1032,IX1032,AXB,GAU,DIB,accepted,current,true,1,2,new airport pair vs pinned runtime,false,DGCA-AIX-2026-R0927;DGCA-AIX-2026-R1015,p17/physical-row-029/section=Dibrugarh/printed=1/source-row=DGCA-AIX-2026-R0927/lineage=0fd5b31b0d5d4a078fd16adee128d3c710b86ba634939bd5efa368fad1e48cc6;p19/physical-row-005/section=Guwahati/printed=3/source-row=DGCA-AIX-2026-R1015/lineage=02c5d9123748fddcd221de6a8de259b74254902e062ef6c77da2aea20f920a41
ix-leg-d48fd781580a3cfcb38d,IX 1035,IX1035,AXB,DEL,GAU,accepted,current,true,2,2,present in pinned runtime (any carrier),false,DGCA-AIX-2026-R1020;DGCA-AIX-2026-R0800,p19/physical-row-010/section=Guwahati/printed=8/source-row=DGCA-AIX-2026-R1020/lineage=662c7588c9fff9ea7997c2b3fe742c6fda33499f4306261dd7f609b4515aac0e;p15/physical-row-018/section=Delhi/printed=34/source-row=DGCA-AIX-2026-R0800/lineage=53ee00b5dd078bc74fe4d90c92de47dec07e7898a5b62671714ad36dceb8f97d
ix-leg-6a094d31424c1b214e48,IX 1036,IX1036,AXB,GAU,DEL,accepted,current,true,2,2,present in pinned runtime (any carrier),false,DGCA-AIX-2026-R0841;DGCA-AIX-2026-R1021,p16/physical-row-001/section=Delhi/printed=75/source-row=DGCA-AIX-2026-R0841/lineage=bf5e8a8954c92458b784035cb2e2b960f48dea5b738aca0137e2c2287551d61a;p19/physical-row-011/section=Guwahati/printed=9/source-row=DGCA-AIX-2026-R1021/lineage=2c9124bda89845760b15b369b2889bda4c4b291a91e54d343776ec39f00ccecb
ix-leg-8a87db0ca94b49b9cbd6,IX 1037,IX1037,AXB,SXR,DEL,accepted,current,true,3,3,present in pinned runtime (any carrier),false,DGCA-AIX-2026-R1491;DGCA-AIX-2026-R0811;DGCA-AIX-2026-R1490,p27/physical-row-038/section=Srinagar/printed=4/source-row=DGCA-AIX-2026-R1491/lineage=dd6accb5d47601a2dfcd29a72cafd240bd56a1ead981e55c7204c2404579aa87;p15/physical-row-029/section=Delhi/printed=45/source-row=DGCA-AIX-2026-R0811/lineage=345871239770c848c5c2a1025a115aa4161c3f311bb4a3e7ac3538eff0f2b9b7;p27/physical-row-037/section=Srinagar/printed=3/source-row=DGCA-AIX-2026-R1490/lineage=a8febf466676046b7d9978c7ea885251f59e727eaa572596c661919b75444495
ix-leg-55f5290d7fec176741a8,IX 1038,IX1038,AXB,DEL,NMI,accepted,current,true,1,2,new airport pair vs pinned runtime,false,DGCA-AIX-2026-R0862;DGCA-AIX-2026-R1408,p16/physical-row-022/section=Delhi/printed=96/source-row=DGCA-AIX-2026-R0862/lineage=4c56421d5584ddb93faf303ec10c570c68e693ca49714cdcfcdbbef36b0d8ef8;p26/physical-row-010/section=Navi Mumbai/printed=12/source-row=DGCA-AIX-2026-R1408/lineage=1ee655f8fffa3a4c2088efd2fb87a796c5188053dcac786bea685d2d3b28c468
ix-leg-7759bccbfa89c895f5a1,IX 1038,IX1038,AXB,GAU,DEL,accepted,current,true,3,3,present in pinned runtime (any carrier),false,DGCA-AIX-2026-R0884;DGCA-AIX-2026-R1035;DGCA-AIX-2026-R0886,p16/physical-row-044/section=Delhi/printed=118/source-row=DGCA-AIX-2026-R0884/lineage=f6855ed36ca5ec03b804accf123f8dd19938597a3ac627586fb7fc8d6de9ddf2;p19/physical-row-025/section=Guwahati/printed=23/source-row=DGCA-AIX-2026-R1035/lineage=c70fceb6e95619500b73ba8d7de5359d1e8bff6e47e0bc0e892ede95bc51cef0;p16/physical-row-046/section=Delhi/printed=120/source-row=DGCA-AIX-2026-R0886/lineage=2fccd11db8ed2527793d2835a4692020815b007fe4c9e9ef37d92f3a0c547472
ix-leg-9c436fe4e8d945f7a777,IX 1040,IX1040,AXB,BLR,DEL,accepted,current,true,1,2,present in pinned runtime (any carrier),false,DGCA-AIX-2026-R0571;DGCA-AIX-2026-R0893,p11/physical-row-016/section=Bangalore/printed=395/source-row=DGCA-AIX-2026-R0571/lineage=56fcdc13fb21d8b2bf2f98b98e775524de4da2fb6c46abd059292ee21835286b;p16/physical-row-053/section=Delhi/printed=127/source-row=DGCA-AIX-2026-R0893/lineage=523b71630930c5945054572cd0234a8b88768aacb2655a7ef64ebee48ba467dd
ix-leg-1b86dd2341b9beaa6418,IX 1041,IX1041,AXB,DEL,GAU,accepted,current,true,1,2,present in pinned runtime (any carrier),false,DGCA-AIX-2026-R0874;DGCA-AIX-2026-R1054,p16/physical-row-034/section=Delhi/printed=108/source-row=DGCA-AIX-2026-R0874/lineage=f2f15b669326f7b667f921f0ac6e24687cf0cd3cb49916e428ad6da8f492faef;p19/physical-row-044/section=Guwahati/printed=42/source-row=DGCA-AIX-2026-R1054/lineage=0e2d7c65aa2516c214a9a2c3b8241dec12c773c16a71686a842ebe865eb18f4e
ix-leg-9b476d8994132fc64a0d,IX 1042,IX1042,AXB,GAU,DEL,accepted,current,true,2,2,present in pinned runtime (any carrier),false,DGCA-AIX-2026-R1055;DGCA-AIX-2026-R0767,p19/physical-row-045/section=Guwahati/printed=43/source-row=DGCA-AIX-2026-R1055/lineage=8f4124ca2bb7c4c3a2a9876b958872462b16e28b931db1fc02be298e4fd3ec7c;p14/physical-row-039/section=Delhi/printed=1/source-row=DGCA-AIX-2026-R0767/lineage=eee21605213d37eb2facb5726de5cb6a4fa30cd6a86aae737e581a35fa441214
ix-leg-6a4e827234abb4149285,IX 1046,IX1046,AXB,DEL,IXR,accepted,current,true,1,2,new airport pair vs pinned runtime,false,DGCA-AIX-2026-R0795;DGCA-AIX-2026-R1475,p15/physical-row-013/section=Delhi/printed=29/source-row=DGCA-AIX-2026-R0795/lineage=5738fa6a77eac7f5c1af0957ca0f7597751b64d127ac6c8e1ed097bf1b9acefd;p27/physical-row-022/section=Ranchi/printed=4/source-row=DGCA-AIX-2026-R1475/lineage=261146841074c98822dd4b498c7b5dc09a007f18e5d94669a8a6105a02b837f4
ix-leg-d57b3de39fb9ce58c854,IX 1047,IX1047,AXB,IXR,DEL,accepted,current,true,1,2,new airport pair vs pinned runtime,false,DGCA-AIX-2026-R0828;DGCA-AIX-2026-R1477,p15/physical-row-046/section=Delhi/printed=62/source-row=DGCA-AIX-2026-R0828/lineage=de69dd6e6edfcb74a87101084066a458ec9487c8528d2920c3392f31739ca48a;p27/physical-row-024/section=Ranchi/printed=6/source-row=DGCA-AIX-2026-R1477/lineage=47e88169024559d8403157dc99df51fa23592a9bab60dc972644238f6cf293c9
ix-leg-d76a09198bc2eb2d3fff,IX 1049,IX1049,AXB,DEL,GOI,accepted,current,true,1,1,present in pinned runtime (any carrier),false,DGCA-AIX-2026-R1005,p18/physical-row-051/section=Goa/printed=27/source-row=DGCA-AIX-2026-R1005/lineage=39a4f6a212d8cbbe731501e9b487d5e2a76c19f7d06dbde79b388f63cdd79be0
ix-leg-57e1065ec67008790964,IX 1049,IX1049,AXB,DEL,GOX,accepted,current,true,1,1,present in pinned runtime (any carrier),false,DGCA-AIX-2026-R0878,p16/physical-row-038/section=Delhi/printed=112/source-row=DGCA-AIX-2026-R0878/lineage=c2cabee826f11036d6aa44d1c3c5003ed1869ebbfb68e5247d3fd87d3ccd2c93
ix-leg-aa3a2ca469eb14033c39,IX 1050,IX1050,AXB,DEL,IXR,accepted,current,true,1,2,new airport pair vs pinned runtime,false,DGCA-AIX-2026-R0873;DGCA-AIX-2026-R1486,p16/physical-row-033/section=Delhi/printed=107/source-row=DGCA-AIX-2026-R0873/lineage=a86aa1bc9ed6945f7725907f8a930c76da08141d6fb42202fe46ce786a42ca17;p27/physical-row-033/section=Ranchi/printed=15/source-row=DGCA-AIX-2026-R1486/lineage=d4377426044dc90e9d4a103cdd6f2d42a37bcebe8def4a8a4b55a843b8f6025a
ix-leg-7efdf3a43ea18c5e0b0c,IX 1053,IX1053,AXB,IXR,DEL,accepted,current,true,1,2,new airport pair vs pinned runtime,false,DGCA-AIX-2026-R0917;DGCA-AIX-2026-R1487,p17/physical-row-019/section=Delhi/printed=151/source-row=DGCA-AIX-2026-R0917/lineage=0dd9f87852c9e0fbfd4d5d887d4b857f50e0537a093aaa8b594fe7c3e2c835dc;p27/physical-row-034/section=Ranchi/printed=16/source-row=DGCA-AIX-2026-R1487/lineage=84ed7ce868adf512ed2dd5d535012e2bbaca8c705595320077c54df9503dd085
ix-leg-63924914af3adee6f526,IX 1054,IX1054,AXB,DEL,IXR,accepted,current,true,1,2,new airport pair vs pinned runtime,false,DGCA-AIX-2026-R0837;DGCA-AIX-2026-R1480,p15/physical-row-055/section=Delhi/printed=71/source-row=DGCA-AIX-2026-R0837/lineage=a4deb5e596fdfc0bb25b0f75373c25156bedcc549f7253730afc9be19562326f;p27/physical-row-027/section=Ranchi/printed=9/source-row=DGCA-AIX-2026-R1480/lineage=2629a7f37cf3f22ddc51b727a756e68d460b547e7f138d28759dfaeb3f095954
ix-leg-e7886c31fc56999f2760,IX 1056,IX1056,AXB,DEL,BLR,expired,expired-only,false,1,1,present in pinned runtime (any carrier),false,DGCA-AIX-2026-R0188,p04/physical-row-038/section=Bangalore/printed=12/source-row=DGCA-AIX-2026-R0188/lineage=291525ebe377b82ba0bdda8c1e2432901d6271971bd189e37201dea6f0dc81c8
ix-leg-9803ba133d9787d10af4,IX 1056,IX1056,AXB,IXR,DEL,accepted,current,true,1,2,new airport pair vs pinned runtime,false,DGCA-AIX-2026-R0868;DGCA-AIX-2026-R1481,p16/physical-row-028/section=Delhi/printed=102/source-row=DGCA-AIX-2026-R0868/lineage=a73413accc1813f947a309c54741361d9e953969d4356e6948ed01c7df9e1a80;p27/physical-row-028/section=Ranchi/printed=10/source-row=DGCA-AIX-2026-R1481/lineage=252516b7266326af14c28f6e5bd6c5d0b09247fa09b587f13f07032bfde630e2
ix-leg-5d015ebcb4400c06ccd4,IX 1057,IX1057,AXB,DEL,BBI,accepted,current,true,1,2,present in pinned runtime (any carrier),false,DGCA-AIX-2026-R0716;DGCA-AIX-2026-R0789,p13/physical-row-045/section=Bhubneshwar/printed=3/source-row=DGCA-AIX-2026-R0716/lineage=63b46425af9e87e5401a42d2636c9226c908f7b8c9acfcde13c2ece46fdc6e85;p15/physical-row-007/section=Delhi/printed=23/source-row=DGCA-AIX-2026-R0789/lineage=39f64e63b8e47dcce28f4c52ecadd6e836dfcf03dc06e41c29a5c0006628a09a
ix-leg-1131879d64e21e3c9311,IX 1058,IX1058,AXB,BBI,DEL,accepted,current,true,2,2,present in pinned runtime (any carrier),false,DGCA-AIX-2026-R0863;DGCA-AIX-2026-R0723,p16/physical-row-023/section=Delhi/printed=97/source-row=DGCA-AIX-2026-R0863/lineage=f3cc25402d797b1381553b38eaf9f914729e50e5a6830a4c7630bff711b80778;p13/physical-row-052/section=Bhubneshwar/printed=10/source-row=DGCA-AIX-2026-R0723/lineage=bf6f21248731cbb2b0b73289a4490cd3dbaeb99a3e21ae8306b33768f8123278
ix-leg-df4b15a7cba1e84d45fa,IX 1059,IX1059,AXB,DEL,BBI,accepted,current,true,1,2,present in pinned runtime (any carrier),false,DGCA-AIX-2026-R0722;DGCA-AIX-2026-R0835,p13/physical-row-051/section=Bhubneshwar/printed=9/source-row=DGCA-AIX-2026-R0722/lineage=851bafae848e772f677af5c076838361149e464e07309e4519ede144ec7e56ef;p15/physical-row-053/section=Delhi/printed=69/source-row=DGCA-AIX-2026-R0835/lineage=54c1dd36198ff14190ef545f24ef165e92d25571e22ebbadc070999ab30f70fe
ix-leg-bc233cfbcc55cac8cd93,IX 1060,IX1060,AXB,BBI,DEL,accepted,current,true,2,2,present in pinned runtime (any carrier),false,DGCA-AIX-2026-R0820;DGCA-AIX-2026-R0717,p15/physical-row-038/section=Delhi/printed=54/source-row=DGCA-AIX-2026-R0820/lineage=3b757be51ffe2d0c286a303a3e50ba42b2bd0c1fe876b9f498dc9e710e3b855b;p13/physical-row-046/section=Bhubneshwar/printed=4/source-row=DGCA-AIX-2026-R0717/lineage=b35f95909765f6af5899cd6d3d87907ddf08b947f6485ce92071b3d718016f62
ix-leg-1108cdd68f669dbec834,IX 1062,IX1062,AXB,IXC,BLR,accepted,current,true,3,3,present in pinned runtime (any carrier),false,DGCA-AIX-2026-R0697;DGCA-AIX-2026-R0735;DGCA-AIX-2026-R0696,p13/physical-row-026/section=Bangalore/printed=521/source-row=DGCA-AIX-2026-R0697/lineage=18e183cbe3decb9ab84c2617cabed58f448a886c438e5b652f5c48f2bc810534;p14/physical-row-007/section=Chandigarh/printed=4/source-row=DGCA-AIX-2026-R0735/lineage=bdd7ba7318f6b3cd617a2a5dc56e2973bb8fe9a23b96907654e7c02c0a25dc92;p13/physical-row-025/section=Bangalore/printed=520/source-row=DGCA-AIX-2026-R0696/lineage=6c54f8d465884468f0ceb66d31ab599ba499f1dc5c7f669acbad31c0c4e2a918
ix-leg-da8cdf3b8c880111707d,IX 1064,IX1064,AXB,DEL,BBI,accepted,current,true,1,2,present in pinned runtime (any carrier),false,DGCA-AIX-2026-R0728;DGCA-AIX-2026-R0880,p13/physical-row-057/section=Bhubneshwar/printed=15/source-row=DGCA-AIX-2026-R0728/lineage=d945dc73ae28a7806bb70ca2f9e95a0368069c4c061c878468ac9c5d42a75d4b;p16/physical-row-040/section=Delhi/printed=114/source-row=DGCA-AIX-2026-R0880/lineage=f32fdaef7e371b0847972279edc4e84b9149e43fe5bfaee1c3bdef971b7de97e
ix-leg-4ee126cd236a549a1078,IX 1065,IX1065,AXB,BBI,DEL,accepted,current,true,2,2,present in pinned runtime (any carrier),false,DGCA-AIX-2026-R0729;DGCA-AIX-2026-R0768,p14/physical-row-001/section=Bhubneshwar/printed=16/source-row=DGCA-AIX-2026-R0729/lineage=aba581b0ac17c4da750835a9e1751db853fc3e31b1e999e64273faf7394ddd20;p14/physical-row-040/section=Delhi/printed=2/source-row=DGCA-AIX-2026-R0768/lineage=a0ffc80bc19834eccefc8473f9af91f1349f206e8bd600a22a0ea37082398928
ix-leg-cb88b5ae1e854eb31bda,IX 1067,IX1067,AXB,DEL,IXB,accepted,current,true,1,2,present in pinned runtime (any carrier),false,DGCA-AIX-2026-R0134;DGCA-AIX-2026-R0790,p03/physical-row-038/section=Bagdogra/printed=1/source-row=DGCA-AIX-2026-R0134/lineage=3af12d85a353c9349c5d4e22e18088d12568a01f880456bfc5f014cd6d1843f0;p15/physical-row-008/section=Delhi/printed=24/source-row=DGCA-AIX-2026-R0790/lineage=b29b6973390e5297c436b75494cdb04be00340783aa1d75aba333bb335dafe8a
ix-leg-63a9c0aabc45a64b702b,IX 1068,IX1068,AXB,DEL,GOI,accepted,current,true,3,3,present in pinned runtime (any carrier),false,DGCA-AIX-2026-R0826;DGCA-AIX-2026-R0967;DGCA-AIX-2026-R0827,p15/physical-row-044/section=Delhi/printed=60/source-row=DGCA-AIX-2026-R0826/lineage=712ccf869a0e109227f3cb91313fc8718b6f50ba80ebf42669543c0855618503;p18/physical-row-013/section=Goa/printed=13/source-row=DGCA-AIX-2026-R0967/lineage=ed94e60352ebd4b9be354a796135be33b603be1323ccce9ca30ba44bf988171e;p15/physical-row-045/section=Delhi/printed=61/source-row=DGCA-AIX-2026-R0827/lineage=f2b6e64c9a4b3a29e0d318e2409fbbb3e5c7690e38c581c6943ef6ebff3d6105
ix-leg-a75739910129cb9bd77c,IX 1068,IX1068,AXB,IXB,DEL,accepted,current,true,1,2,present in pinned runtime (any carrier),false,DGCA-AIX-2026-R0136;DGCA-AIX-2026-R0832,p03/physical-row-040/section=Bagdogra/printed=3/source-row=DGCA-AIX-2026-R0136/lineage=d9ed92383f150c248947e9fdc064e7e7400564a202b55efd47eac38b999eb196;p15/physical-row-050/section=Delhi/printed=66/source-row=DGCA-AIX-2026-R0832/lineage=4b6ad78ef8b24d8caa2e4d1a4dabcf51ca0c2ccd82e5226d1c7b719984cf7660
ix-leg-699311e3829457f32221,IX 1069,IX1069,AXB,DEL,GAU,accepted,current,true,3,3,present in pinned runtime (any carrier),false,DGCA-AIX-2026-R1034;DGCA-AIX-2026-R0817;DGCA-AIX-2026-R1033,p19/physical-row-024/section=Guwahati/printed=22/source-row=DGCA-AIX-2026-R1034/lineage=9d9cee5b56479451662595b8083da95f4060b252536a1a7c7e863fd469fc9a7c;p15/physical-row-035/section=Delhi/printed=51/source-row=DGCA-AIX-2026-R0817/lineage=096df5c9c492bde0c45b04934fec915db1469d0501818d176724ae8629c77d38;p19/physical-row-023/section=Guwahati/printed=21/source-row=DGCA-AIX-2026-R1033/lineage=15a2a8f667415d5e77a4019eeed31101fc93fef7b84814b742bf3b64ea4e876c
ix-leg-7fe395032988360cd800,IX 1070,IX1070,AXB,DEL,BLR,accepted,current,true,2,2,present in pinned runtime (any carrier),false,DGCA-AIX-2026-R0902;DGCA-AIX-2026-R0180,p17/physical-row-004/section=Delhi/printed=136/source-row=DGCA-AIX-2026-R0902/lineage=aad4e15eb61bc2917f0df0168ad6b3f89c7b3e2b34eca0e0a2ccf10f6ef7b946;p04/physical-row-030/section=Bangalore/printed=4/source-row=DGCA-AIX-2026-R0180/lineage=62868e47e20726140c620305d20fd4768e6ddb7bce060954d8b7740bb025c168
ix-leg-1afc5c21a28d0e0c33bd,IX 1071,IX1071,AXB,GAU,DEL,accepted,current,true,1,1,present in pinned runtime (any carrier),false,DGCA-AIX-2026-R1036,p19/physical-row-026/section=Guwahati/printed=24/source-row=DGCA-AIX-2026-R1036/lineage=d78344fe6d5be609105e4c9f96b038dc1812096d459ae9b6ecf15b6b08217a45
ix-leg-56ed702a607aa29f173d,IX 1074,IX1074,AXB,DEL,IXJ,accepted,current,true,2,2,present in pinned runtime (any carrier),false,DGCA-AIX-2026-R0821;DGCA-AIX-2026-R1188,p15/physical-row-039/section=Delhi/printed=55/source-row=DGCA-AIX-2026-R0821/lineage=280264751c06cf9f052e0c3e9e9e3647bbfea70da60bf790c7460f43634fc4c5;p22/physical-row-010/section=Jammu/printed=1/source-row=DGCA-AIX-2026-R1188/lineage=2ead177e3c695311bd6afe381faa05ccc743c4b6a941ac69598e4efcaff64c54
ix-leg-60946755b77273ebd688,IX 1074,IX1074,AXB,IXJ,SXR,accepted,current,true,5,5,present in pinned runtime (any carrier),false,DGCA-AIX-2026-R1499;DGCA-AIX-2026-R1189;DGCA-AIX-2026-R1496;DGCA-AIX-2026-R1498;DGCA-AIX-2026-R1497,p27/physical-row-046/section=Srinagar/printed=12/source-row=DGCA-AIX-2026-R1499/lineage=60d69a1090f9359a66745f9ff95eebfe6ba00ff89728f8585fd2a99979cb8caa;p22/physical-row-011/section=Jammu/printed=2/source-row=DGCA-AIX-2026-R1189/lineage=4eb2e469a09c3e719084f27d6eadf239243c6a50d385e8f35a2bd71abbe61606;p27/physical-row-043/section=Srinagar/printed=9/source-row=DGCA-AIX-2026-R1496/lineage=a7298955a89d5254fe86dac5c827f6e5719e129671f13dc87f8260196f262cd6;p27/physical-row-045/section=Srinagar/printed=11/source-row=DGCA-AIX-2026-R1498/lineage=a7831c59ebb2c54ffa62d5e12a05c8ac1da6bb5e36785e55e049243af80dd9ad;p27/physical-row-044/section=Srinagar/printed=10/source-row=DGCA-AIX-2026-R1497/lineage=76686444512ff9fa06588ad9af069a6b6d032a2dc3486b51202abca644c71c7b
ix-leg-5a916e5d2bbd18859f13,IX 1076,IX1076,AXB,DEL,IXB,accepted,current,true,4,4,present in pinned runtime (any carrier),false,DGCA-AIX-2026-R0141;DGCA-AIX-2026-R0805;DGCA-AIX-2026-R0142;DGCA-AIX-2026-R0143,p03/physical-row-045/section=Bagdogra/printed=8/source-row=DGCA-AIX-2026-R0141/lineage=91becda5a091f6e1f80874cb0951b1b1a1df2df81bb9e32d6d6eafe7afe8887c;p15/physical-row-023/section=Delhi/printed=39/source-row=DGCA-AIX-2026-R0805/lineage=ae7f48ff24055059c9743eadfb39965a4210bcf5e27ef39cfd78c8c85a7a55a2;p03/physical-row-046/section=Bagdogra/printed=9/source-row=DGCA-AIX-2026-R0142/lineage=f5f75e0b7e4bdb1098da3e597dea16ff43fc09ca7786fecb92ec83751be74248;p03/physical-row-047/section=Bagdogra/printed=10/source-row=DGCA-AIX-2026-R0143/lineage=d25491ae5b267631c1fdaf470f1723dd0596b1c3e0dd00bd56b3066a4cf75a32
ix-leg-f77e7155fe4f757c6183,IX 1076,IX1076,AXB,IXB,IMF,accepted,current,true,3,3,new airport pair vs pinned runtime,false,DGCA-AIX-2026-R0144;DGCA-AIX-2026-R0145;DGCA-AIX-2026-R0146,p03/physical-row-048/section=Bagdogra/printed=11/source-row=DGCA-AIX-2026-R0144/lineage=c0de1c61f97f9f996e6e62d51d56d8bbd42336e4bfe5c589997ad8e577f1fa49;p03/physical-row-049/section=Bagdogra/printed=12/source-row=DGCA-AIX-2026-R0145/lineage=63edad74208ca962d78ceb0eb74d9902fbf5b5509454ef1934b4e6ca4fb061e0;p03/physical-row-050/section=Bagdogra/printed=13/source-row=DGCA-AIX-2026-R0146/lineage=026d4124dbfd65002598200023c8162a6c03cde0c498bb618b627032ad6b86c0
ix-leg-c84f3750ef08ee1228ce,IX 1080,IX1080,AXB,DEL,ATQ,accepted,current,true,1,1,present in pinned runtime (any carrier),false,DGCA-AIX-2026-R0865,p16/physical-row-025/section=Delhi/printed=99/source-row=DGCA-AIX-2026-R0865/lineage=73eb2daea358efeaec7ee6004e0d971e48d0a732c39444b2715adffbef22a3e0
ix-leg-cfc74fb9c0150da37b7f,IX 1080,IX1080,AXB,DEL,SXR,accepted,current,true,1,1,present in pinned runtime (any carrier),false,DGCA-AIX-2026-R0866,p16/physical-row-026/section=Delhi/printed=100/source-row=DGCA-AIX-2026-R0866/lineage=722cd53f0c6166e7183f40afb327c429afc2edadc5e4609067a80960a5a46019
ix-leg-ecad92ae6cbdc8e50999,IX 1080,IX1080,AXB,IXB,DEL,accepted,current,true,3,3,present in pinned runtime (any carrier),false,DGCA-AIX-2026-R0854;DGCA-AIX-2026-R0157;DGCA-AIX-2026-R0156,p16/physical-row-014/section=Delhi/printed=88/source-row=DGCA-AIX-2026-R0854/lineage=4c90d0a4cf27502cecea505c41ab56dbbbdd374eb477fc7b756ccae226cace04;p04/physical-row-007/section=Bagdogra/printed=24/source-row=DGCA-AIX-2026-R0157/lineage=b30cf831847da9db9d9773e5023e85d4bb7f3ae33f5e4267999c66efbd7d6514;p04/physical-row-006/section=Bagdogra/printed=23/source-row=DGCA-AIX-2026-R0156/lineage=9f547dc6f2bc32ecabb72e9396e2e4ef1f0a2509d5d49fc4bdfff393e600e0eb
ix-leg-07543df25d5081ff9e11,IX 1081,IX1081,AXB,DEL,IXB,accepted,current,true,1,2,present in pinned runtime (any carrier),false,DGCA-AIX-2026-R0166;DGCA-AIX-2026-R0847,p04/physical-row-016/section=Bagdogra/printed=33/source-row=DGCA-AIX-2026-R0166/lineage=04b09f5ac77c4d2cacc9c4c5f14b25a0b29801d0c8dd2ace224d79d980492b03;p16/physical-row-007/section=Delhi/printed=81/source-row=DGCA-AIX-2026-R0847/lineage=952f7e71c85eb537c226ca4b6107287d67924c74d473226477698e8f50887763
ix-leg-7aaa736da6447228b59b,IX 1082,IX1082,AXB,DEL,GOI,accepted,current,true,1,1,present in pinned runtime (any carrier),false,DGCA-AIX-2026-R0979,p18/physical-row-025/section=Goa/printed=1/source-row=DGCA-AIX-2026-R0979/lineage=df278eba75176052af0d4a2aa7473ea366b3286c8ef9e01cb939718e3f38e67d
ix-leg-ea977ea2b6ea0d957118,IX 1082,IX1082,AXB,DEL,GOX,accepted,current,true,1,1,present in pinned runtime (any carrier),false,DGCA-AIX-2026-R0903,p17/physical-row-005/section=Delhi/printed=137/source-row=DGCA-AIX-2026-R0903/lineage=d5ab1186a1263f37b1634a37aa820332e51d947185f835e709ebfb22214d355b
ix-leg-da14df8422ba0494ebae,IX 1082,IX1082,AXB,IXB,DEL,accepted,current,true,3,3,present in pinned runtime (any carrier),false,DGCA-AIX-2026-R0895;DGCA-AIX-2026-R0168;DGCA-AIX-2026-R0894,p16/physical-row-055/section=Delhi/printed=129/source-row=DGCA-AIX-2026-R0895/lineage=50153adb8aaed241ce4796250bbcf1bd47cc56433aea8b5923af403a0392a40a;p04/physical-row-018/section=Bagdogra/printed=35/source-row=DGCA-AIX-2026-R0168/lineage=0a556ee4a7f035105cbafcb13b5234211290cf38a3df398a75a1bac61ab32ead;p16/physical-row-054/section=Delhi/printed=128/source-row=DGCA-AIX-2026-R0894/lineage=143c4b5d4a787ea9d02d3c902c73def4cad26e5a1841fcedede269de0c48b915
ix-leg-6ad7d53ceb270984a9e5,IX 1083,IX1083,AXB,DEL,PNQ,accepted,current,true,1,1,present in pinned runtime (any carrier),false,DGCA-AIX-2026-R0812,p15/physical-row-030/section=Delhi/printed=46/source-row=DGCA-AIX-2026-R0812/lineage=e0e3bf78c4608308c63d3b599f4667f85273408e211fa09bec7fdb353dffed30
ix-leg-c71a2b314f8472abda02,IX 1084,IX1084,AXB,DEL,IMF,accepted,current,true,1,1,new airport pair vs pinned runtime,false,DGCA-AIX-2026-R1119,p20/physical-row-054/section=Imphal/printed=7/source-row=DGCA-AIX-2026-R1119/lineage=010735b47f65fc01c22bfd864617381f849c1bfb87a980b08643d5af4512cb6b
ix-leg-db9bdf2cb5b299ac510d,IX 1084,IX1084,AXB,PNQ,DEL,accepted,current,true,1,1,present in pinned runtime (any carrier),false,DGCA-AIX-2026-R0848,p16/physical-row-008/section=Delhi/printed=82/source-row=DGCA-AIX-2026-R0848/lineage=03dfb9f19ae309f4d58d820cdd8ff597d9523539b84fd14e4d3d7b28c695a1d7
ix-leg-d07cae277c71fd76a5b0,IX 1085,IX1085,AXB,GAU,IMF,accepted,current,true,1,2,present in pinned runtime (any carrier),false,DGCA-AIX-2026-R1042;DGCA-AIX-2026-R1121,p19/physical-row-032/section=Guwahati/printed=30/source-row=DGCA-AIX-2026-R1042/lineage=537936866852aab77fd400be72840960c4a745883ad98efcddd32e6ae60ef928;p20/physical-row-056/section=Imphal/printed=9/source-row=DGCA-AIX-2026-R1121/lineage=a4ee61683c623d6e14789a1550ffc453a590e5e067d0934d936aa76e63dd7a1d
ix-leg-b083168938a3bb47d372,IX 1085,IX1085,AXB,IMF,DEL,accepted,current,true,1,1,new airport pair vs pinned runtime,false,DGCA-AIX-2026-R1114,p20/physical-row-049/section=Imphal/printed=2/source-row=DGCA-AIX-2026-R1114/lineage=044b92daa62bea9224e0c8993601743aefd3f3035df422678fc86ee134a6b39c
ix-leg-d32cefa5cb1356da04f1,IX 1087,IX1087,AXB,IMF,GAU,accepted,current,true,1,1,present in pinned runtime (any carrier),false,DGCA-AIX-2026-R1046,p19/physical-row-036/section=Guwahati/printed=34/source-row=DGCA-AIX-2026-R1046/lineage=d8f319b08f0d9203f996a2c10f0443c709fa53d05cefbbbc28cdf216bc9596e9
ix-leg-0d499980e48964c957b6,IX 1088,IX1088,AXB,GAU,DEL,accepted,current,true,1,2,present in pinned runtime (any carrier),false,DGCA-AIX-2026-R0909;DGCA-AIX-2026-R1047,p17/physical-row-011/section=Delhi/printed=143/source-row=DGCA-AIX-2026-R0909/lineage=04b5a59672194ab6e53ba29985cd5065a4f3c4edec12ab82aacac46c964e4222;p19/physical-row-037/section=Guwahati/printed=35/source-row=DGCA-AIX-2026-R1047/lineage=80b3077d26a1be4f2157f8c5fbe65e3b6783c6dacd8c12cc2c8169c34e005b83
ix-leg-7e17ad87a5b2b950635a,IX 1089,IX1089,AXB,BLR,IXC,accepted,current,true,1,2,present in pinned runtime (any carrier),false,DGCA-AIX-2026-R0525;DGCA-AIX-2026-R0734,p10/physical-row-028/section=Bangalore/printed=349/source-row=DGCA-AIX-2026-R0525/lineage=3d382042f23513e4c7d6673a53d3f05bf890c0a245be8310fa532ceb22926863;p14/physical-row-006/section=Chandigarh/printed=3/source-row=DGCA-AIX-2026-R0734/lineage=b5982d8ae5e67468488464991a2f6ae8a2b87d9c74340c6b351395dc27a24dec
ix-leg-e37fefb3ed49592abdd0,IX 1090,IX1090,AXB,DEL,IDR,accepted,current,true,2,2,present in pinned runtime (any carrier),false,DGCA-AIX-2026-R0839;DGCA-AIX-2026-R1128,p15/physical-row-057/section=Delhi/printed=73/source-row=DGCA-AIX-2026-R0839/lineage=cad94f7c4227bbf84f2167b19f12bda5c97a9fa0e0917247fd840d1098ec65f1;p21/physical-row-006/section=Indore/printed=6/source-row=DGCA-AIX-2026-R1128/lineage=819c933f0e71b452bf1c2e4b299df3830044ddd748dff5210d4cbfef64341d8f
ix-leg-7c80cb4a22e402119baf,IX 1098,IX1098,AXB,PNQ,BBI,accepted,current,true,3,3,new airport pair vs pinned runtime,false,DGCA-AIX-2026-R0731;DGCA-AIX-2026-R1468;DGCA-AIX-2026-R0730,p14/physical-row-003/section=Bhubneshwar/printed=18/source-row=DGCA-AIX-2026-R0731/lineage=00012f20a1ffb6b044f085de10107d05cae17bbd17c14ae70fb5e2955eb35f3b;p27/physical-row-015/section=Pune/printed=33/source-row=DGCA-AIX-2026-R1468/lineage=557fc9b3574cdaa23b2246fd0d03054a88cc11556f7c7c230b97c7a09df64234;p14/physical-row-002/section=Bhubneshwar/printed=17/source-row=DGCA-AIX-2026-R0730/lineage=44e61c3a496455a32c11d4f3d8111d9e5be8c4cf56a81c7d199e941ca0f516b8
ix-leg-1681dc17862e7b0c5f59,IX 1108,IX1108,AXB,DEL,GOI,accepted,current,true,1,2,present in pinned runtime (any carrier),false,DGCA-AIX-2026-R0779;DGCA-AIX-2026-R0956,p14/physical-row-051/section=Delhi/printed=13/source-row=DGCA-AIX-2026-R0779/lineage=beb0b2373bb89defcd7ee846a85c49e42551de6b1a8058046bfc0ac7f02c261b;p18/physical-row-002/section=Goa/printed=2/source-row=DGCA-AIX-2026-R0956/lineage=176bf5a45dea7bc1b609e1c7e86fcbeebc543f16005f0cf14ae909190ec5bc4c
ix-leg-f056e2cd8c777aa1dd45,IX 1109,IX1109,AXB,GOI,DEL,accepted,current,true,1,2,present in pinned runtime (any carrier),false,DGCA-AIX-2026-R0816;DGCA-AIX-2026-R0957,p15/physical-row-034/section=Delhi/printed=50/source-row=DGCA-AIX-2026-R0816/lineage=5cd771191f6d11e07d4234fd9b6c5f96c8b12d9a42338402eb09718bfc1e191d;p18/physical-row-003/section=Goa/printed=3/source-row=DGCA-AIX-2026-R0957/lineage=33cd0dee8f1ed37705492061e799a5ef93af25ee136da5fae40675c56f5c95c0
ix-leg-941becaf7a96098a78d5,IX 1119,IX1119,AXB,LKO,DEL,accepted,future,true,1,1,present in pinned runtime (any carrier),false,DGCA-AIX-2026-R0910,p17/physical-row-012/section=Delhi/printed=144/source-row=DGCA-AIX-2026-R0910/lineage=72d966d06ebeb3693a932d1afd082a9846b64a9badf168d5a5d8cab2061b6360
ix-leg-2a691cfd79e963067380,IX 1120,IX1120,AXB,DEL,GAU,accepted,current,true,5,5,present in pinned runtime (any carrier),false,DGCA-AIX-2026-R0891;DGCA-AIX-2026-R1056;DGCA-AIX-2026-R0887;DGCA-AIX-2026-R0892;DGCA-AIX-2026-R1057,p16/physical-row-051/section=Delhi/printed=125/source-row=DGCA-AIX-2026-R0891/lineage=e0d78e0a0e6bf849f18947c57dc563b28874fd8a27f51454e8bac3a4f7255400;p19/physical-row-046/section=Guwahati/printed=44/source-row=DGCA-AIX-2026-R1056/lineage=740235e67ed9e11d1145f32d83390bea6eb9c6df01d336a0df179ef4228b4448;p16/physical-row-047/section=Delhi/printed=121/source-row=DGCA-AIX-2026-R0887/lineage=fee19e40558fec890f068aa81a481b64d984cce3b5b3f16b6ef4a2cd1f93db0f;p16/physical-row-052/section=Delhi/printed=126/source-row=DGCA-AIX-2026-R0892/lineage=13c8642de05a05e360918feb434c5e4eb1ae1a1b3d48be11effb7ecdd8a6ca3a;p19/physical-row-047/section=Guwahati/printed=45/source-row=DGCA-AIX-2026-R1057/lineage=9c70337fd35ae2f58f6b3003ab9c09c9a8cf54554dcbef8465394a6d8650b19b
ix-leg-ff8aee3b2f05dfafac0b,IX 1121,IX1121,AXB,GAU,DEL,accepted,current,true,3,3,present in pinned runtime (any carrier),false,DGCA-AIX-2026-R1058;DGCA-AIX-2026-R0771;DGCA-AIX-2026-R1059,p19/physical-row-048/section=Guwahati/printed=46/source-row=DGCA-AIX-2026-R1058/lineage=62cfcc6f0bc72e6f5533418f797ac5f9bde6d8eb2e64fc2d487ceca3ed4f946c;p14/physical-row-043/section=Delhi/printed=5/source-row=DGCA-AIX-2026-R0771/lineage=8a154c3d770f964e2d70d3cdc12c7afa801fc7ccb15e55c7768ff04fe1f3f632;p19/physical-row-049/section=Guwahati/printed=47/source-row=DGCA-AIX-2026-R1059/lineage=00056a3462e29af49d6be2276d52cb9129367875dd761893209e48ba77d01372
ix-leg-a484ead18c6cb294f6a2,IX 1124,IX1124,AXB,BOM,DEL,expired,expired-only,false,1,1,present in pinned runtime (any carrier),false,DGCA-AIX-2026-R0773,p14/physical-row-045/section=Delhi/printed=7/source-row=DGCA-AIX-2026-R0773/lineage=b6a0f6350a254b3425659a7daae4180cef2ef1cb7fed00ef738897daf95ae016
ix-leg-1293127dbedcad696856,IX 1131,IX1131,AXB,BLR,CCU,accepted,current,true,5,5,present in pinned runtime (any carrier),false,DGCA-AIX-2026-R0233;DGCA-AIX-2026-R0235;DGCA-AIX-2026-R1221;DGCA-AIX-2026-R0234;DGCA-AIX-2026-R0236,p05/physical-row-026/section=Bangalore/printed=57/source-row=DGCA-AIX-2026-R0233/lineage=e8add7fa6ea4272286c6bbac34b4807873cacbcca637b39b9eefa8fa6c801cec;p05/physical-row-028/section=Bangalore/printed=59/source-row=DGCA-AIX-2026-R0235/lineage=be3ea3af1442917f4ad0d8b758b751822bdb3c6419e5bb8a00356c06e7a0ea4e;p22/physical-row-043/section=Kolkata/printed=8/source-row=DGCA-AIX-2026-R1221/lineage=97d03f62212cbf2d8bea4e6942a027d4d1da1abf5eb28ea9bfd15ada698bd553;p05/physical-row-027/section=Bangalore/printed=58/source-row=DGCA-AIX-2026-R0234/lineage=1472c9d7b45fdf8a0d6cab0f74bd29d3be08b7adcbadd955b9f3bc2c828e201c;p05/physical-row-029/section=Bangalore/printed=60/source-row=DGCA-AIX-2026-R0236/lineage=d4edbc5405fef38f961ff9f2ba81e4690a26e2021a0a92dd9329820ef6ab89cd
ix-leg-d8deae58c4ce5a1cceda,IX 1143,IX1143,AXB,GAU,DEL,accepted,future,true,1,1,present in pinned runtime (any carrier),false,DGCA-AIX-2026-R0913,p17/physical-row-015/section=Delhi/printed=147/source-row=DGCA-AIX-2026-R0913/lineage=d0177fe1fa820aca502c23956e0d9564aa8137e8df9a3fe8b8dd9f1cea3adeb3
ix-leg-ed8017aaccaff9f6d6d2,IX 1150,IX1150,AXB,PNQ,DEL,expired,expired-only,false,1,1,present in pinned runtime (any carrier),false,DGCA-AIX-2026-R0772,p14/physical-row-044/section=Delhi/printed=6/source-row=DGCA-AIX-2026-R0772/lineage=a14f0986ac17d164700d579bc8cb4107750ac0ccb96b8b9003d8f1f6caeab4c5
ix-leg-a69f41d1539d0432a508,IX 1151,IX1151,AXB,DEL,BBI,expired,expired-only,false,1,1,present in pinned runtime (any carrier),false,DGCA-AIX-2026-R0781,p14/physical-row-053/section=Delhi/printed=15/source-row=DGCA-AIX-2026-R0781/lineage=a53a009ba7d43943f3f80e04b959c51cb90f54fe435078faea8d5f1dd7bebf25
ix-leg-2d8198eb246d2c36d7dc,IX 1152,IX1152,AXB,BBI,DEL,accepted,current,true,1,1,present in pinned runtime (any carrier),false,DGCA-AIX-2026-R0818,p15/physical-row-036/section=Delhi/printed=52/source-row=DGCA-AIX-2026-R0818/lineage=5d0af3da1014f0cdfb3511b71f209de5387761a0c5e7a503b703a871e99cdd7a
ix-leg-85fd3fa36d9097b43046,IX 1163,IX1163,AXB,BOM,GOI,accepted,current,true,2,2,present in pinned runtime (any carrier),false,DGCA-AIX-2026-R1007;DGCA-AIX-2026-R1008,p18/physical-row-053/section=Goa/printed=29/source-row=DGCA-AIX-2026-R1007/lineage=cd831db5ee6cb4da8f0dd4eb9984db544946552252d88cdcc2434d2c89420a26;p18/physical-row-054/section=Goa/printed=30/source-row=DGCA-AIX-2026-R1008/lineage=afaf907e0d75d9fc60534978035037c0026dde6ddcb577cae2b5fe9ce4a9bc07
ix-leg-52ed8f28a20a122a45c4,IX 1163,IX1163,AXB,BOM,GOX,accepted,current,true,1,1,present in pinned runtime (any carrier),false,DGCA-AIX-2026-R1383,p25/physical-row-041/section=Mumbai/printed=48/source-row=DGCA-AIX-2026-R1383/lineage=198aaec8b4851b8f5e574d4b84b363e7b48d1dd15cf36d9251c3b8e3af744ea7
ix-leg-cbf1c2263f02a3ba41b6,IX 1164,IX1164,AXB,BOM,BBI,accepted,current,true,1,2,present in pinned runtime (any carrier),false,DGCA-AIX-2026-R0726;DGCA-AIX-2026-R1372,p13/physical-row-055/section=Bhubneshwar/printed=13/source-row=DGCA-AIX-2026-R0726/lineage=dd5cb8dddc6af5479077b25a63bc683ec8ffdf158a6ebbf6bdfc2b63804f41d7;p25/physical-row-030/section=Mumbai/printed=37/source-row=DGCA-AIX-2026-R1372/lineage=ac8e5a1dd366b5e069784c544fbb91e4e638cec5d970c8c250c2d101db6012d8
ix-leg-3652c428ede4c6c61ce5,IX 1165,IX1165,AXB,DEL,LKO,accepted,current,true,1,2,present in pinned runtime (any carrier),false,DGCA-AIX-2026-R0780;DGCA-AIX-2026-R1268,p14/physical-row-052/section=Delhi/printed=14/source-row=DGCA-AIX-2026-R0780/lineage=a8567f7173a80d81db8f85389590455c6de0692c8ecd4f6a9d1269bf7478a2d4;p23/physical-row-037/section=Lucknow/printed=3/source-row=DGCA-AIX-2026-R1268/lineage=21f8168a5d6501ce9dc22e3d710bb5e2fdd688356d42851d4378a4ce22e52ec6
ix-leg-400c69fbc3efece1581e,IX 1167,IX1167,AXB,LKO,DEL,accepted,current,true,1,2,present in pinned runtime (any carrier),false,DGCA-AIX-2026-R0799;DGCA-AIX-2026-R1270,p15/physical-row-017/section=Delhi/printed=33/source-row=DGCA-AIX-2026-R0799/lineage=ece78e7e29a25781cd769c873e6283984ab2ea94771962f8cb856c71a12193e0;p23/physical-row-039/section=Lucknow/printed=5/source-row=DGCA-AIX-2026-R1270/lineage=0b6033dc95837c80fa3791915c544cd3a73e8027ad114ea7968b9273da95d98b
ix-leg-dea68e138a71620aa20e,IX 1168,IX1168,AXB,BLR,MAA,accepted,current,true,3,3,present in pinned runtime (any carrier),false,DGCA-AIX-2026-R0666;DGCA-AIX-2026-R0757;DGCA-AIX-2026-R0646,p12/physical-row-053/section=Bangalore/printed=490/source-row=DGCA-AIX-2026-R0666/lineage=ccdcaa97917cf7a6a9d1dbf0ce0d18ff1de3a7d16452c46eba6f72204c3e7581;p14/physical-row-029/section=Chennai/printed=22/source-row=DGCA-AIX-2026-R0757/lineage=bf777d377e3b8be0c704af0304fc105c4a1edd57d864e344dbcb167b1724b449;p12/physical-row-033/section=Bangalore/printed=470/source-row=DGCA-AIX-2026-R0646/lineage=45ee789b6b58689a819c7bab71416146d778432ec71afe2a7f28c9d1cd345f5c
ix-leg-e6c463e6f6a33e8ca1d5,IX 1168,IX1168,AXB,SXR,BLR,accepted,current,true,4,4,new airport pair vs pinned runtime,false,DGCA-AIX-2026-R0596;DGCA-AIX-2026-R1507;DGCA-AIX-2026-R0597;DGCA-AIX-2026-R1506,p11/physical-row-041/section=Bangalore/printed=420/source-row=DGCA-AIX-2026-R0596/lineage=cd2bfbb95fef8e084b2226bb58970b86eb93e98f441eb8c682838d8e30071351;p27/physical-row-054/section=Srinagar/printed=20/source-row=DGCA-AIX-2026-R1507/lineage=32a06b5106ae9ba63fd94dd757d58611bc7c63e30dab9521216e1fd2618acaad;p11/physical-row-042/section=Bangalore/printed=421/source-row=DGCA-AIX-2026-R0597/lineage=66bb2e7c3b4f9452e006713f414aaddc05adafd8032aa10cc518b61dfd066334;p27/physical-row-053/section=Srinagar/printed=19/source-row=DGCA-AIX-2026-R1506/lineage=42978543c715425f94be4cf7866724a2cf69d6c1a0e3f5c4521de50d33516cd9
ix-leg-bd69d76a02e8379b94ab,IX 1170,IX1170,AXB,DEL,BLR,expired,expired-only,false,1,1,present in pinned runtime (any carrier),false,DGCA-AIX-2026-R0793,p15/physical-row-011/section=Delhi/printed=27/source-row=DGCA-AIX-2026-R0793/lineage=3720bb1df7cb59737da736ba931b581633583f12554af438dba5c3f0599de88d
ix-leg-6d361eef5dfd694b0414,IX 1175,IX1175,AXB,SXR,DEL,accepted,future,true,1,1,present in pinned runtime (any carrier),false,DGCA-AIX-2026-R0911,p17/physical-row-013/section=Delhi/printed=145/source-row=DGCA-AIX-2026-R0911/lineage=e57f746adb1ad8751dcf74a3708922ae759b727e8cc7c8a738d51090aac82af1
ix-leg-3a98e4dd37e2387f2a7e,IX 1176,IX1176,AXB,BOM,IXB,accepted,current,true,6,6,new airport pair vs pinned runtime,false,DGCA-AIX-2026-R1360;DGCA-AIX-2026-R0150;DGCA-AIX-2026-R1358;DGCA-AIX-2026-R1362;DGCA-AIX-2026-R1359;DGCA-AIX-2026-R1361,p25/physical-row-018/section=Mumbai/printed=25/source-row=DGCA-AIX-2026-R1360/lineage=3a884d773df8f9db19cce3eefd75c2d9b83ffd98c896818be3cba12adf0982f7;p03/physical-row-054/section=Bagdogra/printed=17/source-row=DGCA-AIX-2026-R0150/lineage=9a9d005585671946745c33b4713961b679e5092e414403d996e27c0337360809;p25/physical-row-016/section=Mumbai/printed=23/source-row=DGCA-AIX-2026-R1358/lineage=686f094de79b23f63bbf227a628e2a529f62ad6ddea6f3c946f40d792a8fcf21;p25/physical-row-020/section=Mumbai/printed=27/source-row=DGCA-AIX-2026-R1362/lineage=010fcb18be72f7f4bfe321ad259106810f4b942fb95de890f1b89d566e439c24;p25/physical-row-017/section=Mumbai/printed=24/source-row=DGCA-AIX-2026-R1359/lineage=6167cbd6231030acb539e9f980f6fd271e055cb5cfbfd681fb6301b2c0ff6ccb;p25/physical-row-019/section=Mumbai/printed=26/source-row=DGCA-AIX-2026-R1361/lineage=e9eb2c0df296cb4d7a1cb0c8b1060560fe1eeab9ec80999ebc23a18c7cf998f0
ix-leg-079c85c9a0d7a8579d16,IX 1176,IX1176,AXB,IXB,DIB,accepted,current,true,11,11,present in pinned runtime (any carrier),false,DGCA-AIX-2026-R0942;DGCA-AIX-2026-R0154;DGCA-AIX-2026-R0940;DGCA-AIX-2026-R0938;DGCA-AIX-2026-R0935;DGCA-AIX-2026-R0941;DGCA-AIX-2026-R0934;DGCA-AIX-2026-R0936;DGCA-AIX-2026-R0939;DGCA-AIX-2026-R0933;DGCA-AIX-2026-R0937,p17/physical-row-044/section=Dibrugarh/printed=16/source-row=DGCA-AIX-2026-R0942/lineage=7cceba9419e099da92d2927d404f7f722536ae46f6d5efe9e15a7f87eae0df11;p04/physical-row-004/section=Bagdogra/printed=21/source-row=DGCA-AIX-2026-R0154/lineage=7aca59ffe315ee3eb4750c81ea9ffd33e45736159d2c3078526e5244c1acfcf0;p17/physical-row-042/section=Dibrugarh/printed=14/source-row=DGCA-AIX-2026-R0940/lineage=01591b6be53836bec83699cef6315f3d50001477c19c75e6dc59bdf5e1a1ee2d;p17/physical-row-040/section=Dibrugarh/printed=12/source-row=DGCA-AIX-2026-R0938/lineage=9a4f21559a6759c19274a498525886bb44bea03bd437cf0c808afc57c321de20;p17/physical-row-037/section=Dibrugarh/printed=9/source-row=DGCA-AIX-2026-R0935/lineage=787940bd2b63d34c441fd316f7ffb106a4ad411760592bfcf481b0720c190ecb;p17/physical-row-043/section=Dibrugarh/printed=15/source-row=DGCA-AIX-2026-R0941/lineage=10659ca34a643a01cfcb517ec49837756f840b6d706545529732ce5d67c90a16;p17/physical-row-036/section=Dibrugarh/printed=8/source-row=DGCA-AIX-2026-R0934/lineage=7f84e88422b8c00378c1b0aa4343d27d0ef802008c5b87b6bd6ff23d4b262c09;p17/physical-row-038/section=Dibrugarh/printed=10/source-row=DGCA-AIX-2026-R0936/lineage=4518462157a070b071afb88cc850f8ebb5b13dd8eabc423996d7dc28a96c5a32;p17/physical-row-041/section=Dibrugarh/printed=13/source-row=DGCA-AIX-2026-R0939/lineage=96c8e8cb9125437d4820a391595b6094dca80a09c9150976d9fe627e0ae1397b;p17/physical-row-035/section=Dibrugarh/printed=7/source-row=DGCA-AIX-2026-R0933/lineage=df37da70adcac12104ace58374e28350374ebde9599c6c0d1cc57e88ab3fc223;p17/physical-row-039/section=Dibrugarh/printed=11/source-row=DGCA-AIX-2026-R0937/lineage=9286d3a40731e106072f98b0adfb1979e33d1acc00a4cd7a4dd2267dcfc1ba78
ix-leg-e2e5d49d9e29578e8b77,IX 1179,IX1179,AXB,DEL,IXB,accepted,current,true,1,2,present in pinned runtime (any carrier),false,DGCA-AIX-2026-R0171;DGCA-AIX-2026-R0859,p04/physical-row-021/section=Bagdogra/printed=38/source-row=DGCA-AIX-2026-R0171/lineage=4de5d67fe7c3ec6d3b97e9231adad6f79719c2dcff07d519b92a663f5d95cfcc;p16/physical-row-019/section=Delhi/printed=93/source-row=DGCA-AIX-2026-R0859/lineage=e6e2a9777f3231687d167000c20a25f72a7fe89e6943f82609b593d672ee70fd
ix-leg-a4072e309cc1967f8417,IX 1180,IX1180,AXB,IXB,DEL,accepted,current,true,3,3,present in pinned runtime (any carrier),false,DGCA-AIX-2026-R0915;DGCA-AIX-2026-R0174;DGCA-AIX-2026-R0914,p17/physical-row-017/section=Delhi/printed=149/source-row=DGCA-AIX-2026-R0915/lineage=f56e7f692f2196f5505ba3811ea1c34207fe9dd755e9fc5dbd9c12ecf434fdee;p04/physical-row-024/section=Bagdogra/printed=41/source-row=DGCA-AIX-2026-R0174/lineage=e2b0fac3ea240fae62ef07698d24c3739e0fa9c9a347da2e3c0b2800d4612616;p17/physical-row-016/section=Delhi/printed=148/source-row=DGCA-AIX-2026-R0914/lineage=91521e625a5a4dd1b07930396553a1377360221f60e8ed7232f931d29b1bd57e
ix-leg-3dd20cca6de57251f261,IX 1187,IX1187,AXB,GAU,DEL,accepted,future,true,1,1,present in pinned runtime (any carrier),false,DGCA-AIX-2026-R0876,p16/physical-row-036/section=Delhi/printed=110/source-row=DGCA-AIX-2026-R0876/lineage=91b0c40ab6be69bfeeebe18caf296a04fa36c40026d8c0804f9c3d3311066711
ix-leg-777fbc37d108f178b25a,IX 1196,IX1196,AXB,DEL,PAT,accepted,current,true,2,2,present in pinned runtime (any carrier),false,DGCA-AIX-2026-R1428;DGCA-AIX-2026-R0885,p26/physical-row-030/section=Patna/printed=16/source-row=DGCA-AIX-2026-R1428/lineage=53e07459247b543e4b7598341628f271322bceb589803788257874b042b68b0c;p16/physical-row-045/section=Delhi/printed=119/source-row=DGCA-AIX-2026-R0885/lineage=7a31d00c4f2c79938845d8cbd690522283f5c864e77f3ba3deef2151baae3bc7
ix-leg-599dbda919d6a079fac7,IX 1196,IX1196,AXB,PAT,DEL,accepted,current,true,1,1,present in pinned runtime (any carrier),false,DGCA-AIX-2026-R0879,p16/physical-row-039/section=Delhi/printed=113/source-row=DGCA-AIX-2026-R0879/lineage=a62a661d16536d556e42461aadac61cb3361bc02b016b6c1f1d908691bea7e3b
ix-leg-438a383e2404059172e3,IX 1201,IX1201,AXB,GAU,DEL,expired,expired-only,false,1,1,present in pinned runtime (any carrier),false,DGCA-AIX-2026-R0774,p14/physical-row-046/section=Delhi/printed=8/source-row=DGCA-AIX-2026-R0774/lineage=dccaadf53a29e7ec518dacecf7b0812d07e07d5bac00849b09ff78af0f701c18
ix-leg-42407f2148686262d888,IX 1203,IX1203,AXB,VNS,DEL,accepted,future,true,1,1,present in pinned runtime (any carrier),false,DGCA-AIX-2026-R0921,p17/physical-row-023/section=Delhi/printed=155/source-row=DGCA-AIX-2026-R0921/lineage=5b45d19331eafd17979316103a29ff67962f72c7cf4e6c978a21620fef93c534
ix-leg-9f7e932febee645f68be,IX 1209,IX1209,AXB,GOI,BOM,accepted,current,true,2,2,present in pinned runtime (any carrier),false,DGCA-AIX-2026-R1009;DGCA-AIX-2026-R1010,p18/physical-row-055/section=Goa/printed=31/source-row=DGCA-AIX-2026-R1009/lineage=2b492a36761ba13801e2ee0beb2bc445d82bc258dccb3ad7f15ac97434f328ad;p18/physical-row-056/section=Goa/printed=32/source-row=DGCA-AIX-2026-R1010/lineage=9def974d36f83d2dc8e36671910446cd9bd3782148e5db4431d82c22694c2924
ix-leg-de7e9512d9f623849dee,IX 1209,IX1209,AXB,GOX,BOM,accepted,current,true,2,2,present in pinned runtime (any carrier),false,DGCA-AIX-2026-R1337;DGCA-AIX-2026-R1336,p24/physical-row-050/section=Mumbai/printed=2/source-row=DGCA-AIX-2026-R1337/lineage=b9d822f101e3f0e206ddc7a569f6f197874f29df7943ebc64d4fbcdf15b7bc59;p24/physical-row-049/section=Mumbai/printed=1/source-row=DGCA-AIX-2026-R1336/lineage=c754bb11f43208c2783df34f849a4e0b2bbfe8c2759bb9592bb9a9418a70f88e
ix-leg-c0119ae5310912d4872b,IX 1214,IX1214,AXB,GOI,BOM,accepted,current,true,1,2,present in pinned runtime (any carrier),false,DGCA-AIX-2026-R0966;DGCA-AIX-2026-R1373,p18/physical-row-012/section=Goa/printed=12/source-row=DGCA-AIX-2026-R0966/lineage=8c2beb89495398f31cfc73abea002443ee3d07a51855539aa824c0639596429b;p25/physical-row-031/section=Mumbai/printed=38/source-row=DGCA-AIX-2026-R1373/lineage=796485665c180d676eeab9485127aba9c0eaf84544b1961d5bfb92eaeda3cb46
ix-leg-715ea32c3a0966d4da65,IX 1216,IX1216,AXB,BBI,BLR,accepted,current,true,1,2,present in pinned runtime (any carrier),false,DGCA-AIX-2026-R0497;DGCA-AIX-2026-R0720,p09/physical-row-058/section=Bangalore/printed=321/source-row=DGCA-AIX-2026-R0497/lineage=a7f493753b759aa7a0d989fd5890fa10aa0b755f6841bf0a02c254f0e9fe3866;p13/physical-row-049/section=Bhubneshwar/printed=7/source-row=DGCA-AIX-2026-R0720/lineage=7d0158deb91f9d28e3b37758978affe348d5c2f4d7ea7faed9117088d58cb7c0
ix-leg-1c91f9cc3361dc02bcfe,IX 1218,IX1218,AXB,JAI,BOM,accepted,current,true,3,3,present in pinned runtime (any carrier),false,DGCA-AIX-2026-R1180;DGCA-AIX-2026-R1381;DGCA-AIX-2026-R1179,p22/physical-row-002/section=Jaipur/printed=41/source-row=DGCA-AIX-2026-R1180/lineage=ee545f2840544f8c0b356cbd32bccae3bf9b9c8b2d17aacd0640b71b0110769a;p25/physical-row-039/section=Mumbai/printed=46/source-row=DGCA-AIX-2026-R1381/lineage=b099cfbf590bf81d401a9523e7b284addf582d6f0d85b3edcab73cff218e922c;p22/physical-row-001/section=Jaipur/printed=40/source-row=DGCA-AIX-2026-R1179/lineage=e1959ecd549612e5307cc388d19b9bbfd73ede29307825f9e3499668b8b1671d
ix-leg-4e61c7fa1af92a66313c,IX 1219,IX1219,AXB,BOM,JAI,accepted,current,true,3,3,present in pinned runtime (any carrier),false,DGCA-AIX-2026-R1184;DGCA-AIX-2026-R1382;DGCA-AIX-2026-R1183,p22/physical-row-006/section=Jaipur/printed=45/source-row=DGCA-AIX-2026-R1184/lineage=7023fd14cc280a7e8a7a39097e42affbda2e96e56b619201794b5ec0fcdaa8bc;p25/physical-row-040/section=Mumbai/printed=47/source-row=DGCA-AIX-2026-R1382/lineage=8f806af0a5907fa634a64303a3aa74cecf4eb3f3545d95218bf36eddb8a88efd;p22/physical-row-005/section=Jaipur/printed=44/source-row=DGCA-AIX-2026-R1183/lineage=aa0216fe0c2683c11e5702dcd6426c8e89f19dadb3284c95380c4bf5fd9de04b
ix-leg-58935aab972137dc0d05,IX 1220,IX1220,AXB,DEL,GOI,expired,expired-only,false,1,1,present in pinned runtime (any carrier),false,DGCA-AIX-2026-R0980,p18/physical-row-026/section=Goa/printed=2/source-row=DGCA-AIX-2026-R0980/lineage=85d00a1d5c3889af84493320c42766887506f1f53caa1db1251d1dea5f1b2b45
ix-leg-1a88705efebf000d1cc2,IX 1225,IX1225,AXB,DEL,VNS,accepted,current,true,2,2,present in pinned runtime (any carrier),false,DGCA-AIX-2026-R0861;DGCA-AIX-2026-R1710,p16/physical-row-021/section=Delhi/printed=95/source-row=DGCA-AIX-2026-R0861/lineage=8b306f36a1bd226244eac1625e5018bc43e10387462a8b5fcb456e417b298148;p31/physical-row-030/section=Varanasi/printed=11/source-row=DGCA-AIX-2026-R1710/lineage=c9467d64b18aee6a75c495b22bed5b045d3dbf04b3976de1fcb0abaeda6b5420
ix-leg-08c94ef70684b5974afc,IX 1226,IX1226,AXB,DEL,STV,accepted,current,true,2,3,new airport pair vs pinned runtime,false,DGCA-AIX-2026-R0794;DGCA-AIX-2026-R1512;DGCA-AIX-2026-R1513,p15/physical-row-012/section=Delhi/printed=28/source-row=DGCA-AIX-2026-R0794/lineage=ab448d299b06bcbe4a5f2f681e86755a84943830cba1275b98c89fb6f0188b21;p28/physical-row-003/section=Surat/printed=1/source-row=DGCA-AIX-2026-R1512/lineage=62cc5cf5e6bb54f694feb14022f32628779761729535ecbd3fd68ce1e52f4dce;p28/physical-row-004/section=Surat/printed=2/source-row=DGCA-AIX-2026-R1513/lineage=2222bb94268b996c2be2bb0768e2d0f68463b0f44ff8af1e465ba9405cedc788
ix-leg-4216b2c3230c64e9e886,IX 1228,IX1228,AXB,DEL,IDR,accepted,current,true,5,5,present in pinned runtime (any carrier),false,DGCA-AIX-2026-R1123;DGCA-AIX-2026-R0797;DGCA-AIX-2026-R0855;DGCA-AIX-2026-R1138;DGCA-AIX-2026-R0796,p21/physical-row-001/section=Indore/printed=1/source-row=DGCA-AIX-2026-R1123/lineage=0e0c5930e511d4b4e2fbd74e25fa4a44ebfd614dc6397afc1ab8a77baa05fade;p15/physical-row-015/section=Delhi/printed=31/source-row=DGCA-AIX-2026-R0797/lineage=65296053abad4585e18d79b32669a2fa668238590cd2a2bdc5c3bcc42b06eb2e;p16/physical-row-015/section=Delhi/printed=89/source-row=DGCA-AIX-2026-R0855/lineage=751901687a8481faab40f61240164ac3fe870c33c9a09ac423e85ca4756061ee;p21/physical-row-016/section=Indore/printed=16/source-row=DGCA-AIX-2026-R1138/lineage=c0eba1bb433ff73f13218c476f41252fb1c5b483b87197bcc17b400d0da49837;p15/physical-row-014/section=Delhi/printed=30/source-row=DGCA-AIX-2026-R0796/lineage=f1571bc120a27456e7e9100112b359d9223647a427c677b4d10662186dc664b4
ix-leg-72f88b8805714a16003e,IX 1229,IX1229,AXB,STV,DEL,accepted,current,true,5,5,new airport pair vs pinned runtime,false,DGCA-AIX-2026-R1520;DGCA-AIX-2026-R0920;DGCA-AIX-2026-R1521;DGCA-AIX-2026-R1522;DGCA-AIX-2026-R0919,p28/physical-row-011/section=Surat/printed=9/source-row=DGCA-AIX-2026-R1520/lineage=bad14b0c2e3d0929466fd7324aecee152e50d17cf0b8adda1b7108c1a6fdede0;p17/physical-row-022/section=Delhi/printed=154/source-row=DGCA-AIX-2026-R0920/lineage=86e5dbc318f482dd84405e779b33be9a009c539fa4f6cdadd708f0a016d05ea8;p28/physical-row-012/section=Surat/printed=10/source-row=DGCA-AIX-2026-R1521/lineage=120e95509189e2b8f802ce5326567067b33c8676b5fe610b71f3597471df0306;p28/physical-row-013/section=Surat/printed=11/source-row=DGCA-AIX-2026-R1522/lineage=9c2b526d308c5d7eeb0d37d356fc2fcd4fb32447782576142cc6ac0880f51bb2;p17/physical-row-021/section=Delhi/printed=153/source-row=DGCA-AIX-2026-R0919/lineage=bee3062398506a21bb9f7150c0cda5aaa6545f6e0cd03c6102b9911b7b07eac6
ix-leg-f0943964e52003ff0216,IX 1230,IX1230,AXB,DEL,PNQ,accepted,current,true,3,3,present in pinned runtime (any carrier),false,DGCA-AIX-2026-R1452;DGCA-AIX-2026-R0778;DGCA-AIX-2026-R1451,p26/physical-row-054/section=Pune/printed=17/source-row=DGCA-AIX-2026-R1452/lineage=8a888b18d0a3c5aa219bcb0ac4a98444a79d9d47a4535472b34f81431c24f81b;p14/physical-row-050/section=Delhi/printed=12/source-row=DGCA-AIX-2026-R0778/lineage=e185c8542af7bd95bbb34c37ddba57fc703b806b1e033e3bd9d23fb0c3d5350f;p26/physical-row-053/section=Pune/printed=16/source-row=DGCA-AIX-2026-R1451/lineage=e786599a115f94efc1bfddb6c5c9884f94fdac13b413c6455e0193bae9d42f57
ix-leg-4a3b76961c3dca1ee4a3,IX 1231,IX1231,AXB,PNQ,DEL,accepted,current,true,3,3,present in pinned runtime (any carrier),false,DGCA-AIX-2026-R0901;DGCA-AIX-2026-R1463;DGCA-AIX-2026-R0900,p17/physical-row-003/section=Delhi/printed=135/source-row=DGCA-AIX-2026-R0901/lineage=ca050e9353408d66a154aeb82f817d8d5b6e5a48899b82dd74753f1573f0d0e1;p27/physical-row-010/section=Pune/printed=28/source-row=DGCA-AIX-2026-R1463/lineage=b077cd81f50a553aa0545c48db07a9c3123771b87cea7e309e95129155c4b4db;p17/physical-row-002/section=Delhi/printed=134/source-row=DGCA-AIX-2026-R0900/lineage=082311ac8fdfeffb508d88491f462d77dd785199c59a7f7810da9c22856c79f9
ix-leg-722f0261421372f26481,IX 1235,IX1235,AXB,DEL,BOM,accepted,current,true,4,4,present in pinned runtime (any carrier),false,DGCA-AIX-2026-R1342;DGCA-AIX-2026-R0922;DGCA-AIX-2026-R1341;DGCA-AIX-2026-R1340,p24/physical-row-055/section=Mumbai/printed=7/source-row=DGCA-AIX-2026-R1342/lineage=7c5bcbe46207fdcb873769d5db9a300e1834aa83cf855b0f9da08b3168d312ae;p17/physical-row-024/section=Delhi/printed=156/source-row=DGCA-AIX-2026-R0922/lineage=d208a4fa8e5f5d10195f7cca6ba33820947d2578d0d1574212d48cc403422653;p24/physical-row-054/section=Mumbai/printed=6/source-row=DGCA-AIX-2026-R1341/lineage=e2c2026a1b306395542dce7478a77beb6a3c5abad7d42722ce9910d23985695f;p24/physical-row-053/section=Mumbai/printed=5/source-row=DGCA-AIX-2026-R1340/lineage=d39027baabc2e7d429da3a759571aff57de1562527e9608c14298cb0e58d3dcf
ix-leg-99ebf2e540341f33b0c5,IX 1236,IX1236,AXB,IDR,DEL,accepted,current,true,1,2,present in pinned runtime (any carrier),false,DGCA-AIX-2026-R0836;DGCA-AIX-2026-R1125,p15/physical-row-054/section=Delhi/printed=70/source-row=DGCA-AIX-2026-R0836/lineage=22d441cd298b817f094d35cbc2feb257141f798ddaf2d16eeac005b0ca11b9dc;p21/physical-row-003/section=Indore/printed=3/source-row=DGCA-AIX-2026-R1125/lineage=22f73d60c038cec912620cd299491c3c34a28ec2aab5943c38f78ee2ec280f20
ix-leg-c64863fe578e32088312,IX 1236,IX1236,AXB,PNQ,IDR,accepted,current,true,3,3,new airport pair vs pinned runtime,false,DGCA-AIX-2026-R1453;DGCA-AIX-2026-R1124;DGCA-AIX-2026-R1454,p26/physical-row-055/section=Pune/printed=18/source-row=DGCA-AIX-2026-R1453/lineage=2407a58d705bdb1906f90bfb7d7e5f0696a1dd55c4d0f4377f991a40c95bd7f8;p21/physical-row-002/section=Indore/printed=2/source-row=DGCA-AIX-2026-R1124/lineage=66967a3d90d50a625362046eec5b953d20f76272489bf62b27858dbee09af122;p27/physical-row-001/section=Pune/printed=19/source-row=DGCA-AIX-2026-R1454/lineage=2b544476894f4063b00a3a73b80e4cd1746bbc8aca47e969eb4244592860bd2a
ix-leg-ccb9063d51392c48dd1c,IX 1237,IX1237,AXB,BOM,IXR,accepted,current,true,1,2,new airport pair vs pinned runtime,false,DGCA-AIX-2026-R1347;DGCA-AIX-2026-R1472,p25/physical-row-005/section=Mumbai/printed=12/source-row=DGCA-AIX-2026-R1347/lineage=10d66a00446560243821a6bec7a27a886e9b01d6e5eafdbb5a8036630b1dc332;p27/physical-row-019/section=Ranchi/printed=1/source-row=DGCA-AIX-2026-R1472/lineage=c09c52cb8638cae0d1fa2059f9b736e073d9568ce2080b088726f9d9fae8e442
ix-leg-6232f77d91cf2ab542f6,IX 1238,IX1238,AXB,BOM,GOI,accepted,current,true,1,2,present in pinned runtime (any carrier),false,DGCA-AIX-2026-R0961;DGCA-AIX-2026-R1368,p18/physical-row-007/section=Goa/printed=7/source-row=DGCA-AIX-2026-R0961/lineage=8cbbfff692b13ac7b98f078862c5dc0bd021e8ef70151c60a22ed66ae1cc295e;p25/physical-row-026/section=Mumbai/printed=33/source-row=DGCA-AIX-2026-R1368/lineage=55328b26f830a363042297471c27338ace06b3080b7ae2fec155b7025a8426b9
ix-leg-76ccee3882391232145a,IX 1238,IX1238,AXB,IXR,BOM,accepted,current,true,1,2,new airport pair vs pinned runtime,false,DGCA-AIX-2026-R1363;DGCA-AIX-2026-R1473,p25/physical-row-021/section=Mumbai/printed=28/source-row=DGCA-AIX-2026-R1363/lineage=bf9742685b5a908b2cb4aebdbd190830e6ccb2c5b444a9f06c96fd852a1e1411;p27/physical-row-020/section=Ranchi/printed=2/source-row=DGCA-AIX-2026-R1473/lineage=362c979c32b4e56d3a28c07943046a1ebd5db795b02f924e4232aa8e11e8b1ee
ix-leg-9d4521ba4271953f98f7,IX 1239,IX1239,AXB,BLR,IXR,accepted,current,true,7,7,new airport pair vs pinned runtime,false,DGCA-AIX-2026-R0219;DGCA-AIX-2026-R0220;DGCA-AIX-2026-R1474;DGCA-AIX-2026-R0224;DGCA-AIX-2026-R0223;DGCA-AIX-2026-R0222;DGCA-AIX-2026-R0221,p05/physical-row-012/section=Bangalore/printed=43/source-row=DGCA-AIX-2026-R0219/lineage=a97b977d9e6e9d958a7d7aff9d318af2c817e64e00d6e78267ac1960a063086c;p05/physical-row-013/section=Bangalore/printed=44/source-row=DGCA-AIX-2026-R0220/lineage=1798d928f2bfb9b6afa3511ce2e41a8938bb3068bd43301abdcdee825fac7875;p27/physical-row-021/section=Ranchi/printed=3/source-row=DGCA-AIX-2026-R1474/lineage=297a4f0602f821146d4ce93a54a02d30d1a19d1b5a6cb70cfe50b30a46539ef9;p05/physical-row-017/section=Bangalore/printed=48/source-row=DGCA-AIX-2026-R0224/lineage=d6ce79ccaf40f61d2acf210f3b7bf4de051d66d456d5e8a906a27c1e063eebcf;p05/physical-row-016/section=Bangalore/printed=47/source-row=DGCA-AIX-2026-R0223/lineage=d97e29a27ff145d15fe2305713f6da1ef87a4cfe877c570a3d8d84d9ab3e64e8;p05/physical-row-015/section=Bangalore/printed=46/source-row=DGCA-AIX-2026-R0222/lineage=592595154c2ed58b8c7063e973f6d155424d7bafac33bb7ce46b8bd590187694;p05/physical-row-014/section=Bangalore/printed=45/source-row=DGCA-AIX-2026-R0221/lineage=c8ec54f8ad6de3dd18dca1a1aa6f09209a25d46e4ef4b0ba6c8ad01550d10ef8
ix-leg-d04239a6efe2a41258f6,IX 1240,IX1240,AXB,JAI,BLR,accepted,current,true,5,5,present in pinned runtime (any carrier),false,DGCA-AIX-2026-R1170;DGCA-AIX-2026-R0518;DGCA-AIX-2026-R1172;DGCA-AIX-2026-R1173;DGCA-AIX-2026-R1171,p21/physical-row-048/section=Jaipur/printed=31/source-row=DGCA-AIX-2026-R1170/lineage=4c907a2624dd624a54c092d03f21d3f560ecff87b0522e4ebec3ac8444a32dee;p10/physical-row-021/section=Bangalore/printed=342/source-row=DGCA-AIX-2026-R0518/lineage=1016397666bd733ca439a911dd174df8ac660569702bec7105a5280389f0cfd2;p21/physical-row-050/section=Jaipur/printed=33/source-row=DGCA-AIX-2026-R1172/lineage=90b5f989073f6f13e1235c53dfb3fe38ff3afa4eb816cab985bfce92558d556e;p21/physical-row-051/section=Jaipur/printed=34/source-row=DGCA-AIX-2026-R1173/lineage=afa50f8d3c177c9f3aa4468e4898e9295dd04ecf2d65bc7012eb7e7c237aa589;p21/physical-row-049/section=Jaipur/printed=32/source-row=DGCA-AIX-2026-R1171/lineage=4e045c9a37097b326f56e41ff919551e0bc2fed5e89e17e5fe52443c2d6da873
ix-leg-34fa68913ac5877250d7,IX 1241,IX1241,AXB,GOI,BOM,accepted,current,true,1,2,present in pinned runtime (any carrier),false,DGCA-AIX-2026-R0976;DGCA-AIX-2026-R1387,p18/physical-row-022/section=Goa/printed=22/source-row=DGCA-AIX-2026-R0976/lineage=4abcb3540cac16cf9ab7bf61252d2090198ded2cc216a1a47c49d8cd8c1e7a9c;p25/physical-row-045/section=Mumbai/printed=52/source-row=DGCA-AIX-2026-R1387/lineage=478fd340031a8881725b5f74e20648b4c89f237724d0ff5a9fcd1c910ffc1126
ix-leg-536b2d14cdd17820c864,IX 1242,IX1242,AXB,BOM,GOI,accepted,current,true,1,2,present in pinned runtime (any carrier),false,DGCA-AIX-2026-R0975;DGCA-AIX-2026-R1376,p18/physical-row-021/section=Goa/printed=21/source-row=DGCA-AIX-2026-R0975/lineage=d82d75964d57c4072833683ca254abaf71d94990e54204958694faef303d8f9d;p25/physical-row-034/section=Mumbai/printed=41/source-row=DGCA-AIX-2026-R1376/lineage=60229d860a15254020b38ea0f8c701b5cf04a2f1f194df3c7a36935fa1ceb2cb
ix-leg-d05d8cf317f2f99de05b,IX 1243,IX1243,AXB,BBI,BOM,accepted,current,true,3,3,present in pinned runtime (any carrier),false,DGCA-AIX-2026-R0721;DGCA-AIX-2026-R1371;DGCA-AIX-2026-R1375,p13/physical-row-050/section=Bhubneshwar/printed=8/source-row=DGCA-AIX-2026-R0721/lineage=19d8cdf2cbb727acf925458c495c224a27fb0e2963ad9e447cacdd3a6995f93b;p25/physical-row-029/section=Mumbai/printed=36/source-row=DGCA-AIX-2026-R1371/lineage=b1c3416f3775eb8b9077196d4dd265d5da53cf6354529087d99a23e7dfcdb1d1;p25/physical-row-033/section=Mumbai/printed=40/source-row=DGCA-AIX-2026-R1375/lineage=eec072526d077be5ea371a42d3ad77b9629f761458e61e98c6d1237ff08258cf
ix-leg-af41b27ed68ab2fa7c0a,IX 1244,IX1244,AXB,IXR,BLR,accepted,current,true,6,6,new airport pair vs pinned runtime,false,DGCA-AIX-2026-R0453;DGCA-AIX-2026-R1476;DGCA-AIX-2026-R0452;DGCA-AIX-2026-R0451;DGCA-AIX-2026-R0450;DGCA-AIX-2026-R0449,p09/physical-row-014/section=Bangalore/printed=277/source-row=DGCA-AIX-2026-R0453/lineage=c98a99f85e8ef1290aa042ca4930f18a2a6d55bfb994c429c2575f534d8c64ec;p27/physical-row-023/section=Ranchi/printed=5/source-row=DGCA-AIX-2026-R1476/lineage=da38054fcf344ad008128be7becf077dbe9a54188f9ede012d56a7cc52cb0207;p09/physical-row-013/section=Bangalore/printed=276/source-row=DGCA-AIX-2026-R0452/lineage=b58c889c4e665401745f22473415f886f1b70b964e9c2277a8c4274ee0713997;p09/physical-row-012/section=Bangalore/printed=275/source-row=DGCA-AIX-2026-R0451/lineage=2f555d739d1de8438a818c5cd8ea175e8c3a3c1550f8b148145e0a77c621d853;p09/physical-row-011/section=Bangalore/printed=274/source-row=DGCA-AIX-2026-R0450/lineage=62bd259b4899493cc4d4473401b0adc2a2b71a05296654f0f6bc6c4ceb781a6c;p09/physical-row-010/section=Bangalore/printed=273/source-row=DGCA-AIX-2026-R0449/lineage=a56499668fb43eeb4acc5f0bb77001c76a647c26d322409c9c6eed4c027170ec
ix-leg-b200bd72b16cfa720a2d,IX 1245,IX1245,AXB,IDR,PNQ,accepted,current,true,2,2,new airport pair vs pinned runtime,false,DGCA-AIX-2026-R1461;DGCA-AIX-2026-R1129,p27/physical-row-008/section=Pune/printed=26/source-row=DGCA-AIX-2026-R1461/lineage=b53b8a9b676bc61c7863f9c9dce954b11c5b61ae6d88f72ec733e5fa120b52f8;p21/physical-row-007/section=Indore/printed=7/source-row=DGCA-AIX-2026-R1129/lineage=ad5f1a15918b1bc3a021a44aafafe79fa19fb1d8cc7d8680682a2368e0312701
ix-leg-0dab6912335e299a63f5,IX 1247,IX1247,AXB,JAI,BOM,accepted,current,true,12,12,present in pinned runtime (any carrier),false,DGCA-AIX-2026-R1161;DGCA-AIX-2026-R1367;DGCA-AIX-2026-R1155;DGCA-AIX-2026-R1159;DGCA-AIX-2026-R1153;DGCA-AIX-2026-R1158;DGCA-AIX-2026-R1156;DGCA-AIX-2026-R1160;DGCA-AIX-2026-R1157;DGCA-AIX-2026-R1154;DGCA-AIX-2026-R1152;DGCA-AIX-2026-R1162,p21/physical-row-039/section=Jaipur/printed=22/source-row=DGCA-AIX-2026-R1161/lineage=7fc6bb7976240653681d1c76e989df074645c0fef70872f135589ce60895982f;p25/physical-row-025/section=Mumbai/printed=32/source-row=DGCA-AIX-2026-R1367/lineage=9c26de9e060a15ad0e1eea2e878331779664ade80c9714f0fe4d8ae7af6e0a38;p21/physical-row-033/section=Jaipur/printed=16/source-row=DGCA-AIX-2026-R1155/lineage=730e85b8b9082c5685920b985e5a159d0d73418f64fc96ff34864dcfb1c4bb2c;p21/physical-row-037/section=Jaipur/printed=20/source-row=DGCA-AIX-2026-R1159/lineage=a157aea59d3be79cf3c9dd13b2c8606ab75ad1eddc21d286a289cc31e1d54a1e;p21/physical-row-031/section=Jaipur/printed=14/source-row=DGCA-AIX-2026-R1153/lineage=aa24925e1c3a8a8a9ad82af3ba0cbc0f7800ee8ee370af145738fd1d114cded9;p21/physical-row-036/section=Jaipur/printed=19/source-row=DGCA-AIX-2026-R1158/lineage=cfb4182528f09d514ae7b8c9b0d8192206bf687f8db4cd0b2e43b92cbd86e10b;p21/physical-row-034/section=Jaipur/printed=17/source-row=DGCA-AIX-2026-R1156/lineage=730e4e3790187664a9ddd40f5770277df6c840ccfa3bf45932632ca252322af8;p21/physical-row-038/section=Jaipur/printed=21/source-row=DGCA-AIX-2026-R1160/lineage=22654c03f0dc0d0438d33fd3c32d5900c8fecdf16efa0ddfc335b868d81511f2;p21/physical-row-035/section=Jaipur/printed=18/source-row=DGCA-AIX-2026-R1157/lineage=7b4b9fe5a7d251c469deded54c1126696d5bf5824f4d7966a5b80496691f6579;p21/physical-row-032/section=Jaipur/printed=15/source-row=DGCA-AIX-2026-R1154/lineage=958384d8eb00b0ab0dc507f7102fb1b1357897a21103aad9a7a21e1bb17e19b7;p21/physical-row-030/section=Jaipur/printed=13/source-row=DGCA-AIX-2026-R1152/lineage=5b8d01da4788f73e4b2d3b483e8c45997ad15d1db6c7c83095a75a3ce7b37aa6;p21/physical-row-040/section=Jaipur/printed=23/source-row=DGCA-AIX-2026-R1162/lineage=0a416ec6489142879aab32f29344035475829ade08c15906d5bc1270f74115bf
ix-leg-9d62df9d88dc337fc210,IX 1250,IX1250,AXB,BLR,HYD,accepted,current,true,3,3,present in pinned runtime (any carrier),false,DGCA-AIX-2026-R0608;DGCA-AIX-2026-R1106;DGCA-AIX-2026-R0609,p11/physical-row-053/section=Bangalore/printed=432/source-row=DGCA-AIX-2026-R0608/lineage=ed1023d38f13e6b7b813f6182015ec26f15c69c1e209057f1e125dd5e099c43d;p20/physical-row-041/section=Hyderabad/printed=45/source-row=DGCA-AIX-2026-R1106/lineage=fd305fbe7be9fc0fc062ad9e8c77ee9d7955f4ebe9660aed133078a4fc7744f2;p11/physical-row-054/section=Bangalore/printed=433/source-row=DGCA-AIX-2026-R0609/lineage=141a3d7d2732e9e6380ba2cdb20975dbae039343fc953f046d3b162cd37b2352
ix-leg-2f1a3dba5f60afa5158b,IX 1251,IX1251,AXB,DEL,VNS,accepted,current,true,3,3,present in pinned runtime (any carrier),false,DGCA-AIX-2026-R1712;DGCA-AIX-2026-R0867;DGCA-AIX-2026-R1711,p31/physical-row-032/section=Varanasi/printed=13/source-row=DGCA-AIX-2026-R1712/lineage=d13db2c5add1c0a7b709aa98bf06b083f7c17ed997b5f5638b8edb1bb2fcc4c3;p16/physical-row-027/section=Delhi/printed=101/source-row=DGCA-AIX-2026-R0867/lineage=5788afc7cea5802b450279c05c8ce3f1bdeb550bd6aec07705f6542c7ec9f19a;p31/physical-row-031/section=Varanasi/printed=12/source-row=DGCA-AIX-2026-R1711/lineage=ffaaa3640ecd6daab516213057013288f484c2eb277b68e89630224697a5f332
ix-leg-8cb58c65883eb8f0c010,IX 1252,IX1252,AXB,VNS,DEL,accepted,current,true,3,3,present in pinned runtime (any carrier),false,DGCA-AIX-2026-R0888;DGCA-AIX-2026-R1713;DGCA-AIX-2026-R0898,p16/physical-row-048/section=Delhi/printed=122/source-row=DGCA-AIX-2026-R0888/lineage=1e7d664df74dd7258896122817b044ae7a7b3d2429bd4ddab246e52c0bfd83da;p31/physical-row-033/section=Varanasi/printed=14/source-row=DGCA-AIX-2026-R1713/lineage=922d94d0317eb2b88639e62b240830ab2157ddb506ed5df9b63118cff720ac23;p16/physical-row-058/section=Delhi/printed=132/source-row=DGCA-AIX-2026-R0898/lineage=47300099e916ca5ab6e3de4558820e34d7b3e316566613da54e8123c82415fec
ix-leg-5bcaa0c27b036edbd322,IX 1253,IX1253,AXB,VNS,DEL,accepted,current,true,4,4,present in pinned runtime (any carrier),false,DGCA-AIX-2026-R1701;DGCA-AIX-2026-R0802;DGCA-AIX-2026-R1702;DGCA-AIX-2026-R0896,p31/physical-row-021/section=Varanasi/printed=2/source-row=DGCA-AIX-2026-R1701/lineage=612ce8c174a39d141276258c0440d228355ba1f19ce5e9569c247ca73349c379;p15/physical-row-020/section=Delhi/printed=36/source-row=DGCA-AIX-2026-R0802/lineage=4e78b003e4fd135de72079e41e2518b7f48cec959c84a1f7c760fc62450e757c;p31/physical-row-022/section=Varanasi/printed=3/source-row=DGCA-AIX-2026-R1702/lineage=eae0d671a4ee371e19af682fe6353f34364d945efe0569f7b033d606145a8796;p16/physical-row-056/section=Delhi/printed=130/source-row=DGCA-AIX-2026-R0896/lineage=efe388087414fc5ef81843ad44d0b38c5ccc27221cd7212e404cbd8f54853244
ix-leg-07aee6208a888b2589cf,IX 1254,IX1254,AXB,CCU,MAA,accepted,current,true,3,3,present in pinned runtime (any carrier),false,DGCA-AIX-2026-R1215;DGCA-AIX-2026-R0743;DGCA-AIX-2026-R1217,p22/physical-row-037/section=Kolkata/printed=2/source-row=DGCA-AIX-2026-R1215/lineage=4006c4772f5957956ad92d87147a9fa15f6e799a7f243ddd988a22fafed134e2;p14/physical-row-015/section=Chennai/printed=8/source-row=DGCA-AIX-2026-R0743/lineage=5213f4481de6382e126e9bd1b24d668ee4bef8ad669b17be779c0401e5d05ccb;p22/physical-row-039/section=Kolkata/printed=4/source-row=DGCA-AIX-2026-R1217/lineage=ec611e6b52099161555ac8c0e8d9960d55e7ed54b50aed5994847864d94859eb
ix-leg-cb1bebada7504ae7307b,IX 1256,IX1256,AXB,CCU,IXB,accepted,current,true,2,2,present in pinned runtime (any carrier),false,DGCA-AIX-2026-R1231;DGCA-AIX-2026-R0149,p22/physical-row-053/section=Kolkata/printed=18/source-row=DGCA-AIX-2026-R1231/lineage=aa683977bbb21173c35789abed0d6465aa2b8043005ccbb28f6c672dc9ca65d8;p03/physical-row-053/section=Bagdogra/printed=16/source-row=DGCA-AIX-2026-R0149/lineage=35eaa60f46dad27cbfc9a24a22b37cf7dc018cbf2be7da42fd0f762ec36717c3
ix-leg-c7e88bf2cb0c6d4a73a6,IX 1256,IX1256,AXB,MAA,CCU,accepted,current,true,1,2,present in pinned runtime (any carrier),false,DGCA-AIX-2026-R0744;DGCA-AIX-2026-R1227,p14/physical-row-016/section=Chennai/printed=9/source-row=DGCA-AIX-2026-R0744/lineage=fd82bc51ce00c50bfb0e42e9fe77371f6033f9743cba43e9fe9fd4be84f2ba83;p22/physical-row-049/section=Kolkata/printed=14/source-row=DGCA-AIX-2026-R1227/lineage=8c2801cb6850e3c81eae860fc7269272e7c42b82b3776695ae509e67269ca6f9
ix-leg-71a0fe88225cc7e89eb8,IX 1257,IX1257,AXB,DEL,PNQ,accepted,current,true,2,2,present in pinned runtime (any carrier),false,DGCA-AIX-2026-R0916;DGCA-AIX-2026-R1440,p17/physical-row-018/section=Delhi/printed=150/source-row=DGCA-AIX-2026-R0916/lineage=373babfdfa87c5421b28422d1c3f5c5f9510e85b5ba7afbe4271993c946bea5e;p26/physical-row-042/section=Pune/printed=5/source-row=DGCA-AIX-2026-R1440/lineage=6c22362a443d8d38366c41c60e8142786c711f7967e261523d1273dc18d8804a
ix-leg-1216f70ae8c82c647a88,IX 1258,IX1258,AXB,PNQ,DEL,accepted,current,true,4,4,present in pinned runtime (any carrier),false,DGCA-AIX-2026-R1442;DGCA-AIX-2026-R0777;DGCA-AIX-2026-R1443;DGCA-AIX-2026-R0776,p26/physical-row-044/section=Pune/printed=7/source-row=DGCA-AIX-2026-R1442/lineage=31a1e34c07ca06e94253902ab46c7938b243c3203494d4de07aa270b0ae58ae9;p14/physical-row-049/section=Delhi/printed=11/source-row=DGCA-AIX-2026-R0777/lineage=7b0100e45ebfa275e9dd7df8699b72c93866cd0bd9faa4c1a615389dd2cfa5b0;p26/physical-row-045/section=Pune/printed=8/source-row=DGCA-AIX-2026-R1443/lineage=4a512f5938b1b001f269b807c15b509c84a6b9d67dcc056cfad1543722efa909;p14/physical-row-048/section=Delhi/printed=10/source-row=DGCA-AIX-2026-R0776/lineage=f57b9d680bdf365c6fb29b0eed315c5d749cb90581752e6edc75e97957b6863b
ix-leg-7392e60cde3b2e698837,IX 1259,IX1259,AXB,CCU,MAA,accepted,current,true,3,3,present in pinned runtime (any carrier),false,DGCA-AIX-2026-R0755;DGCA-AIX-2026-R1239;DGCA-AIX-2026-R0754,p14/physical-row-027/section=Chennai/printed=20/source-row=DGCA-AIX-2026-R0755/lineage=4b2ed6ac8d9a88f45f00c5247777696872d636e3e0258dd443a854a2a7f137f3;p23/physical-row-008/section=Kolkata/printed=26/source-row=DGCA-AIX-2026-R1239/lineage=4c5524552030c8f8b370487a84178c6d5d06e1fdae9122cdcb3e1f80ce75481b;p14/physical-row-026/section=Chennai/printed=19/source-row=DGCA-AIX-2026-R0754/lineage=d429af8f54665820c6a250d8227961cc438e1bc658873960270c28aaae2c7132
ix-leg-fa34f285a78a29249910,IX 1259,IX1259,AXB,IXB,CCU,accepted,current,true,2,2,present in pinned runtime (any carrier),false,DGCA-AIX-2026-R1238;DGCA-AIX-2026-R0153,p23/physical-row-007/section=Kolkata/printed=25/source-row=DGCA-AIX-2026-R1238/lineage=f32522262fe72b97752b9bf0310f68638c05ac05a277e0ee9f72ca0bfa86ce8b;p04/physical-row-003/section=Bagdogra/printed=20/source-row=DGCA-AIX-2026-R0153/lineage=2baa26a0424d401a5258078d61853a124bc8d4ba3aa39e4a36067dccb2390a82
ix-leg-1e14cb2d47eea38778c1,IX 1264,IX1264,AXB,STV,DEL,accepted,current,true,4,4,new airport pair vs pinned runtime,false,DGCA-AIX-2026-R1524;DGCA-AIX-2026-R0770;DGCA-AIX-2026-R1525;DGCA-AIX-2026-R1523,p28/physical-row-015/section=Surat/printed=13/source-row=DGCA-AIX-2026-R1524/lineage=09794849f0993752f253c7cb451a6a93e764db4ea03b51ef416c0608e0c62892;p14/physical-row-042/section=Delhi/printed=4/source-row=DGCA-AIX-2026-R0770/lineage=890b4bbfa09e9823811978a4ffeb3ae73ba0ce9e9360ad13a4bb5d545caa86ea;p28/physical-row-016/section=Surat/printed=14/source-row=DGCA-AIX-2026-R1525/lineage=77006b1d201371853965fc3e2713f508e4c9ad7c95c55970c469c367a3bd1faf;p28/physical-row-014/section=Surat/printed=12/source-row=DGCA-AIX-2026-R1523/lineage=752094e57c0219013ac950f4f7ef88451ea0d5e57c279495e24ce29a3da2fc49
ix-leg-e1af77b07cc1c9641607,IX 1265,IX1265,AXB,IDR,DEL,accepted,current,true,4,4,present in pinned runtime (any carrier),false,DGCA-AIX-2026-R0899;DGCA-AIX-2026-R0791;DGCA-AIX-2026-R1139;DGCA-AIX-2026-R1126,p17/physical-row-001/section=Delhi/printed=133/source-row=DGCA-AIX-2026-R0899/lineage=4836944f2bd66cfc107152b4963bb8524b06f76edd4a1a80151bc44daca22c01;p15/physical-row-009/section=Delhi/printed=25/source-row=DGCA-AIX-2026-R0791/lineage=6cda1076dd8c05823b14a76d1c18b2efbd898919b548de6655b1b12e55ef961e;p21/physical-row-017/section=Indore/printed=17/source-row=DGCA-AIX-2026-R1139/lineage=c6d1571cd5d74e21ab20309fa8fb746f295fd8b6a382c73b67aa8b9d5c323c7a;p21/physical-row-004/section=Indore/printed=4/source-row=DGCA-AIX-2026-R1126/lineage=c6a38c536309c190ad7dccc7c9b09fea45b9906b691a5e8701c821c78752ace7
ix-leg-6ca513f7a274f1bbf089,IX 1274,IX1274,AXB,AYJ,DEL,accepted,current,true,2,2,new airport pair vs pinned runtime,false,DGCA-AIX-2026-R0829;DGCA-AIX-2026-R0133,p15/physical-row-047/section=Delhi/printed=63/source-row=DGCA-AIX-2026-R0829/lineage=9fc85517bbe79b29727c2d7e1ad6c779dbba48279cc32acf4fd6e788136ad4a0;p03/physical-row-037/section=Ayodhya/printed=2/source-row=DGCA-AIX-2026-R0133/lineage=ba93a26b45ff6e3eb189c7d88d13501138cc6fb6611af88755d893ee5b25a8a4
ix-leg-3f6175a9749ebb386c43,IX 1274,IX1274,AXB,DEL,IXB,accepted,current,true,3,3,present in pinned runtime (any carrier),false,DGCA-AIX-2026-R0834;DGCA-AIX-2026-R0152;DGCA-AIX-2026-R0151,p15/physical-row-052/section=Delhi/printed=68/source-row=DGCA-AIX-2026-R0834/lineage=910bc71c84fc63aa0ec73e82171d27faf254ccdd40e565125f428bd52a537574;p04/physical-row-002/section=Bagdogra/printed=19/source-row=DGCA-AIX-2026-R0152/lineage=a8756a56ba5077a19714863a6cbe79148160b2e594494257276d505d4f4dd21c;p04/physical-row-001/section=Bagdogra/printed=18/source-row=DGCA-AIX-2026-R0151/lineage=7246e9c60a0f3c18683a0576b285987280ac3077cced07bf6b6db757e72ea4c9
ix-leg-29df8461ef7fd8e0293f,IX 1280,IX1280,AXB,BOM,JAI,accepted,current,true,12,12,present in pinned runtime (any carrier),false,DGCA-AIX-2026-R1150;DGCA-AIX-2026-R1354;DGCA-AIX-2026-R1148;DGCA-AIX-2026-R1145;DGCA-AIX-2026-R1144;DGCA-AIX-2026-R1143;DGCA-AIX-2026-R1149;DGCA-AIX-2026-R1147;DGCA-AIX-2026-R1142;DGCA-AIX-2026-R1146;DGCA-AIX-2026-R1141;DGCA-AIX-2026-R1151,p21/physical-row-028/section=Jaipur/printed=11/source-row=DGCA-AIX-2026-R1150/lineage=167bf2eac89ebc2460f593095e2db0820f42821725539a137c899a00fae53a58;p25/physical-row-012/section=Mumbai/printed=19/source-row=DGCA-AIX-2026-R1354/lineage=9c9a11d134392eef1533797449c77cf0c83bba3a71cfd5c3e900fb5fd302b70f;p21/physical-row-026/section=Jaipur/printed=9/source-row=DGCA-AIX-2026-R1148/lineage=b43e57c7db2f32d553ccd684d00305e9424837ee02664bc09ce5ce06535231eb;p21/physical-row-023/section=Jaipur/printed=6/source-row=DGCA-AIX-2026-R1145/lineage=8fa2ee76c0e653743488a195c41327ec2161b3ff2247054fe38532ab119401e6;p21/physical-row-022/section=Jaipur/printed=5/source-row=DGCA-AIX-2026-R1144/lineage=e1484fa863d94558594566b523d35a4c40da387f837db945a4cdd3ba45b56366;p21/physical-row-021/section=Jaipur/printed=4/source-row=DGCA-AIX-2026-R1143/lineage=7f589972daee3ac385653b43534681c7e9a45d8b48db7a7fa206c1998d5f5d58;p21/physical-row-027/section=Jaipur/printed=10/source-row=DGCA-AIX-2026-R1149/lineage=ef4addf42a039706aaa6880d898aad9e378d14abba6a3daf2e337673fdceac4e;p21/physical-row-025/section=Jaipur/printed=8/source-row=DGCA-AIX-2026-R1147/lineage=47f2220b36030786b21374fd0a20d4e9f33167856b4265e6acad2e0b139fa69c;p21/physical-row-020/section=Jaipur/printed=3/source-row=DGCA-AIX-2026-R1142/lineage=5940ca23c50a76fde074b0bb3244a98e70d0861c832bf6d72f661962838ef62c;p21/physical-row-024/section=Jaipur/printed=7/source-row=DGCA-AIX-2026-R1146/lineage=ac3f6f1e1111f22b6dd55c1e349689004716da50269504d7186fd327112ed4c7;p21/physical-row-019/section=Jaipur/printed=2/source-row=DGCA-AIX-2026-R1141/lineage=0be7df79f3ec73154efa7470c4cee891acf5132c1d665eda1944e0ee67d9b8c9;p21/physical-row-029/section=Jaipur/printed=12/source-row=DGCA-AIX-2026-R1151/lineage=cfd593bb34fbd64f6dfa9732d65e38d95d0885e021f7b548fcc36ffaeea08efb
ix-leg-1797c4e3d2a2b03779fc,IX 1282,IX1282,AXB,BOM,DEL,accepted,current,true,1,1,present in pinned runtime (any carrier),false,DGCA-AIX-2026-R0803,p15/physical-row-021/section=Delhi/printed=37/source-row=DGCA-AIX-2026-R0803/lineage=5b60a3743fd6e9547a05da816f6a053ad0bd3d3064a5743ae50d7cc5ed434ccd
ix-leg-0fbd7ac30a143a9a8d76,IX 1282,IX1282,AXB,BOM,PAT,accepted,current,true,4,4,present in pinned runtime (any carrier),false,DGCA-AIX-2026-R1415;DGCA-AIX-2026-R1346;DGCA-AIX-2026-R1345;DGCA-AIX-2026-R1349,p26/physical-row-017/section=Patna/printed=3/source-row=DGCA-AIX-2026-R1415/lineage=ca2ef074879627469070f716c2980e7298bf722124f8e79a893c99bd62a560b5;p25/physical-row-004/section=Mumbai/printed=11/source-row=DGCA-AIX-2026-R1346/lineage=71f37a900a3da39e4dbf7de13f9496a7a7b9515c6ca51b1741983f0aa2f9c8af;p25/physical-row-003/section=Mumbai/printed=10/source-row=DGCA-AIX-2026-R1345/lineage=2d1f70c6364343001d1d2b0173e321230bf0105dc8fdf1eacc10c25363dc6b25;p25/physical-row-007/section=Mumbai/printed=14/source-row=DGCA-AIX-2026-R1349/lineage=4b5fcb6a5879f5dc087b2619b470c6f6a1ac873bd231f8d0ddf8f60dbe90f570
ix-leg-d4dca589949ab41472b9,IX 1283,IX1283,AXB,BOM,BBI,accepted,current,true,1,2,present in pinned runtime (any carrier),false,DGCA-AIX-2026-R0719;DGCA-AIX-2026-R1355,p13/physical-row-048/section=Bhubneshwar/printed=6/source-row=DGCA-AIX-2026-R0719/lineage=8ebfe29ae4f2ed4b9bdce686f7bb0ab1cf8987579de52650af81064405a5de3d;p25/physical-row-013/section=Mumbai/printed=20/source-row=DGCA-AIX-2026-R1355/lineage=5c8b05bc28f21d117506bfe9c3e1f50bb205e0c826cdf3c41875787f345bce58
ix-leg-655fcab0aa3b64f036f6,IX 1283,IX1283,AXB,PAT,BOM,accepted,current,true,2,2,present in pinned runtime (any carrier),false,DGCA-AIX-2026-R1364;DGCA-AIX-2026-R1365,p25/physical-row-022/section=Mumbai/printed=29/source-row=DGCA-AIX-2026-R1364/lineage=82b69bd4f92cd49c06c29f9719d95f04832aeec48863d195037434898d6b55c4;p25/physical-row-023/section=Mumbai/printed=30/source-row=DGCA-AIX-2026-R1365/lineage=6fff6255d67d78d584d6717db895817509941bc5e0c5d5299438e906a3bfc56a
ix-leg-37ac2c5df195e565ac7d,IX 1285,IX1285,AXB,DEL,AYJ,accepted,current,true,2,2,new airport pair vs pinned runtime,false,DGCA-AIX-2026-R0801;DGCA-AIX-2026-R0132,p15/physical-row-019/section=Delhi/printed=35/source-row=DGCA-AIX-2026-R0801/lineage=a4a0e0fb356bb2863b67e7100b22b97cec3b7e7525b0ec71ba7759b7ee2cc8a0;p03/physical-row-036/section=Ayodhya/printed=1/source-row=DGCA-AIX-2026-R0132/lineage=12a4726fac9705f0bf77740b155e9a1df93efe82448b43ba08d7e2ae89c771d9
ix-leg-4914f5d32fb268565e1c,IX 1287,IX1287,AXB,DEL,GAU,accepted,current,true,2,2,present in pinned runtime (any carrier),false,DGCA-AIX-2026-R0838;DGCA-AIX-2026-R1039,p15/physical-row-056/section=Delhi/printed=72/source-row=DGCA-AIX-2026-R0838/lineage=b892111c169900e9e6d6cb81586a125f722383869f8e4553fab1a0f3a030e77d;p19/physical-row-029/section=Guwahati/printed=27/source-row=DGCA-AIX-2026-R1039/lineage=e7e7a533425f8d613f53f8b074673fd5f03f5d9d4419d60164963a12bb720d1f
ix-leg-c4e298c51cf57de2efbc,IX 1290,IX1290,AXB,GOX,BOM,expired,expired-only,false,1,1,present in pinned runtime (any carrier),false,DGCA-AIX-2026-R1338,p24/physical-row-051/section=Mumbai/printed=3/source-row=DGCA-AIX-2026-R1338/lineage=22107b8b08cd55924a857c4c983b7b7cce43cb38c1c6d7f49fc00b7fb26a7713
ix-leg-f8c708ac474f3cef1675,IX 1294,IX1294,AXB,DEL,STV,accepted,current,true,4,4,new airport pair vs pinned runtime,false,DGCA-AIX-2026-R1517;DGCA-AIX-2026-R0877;DGCA-AIX-2026-R1518;DGCA-AIX-2026-R1519,p28/physical-row-008/section=Surat/printed=6/source-row=DGCA-AIX-2026-R1517/lineage=938a7a0b844b7dc2386efcc6e057c36a05a7f660c1f69cc54edd83b143b56317;p16/physical-row-037/section=Delhi/printed=111/source-row=DGCA-AIX-2026-R0877/lineage=a13e7b0e9a77b362e19caddd87062a78079b56f9947f3e8b05892a7644ca3e94;p28/physical-row-009/section=Surat/printed=7/source-row=DGCA-AIX-2026-R1518/lineage=46888fbe009d9b729afc6d7c34714ec0776bc13ee72df203f3d7d7b31a364304;p28/physical-row-010/section=Surat/printed=8/source-row=DGCA-AIX-2026-R1519/lineage=23b12d221c7553a868e2add827dda5b146b3cc89582d2ab9c94ead846be8c2b6
ix-leg-08d43699746032d5107b,IX 1340,IX1340,AXB,GOI,DEL,accepted,current,true,2,2,present in pinned runtime (any carrier),false,DGCA-AIX-2026-R0971;DGCA-AIX-2026-R0864,p18/physical-row-017/section=Goa/printed=17/source-row=DGCA-AIX-2026-R0971/lineage=e4cbf3d04e83056dcbc68c7db5b30f2e9c47c8f4a735dc98b4aba3a431ac9c3d;p16/physical-row-024/section=Delhi/printed=98/source-row=DGCA-AIX-2026-R0864/lineage=36b23b65380fd070884c6d73217452d55fa46923e6c36dd26a0f64c8737f2333
ix-leg-449bff94dcb6a45d4889,IX 1345,IX1345,AXB,HYD,BLR,accepted,current,true,3,3,present in pinned runtime (any carrier),false,DGCA-AIX-2026-R0585;DGCA-AIX-2026-R1102;DGCA-AIX-2026-R0586,p11/physical-row-030/section=Bangalore/printed=409/source-row=DGCA-AIX-2026-R0585/lineage=4cb7926431eb30da6d25051043dc28cc2020daf3c9d164290eecf7ab684526f9;p20/physical-row-037/section=Hyderabad/printed=41/source-row=DGCA-AIX-2026-R1102/lineage=4d562cd228cd66553499bce894b2742f289f8da68482c0b6ecb92a7de8fe0abd;p11/physical-row-031/section=Bangalore/printed=410/source-row=DGCA-AIX-2026-R0586/lineage=f3832753a063f29da8e7a3f86bb67b1a7165c3ebd63b4b355c913148f40b024b
ix-leg-a67ad8610986c197d4e3,IX 1346,IX1346,AXB,DEL,PAT,accepted,current,true,1,1,present in pinned runtime (any carrier),false,DGCA-AIX-2026-R1413,p26/physical-row-015/section=Patna/printed=1/source-row=DGCA-AIX-2026-R1413/lineage=e4452ab59c7b3913fffc09dc2682b24354f519ab0ce4b64fc720a9c1f6a74669
ix-leg-6373fd24d2ba0fad3dfb,IX 1346,IX1346,AXB,DEL,SXR,accepted,current,true,2,2,present in pinned runtime (any carrier),false,DGCA-AIX-2026-R0782;DGCA-AIX-2026-R0783,p14/physical-row-054/section=Delhi/printed=16/source-row=DGCA-AIX-2026-R0782/lineage=6234f67b8a200333f8b9651c06a942c589f7d12b253d7655ac54c4559d71ad80;p15/physical-row-001/section=Delhi/printed=17/source-row=DGCA-AIX-2026-R0783/lineage=69fb1e8f5909875b3626913094c05ee27750cb74356990929017bea919b97219
ix-leg-c1d63a422294e8d56675,IX 1347,IX1347,AXB,NMI,BLR,accepted,current,true,3,3,new airport pair vs pinned runtime,false,DGCA-AIX-2026-R1397;DGCA-AIX-2026-R0248;DGCA-AIX-2026-R0255,p25/physical-row-055/section=Navi Mumbai/printed=1/source-row=DGCA-AIX-2026-R1397/lineage=300466a2ee298f6bf2ea1f381a8d5503f0d8ee144e899b217990c054b6df1c2c;p05/physical-row-041/section=Bangalore/printed=72/source-row=DGCA-AIX-2026-R0248/lineage=7888da60db12497a5a1d38aa8d6ae0d8a27006e6dbf0a753ba693362135ca5ec;p05/physical-row-048/section=Bangalore/printed=79/source-row=DGCA-AIX-2026-R0255/lineage=93bb2babaa7401e2d68c3c0ccc9443bdd26e5e6416bf3e08c407d4f58aaa27c4
ix-leg-40c5f4c9d80b0a47a09c,IX 1348,IX1348,AXB,PAT,DEL,accepted,current,true,2,2,present in pinned runtime (any carrier),false,DGCA-AIX-2026-R0806;DGCA-AIX-2026-R1414,p15/physical-row-024/section=Delhi/printed=40/source-row=DGCA-AIX-2026-R0806/lineage=f06190fecb20408ed5e7859da82e6cb8db1effd739f8aa47033cab89d4641f14;p26/physical-row-016/section=Patna/printed=2/source-row=DGCA-AIX-2026-R1414/lineage=aecd6d488a043150c3e9b16f5da8c4cc310b379d82a228432c16188512352692
ix-leg-93c617c5ff71193ad2ae,IX 1352,IX1352,AXB,IXJ,DEL,accepted,current,true,1,2,present in pinned runtime (any carrier),false,DGCA-AIX-2026-R0857;DGCA-AIX-2026-R1191,p16/physical-row-017/section=Delhi/printed=91/source-row=DGCA-AIX-2026-R0857/lineage=238b497c292f5d37377d06c982a83822cd2a3a91d12c3ee4503aa5aa7c5d6313;p22/physical-row-013/section=Jammu/printed=4/source-row=DGCA-AIX-2026-R1191/lineage=20a7e91a1a5b817c09f9c48279bddd1871f72741c2b028b8c9ea83f92a2a1f80
ix-leg-10e8150c8b03554b9151,IX 1352,IX1352,AXB,SXR,IXJ,accepted,current,true,3,3,present in pinned runtime (any carrier),false,DGCA-AIX-2026-R1501;DGCA-AIX-2026-R1190;DGCA-AIX-2026-R1500,p27/physical-row-048/section=Srinagar/printed=14/source-row=DGCA-AIX-2026-R1501/lineage=2f5c0d92836b6a5b2fb7f98e00f135db5f65e7dc470ec126b1cbc6d34ea16a99;p22/physical-row-012/section=Jammu/printed=3/source-row=DGCA-AIX-2026-R1190/lineage=402943b3a12276f039e387066369124d4ad9c2c8f2b75c1b39502df0bc4afbdc;p27/physical-row-047/section=Srinagar/printed=13/source-row=DGCA-AIX-2026-R1500/lineage=10dcbe7bf191c15dca1ecd9415e0b5967f7d9b02162b6e5eb02eae3ba10f6466
ix-leg-fdb74c0984d7821a9016,IX 1354,IX1354,AXB,MAA,GAU,accepted,current,true,1,1,new airport pair vs pinned runtime,false,DGCA-AIX-2026-R1044,p19/physical-row-034/section=Guwahati/printed=32/source-row=DGCA-AIX-2026-R1044/lineage=144de439f3571c1164b8c6c68beaebe4f074b98f876d35a6ab1e2c7cbce9f2b8
ix-leg-718cb957b96ad567310e,IX 1354,IX1354,AXB,MAA,NMI,accepted,current,true,2,2,new airport pair vs pinned runtime,false,DGCA-AIX-2026-R0752;DGCA-AIX-2026-R0751,p14/physical-row-024/section=Chennai/printed=17/source-row=DGCA-AIX-2026-R0752/lineage=fa29dd3f2e15c10385d8969169f9d771f51c38c7c1061dfd7e8b1ca76026a4e6;p14/physical-row-023/section=Chennai/printed=16/source-row=DGCA-AIX-2026-R0751/lineage=740ff092e26d7ea0fee596e81a722f89effe8832c28aec0d8b0ef073d37a7c11
ix-leg-97895ef6e613b98cd717,IX 1358,IX1358,AXB,VTZ,VGA,accepted,current,true,4,4,new airport pair vs pinned runtime,false,DGCA-AIX-2026-R1740;DGCA-AIX-2026-R1717;DGCA-AIX-2026-R1741;DGCA-AIX-2026-R1742,p32/physical-row-005/section=Vizag/printed=16/source-row=DGCA-AIX-2026-R1740/lineage=ff4df4dd2c1c739a4de428085176a9ec52d494a1fb8c45a1c4d62c5b9b38f26b;p31/physical-row-037/section=Vijayawada/printed=4/source-row=DGCA-AIX-2026-R1717/lineage=414e85401d8a83f8a509dabcfd1bb2ad948317ad1383c883710e8b2eee9e540d;p32/physical-row-006/section=Vizag/printed=17/source-row=DGCA-AIX-2026-R1741/lineage=b6570c205579aa9ac69ad4214b80cd688bee8379fb14b80d483bdd669eb8f011;p32/physical-row-007/section=Vizag/printed=18/source-row=DGCA-AIX-2026-R1742/lineage=f394f98f01f12d2375640116e7a8c939920424951ea7c11542c8e36afd5033a7
ix-leg-382fa617c196a7ec35c7,IX 1360,IX1360,AXB,BLR,NMI,accepted,current,true,3,3,new airport pair vs pinned runtime,false,DGCA-AIX-2026-R0671;DGCA-AIX-2026-R1412;DGCA-AIX-2026-R0670,p12/physical-row-058/section=Bangalore/printed=495/source-row=DGCA-AIX-2026-R0671/lineage=cf98f057a4d2dc27d6b8f86a31ca9b4f3736d5dbffc6e1e921f9b4c4dde361d4;p26/physical-row-014/section=Navi Mumbai/printed=16/source-row=DGCA-AIX-2026-R1412/lineage=d4138c557d22d624c6558104a2d674036a720a05f7fbbf161af89db34acd0fc0;p12/physical-row-057/section=Bangalore/printed=494/source-row=DGCA-AIX-2026-R0670/lineage=0c32a138fbc2e58ffadd9e9a0a658b6b6f52bab1d69ef56707edd97e5d4a5569
ix-leg-fda0a45a676605657ff9,IX 1361,IX1361,AXB,BLR,NAG,accepted,current,true,1,1,new airport pair vs pinned runtime,false,DGCA-AIX-2026-R1395,p25/physical-row-053/section=Nagpur/printed=3/source-row=DGCA-AIX-2026-R1395/lineage=e586a666dc732656b090cbab95e9af45df45327569aeebc3e78544ff7ff23a75
ix-leg-4a92cfe9eda1779e47a1,IX 1363,IX1363,AXB,SXR,DEL,accepted,current,true,3,3,present in pinned runtime (any carrier),false,DGCA-AIX-2026-R0905;DGCA-AIX-2026-R0906;DGCA-AIX-2026-R0904,p17/physical-row-007/section=Delhi/printed=139/source-row=DGCA-AIX-2026-R0905/lineage=186c9bd39128d43849732f65e32414ff606072c8c3bad40ed64118e5c3dee9fc;p17/physical-row-008/section=Delhi/printed=140/source-row=DGCA-AIX-2026-R0906/lineage=a2790d758f2ccae3339dedaecc33ca3ba9cc4fc2861a4594132488ba99065fee;p17/physical-row-006/section=Delhi/printed=138/source-row=DGCA-AIX-2026-R0904/lineage=86c4bc1eb02a37717d42f31fd2dd55cd7d342644266782823906389e46d60d6b
ix-leg-da6320ec289364e02498,IX 1363,IX1363,AXB,SXR,HYD,accepted,current,true,2,2,new airport pair vs pinned runtime,false,DGCA-AIX-2026-R1511;DGCA-AIX-2026-R1510,p28/physical-row-002/section=Srinagar/printed=24/source-row=DGCA-AIX-2026-R1511/lineage=f3e49035c488b5d69725405cbdbdc8440e04bd49ee9f52febb2b736734bbfb24;p28/physical-row-001/section=Srinagar/printed=23/source-row=DGCA-AIX-2026-R1510/lineage=0e85748d02b4a5a67f2c354456bf20b6998c0d4c45d2cbc72dd18cd2b3bc03e3
ix-leg-df11f1eb6ca04d45ef05,IX 1365,IX1365,AXB,BLR,CCJ,accepted,current,true,5,5,present in pinned runtime (any carrier),false,DGCA-AIX-2026-R1265;DGCA-AIX-2026-R0589;DGCA-AIX-2026-R0587;DGCA-AIX-2026-R0588;DGCA-AIX-2026-R1264,p23/physical-row-034/section=Kozhikode/printed=10/source-row=DGCA-AIX-2026-R1265/lineage=ce1c31bf322077b6d9e4a95877ec17f6e38131f216c4eda7a5e6b697453399df;p11/physical-row-034/section=Bangalore/printed=413/source-row=DGCA-AIX-2026-R0589/lineage=48f1b1e53dd44354375e75a20daa7003ef046e12c3ad290762377d0e814a9d78;p11/physical-row-032/section=Bangalore/printed=411/source-row=DGCA-AIX-2026-R0587/lineage=59ab3715a85f7486819d4ead4c45772df170f39a4074e366d90478cdfd08046b;p11/physical-row-033/section=Bangalore/printed=412/source-row=DGCA-AIX-2026-R0588/lineage=ad21be8cf7f484e00c5b01be440a1fb76d3ef7e00651b66b2ff04cc4382368f5;p23/physical-row-033/section=Kozhikode/printed=9/source-row=DGCA-AIX-2026-R1264/lineage=67359fae649b1167f21f52c9fc50ee947165ab59baeb01be2e962d9f36353132
ix-leg-91498027f4b1d4737f35,IX 1367,IX1367,AXB,BLR,TRV,accepted,current,true,64,64,present in pinned runtime (any carrier),false,DGCA-AIX-2026-R0660;DGCA-AIX-2026-R1643;DGCA-AIX-2026-R1686;DGCA-AIX-2026-R0659;DGCA-AIX-2026-R0658;DGCA-AIX-2026-R1668;DGCA-AIX-2026-R1670;DGCA-AIX-2026-R0657;DGCA-AIX-2026-R1695;DGCA-AIX-2026-R1662;DGCA-AIX-2026-R1642;DGCA-AIX-2026-R1640;DGCA-AIX-2026-R1644;DGCA-AIX-2026-R1684;DGCA-AIX-2026-R1669;DGCA-AIX-2026-R1657;DGCA-AIX-2026-R1672;DGCA-AIX-2026-R1645;DGCA-AIX-2026-R1687;DGCA-AIX-2026-R1673;DGCA-AIX-2026-R1696;DGCA-AIX-2026-R1646;DGCA-AIX-2026-R1664;DGCA-AIX-2026-R1674;DGCA-AIX-2026-R1691;DGCA-AIX-2026-R1647;DGCA-AIX-2026-R1658;DGCA-AIX-2026-R1675;DGCA-AIX-2026-R1648;DGCA-AIX-2026-R1688;DGCA-AIX-2026-R1676;DGCA-AIX-2026-R1697;DGCA-AIX-2026-R1649;DGCA-AIX-2026-R1665;DGCA-AIX-2026-R1677;DGCA-AIX-2026-R1692;DGCA-AIX-2026-R1650;DGCA-AIX-2026-R1659;DGCA-AIX-2026-R1678;DGCA-AIX-2026-R1651;DGCA-AIX-2026-R1689;DGCA-AIX-2026-R1679;DGCA-AIX-2026-R1698;DGCA-AIX-2026-R1652;DGCA-AIX-2026-R1666;DGCA-AIX-2026-R1680;DGCA-AIX-2026-R1693;DGCA-AIX-2026-R1653;DGCA-AIX-2026-R1660;DGCA-AIX-2026-R1681;DGCA-AIX-2026-R1654;DGCA-AIX-2026-R1690;DGCA-AIX-2026-R1682;DGCA-AIX-2026-R1699;DGCA-AIX-2026-R1655;DGCA-AIX-2026-R1667;DGCA-AIX-2026-R1683;DGCA-AIX-2026-R1694;DGCA-AIX-2026-R1656;DGCA-AIX-2026-R1661;DGCA-AIX-2026-R1671;DGCA-AIX-2026-R1663;DGCA-AIX-2026-R1685;DGCA-AIX-2026-R1641,p12/physical-row-047/section=Bangalore/printed=484/source-row=DGCA-AIX-2026-R0660/lineage=197693a8a3bb47e9cccc29be3c88ccf462b81ff11a3c134b5fb60d169661cd95;p30/physical-row-021/section=Trivandrum/printed=114/source-row=DGCA-AIX-2026-R1643/lineage=2371093343c844f1b5c41e498dd487bde2f4eef53b6fbdc0a2e3ce6c9e5a0513;p31/physical-row-006/section=Trivandrum/printed=157/source-row=DGCA-AIX-2026-R1686/lineage=2820560f40c0a5f3943324eb437b27075e6271492a829b3975f0f85dc1dfbea8;p12/physical-row-046/section=Bangalore/printed=483/source-row=DGCA-AIX-2026-R0659/lineage=c0e0f2cbc83879cfde039a0ad12077475f7fed24d030f5b10d039a31b8d77e9c;p12/physical-row-045/section=Bangalore/printed=482/source-row=DGCA-AIX-2026-R0658/lineage=c5ee2dea62ec544153c4ff8a2a161579b5460bab9f94e7687b983e4e330891a6;p30/physical-row-046/section=Trivandrum/printed=139/source-row=DGCA-AIX-2026-R1668/lineage=f41e639be4aeee8df5947c0e80c588ad839a8b3c52fb33989889375da920acfd;p30/physical-row-048/section=Trivandrum/printed=141/source-row=DGCA-AIX-2026-R1670/lineage=c2fa3bdcc3204a8c77d57095eb5b43914fb2ce9ce921dd46ec9a1cb24ed663fd;p12/physical-row-044/section=Bangalore/printed=481/source-row=DGCA-AIX-2026-R0657/lineage=c7c966dabbfbde9ef9408c972fca18846b776be533a793077ffb4aa7acd68038;p31/physical-row-015/section=Trivandrum/printed=166/source-row=DGCA-AIX-2026-R1695/lineage=91b847cd5029aeca4926f5ed5ff7db6690c4f33a6b30c7b88afbf2e33ea94094;p30/physical-row-040/section=Trivandrum/printed=133/source-row=DGCA-AIX-2026-R1662/lineage=ba56a58b2f4d42689e7d07b26255e89b6a1bce27316831a4f0ce5bb404e48483;p30/physical-row-020/section=Trivandrum/printed=113/source-row=DGCA-AIX-2026-R1642/lineage=906d2edbd8fe382862b3a5bc8722fda63a15f55124a4f86c68d30cb25ad834a1;p30/physical-row-018/section=Trivandrum/printed=111/source-row=DGCA-AIX-2026-R1640/lineage=3cc6f86c4dddb3697b561317df08b72f1c2e1a5aeabafc1a9f2582f6b7cad1c0;p30/physical-row-022/section=Trivandrum/printed=115/source-row=DGCA-AIX-2026-R1644/lineage=487d48576b60c18baebfbe7d86730e3b5ba15ace27b73eaab8f19807ad123150;p31/physical-row-004/section=Trivandrum/printed=155/source-row=DGCA-AIX-2026-R1684/lineage=acf8f26c25cfb0bf7e77a8d6efadd67c164edace6a45e81ae1a26343719b801b;p30/physical-row-047/section=Trivandrum/printed=140/source-row=DGCA-AIX-2026-R1669/lineage=9ec02b81315533bfebac93ac1b5414448fd1662222936889136dcad2a2cefd6d;p30/physical-row-035/section=Trivandrum/printed=128/source-row=DGCA-AIX-2026-R1657/lineage=f2384475e9937ef7c5adf041590d833ca8d1eadcb7b84c961f2e5954c5799504;p30/physical-row-050/section=Trivandrum/printed=143/source-row=DGCA-AIX-2026-R1672/lineage=de6e540e4e9b8804b4203960398993bc9b262582193dcfef1595bd8eacfba9e2;p30/physical-row-023/section=Trivandrum/printed=116/source-row=DGCA-AIX-2026-R1645/lineage=e42449bd51325bc7bc34c48e35046a91df7f05e463c34c6d9db45bdc23933679;p31/physical-row-007/section=Trivandrum/printed=158/source-row=DGCA-AIX-2026-R1687/lineage=7489ac3b94c779c7f533866c8dfd017a34fb6a3113cba67c2f21be0b7c01aba1;p30/physical-row-051/section=Trivandrum/printed=144/source-row=DGCA-AIX-2026-R1673/lineage=93bc1c1ebe021fb33e497f388342cbb924b6791a3dc53952da29c2342be8180c;p31/physical-row-016/section=Trivandrum/printed=167/source-row=DGCA-AIX-2026-R1696/lineage=fd48d41495dcfe5b4f1ee6eaf7a8d7bda4f01a84c6b6eec66d9fa6e43d9ea17c;p30/physical-row-024/section=Trivandrum/printed=117/source-row=DGCA-AIX-2026-R1646/lineage=334a04ab261cd283e1f1bd61ef332a9bc6b9302ac01284f7c511dcd12329d29d;p30/physical-row-042/section=Trivandrum/printed=135/source-row=DGCA-AIX-2026-R1664/lineage=b9ff595adc3f0eb9579c75154d2dd5bb2e41412ddfd3c68cdbba6c27d9275ca3;p30/physical-row-052/section=Trivandrum/printed=145/source-row=DGCA-AIX-2026-R1674/lineage=a75c4050f2ed2e2c7029845855c35c18e39dfe0045b4736fa3207e781f38b411;p31/physical-row-011/section=Trivandrum/printed=162/source-row=DGCA-AIX-2026-R1691/lineage=0fd938a6f6c62ba1eab380b8ee0408384cb833a95a7dcf788db68b3011d5757e;p30/physical-row-025/section=Trivandrum/printed=118/source-row=DGCA-AIX-2026-R1647/lineage=43984e8a3e7b98ce81d44b3b55c99aa79dd419dcf0c331d6b7b6582a630d34d5;p30/physical-row-036/section=Trivandrum/printed=129/source-row=DGCA-AIX-2026-R1658/lineage=5a162e539852cab9ae462e4d0903778607d97ab0bba84b83a6882909afc28e4c;p30/physical-row-053/section=Trivandrum/printed=146/source-row=DGCA-AIX-2026-R1675/lineage=77ba1aeb9d755d7d329bf08c754e9762887a3031499a9d911ebfd5948dc623ae;p30/physical-row-026/section=Trivandrum/printed=119/source-row=DGCA-AIX-2026-R1648/lineage=e8746c8f5180ad4f05ecaa70e6a2a81793ff62d1e9f7d3563af4cf28f87d5529;p31/physical-row-008/section=Trivandrum/printed=159/source-row=DGCA-AIX-2026-R1688/lineage=8368d894ab53751ea310f3817423f6c79cf22f4494643b965f243e8a5c8e4157;p30/physical-row-054/section=Trivandrum/printed=147/source-row=DGCA-AIX-2026-R1676/lineage=d8bbace64dc56d10fe809c3ec3b46c778e5a4061071cae3b02aeb497ee1ef241;p31/physical-row-017/section=Trivandrum/printed=168/source-row=DGCA-AIX-2026-R1697/lineage=d1813ef520813439bbfcd636563cfb8b78987bebbffcc6402191e7088e8e0d8d;p30/physical-row-027/section=Trivandrum/printed=120/source-row=DGCA-AIX-2026-R1649/lineage=4547d28d4213dd26a5e76b101b7905c6155803a4209ff918a50694b9da7e04d6;p30/physical-row-043/section=Trivandrum/printed=136/source-row=DGCA-AIX-2026-R1665/lineage=d4a3d77ba921165e3dfb5e03650426299755a5f7eef2772abd1a24e6451c7613;p30/physical-row-055/section=Trivandrum/printed=148/source-row=DGCA-AIX-2026-R1677/lineage=b81c7c23950d415ea5333684e91e729b769dda5e5d45b967561f61fe03b6fd6c;p31/physical-row-012/section=Trivandrum/printed=163/source-row=DGCA-AIX-2026-R1692/lineage=3bbb88e8b531e9b40ff57070712b9d3bfdb0e44a5e306570901c04c4475c8d13;p30/physical-row-028/section=Trivandrum/printed=121/source-row=DGCA-AIX-2026-R1650/lineage=a8033ea3ed27ad62efa4c2f2a19613711978b0e336615e3c4e4fd9e0e6b91cc6;p30/physical-row-037/section=Trivandrum/printed=130/source-row=DGCA-AIX-2026-R1659/lineage=0f1c6b58577c7ea4ec1a4b03dba1d0cde90be095a223d64c1e1eb8d897333495;p30/physical-row-056/section=Trivandrum/printed=149/source-row=DGCA-AIX-2026-R1678/lineage=55f48f99702504bd2db6d0b02d55cb3ca0251da129486183109d2aa112736d89;p30/physical-row-029/section=Trivandrum/printed=122/source-row=DGCA-AIX-2026-R1651/lineage=ff5def1662cfb97176cfa596aefe19c44aabcef52c94afdb64b9e2fda927d342;p31/physical-row-009/section=Trivandrum/printed=160/source-row=DGCA-AIX-2026-R1689/lineage=e00b02c4068e4ec490a2751f709924f664ac68dcb2837f864639dc105678b20d;p30/physical-row-057/section=Trivandrum/printed=150/source-row=DGCA-AIX-2026-R1679/lineage=3eae70f8f8a5ca32ab2047b0495dcdba190f563f20747b63dbe797222f14196b;p31/physical-row-018/section=Trivandrum/printed=169/source-row=DGCA-AIX-2026-R1698/lineage=505d7b9e2653c57a89afcfc6f626abc80486f932a8c02be4ea9257b0be62876c;p30/physical-row-030/section=Trivandrum/printed=123/source-row=DGCA-AIX-2026-R1652/lineage=486f508df62555b01fec01d7902903f2bc35ab619ceed47256eab6f23a0fb0fa;p30/physical-row-044/section=Trivandrum/printed=137/source-row=DGCA-AIX-2026-R1666/lineage=9e1a63ebbd830225c54e3aa2c441e14fcb2eb227911dd430280a42e52f82d486;p30/physical-row-058/section=Trivandrum/printed=151/source-row=DGCA-AIX-2026-R1680/lineage=526801277832c1479b56ba7b136945c0494de903659f0e1e94ddeb21a3a34503;p31/physical-row-013/section=Trivandrum/printed=164/source-row=DGCA-AIX-2026-R1693/lineage=ded8930b60b3312707d5ec0029184fc9723f1647ff6de0dba0f386e788d744af;p30/physical-row-031/section=Trivandrum/printed=124/source-row=DGCA-AIX-2026-R1653/lineage=e0a6776fb555f9ef89ce8ede442e5abab601af03263448fe36862090df67aab4;p30/physical-row-038/section=Trivandrum/printed=131/source-row=DGCA-AIX-2026-R1660/lineage=0d89cc2d18f392c29bd96eec5a069e11eef2fa7c2cbb6931bab99895a82ce86f;p31/physical-row-001/section=Trivandrum/printed=152/source-row=DGCA-AIX-2026-R1681/lineage=2637f5021f951fdef2aed9d38fc64f5340a380d55ff0e0f132c61584514cb343;p30/physical-row-032/section=Trivandrum/printed=125/source-row=DGCA-AIX-2026-R1654/lineage=48aeeb91e5559ba92313b317f6a8109927985c7f61eca0896da52b3fb415b572;p31/physical-row-010/section=Trivandrum/printed=161/source-row=DGCA-AIX-2026-R1690/lineage=0a73508b9302ded655490ae2431f9ccd044c7cdd53f7f5989c84795968baa7a5;p31/physical-row-002/section=Trivandrum/printed=153/source-row=DGCA-AIX-2026-R1682/lineage=ea658e8b80fc8626fa58dc4330c08cc9ba2267e8722e1c1f217a9796275aceeb;p31/physical-row-019/section=Trivandrum/printed=170/source-row=DGCA-AIX-2026-R1699/lineage=fe2b3f7a6ec4543eb7799a28589a65d81fc0ec373954303a37e0a3118a8eae9d;p30/physical-row-033/section=Trivandrum/printed=126/source-row=DGCA-AIX-2026-R1655/lineage=8fa3ea3b075ded22e3e0f0b8918f52e304f9a2f0b2a5bf6080a1d5d83644e20f;p30/physical-row-045/section=Trivandrum/printed=138/source-row=DGCA-AIX-2026-R1667/lineage=1fced008fe6fb44e02b68a61c774c9e23d7ff2a0e97faf7d5d3525f5ffc1dcaa;p31/physical-row-003/section=Trivandrum/printed=154/source-row=DGCA-AIX-2026-R1683/lineage=9732819b3e5af9494ba7473f2bfe851c75eacde165e46f873e5cb2af32cf44b8;p31/physical-row-014/section=Trivandrum/printed=165/source-row=DGCA-AIX-2026-R1694/lineage=b6656e7c26bed0fed95cf591d7699966d993369f85db41cdc3ffabf9dfc58b6e;p30/physical-row-034/section=Trivandrum/printed=127/source-row=DGCA-AIX-2026-R1656/lineage=b05b43f5cb1d003edd302b42a0dcbb27b585c94cd439ed554761d2318ae158d7;p30/physical-row-039/section=Trivandrum/printed=132/source-row=DGCA-AIX-2026-R1661/lineage=14d45603375dde9a03003f6f0461d8a2ed3a081bbff26190ad99907a84a27314;p30/physical-row-049/section=Trivandrum/printed=142/source-row=DGCA-AIX-2026-R1671/lineage=7714083716c83cbd83fe26d6882e17d348486d24f9633c6d42b375cd7739fcfa;p30/physical-row-041/section=Trivandrum/printed=134/source-row=DGCA-AIX-2026-R1663/lineage=fe38c9bbfb09dcac7e51d90302cb7f6eeea370a30863775046eb3f99abc5dc39;p31/physical-row-005/section=Trivandrum/printed=156/source-row=DGCA-AIX-2026-R1685/lineage=0e01f5e96773049d808f330d4110ae84a19067f77574be0aad227b82e4b64921;p30/physical-row-019/section=Trivandrum/printed=112/source-row=DGCA-AIX-2026-R1641/lineage=d81aac43f168cec4b9b8ab863c2744c11b44d12ebfa42ae07267e0e20d468987
ix-leg-95ce26c96da0c3529624,IX 1368,IX1368,AXB,IDR,BLR,accepted,current,true,14,15,new airport pair vs pinned runtime,false,DGCA-AIX-2026-R0620;DGCA-AIX-2026-R1137;DGCA-AIX-2026-R0615;DGCA-AIX-2026-R1135;DGCA-AIX-2026-R0613;DGCA-AIX-2026-R0617;DGCA-AIX-2026-R0616;DGCA-AIX-2026-R0619;DGCA-AIX-2026-R0618;DGCA-AIX-2026-R0614;DGCA-AIX-2026-R1136;DGCA-AIX-2026-R0612;DGCA-AIX-2026-R0611;DGCA-AIX-2026-R1134;DGCA-AIX-2026-R0610,p12/physical-row-007/section=Bangalore/printed=444/source-row=DGCA-AIX-2026-R0620/lineage=4040768ac8a911515ed6d899341d85a570053f039e88afa6fcb0d227fb70262f;p21/physical-row-015/section=Indore/printed=15/source-row=DGCA-AIX-2026-R1137/lineage=f552c9691512fec8b3815bbe6adc87d1748d2b1f0c75d8e51dc44d19891e6e46;p12/physical-row-002/section=Bangalore/printed=439/source-row=DGCA-AIX-2026-R0615/lineage=2f7dcba61f552474d699c201f3d4d148d0176dd995458fc8838400f0f5f0d5a8;p21/physical-row-013/section=Indore/printed=13/source-row=DGCA-AIX-2026-R1135/lineage=695c1a316d48a9809eadbe1075d713d80a97483c264c2837b5a27dac74a9dc56;p11/physical-row-058/section=Bangalore/printed=437/source-row=DGCA-AIX-2026-R0613/lineage=3a75249dbadfab46876f99b4542dbc3fdfadf4342b16f2e402c2c73fb44cb552;p12/physical-row-004/section=Bangalore/printed=441/source-row=DGCA-AIX-2026-R0617/lineage=0de6643329fb4bc52feda53e86de068767fa486a740b01a898b257da0572a34c;p12/physical-row-003/section=Bangalore/printed=440/source-row=DGCA-AIX-2026-R0616/lineage=39fe0b1f0d6992b6f2739f3e802b1394d990d4e6da0e85060c46ddfc44ecc001;p12/physical-row-006/section=Bangalore/printed=443/source-row=DGCA-AIX-2026-R0619/lineage=0a2c0d44adea42f80521ff9b7881b39ade66f0db9face76f6ee86ea556b49e48;p12/physical-row-005/section=Bangalore/printed=442/source-row=DGCA-AIX-2026-R0618/lineage=5981ffc4a97bc42ad20958624d3baf4294eea9a480429dacdb62b820c63a05d9;p12/physical-row-001/section=Bangalore/printed=438/source-row=DGCA-AIX-2026-R0614/lineage=593d3803ea4be24fb3da3058eda8f7b4aa445aa7e022aa39af94163d7a9c803d;p21/physical-row-014/section=Indore/printed=14/source-row=DGCA-AIX-2026-R1136/lineage=bfe1d8a8637bca5b9d437fc5337b53cd706bfa827a883dcf37d343cdbd8e8438;p11/physical-row-057/section=Bangalore/printed=436/source-row=DGCA-AIX-2026-R0612/lineage=7182ba7df3a73e861cd74d0dacf94d205a898860b4dffbcf9c8adf0f42d8efb0;p11/physical-row-056/section=Bangalore/printed=435/source-row=DGCA-AIX-2026-R0611/lineage=a849ee6214b24f1baceda5fcd35e1b62b21d7ef8c3b86d8a4ea844f466a23bfe;p21/physical-row-012/section=Indore/printed=12/source-row=DGCA-AIX-2026-R1134/lineage=2db5c9814a47c1592e14089132c186ba7a6e346b89a4b704ce70e29a90addd46;p11/physical-row-055/section=Bangalore/printed=434/source-row=DGCA-AIX-2026-R0610/lineage=0a83e1697f5281e9a45bc1c41100bfd7ca94f23528d0c4181829d8f42703def5
ix-leg-701558dc242aa5bf6af3,IX 1369,IX1369,AXB,GAU,CCU,accepted,current,true,4,4,present in pinned runtime (any carrier),false,DGCA-AIX-2026-R1251;DGCA-AIX-2026-R1053;DGCA-AIX-2026-R1043;DGCA-AIX-2026-R1250,p23/physical-row-020/section=Kolkata/printed=38/source-row=DGCA-AIX-2026-R1251/lineage=901ede817ab1b1819721ebb325ab0d565b9c0fe15a919cf672c790a5e0e455c9;p19/physical-row-043/section=Guwahati/printed=41/source-row=DGCA-AIX-2026-R1053/lineage=0d406f1f8ee39a5f16814eb583c94700125b192d12df42f569a4b1b76dbc3ce4;p19/physical-row-033/section=Guwahati/printed=31/source-row=DGCA-AIX-2026-R1043/lineage=23dfdd2e871b7e2c08fd45c0d0b53832303189c1269d9a1c2def3198c38a47c2;p23/physical-row-019/section=Kolkata/printed=37/source-row=DGCA-AIX-2026-R1250/lineage=4e71975fc257c1f704b744bf95824752f0ec9c0abe55fa7d4455fc55c0f35b74
ix-leg-6c5d93141a11f8ade549,IX 1369,IX1369,AXB,JAI,GAU,accepted,current,true,2,3,new airport pair vs pinned runtime,false,DGCA-AIX-2026-R1048;DGCA-AIX-2026-R1178;DGCA-AIX-2026-R1177,p19/physical-row-038/section=Guwahati/printed=36/source-row=DGCA-AIX-2026-R1048/lineage=132b4c8585685c5d3d99e982b087f682df57782390023f49a418e18a91bd32e2;p21/physical-row-056/section=Jaipur/printed=39/source-row=DGCA-AIX-2026-R1178/lineage=faf6ada0158f0d38cca69594df45e1e2855bbaa67eff5d840b5827604a5d8a5e;p21/physical-row-055/section=Jaipur/printed=38/source-row=DGCA-AIX-2026-R1177/lineage=9de3f3a6900f22cc23e3f810376df4889a2002c56b7c7825deeab99caab8310e
ix-leg-3701f7af42c3d306669f,IX 1373,IX1373,AXB,VGA,VTZ,accepted,current,true,3,3,new airport pair vs pinned runtime,false,DGCA-AIX-2026-R1718;DGCA-AIX-2026-R1743;DGCA-AIX-2026-R1721,p31/physical-row-038/section=Vijayawada/printed=5/source-row=DGCA-AIX-2026-R1718/lineage=63194392a0bdc838f9a248eb7a2b93f6860e05ca366dfb63d322832e5aaf2ea1;p32/physical-row-008/section=Vizag/printed=19/source-row=DGCA-AIX-2026-R1743/lineage=d10c70df654f65041c81129ef010ca3feb5b99b1078240a444de6df08beb4e72;p31/physical-row-041/section=Vijayawada/printed=8/source-row=DGCA-AIX-2026-R1721/lineage=49afdb1023dc702e4e224fe893fc948588a451361f408c60d132e6b34520dc17
ix-leg-a191e5e1cfb371b03834,IX 1373,IX1373,AXB,VTZ,BLR,accepted,current,true,7,7,new airport pair vs pinned runtime,false,DGCA-AIX-2026-R0713;DGCA-AIX-2026-R1744;DGCA-AIX-2026-R0709;DGCA-AIX-2026-R0711;DGCA-AIX-2026-R0710;DGCA-AIX-2026-R0708;DGCA-AIX-2026-R0707,p13/physical-row-042/section=Bangalore/printed=537/source-row=DGCA-AIX-2026-R0713/lineage=f14d200be3eebb82538a9097a68b25ed125f73f4a14f04dbdcad08c85966362b;p32/physical-row-009/section=Vizag/printed=20/source-row=DGCA-AIX-2026-R1744/lineage=9dace02f861b2f95509c93fa57ee0b8d44081e7090a4319113e3e12105506ee1;p13/physical-row-038/section=Bangalore/printed=533/source-row=DGCA-AIX-2026-R0709/lineage=feb739bee175557406d47a6b84f312a3ce34e3ac9ea4adbfdb463eddec446646;p13/physical-row-040/section=Bangalore/printed=535/source-row=DGCA-AIX-2026-R0711/lineage=e2f864aa66a88efa5d69f7b9f53eb8e35b98417bcdc290c561dc1dc0ca266bbb;p13/physical-row-039/section=Bangalore/printed=534/source-row=DGCA-AIX-2026-R0710/lineage=3a3c9e0ed1bf0de47ed5a9d74de382cc4b4a7de8e7d31875e3db67c32e3780ba;p13/physical-row-037/section=Bangalore/printed=532/source-row=DGCA-AIX-2026-R0708/lineage=c5134507ad6f5a875df93a0994b38da4149a6657d4af700aa1faec20a53a8ea9;p13/physical-row-036/section=Bangalore/printed=531/source-row=DGCA-AIX-2026-R0707/lineage=9399b2a6c55fd7f7d608b5ed691628e1f95101d6470cd08193bae716709f93c3
ix-leg-ef616141bf3c111e3794,IX 1378,IX1378,AXB,HYD,BLR,accepted,current,true,3,3,present in pinned runtime (any carrier),false,DGCA-AIX-2026-R0686;DGCA-AIX-2026-R1109;DGCA-AIX-2026-R0685,p13/physical-row-015/section=Bangalore/printed=510/source-row=DGCA-AIX-2026-R0686/lineage=08b4f6142ccc5b86e7895f3fa40f39b76faaaea5e91898ce787fcfacf2b2255d;p20/physical-row-044/section=Hyderabad/printed=48/source-row=DGCA-AIX-2026-R1109/lineage=ca5b39bb1d43750a180d18e9c16f6db713eed19980256012ddcfb2a592db45fb;p13/physical-row-014/section=Bangalore/printed=509/source-row=DGCA-AIX-2026-R0685/lineage=6340b8cc9a13a34676524e3dac18dcdfbc545704721207ec3098b09a785729b8
ix-leg-a6d31734c452fee7527e,IX 1379,IX1379,AXB,NAG,BLR,accepted,current,true,3,3,new airport pair vs pinned runtime,false,DGCA-AIX-2026-R0695;DGCA-AIX-2026-R1396;DGCA-AIX-2026-R0694,p13/physical-row-024/section=Bangalore/printed=519/source-row=DGCA-AIX-2026-R0695/lineage=98e6510cd8ee72c507e17b680d67f99a9fd120a383030979ec582b28b699c4b2;p25/physical-row-054/section=Nagpur/printed=4/source-row=DGCA-AIX-2026-R1396/lineage=4fd7b500393477f48c5d45bdb703da43e7588e39c865f14f54c8e670eb043ead;p13/physical-row-023/section=Bangalore/printed=518/source-row=DGCA-AIX-2026-R0694/lineage=8986c7baf5e60cb7c4a513d28dd57d05fd60ab90edd56523b4fb74c7f57f2b29
ix-leg-4ffcf161215f4fd97f7e,IX 1380,IX1380,AXB,VGA,HYD,accepted,current,true,2,4,present in pinned runtime (any carrier),false,DGCA-AIX-2026-R1111;DGCA-AIX-2026-R1723;DGCA-AIX-2026-R1112;DGCA-AIX-2026-R1724,p20/physical-row-046/section=Hyderabad/printed=50/source-row=DGCA-AIX-2026-R1111/lineage=fc3fd8abba71bf84d8f2696efd78fa8ddd7d0ef9c1144012ab7e86976abae1a5;p31/physical-row-043/section=Vijayawada/printed=10/source-row=DGCA-AIX-2026-R1723/lineage=4f80f65d207734b8c54ebc359c8f998c10ca84e7b613ac122961b2976bfd2e6c;p20/physical-row-047/section=Hyderabad/printed=51/source-row=DGCA-AIX-2026-R1112/lineage=b4abdb0f11e397f194fb58fb2db07c25c6ff10b5b4297b3f4a4d678e5afc09a7;p31/physical-row-044/section=Vijayawada/printed=11/source-row=DGCA-AIX-2026-R1724/lineage=84cdd5259660fb054d085e0ddd6ce73b2e628192d773daf1610cb58f62baa01d
ix-leg-d51c4028ae1777045b26,IX 1382,IX1382,AXB,CCU,BLR,accepted,current,true,4,4,present in pinned runtime (any carrier),false,DGCA-AIX-2026-R1252;DGCA-AIX-2026-R0184;DGCA-AIX-2026-R0187;DGCA-AIX-2026-R0185,p23/physical-row-021/section=Kolkata/printed=39/source-row=DGCA-AIX-2026-R1252/lineage=a7e112220545ad24bf2d27cffc0724d72cc5586f8271b7018b18b828bb56c5ac;p04/physical-row-034/section=Bangalore/printed=8/source-row=DGCA-AIX-2026-R0184/lineage=4ffe2300fa34ee967e9da7892057b3d245ad422fcf6094962ff885640cfae465;p04/physical-row-037/section=Bangalore/printed=11/source-row=DGCA-AIX-2026-R0187/lineage=b95f2b9133b0258af584e462152b594b1229983495cd2ec055fdb95f21f00f0f;p04/physical-row-035/section=Bangalore/printed=9/source-row=DGCA-AIX-2026-R0185/lineage=1cac3ef06373bf424c78420f28aa8406efcba9295e7cc1f4a56da932048354f8
ix-leg-a78bd51d7dfc596c31ee,IX 1383,IX1383,AXB,GOI,BLR,accepted,current,true,4,4,present in pinned runtime (any carrier),false,DGCA-AIX-2026-R0259;DGCA-AIX-2026-R0955;DGCA-AIX-2026-R0258;DGCA-AIX-2026-R0257,p05/physical-row-052/section=Bangalore/printed=83/source-row=DGCA-AIX-2026-R0259/lineage=9fc92225cc5df74310b6beb758c12a0a24ae0bff1da09c0d2f00e10926a6e8b7;p18/physical-row-001/section=Goa/printed=1/source-row=DGCA-AIX-2026-R0955/lineage=019d08c615dce054b83f8154afb8d5ca166e726be3c8ec2f03ae0081954ab108;p05/physical-row-051/section=Bangalore/printed=82/source-row=DGCA-AIX-2026-R0258/lineage=7e28f442d3d0ea3d49ef763fee32be01e4e89509a5add70d95aa0f3e01272ca3;p05/physical-row-050/section=Bangalore/printed=81/source-row=DGCA-AIX-2026-R0257/lineage=45d9622fe7b153dc9bbc5f03d3ddccb718f22f56e959ee2cee7d9edb9ba51958
ix-leg-fa986c72ee94cc8988f0,IX 1385,IX1385,AXB,BLR,SXR,accepted,current,true,3,3,new airport pair vs pinned runtime,false,DGCA-AIX-2026-R1505;DGCA-AIX-2026-R0431;DGCA-AIX-2026-R1504,p27/physical-row-052/section=Srinagar/printed=18/source-row=DGCA-AIX-2026-R1505/lineage=195c68e70c7eba2b6a8bc5b9e4299b8991eaffc784c5c65755a2a58acb5f9105;p08/physical-row-050/section=Bangalore/printed=255/source-row=DGCA-AIX-2026-R0431/lineage=12f381bc4d1d1ec29296e8765d7b3bd959d5eee58bf2eb0fc0cadf18ccfecccc;p27/physical-row-051/section=Srinagar/printed=17/source-row=DGCA-AIX-2026-R1504/lineage=243e9a92f77916fd78531ee22cb51f48df5347a43c1e26c16a5940c7ff227f39
ix-leg-f37471cd42403c811c89,IX 1386,IX1386,AXB,BLR,GOI,accepted,current,true,9,10,present in pinned runtime (any carrier),false,DGCA-AIX-2026-R0491;DGCA-AIX-2026-R0963;DGCA-AIX-2026-R0485;DGCA-AIX-2026-R0964;DGCA-AIX-2026-R0483;DGCA-AIX-2026-R0486;DGCA-AIX-2026-R0487;DGCA-AIX-2026-R0965;DGCA-AIX-2026-R0484;DGCA-AIX-2026-R0482,p09/physical-row-052/section=Bangalore/printed=315/source-row=DGCA-AIX-2026-R0491/lineage=4f317fbe35d830938d9ff372377ab1bcb2213e77da6b662638dfec183980a278;p18/physical-row-009/section=Goa/printed=9/source-row=DGCA-AIX-2026-R0963/lineage=5e5d0e88452e876444209d946df561d2734631fc3426f5f3fd83880e1c8f366e;p09/physical-row-046/section=Bangalore/printed=309/source-row=DGCA-AIX-2026-R0485/lineage=f6ff7422cf642c07d798e3cc9f8eda67db765b0ccfe71782cf5277ac238a5ee7;p18/physical-row-010/section=Goa/printed=10/source-row=DGCA-AIX-2026-R0964/lineage=72c2ea430544b00a3567c205198a3712046cf4b1cce18b0cc80619ed847d9319;p09/physical-row-044/section=Bangalore/printed=307/source-row=DGCA-AIX-2026-R0483/lineage=e3fd2ca86e80575b1f751310fd48728e2388f64dd40d555d239af8d723fb0069;p09/physical-row-047/section=Bangalore/printed=310/source-row=DGCA-AIX-2026-R0486/lineage=9e4a307e8f24c3603af6e29e8a8dab3cb54d0010d767089183e661a49875adf8;p09/physical-row-048/section=Bangalore/printed=311/source-row=DGCA-AIX-2026-R0487/lineage=0cb4043d6c802aaf94cd181af2866bea1523b878431d254a452fd9f03addf40a;p18/physical-row-011/section=Goa/printed=11/source-row=DGCA-AIX-2026-R0965/lineage=a30083c22c1143102a6e301572345f941cf007d4c555052158efa0892bed1833;p09/physical-row-045/section=Bangalore/printed=308/source-row=DGCA-AIX-2026-R0484/lineage=d45c9adfce98653dc7c44a99fc0da0cf25470fcad139a9dbd7ece1547910e710;p09/physical-row-043/section=Bangalore/printed=306/source-row=DGCA-AIX-2026-R0482/lineage=a4e32deec183b7d738a1e8185ef45ee3e331fac21174f0cb02d5ba9e828f5e49
ix-leg-48b5f9c50a136e84aa07,IX 1387,IX1387,AXB,GOI,BLR,expired,expired-only,false,2,2,present in pinned runtime (any carrier),false,DGCA-AIX-2026-R0531;DGCA-AIX-2026-R0532,p10/physical-row-034/section=Bangalore/printed=355/source-row=DGCA-AIX-2026-R0531/lineage=1284387aa04a5d72c71d644fc41bbb8a3e66d1ba1e6d1218b369ccb0fa4af215;p10/physical-row-035/section=Bangalore/printed=356/source-row=DGCA-AIX-2026-R0532/lineage=1096cb68725b84c9de094e3850979c4d553545c77882c55b763ae7f2b28e4ca4
ix-leg-149e6c48664350dc0611,IX 1390,IX1390,AXB,DEL,IXJ,accepted,current,true,1,1,present in pinned runtime (any carrier),false,DGCA-AIX-2026-R1192,p22/physical-row-014/section=Jammu/printed=5/source-row=DGCA-AIX-2026-R1192/lineage=a9a1cb8767063ce25e719593aebbab2e960c609b10c5a5bfee966250c42863a8
ix-leg-e585544de4cdd2b8306f,IX 1390,IX1390,AXB,DEL,SXR,accepted,current,true,1,1,present in pinned runtime (any carrier),false,DGCA-AIX-2026-R0850,p16/physical-row-010/section=Delhi/printed=84/source-row=DGCA-AIX-2026-R0850/lineage=62ffeb7a874731e562865a18b73c2d67a4b02baa69354001400b22abd6f077d4
ix-leg-4606c86c6252b277b400,IX 1390,IX1390,AXB,PAT,DEL,accepted,current,true,3,3,present in pinned runtime (any carrier),false,DGCA-AIX-2026-R1422;DGCA-AIX-2026-R0843;DGCA-AIX-2026-R1423,p26/physical-row-024/section=Patna/printed=10/source-row=DGCA-AIX-2026-R1422/lineage=9dfeb77047231020712e03f3ad3100dea7fed81d7ce11d602096ce0d3f01974a;p16/physical-row-003/section=Delhi/printed=77/source-row=DGCA-AIX-2026-R0843/lineage=edf32a2f7d9ce93f2278855f8a1e5e72263b985a8da32b8719a1bfd7a0d6caf9;p26/physical-row-025/section=Patna/printed=11/source-row=DGCA-AIX-2026-R1423/lineage=9b34092983a192329d4fdbc1c6cd6959abda3dce1f207a63e35c332b0c2c8bb0
ix-leg-5329c284af1eb6b6aacc,IX 1391,IX1391,AXB,IXJ,DEL,accepted,current,true,2,2,present in pinned runtime (any carrier),false,DGCA-AIX-2026-R1193;DGCA-AIX-2026-R0890,p22/physical-row-015/section=Jammu/printed=6/source-row=DGCA-AIX-2026-R1193/lineage=f44110f727e9b532a51f19fef550dd9f8c072035fac361f035932b05ccd51758;p16/physical-row-050/section=Delhi/printed=124/source-row=DGCA-AIX-2026-R0890/lineage=9bb667bc35da43faf0675e24224f03e4e74cb85a914a4e81391a3c2ea824462a
ix-leg-dab95dd257fae137ffea,IX 1391,IX1391,AXB,SXR,DEL,accepted,current,true,1,1,present in pinned runtime (any carrier),false,DGCA-AIX-2026-R0889,p16/physical-row-049/section=Delhi/printed=123/source-row=DGCA-AIX-2026-R0889/lineage=c73ac12472475250475a95466777ae1cae1208be956856d700cfe56397cf6714
ix-leg-0fb1ca8a8606dd0b79a7,IX 1392,IX1392,AXB,DEL,LKO,accepted,current,true,2,2,present in pinned runtime (any carrier),false,DGCA-AIX-2026-R0923;DGCA-AIX-2026-R1266,p17/physical-row-025/section=Delhi/printed=157/source-row=DGCA-AIX-2026-R0923/lineage=7f4d01fa90b354210eaddae6209d3bb70f9b9dc42a954fffb1506eb75a9df961;p23/physical-row-035/section=Lucknow/printed=1/source-row=DGCA-AIX-2026-R1266/lineage=0fad5eabbe8f1bbfbfbd29fd9939840095435ec2eb63f5ce78024bf30351f93d
ix-leg-cf43ad946f5a31c57d2f,IX 1392,IX1392,AXB,STV,DEL,accepted,current,true,1,2,new airport pair vs pinned runtime,false,DGCA-AIX-2026-R0824;DGCA-AIX-2026-R1514,p15/physical-row-042/section=Delhi/printed=58/source-row=DGCA-AIX-2026-R0824/lineage=0417f7cf084ac73db4077413f83827f0c27248e7a8f94bd599a9169fd1ae67b5;p28/physical-row-005/section=Surat/printed=3/source-row=DGCA-AIX-2026-R1514/lineage=53f286d729b28be3411daeb5f5695891473ff50b3ae4b1228e2e38eccf181e62
ix-leg-b0fcd6a91262caffce70,IX 1393,IX1393,AXB,DEL,STV,accepted,current,true,3,3,new airport pair vs pinned runtime,false,DGCA-AIX-2026-R1527;DGCA-AIX-2026-R0907;DGCA-AIX-2026-R1526,p28/physical-row-018/section=Surat/printed=16/source-row=DGCA-AIX-2026-R1527/lineage=42a5b5843610dac2bb96517271a3208aba052de59694326d23cc0837ea64d01e;p17/physical-row-009/section=Delhi/printed=141/source-row=DGCA-AIX-2026-R0907/lineage=a426d646406b7c135dcc2d78251173812a368bbf04b597423cc77a75ba3c67df;p28/physical-row-017/section=Surat/printed=15/source-row=DGCA-AIX-2026-R1526/lineage=b7c0e8440f45c16dfb90c6432bd0723e651e2ed700df6a6d050431acbaed4853
ix-leg-3ab71a733fc8b7657b97,IX 1394,IX1394,AXB,VGA,HYD,accepted,current,true,1,2,present in pinned runtime (any carrier),false,DGCA-AIX-2026-R1085;DGCA-AIX-2026-R1715,p20/physical-row-020/section=Hyderabad/printed=24/source-row=DGCA-AIX-2026-R1085/lineage=0c729bb1c428a2c9845bf337b22c4f0d178f7ac0aa601b2a3fe911fa1d35f6ad;p31/physical-row-035/section=Vijayawada/printed=2/source-row=DGCA-AIX-2026-R1715/lineage=e291709bb89cb2405fca0e422171941f879a7dd729e925f8b22630bda95ef6b6
ix-leg-3eebf78603a0bc4b218b,IX 1396,IX1396,AXB,SXR,DEL,accepted,current,true,3,3,present in pinned runtime (any carrier),false,DGCA-AIX-2026-R1502;DGCA-AIX-2026-R0858;DGCA-AIX-2026-R1503,p27/physical-row-049/section=Srinagar/printed=15/source-row=DGCA-AIX-2026-R1502/lineage=7342192274cea022e92b994a320ee0bb75686f5ade09b18ee47532a9e91527f3;p16/physical-row-018/section=Delhi/printed=92/source-row=DGCA-AIX-2026-R0858/lineage=1dc59d38e9e4e77b2376467895d4dcb3d4aa2c6c34bd827a74d4462b496148cc;p27/physical-row-050/section=Srinagar/printed=16/source-row=DGCA-AIX-2026-R1503/lineage=56b2d31ea807602eeb34403c27b43becb356ea92685ef465722aeec16a19e7ea
ix-leg-033ee97a60eee28872d2,IX 1403,IX1403,AXB,BLR,IXB,accepted,current,true,1,1,new airport pair vs pinned runtime,false,DGCA-AIX-2026-R0161,p04/physical-row-011/section=Bagdogra/printed=28/source-row=DGCA-AIX-2026-R0161/lineage=4fc7427ed77972b51e066b1c2f4abc6f8b0ff1ffed5568949296bdbb548f74d6
ix-leg-2ce69d9e9fbda3491360,IX 1405,IX1405,AXB,BLR,LKO,accepted,current,true,2,2,new airport pair vs pinned runtime,false,DGCA-AIX-2026-R0347;DGCA-AIX-2026-R1273,p07/physical-row-024/section=Bangalore/printed=171/source-row=DGCA-AIX-2026-R0347/lineage=8efa16a7a83e31d16dbc117765f96784d41792df72bfcadefc179b5fbf292c53;p23/physical-row-042/section=Lucknow/printed=8/source-row=DGCA-AIX-2026-R1273/lineage=bf7d1738c64bb4a5b7b8d644cfdf07c9c86f3d972cc01740f2cc2d292f311cf3
ix-leg-31f40465b45b96014dbb,IX 1406,IX1406,AXB,LKO,BLR,accepted,current,true,1,2,new airport pair vs pinned runtime,false,DGCA-AIX-2026-R0523;DGCA-AIX-2026-R1279,p10/physical-row-026/section=Bangalore/printed=347/source-row=DGCA-AIX-2026-R0523/lineage=d89bdf89003f57c2fd81012f239a41fca4f8325ab348d064cbb270e6ce75357e;p23/physical-row-048/section=Lucknow/printed=14/source-row=DGCA-AIX-2026-R1279/lineage=f345e1585eb547df25e13436bcb9c68bf16d82e943a2aac238e5473f3e5de557
ix-leg-d3a032e890e8ad3fafc6,IX 1407,IX1407,AXB,BLR,IXB,accepted,current,true,8,8,new airport pair vs pinned runtime,false,DGCA-AIX-2026-R0542;DGCA-AIX-2026-R0162;DGCA-AIX-2026-R0489;DGCA-AIX-2026-R0541;DGCA-AIX-2026-R0543;DGCA-AIX-2026-R0540;DGCA-AIX-2026-R0544;DGCA-AIX-2026-R0490,p10/physical-row-045/section=Bangalore/printed=366/source-row=DGCA-AIX-2026-R0542/lineage=e83336dad21f1253f5b18e23e96a8e32f5b0b4e85ab81e21e37e6cae6b3585b1;p04/physical-row-012/section=Bagdogra/printed=29/source-row=DGCA-AIX-2026-R0162/lineage=ece72c288f4276d54e2287e7a659bcf630007c6b3f9840717432e27f1df33412;p09/physical-row-050/section=Bangalore/printed=313/source-row=DGCA-AIX-2026-R0489/lineage=30634b0ab246577f341463a720df41bedbdbbf7bbd4238c76026e85dd9a33713;p10/physical-row-044/section=Bangalore/printed=365/source-row=DGCA-AIX-2026-R0541/lineage=a5744d48e6c214ed2fd7f7bf33050290e369e1c1760565de0878f89a45b14ee9;p10/physical-row-046/section=Bangalore/printed=367/source-row=DGCA-AIX-2026-R0543/lineage=de1e5939ea3d98e90aa238eb23e4ea96222a41bf4bddb5343d6e41615b9d3f79;p10/physical-row-043/section=Bangalore/printed=364/source-row=DGCA-AIX-2026-R0540/lineage=c6cb8444040f725b2337ad703261502b15ee026ea301c49d75bfb41a21c2e373;p10/physical-row-047/section=Bangalore/printed=368/source-row=DGCA-AIX-2026-R0544/lineage=296d4cf0f1b8fd588e90e14399910be32f08c55107667cadca4a7cb9bba2bec2;p09/physical-row-051/section=Bangalore/printed=314/source-row=DGCA-AIX-2026-R0490/lineage=3193c400b5ac1a2b39c5dfca7ce3e2c22517179132896d60ff8fbfd43de9fac6
ix-leg-b7e198e13c63a6c613bf,IX 1408,IX1408,AXB,IXB,BLR,accepted,current,true,3,4,new airport pair vs pinned runtime,false,DGCA-AIX-2026-R0661;DGCA-AIX-2026-R0163;DGCA-AIX-2026-R0164;DGCA-AIX-2026-R0679,p12/physical-row-048/section=Bangalore/printed=485/source-row=DGCA-AIX-2026-R0661/lineage=07921989d2d00c4517b2e048dddd28a528b30b607d543b4590042ce0ccd31d8d;p04/physical-row-013/section=Bagdogra/printed=30/source-row=DGCA-AIX-2026-R0163/lineage=f367d7f64979232ca79b2f5dff49b7ae03b6c1f5dae8a19ed4945bcebf82956f;p04/physical-row-014/section=Bagdogra/printed=31/source-row=DGCA-AIX-2026-R0164/lineage=102cabe535feda5a8db5ba755f14ee320bdd6b8dc393e60bfbffa01af16ccb52;p13/physical-row-008/section=Bangalore/printed=503/source-row=DGCA-AIX-2026-R0679/lineage=dac75c8eaf1d5596a59dfaee54ed2a2a7f4d165cccb714efe1012d59a69b99c0
ix-leg-20195107a0a8a6d9de2a,IX 1461,IX1461,AXB,DEL,IMF,accepted,current,true,1,2,new airport pair vs pinned runtime,false,DGCA-AIX-2026-R0784;DGCA-AIX-2026-R1113,p15/physical-row-002/section=Delhi/printed=18/source-row=DGCA-AIX-2026-R0784/lineage=6d42c88a74cd94cf164c02b9b27ca4f5dc2b6f1c06e0a7b29d87a7328b7e6ba2;p20/physical-row-048/section=Imphal/printed=1/source-row=DGCA-AIX-2026-R1113/lineage=395c12895f6f2ecc870700e40609a178c3816c24a8472c55b567367cf52f0a3d
ix-leg-47383eb43dfcbc85d160,IX 1461,IX1461,AXB,IMF,GAU,accepted,current,true,1,1,present in pinned runtime (any carrier),false,DGCA-AIX-2026-R1122,p20/physical-row-057/section=Imphal/printed=10/source-row=DGCA-AIX-2026-R1122/lineage=63e4f80d976eede370f7ae7d2b7697e69c54421e17cdca93c88f2ac59d2d1f71
ix-leg-686382d744aeec735ea0,IX 1462,IX1462,AXB,IMF,DEL,accepted,current,true,1,2,new airport pair vs pinned runtime,false,DGCA-AIX-2026-R0833;DGCA-AIX-2026-R1120,p15/physical-row-051/section=Delhi/printed=67/source-row=DGCA-AIX-2026-R0833/lineage=5ba47b4d1690fc42d1ccf93028942faf46a70df275aff8cf7cd686c45cd9da05;p20/physical-row-055/section=Imphal/printed=8/source-row=DGCA-AIX-2026-R1120/lineage=7a0b86eb596f9814812e397fac43d3514c4d6954dd1b551f40ae30135f69b2fb
ix-leg-a2b1636bf0be7e08a52a,IX 1463,IX1463,AXB,DEL,NMI,accepted,current,true,3,3,new airport pair vs pinned runtime,false,DGCA-AIX-2026-R0787;DGCA-AIX-2026-R1404;DGCA-AIX-2026-R0788,p15/physical-row-005/section=Delhi/printed=21/source-row=DGCA-AIX-2026-R0787/lineage=52482af97529f91c4e60229be368fe7bac0dcb5cb00cc3d999633dd266f4331c;p26/physical-row-006/section=Navi Mumbai/printed=8/source-row=DGCA-AIX-2026-R1404/lineage=1f80e2b1e19f346a26abb5603f28481ad17b0aa72da7beec803cd887fc4b3a9d;p15/physical-row-006/section=Delhi/printed=22/source-row=DGCA-AIX-2026-R0788/lineage=2f535ffe88f8f17bf48a922b6fc4913182c9ce4dce8f8c3395182380272b9e3c
ix-leg-d7b77b4453fadb87b87d,IX 1464,IX1464,AXB,NMI,DEL,accepted,current,true,1,2,new airport pair vs pinned runtime,false,DGCA-AIX-2026-R0819;DGCA-AIX-2026-R1407,p15/physical-row-037/section=Delhi/printed=53/source-row=DGCA-AIX-2026-R0819/lineage=fa67af74b7756c698c776c16c5534984f3c71186df7e1305e23dbc1c14bd6f2a;p26/physical-row-009/section=Navi Mumbai/printed=11/source-row=DGCA-AIX-2026-R1407/lineage=0d2575384c03e38ee52512f3908054c91faa81a7e53a60d2047c54b8632798b2
ix-leg-525e6fdbf8b01ac526fe,IX 1465,IX1465,AXB,DEL,BOM,accepted,current,true,1,2,present in pinned runtime (any carrier),false,DGCA-AIX-2026-R0875;DGCA-AIX-2026-R1385,p16/physical-row-035/section=Delhi/printed=109/source-row=DGCA-AIX-2026-R0875/lineage=c7f0abd585d66df8621c060ec4b8ad67b6f03d6c963c88c362abcc1859eddd70;p25/physical-row-043/section=Mumbai/printed=50/source-row=DGCA-AIX-2026-R1385/lineage=9aacc4663c0525689c08a15a627dc5ca3f2347c4f4e11021678d1f83a0dfc35b
ix-leg-e3de2e237468a9d775e0,IX 1467,IX1467,AXB,AMD,BLR,accepted,current,true,3,3,present in pinned runtime (any carrier),false,DGCA-AIX-2026-R0119;DGCA-AIX-2026-R0120;DGCA-AIX-2026-R0249,p03/physical-row-023/section=Ahmedabad/printed=1/source-row=DGCA-AIX-2026-R0119/lineage=5c7b74fc166a1dffd89941994178d1967cfe2e6516e9498ec1b5f687b5c4e897;p03/physical-row-024/section=Ahmedabad/printed=2/source-row=DGCA-AIX-2026-R0120/lineage=b63d3760aa6127ebbfecb7b8ef627bebf8322bd0d539dbd89691366e1db4c545;p05/physical-row-042/section=Bangalore/printed=73/source-row=DGCA-AIX-2026-R0249/lineage=0a54ef8117c37120004a70188907a98bceb74fed92946f63fa9c2f787c2000cb
ix-leg-2baa48478909477b0a61,IX 1470,IX1470,AXB,BLR,VNS,accepted,current,true,3,3,new airport pair vs pinned runtime,false,DGCA-AIX-2026-R1704;DGCA-AIX-2026-R0218;DGCA-AIX-2026-R0214,p31/physical-row-024/section=Varanasi/printed=5/source-row=DGCA-AIX-2026-R1704/lineage=b3a1fa473e4d0a725c274ec0780d54e8ab7c11ad371ea9a5ceb9bed9863d0ae4;p05/physical-row-011/section=Bangalore/printed=42/source-row=DGCA-AIX-2026-R0218/lineage=37c815aca24e783069766d0e7e17be2028bf8b3681cc4da8e36e6ff268bfd42a;p05/physical-row-007/section=Bangalore/printed=38/source-row=DGCA-AIX-2026-R0214/lineage=fa09621a07877b442f56344f7b417c62b729ceb8b7a2510ba91d58dfa4e2b563
ix-leg-63e37b251523f863bf4c,IX 1472,IX1472,AXB,BLR,MAA,accepted,current,true,3,3,present in pinned runtime (any carrier),false,DGCA-AIX-2026-R0225;DGCA-AIX-2026-R0226;DGCA-AIX-2026-R0740,p05/physical-row-018/section=Bangalore/printed=49/source-row=DGCA-AIX-2026-R0225/lineage=db2ffdf1853c71d93f56722bc681ab135638b67f184d914418ec1373442b053b;p05/physical-row-019/section=Bangalore/printed=50/source-row=DGCA-AIX-2026-R0226/lineage=5ba2daa6c7e2882008102a973eee03cb6eb0bf1a86a8537fa1961597eac48f1c;p14/physical-row-012/section=Chennai/printed=5/source-row=DGCA-AIX-2026-R0740/lineage=a3690d0d6b4a78d3fcfb6c0399a1826ffd952ca605784ddfde53723abc1585ac
ix-leg-1c6e40162dadbee97883,IX 1475,IX1475,AXB,CCJ,BLR,accepted,current,true,4,4,present in pinned runtime (any carrier),false,DGCA-AIX-2026-R1256;DGCA-AIX-2026-R0251;DGCA-AIX-2026-R1257;DGCA-AIX-2026-R0250,p23/physical-row-025/section=Kozhikode/printed=1/source-row=DGCA-AIX-2026-R1256/lineage=fc77dfbdcdb3bb4d74b7c817c309bc8998a96a042ddc7e2c5e16aa4ba92b0130;p05/physical-row-044/section=Bangalore/printed=75/source-row=DGCA-AIX-2026-R0251/lineage=2c8085d09f55f54fa5c51b1cd30d739b9e5c25b0cce69a3685a437ce3010f581;p23/physical-row-026/section=Kozhikode/printed=2/source-row=DGCA-AIX-2026-R1257/lineage=004ed9907c86a32dd78974ede6156632715004d6b677086cff5e324418640745;p05/physical-row-043/section=Bangalore/printed=74/source-row=DGCA-AIX-2026-R0250/lineage=5ad9f603b72ff8880b0e72c3693db30c91c475b645f11aa8bd972be3798b85ba
ix-leg-fec4f9ec713bdddaa624,IX 1480,IX1480,AXB,BLR,LKO,accepted,current,true,3,3,new airport pair vs pinned runtime,false,DGCA-AIX-2026-R0338;DGCA-AIX-2026-R0339;DGCA-AIX-2026-R1272,p07/physical-row-015/section=Bangalore/printed=162/source-row=DGCA-AIX-2026-R0338/lineage=33cabbec6af57b1ac198da20159fc1fcc5e735e650ecd557c4c942b1a5322232;p07/physical-row-016/section=Bangalore/printed=163/source-row=DGCA-AIX-2026-R0339/lineage=7f1133fb505afee3108cf5e19643e6f67bbe46d8344213dbd149e70986760d99;p23/physical-row-041/section=Lucknow/printed=7/source-row=DGCA-AIX-2026-R1272/lineage=3634564a652badc0dac0b4a7b6358580267422fd073d14fcf860284424bac1e4
ix-leg-54b2771120c80cd975ef,IX 1482,IX1482,AXB,BLR,NAG,accepted,current,true,1,1,new airport pair vs pinned runtime,false,DGCA-AIX-2026-R1393,p25/physical-row-051/section=Nagpur/printed=1/source-row=DGCA-AIX-2026-R1393/lineage=9f7ba0136bb8609540028a7d493f42aaca3da9105b39e65fa32e2473a3a6eaf6
ix-leg-5cd977dd1f47f1b58333,IX 1483,IX1483,AXB,BOM,DEL,accepted,current,true,2,2,present in pinned runtime (any carrier),false,DGCA-AIX-2026-R1370;DGCA-AIX-2026-R0856,p25/physical-row-028/section=Mumbai/printed=35/source-row=DGCA-AIX-2026-R1370/lineage=8ed37f1bdcfa321d796b4f7792673bef14c3d76d70d9cb816c0160ec6afe63cd;p16/physical-row-016/section=Delhi/printed=90/source-row=DGCA-AIX-2026-R0856/lineage=3b3543c3debf18485ca456f7ddb93c27fd8d92ba2538da747eb0ccf3ee406811
ix-leg-9a313de80bcbdaf2fd5b,IX 1486,IX1486,AXB,BLR,BBI,accepted,current,true,3,3,present in pinned runtime (any carrier),false,DGCA-AIX-2026-R0303;DGCA-AIX-2026-R0718;DGCA-AIX-2026-R0302,p06/physical-row-038/section=Bangalore/printed=127/source-row=DGCA-AIX-2026-R0303/lineage=a3de863d22cc00a4d272fea8239940c6d3325122d566ddbdd05fdae4fef3a66f;p13/physical-row-047/section=Bhubneshwar/printed=5/source-row=DGCA-AIX-2026-R0718/lineage=b731fbd5292480c3bb1bfa0e7c4b18b6f20679cd850215640b244b55a1ca23d0;p06/physical-row-037/section=Bangalore/printed=126/source-row=DGCA-AIX-2026-R0302/lineage=49a60148959e039a11fede8591a11c5d1f861b6108e4ed99ff15bf687900ae74
ix-leg-e09fe8aa234cf81a2b9b,IX 1487,IX1487,AXB,MAA,BLR,accepted,current,true,1,2,present in pinned runtime (any carrier),false,DGCA-AIX-2026-R0344;DGCA-AIX-2026-R0742,p07/physical-row-021/section=Bangalore/printed=168/source-row=DGCA-AIX-2026-R0344/lineage=7396ac032bc16ebcd8e3ad673f405fed9462fccf7edcd255c6951d0955447afb;p14/physical-row-014/section=Chennai/printed=7/source-row=DGCA-AIX-2026-R0742/lineage=9d58bbc80e8e9a35741c5b0eb3e275b660a85b36adf3e864107bad30f9f7f3a6
ix-leg-537b3c61a1fa4269dc4d,IX 1489,IX1489,AXB,BLR,CCJ,accepted,current,true,5,5,present in pinned runtime (any carrier),false,DGCA-AIX-2026-R1258;DGCA-AIX-2026-R0305;DGCA-AIX-2026-R1260;DGCA-AIX-2026-R1259;DGCA-AIX-2026-R0304,p23/physical-row-027/section=Kozhikode/printed=3/source-row=DGCA-AIX-2026-R1258/lineage=0a3190445c5ab6e9a3ff62566f706e895223528a4fcde284a710cb6d56fb0a9b;p06/physical-row-040/section=Bangalore/printed=129/source-row=DGCA-AIX-2026-R0305/lineage=7bb78f8ebe36224f9d60a512437cdbe4b36e1c4f0c19f298fa731e437d799ee2;p23/physical-row-029/section=Kozhikode/printed=5/source-row=DGCA-AIX-2026-R1260/lineage=9cfa0225123d325be667f7de4bab3c918d609450e4b7f51297e90ec814472711;p23/physical-row-028/section=Kozhikode/printed=4/source-row=DGCA-AIX-2026-R1259/lineage=e56ba588b50c971b1b62993efe77b2ef1a79c8e79d674a53af4552a63df8896b;p06/physical-row-039/section=Bangalore/printed=128/source-row=DGCA-AIX-2026-R0304/lineage=09d3131f18c56cb0c3949f7bf0f5e15714414b69269c2974f393f677eb34b276
ix-leg-922e947bc53a531a7826,IX 1491,IX1491,AXB,VNS,BLR,accepted,current,true,1,2,new airport pair vs pinned runtime,false,DGCA-AIX-2026-R0442;DGCA-AIX-2026-R1705,p09/physical-row-003/section=Bangalore/printed=266/source-row=DGCA-AIX-2026-R0442/lineage=546ac5c39a45bdc6ededd0ac61a11f049b687b5f6043ef48e2f1de0c36a40d16;p31/physical-row-025/section=Varanasi/printed=6/source-row=DGCA-AIX-2026-R1705/lineage=ce2bf21085ec773d994cfcfe9483f1ded135d7f058dad6226c733dd64523e221
ix-leg-e01ba5175f4421494976,IX 1494,IX1494,AXB,BLR,JAI,accepted,current,true,9,9,present in pinned runtime (any carrier),false,DGCA-AIX-2026-R0340;DGCA-AIX-2026-R1168;DGCA-AIX-2026-R1169;DGCA-AIX-2026-R0345;DGCA-AIX-2026-R0342;DGCA-AIX-2026-R1182;DGCA-AIX-2026-R0598;DGCA-AIX-2026-R0599;DGCA-AIX-2026-R1181,p07/physical-row-017/section=Bangalore/printed=164/source-row=DGCA-AIX-2026-R0340/lineage=c0113840d74c03488f4ac671d5b8e8e17c49594b38a75b3af68bfa0ca4d68552;p21/physical-row-046/section=Jaipur/printed=29/source-row=DGCA-AIX-2026-R1168/lineage=66de55e39c65ee174be22a1a3cc3018125c02bd40b04167c9c605629b4d610d3;p21/physical-row-047/section=Jaipur/printed=30/source-row=DGCA-AIX-2026-R1169/lineage=69de5357056fea90ba04b45a3fe4c26c0c88b7ac1213d92794712e05ed727a8d;p07/physical-row-022/section=Bangalore/printed=169/source-row=DGCA-AIX-2026-R0345/lineage=b4e5564e53b88d42f0fcdbfe89cc789d4f5d146974114ee7c382c50f60f4d81e;p07/physical-row-019/section=Bangalore/printed=166/source-row=DGCA-AIX-2026-R0342/lineage=ca701599904a59d472b4fe66d5e9c41eef6cd97ac249f14cc9984ef730470a0e;p22/physical-row-004/section=Jaipur/printed=43/source-row=DGCA-AIX-2026-R1182/lineage=96da01dffbf6f986a821bee95f21448d6a799b8fc30bb0d02baa5031e4bf9aca;p11/physical-row-043/section=Bangalore/printed=422/source-row=DGCA-AIX-2026-R0598/lineage=eb42405ddb116126be48d5b4988a6476e9f0fe79e345fc0bbf909a3a5df13086;p11/physical-row-044/section=Bangalore/printed=423/source-row=DGCA-AIX-2026-R0599/lineage=f01a8a4a10ac02c7e49e732373637f3382aefcbb953227682797cd6d69501c0e;p22/physical-row-003/section=Jaipur/printed=42/source-row=DGCA-AIX-2026-R1181/lineage=76f0bc694d919e9e5a5fe2738ba7e6e98d5d66cdbfd7e7eb107e8168edc93fa7
ix-leg-8268821cfbbb7bb82160,IX 1496,IX1496,AXB,CCU,BLR,accepted,current,true,1,2,present in pinned runtime (any carrier),false,DGCA-AIX-2026-R0480;DGCA-AIX-2026-R1222,p09/physical-row-041/section=Bangalore/printed=304/source-row=DGCA-AIX-2026-R0480/lineage=c4aaf91b46859230224ddd51350be071c2f78537a52cc1135237fabd2b8c3156;p22/physical-row-044/section=Kolkata/printed=9/source-row=DGCA-AIX-2026-R1222/lineage=d2b9f285e1f2c83ff9b7617d8088c8d96dc474c385760777b0dd1e636ccb5051
ix-leg-bd41cc0945351296e188,IX 1497,IX1497,AXB,HYD,BLR,accepted,current,true,8,8,present in pinned runtime (any carrier),false,DGCA-AIX-2026-R0472;DGCA-AIX-2026-R1093;DGCA-AIX-2026-R0475;DGCA-AIX-2026-R0470;DGCA-AIX-2026-R0473;DGCA-AIX-2026-R0471;DGCA-AIX-2026-R0474;DGCA-AIX-2026-R0476,p09/physical-row-033/section=Bangalore/printed=296/source-row=DGCA-AIX-2026-R0472/lineage=b1a0ea056d9a54d256f2ca53cd9321ed80f7b8749f8949897f908e85ba9ed6be;p20/physical-row-028/section=Hyderabad/printed=32/source-row=DGCA-AIX-2026-R1093/lineage=c0db4aefe1bf93b8d7c020662a4574a3dea36a68da7f4f84421f6f586a320c3c;p09/physical-row-036/section=Bangalore/printed=299/source-row=DGCA-AIX-2026-R0475/lineage=0a693cbc550ecb3fdce92bbcb67221e5a9d6036724a8bb29f093c7e527fc1211;p09/physical-row-031/section=Bangalore/printed=294/source-row=DGCA-AIX-2026-R0470/lineage=01cc188b8fb23c5f12c8d8121cf7a0289e81e05823674fd4f97fafbc893453b1;p09/physical-row-034/section=Bangalore/printed=297/source-row=DGCA-AIX-2026-R0473/lineage=c852596624458f6bc2fb10705c5687f3bccad958aba53d8131e5590efbdf3de1;p09/physical-row-032/section=Bangalore/printed=295/source-row=DGCA-AIX-2026-R0471/lineage=1af2fab62d54573ed8ebf6b588797353f722b8515bf3e32298acbd4347397ede;p09/physical-row-035/section=Bangalore/printed=298/source-row=DGCA-AIX-2026-R0474/lineage=ba189f40b29753d2835da0be2d6007146e16946d158f21382e5d6e4c056830b3;p09/physical-row-037/section=Bangalore/printed=300/source-row=DGCA-AIX-2026-R0476/lineage=015f9d377beafa851751969fb1ca7d0eddde58cf20ff70cabdcc52a6a3dc43a7
ix-leg-62802eb865ae64d6acc9,IX 1498,IX1498,AXB,BLR,IXC,accepted,current,true,75,75,present in pinned runtime (any carrier),false,DGCA-AIX-2026-R0356;DGCA-AIX-2026-R0732;DGCA-AIX-2026-R0413;DGCA-AIX-2026-R0390;DGCA-AIX-2026-R0404;DGCA-AIX-2026-R0375;DGCA-AIX-2026-R0382;DGCA-AIX-2026-R0369;DGCA-AIX-2026-R0362;DGCA-AIX-2026-R0395;DGCA-AIX-2026-R0397;DGCA-AIX-2026-R0376;DGCA-AIX-2026-R0364;DGCA-AIX-2026-R0357;DGCA-AIX-2026-R0381;DGCA-AIX-2026-R0380;DGCA-AIX-2026-R0370;DGCA-AIX-2026-R0388;DGCA-AIX-2026-R0396;DGCA-AIX-2026-R0377;DGCA-AIX-2026-R0399;DGCA-AIX-2026-R0383;DGCA-AIX-2026-R0365;DGCA-AIX-2026-R0389;DGCA-AIX-2026-R0391;DGCA-AIX-2026-R0371;DGCA-AIX-2026-R0403;DGCA-AIX-2026-R0358;DGCA-AIX-2026-R0378;DGCA-AIX-2026-R0366;DGCA-AIX-2026-R0385;DGCA-AIX-2026-R0392;DGCA-AIX-2026-R0372;DGCA-AIX-2026-R0400;DGCA-AIX-2026-R0384;DGCA-AIX-2026-R0367;DGCA-AIX-2026-R0386;DGCA-AIX-2026-R0393;DGCA-AIX-2026-R0373;DGCA-AIX-2026-R0401;DGCA-AIX-2026-R0359;DGCA-AIX-2026-R0379;DGCA-AIX-2026-R0368;DGCA-AIX-2026-R0387;DGCA-AIX-2026-R0394;DGCA-AIX-2026-R0374;DGCA-AIX-2026-R0402;DGCA-AIX-2026-R0360;DGCA-AIX-2026-R0363;DGCA-AIX-2026-R0414;DGCA-AIX-2026-R0348;DGCA-AIX-2026-R0405;DGCA-AIX-2026-R0415;DGCA-AIX-2026-R0349;DGCA-AIX-2026-R0406;DGCA-AIX-2026-R0416;DGCA-AIX-2026-R0350;DGCA-AIX-2026-R0407;DGCA-AIX-2026-R0417;DGCA-AIX-2026-R0351;DGCA-AIX-2026-R0408;DGCA-AIX-2026-R0418;DGCA-AIX-2026-R0352;DGCA-AIX-2026-R0409;DGCA-AIX-2026-R0419;DGCA-AIX-2026-R0353;DGCA-AIX-2026-R0410;DGCA-AIX-2026-R0420;DGCA-AIX-2026-R0354;DGCA-AIX-2026-R0411;DGCA-AIX-2026-R0421;DGCA-AIX-2026-R0355;DGCA-AIX-2026-R0412;DGCA-AIX-2026-R0398;DGCA-AIX-2026-R0361,p07/physical-row-033/section=Bangalore/printed=180/source-row=DGCA-AIX-2026-R0356/lineage=23ec5b12a0f41dbe5bd22e82ea31191d8410764f6f6d6e8c3fb5b4a5fbd8494b;p14/physical-row-004/section=Chandigarh/printed=1/source-row=DGCA-AIX-2026-R0732/lineage=0b35257ed64d97b4191b02d76fc9caf39bad8f5a5ae6c900ae97be8338ac94e1;p08/physical-row-032/section=Bangalore/printed=237/source-row=DGCA-AIX-2026-R0413/lineage=93bc9f278a056a00c1356e3b116a241319d6cb4b438dbcd2b36bd6048f342b39;p08/physical-row-009/section=Bangalore/printed=214/source-row=DGCA-AIX-2026-R0390/lineage=19770fdd97c4d2b85ac2ea0102fb296719360d2ca47703fcc7eb8e5f756a1bf1;p08/physical-row-023/section=Bangalore/printed=228/source-row=DGCA-AIX-2026-R0404/lineage=cca064e2c22bd5cd02c5aa85f6264b11bc00a18a3f857e9c72d64bc16e3ae33f;p07/physical-row-052/section=Bangalore/printed=199/source-row=DGCA-AIX-2026-R0375/lineage=f3796706cebf0e2e3ecf28943e7d7202f2611421df16c9c673044759ddf57933;p08/physical-row-001/section=Bangalore/printed=206/source-row=DGCA-AIX-2026-R0382/lineage=23aa64acdb09e147e57861b47a035e0a64a8ecd25b186e28dbae8e921bbe6919;p07/physical-row-046/section=Bangalore/printed=193/source-row=DGCA-AIX-2026-R0369/lineage=d9c7d828ee642cdc0ae826a250a62af2d8f4be71705f5c5209c5f3116d2e3433;p07/physical-row-039/section=Bangalore/printed=186/source-row=DGCA-AIX-2026-R0362/lineage=1ee6255e6d79d93206f57ccaf4708324875d4e98f6f68009598ab7dc8a10d2ff;p08/physical-row-014/section=Bangalore/printed=219/source-row=DGCA-AIX-2026-R0395/lineage=7c0442375f850b566f752c5b0f52a699c4bb7f691f9671633f59afdb4593e70f;p08/physical-row-016/section=Bangalore/printed=221/source-row=DGCA-AIX-2026-R0397/lineage=ce5c526eed758cecbf24d169e144e1e0dfe52abad3400aee5616861cd0f34bcc;p07/physical-row-053/section=Bangalore/printed=200/source-row=DGCA-AIX-2026-R0376/lineage=1e56de18984976dc44c7e406a363fda0a2100a94138a20773e2cb0da692e1c30;p07/physical-row-041/section=Bangalore/printed=188/source-row=DGCA-AIX-2026-R0364/lineage=d7543718cabb73a84c1b2f222e7d75d41752c08767fbfcc0d211f1e420dfa1ed;p07/physical-row-034/section=Bangalore/printed=181/source-row=DGCA-AIX-2026-R0357/lineage=e4e4b08950b20d69446ecc3f97ae70d10f846469f9c4f5b4bc3f2f68e648466d;p07/physical-row-058/section=Bangalore/printed=205/source-row=DGCA-AIX-2026-R0381/lineage=c91264a4b881a1af5b74c68300ab88f580192f2b3ee79b13ea65d701ccfa6147;p07/physical-row-057/section=Bangalore/printed=204/source-row=DGCA-AIX-2026-R0380/lineage=91b54c08333b5ade9362ce9d916b0fe17685b362908043cfb07ff1e8b3fa40d6;p07/physical-row-047/section=Bangalore/printed=194/source-row=DGCA-AIX-2026-R0370/lineage=2168dd2aad655c0ffc37086db01e121ff974aca626becdb59e96977d0984defd;p08/physical-row-007/section=Bangalore/printed=212/source-row=DGCA-AIX-2026-R0388/lineage=db52a31dfbca9930debadca4051e289b23a6a44b06a3a8011519130428d592f8;p08/physical-row-015/section=Bangalore/printed=220/source-row=DGCA-AIX-2026-R0396/lineage=9906bbec7e6f052e045eabae60aa193668ee52f177bd526ecd253c9e49d22b53;p07/physical-row-054/section=Bangalore/printed=201/source-row=DGCA-AIX-2026-R0377/lineage=378670fe1242a9f6cdbe31f62bbe10b8d479c3851e448a3d7a0281aa27bf0b98;p08/physical-row-018/section=Bangalore/printed=223/source-row=DGCA-AIX-2026-R0399/lineage=77b20991ea75441eab9a44c1cb486444b20ead400597d69706a697e210e46853;p08/physical-row-002/section=Bangalore/printed=207/source-row=DGCA-AIX-2026-R0383/lineage=216cc558d4c4f402a238183858d9c257d5cb20f7ec78e8e6fbadb0e654e64bc7;p07/physical-row-042/section=Bangalore/printed=189/source-row=DGCA-AIX-2026-R0365/lineage=e2f107422dca2d2909de8a65dcfe38dcef01bad0a79fc63ec8ac85fd3310cd4b;p08/physical-row-008/section=Bangalore/printed=213/source-row=DGCA-AIX-2026-R0389/lineage=993d43e2d5bd320c20c8d9965a92a626bb337239d0d4296e66a42d3a589b7a23;p08/physical-row-010/section=Bangalore/printed=215/source-row=DGCA-AIX-2026-R0391/lineage=01af1e67017eaf9ef421a83fb3ae87fa04fa47d7c4eae913015e45986d718274;p07/physical-row-048/section=Bangalore/printed=195/source-row=DGCA-AIX-2026-R0371/lineage=fade6a1ee5098168f10434205d5cf047584530b218e54ed22395781558a2d6cb;p08/physical-row-022/section=Bangalore/printed=227/source-row=DGCA-AIX-2026-R0403/lineage=fcee4218df0e9694bad1cfb889ce188ac2cbcf82506bab9e51454c447fea1cc0;p07/physical-row-035/section=Bangalore/printed=182/source-row=DGCA-AIX-2026-R0358/lineage=1de985ad354df5db1040a5b2399c4fd133fd216cdec62262630b3eb495648397;p07/physical-row-055/section=Bangalore/printed=202/source-row=DGCA-AIX-2026-R0378/lineage=7d58237aee1654f40f542ffc0a3ad510d1cc0c17566f3207a519eeefd8dc663a;p07/physical-row-043/section=Bangalore/printed=190/source-row=DGCA-AIX-2026-R0366/lineage=8b40d7f3602d068dbaacc4e9f7ddd20e7698089b36cd3312d6cf56e1871a6250;p08/physical-row-004/section=Bangalore/printed=209/source-row=DGCA-AIX-2026-R0385/lineage=e071a3048105c4ebc7e8baa339cb8754d851420fb70986bba31d196880ed0cba;p08/physical-row-011/section=Bangalore/printed=216/source-row=DGCA-AIX-2026-R0392/lineage=41e86d6f72e8c522b3481524e4a444f57c5e9fb45f0b033832f0e3ede880a31e;p07/physical-row-049/section=Bangalore/printed=196/source-row=DGCA-AIX-2026-R0372/lineage=b9cb70b30b4efdc80774921d7979e879fb6005dadc81158d84953c00a5fc5da2;p08/physical-row-019/section=Bangalore/printed=224/source-row=DGCA-AIX-2026-R0400/lineage=94ea3b264fb4e232b6107c103cc39623511022a76b50d1b78102eda48d9e55da;p08/physical-row-003/section=Bangalore/printed=208/source-row=DGCA-AIX-2026-R0384/lineage=6ad3c20c38946a51f00608b394731afd986c8cfaad8dce44ac4f7456f9d17907;p07/physical-row-044/section=Bangalore/printed=191/source-row=DGCA-AIX-2026-R0367/lineage=5dba022dbd764e7e0ef00a434bf321a9424d693e16cebe8206c013668554c0a4;p08/physical-row-005/section=Bangalore/printed=210/source-row=DGCA-AIX-2026-R0386/lineage=6d4c4cf9c9ef29b76a21731fc92ab6d0290c49d1a6a5bd380bce90e378adc458;p08/physical-row-012/section=Bangalore/printed=217/source-row=DGCA-AIX-2026-R0393/lineage=d6931fe9f2129fbf30ab15601e6c61b8bc8c5f79ff535ab7a66faf5e91c3bed8;p07/physical-row-050/section=Bangalore/printed=197/source-row=DGCA-AIX-2026-R0373/lineage=5575fc79cb3b5e410854c8309f6daf5fb65b2aa7821ccfe6c288bfcdbbdfc039;p08/physical-row-020/section=Bangalore/printed=225/source-row=DGCA-AIX-2026-R0401/lineage=e675814d6054c1c6395026149f1241f0e2bc2f0c9347e97d41741827ac2a0b8c;p07/physical-row-036/section=Bangalore/printed=183/source-row=DGCA-AIX-2026-R0359/lineage=20ddf6ef289d4187f45ffc2953d6ba39714d3dfa8261c69efdd677b2fcc2d1ac;p07/physical-row-056/section=Bangalore/printed=203/source-row=DGCA-AIX-2026-R0379/lineage=8c88cb7616d4cdd3edc7d87c35fcca65dc07625b8992788ff8c84aaafb5fb7dd;p07/physical-row-045/section=Bangalore/printed=192/source-row=DGCA-AIX-2026-R0368/lineage=d5d15c2386538a96fc2c4310fd0be9854da5844822129474f8aff7a6e2eb1ce8;p08/physical-row-006/section=Bangalore/printed=211/source-row=DGCA-AIX-2026-R0387/lineage=35f2774c98e5e108af17f3a90728078cfb298584b9fb4b8f961d4ee1a4ec67c5;p08/physical-row-013/section=Bangalore/printed=218/source-row=DGCA-AIX-2026-R0394/lineage=9fd8857487d7b822bfb0c03d9d6d3ba33adef4f9a9fc9246bc48ae00ceec0ca6;p07/physical-row-051/section=Bangalore/printed=198/source-row=DGCA-AIX-2026-R0374/lineage=b538a767ef82965df420e53311135ca813e1f05b60133809274c3d7f5572de04;p08/physical-row-021/section=Bangalore/printed=226/source-row=DGCA-AIX-2026-R0402/lineage=44efd44ef0b57f7156a2f4c7bc30b862d511a21e6d63e8da76d5fc6c94789800;p07/physical-row-037/section=Bangalore/printed=184/source-row=DGCA-AIX-2026-R0360/lineage=bc7595621cfd4bcc5f3e5adbb465e1ad442c48ab2aca7aaf071a2ceae67366a7;p07/physical-row-040/section=Bangalore/printed=187/source-row=DGCA-AIX-2026-R0363/lineage=e24eb39910d2f15645d66fe409ad6a14933af710d065aaabc9de2593bf7366b7;p08/physical-row-033/section=Bangalore/printed=238/source-row=DGCA-AIX-2026-R0414/lineage=8288c42a3815cd85afacecd420e396e75890f4386273e9658f0fe3bca88f3c48;p07/physical-row-025/section=Bangalore/printed=172/source-row=DGCA-AIX-2026-R0348/lineage=46d17afced98284999a987a6fc9ffc1d99bfca1dd8fde70b169347bbf707bab3;p08/physical-row-024/section=Bangalore/printed=229/source-row=DGCA-AIX-2026-R0405/lineage=e0904b622b7e9d4c6ac86869124d6260b3f3745dce5451a4a531d2c6c70d65c3;p08/physical-row-034/section=Bangalore/printed=239/source-row=DGCA-AIX-2026-R0415/lineage=c8439ef28bbeae6b5f9329850af7d32c6cc9de9d5934fe9d4275a2969b2f74db;p07/physical-row-026/section=Bangalore/printed=173/source-row=DGCA-AIX-2026-R0349/lineage=4ec0acc31c7c903d8e13c848393c73102932e6441dc7390dd1ca3a41eee010d8;p08/physical-row-025/section=Bangalore/printed=230/source-row=DGCA-AIX-2026-R0406/lineage=2d86f6235b651c2f8ca68ba1441dfc63f5bae7f8639188d59c1a86c3e4001289;p08/physical-row-035/section=Bangalore/printed=240/source-row=DGCA-AIX-2026-R0416/lineage=59f87f087481a10f2365e8158b2906837e4f4c98094276e3354b921cd6fc2864;p07/physical-row-027/section=Bangalore/printed=174/source-row=DGCA-AIX-2026-R0350/lineage=fb4f8c994df32438ae33845bb642281edb531914a3036542d86f895b9af2e9cf;p08/physical-row-026/section=Bangalore/printed=231/source-row=DGCA-AIX-2026-R0407/lineage=e2c2b5427483f48b30d73c5777e02bc7d28d9345651ffdd9e0fc74edeae6da24;p08/physical-row-036/section=Bangalore/printed=241/source-row=DGCA-AIX-2026-R0417/lineage=3c27cec5adb1a24a801f33914b8ea57df92e01a873a611b6383ad043c5a0ec85;p07/physical-row-028/section=Bangalore/printed=175/source-row=DGCA-AIX-2026-R0351/lineage=998a6f4636b27ef039ab7b2d202dd8ca568b1cf67d77de6098261c24ae18d407;p08/physical-row-027/section=Bangalore/printed=232/source-row=DGCA-AIX-2026-R0408/lineage=ceb551d2b38b5f88c3f17aa4ba025ed6e8565836c1191214a80fbfdb92ab40e5;p08/physical-row-037/section=Bangalore/printed=242/source-row=DGCA-AIX-2026-R0418/lineage=f3dd8020b53b7c3eca9490bf5a61643d4627081e04db6940d6394b14723293e4;p07/physical-row-029/section=Bangalore/printed=176/source-row=DGCA-AIX-2026-R0352/lineage=1c47fa55bf4bd9b6640fe22d19b912d25d06462b545b0dcc114b3e1d4fc8f535;p08/physical-row-028/section=Bangalore/printed=233/source-row=DGCA-AIX-2026-R0409/lineage=3313435d7d28b17b2095544a23cd9df3f21768b756e8782bb730aeb4f139a844;p08/physical-row-038/section=Bangalore/printed=243/source-row=DGCA-AIX-2026-R0419/lineage=5eebf1c0cd52a6d5a0cfde3e4d7252a8c3193ca968a904b6ad6e61b776790d42;p07/physical-row-030/section=Bangalore/printed=177/source-row=DGCA-AIX-2026-R0353/lineage=cf79af76a5c40046ff2204bd94e2d3dc42b17660077249fd649810f1993d1aca;p08/physical-row-029/section=Bangalore/printed=234/source-row=DGCA-AIX-2026-R0410/lineage=82c0a7cab56f072e1de2ee5c119c247203e846a992927251e0eaeabaa561b82e;p08/physical-row-039/section=Bangalore/printed=244/source-row=DGCA-AIX-2026-R0420/lineage=ddf59032397e31a533092441604ffc15ba590d14382ec6b90578d0c143a670a8;p07/physical-row-031/section=Bangalore/printed=178/source-row=DGCA-AIX-2026-R0354/lineage=958986962e8818b07c2bf6369b54d8c5f4aadc920f922b013451ebd0dcc3b73e;p08/physical-row-030/section=Bangalore/printed=235/source-row=DGCA-AIX-2026-R0411/lineage=fe6bc8983b92faafa981ed198f1a160995af69e1d5d727b7f5d53cd483b96d63;p08/physical-row-040/section=Bangalore/printed=245/source-row=DGCA-AIX-2026-R0421/lineage=f5c3369963086a4b1115c0dec9ff978c5f28f358813e9107914f832333af6b0d;p07/physical-row-032/section=Bangalore/printed=179/source-row=DGCA-AIX-2026-R0355/lineage=1e827d3d55fff7cca46c2fdd42a96b7a5cb27bef02c89423e84d011c5aeff5b9;p08/physical-row-031/section=Bangalore/printed=236/source-row=DGCA-AIX-2026-R0412/lineage=dfee80ef692794bfcd9ffb1679826bd87a26d794c236da292238fc9c58983114;p08/physical-row-017/section=Bangalore/printed=222/source-row=DGCA-AIX-2026-R0398/lineage=dd95035f1f8a26c5e61781a17d331e6f55081a26ccc7844a79449140fe410966;p07/physical-row-038/section=Bangalore/printed=185/source-row=DGCA-AIX-2026-R0361/lineage=024f8c3807819ac1727b1a66dde81bfb0db8a2652a0bcb4e673d95af2ef35f97
ix-leg-d1d64115283ed3031673,IX 1501,IX1501,AXB,BLR,HYD,accepted,current,true,3,3,present in pinned runtime (any carrier),false,DGCA-AIX-2026-R0429;DGCA-AIX-2026-R1094;DGCA-AIX-2026-R0430,p08/physical-row-048/section=Bangalore/printed=253/source-row=DGCA-AIX-2026-R0429/lineage=800b147e77d21c41527f5e9f7e38921ccad4c0684f54dcc7262c014174c9d5f1;p20/physical-row-029/section=Hyderabad/printed=33/source-row=DGCA-AIX-2026-R1094/lineage=bf010e8ed15cee1b4bc634dd590eff25432d715203b6248b3702aad76920b220;p08/physical-row-049/section=Bangalore/printed=254/source-row=DGCA-AIX-2026-R0430/lineage=81e8e7b0132de214f334055f8213599badfe986fe54d9a239f035433f6be83d0
ix-leg-c2d9642b401adaf20826,IX 1502,IX1502,AXB,BLR,GOI,accepted,current,true,1,1,present in pinned runtime (any carrier),false,DGCA-AIX-2026-R1001,p18/physical-row-047/section=Goa/printed=23/source-row=DGCA-AIX-2026-R1001/lineage=727a6e8f96b93399f7dc7e418987365ca7348b9b19a85c534d1e12c8c0b1cfa7
ix-leg-abcb56668df187685fc4,IX 1502,IX1502,AXB,BLR,GOX,accepted,current,true,6,6,new airport pair vs pinned runtime,false,DGCA-AIX-2026-R0428;DGCA-AIX-2026-R0426;DGCA-AIX-2026-R0427;DGCA-AIX-2026-R0425;DGCA-AIX-2026-R0424;DGCA-AIX-2026-R0423,p08/physical-row-047/section=Bangalore/printed=252/source-row=DGCA-AIX-2026-R0428/lineage=762b0cc12f499adaffe2e94606d7774d09fdbc9afb35557b8d58e0c74f946318;p08/physical-row-045/section=Bangalore/printed=250/source-row=DGCA-AIX-2026-R0426/lineage=3cf37421d4fd578ebebbc3754be74c91e661b2bbab4d8d0ef626bd2416357f51;p08/physical-row-046/section=Bangalore/printed=251/source-row=DGCA-AIX-2026-R0427/lineage=c3a61c669a3fed1c135b6f8877e54b42e3510aaf451d796d01a2ef5e9bee0c78;p08/physical-row-044/section=Bangalore/printed=249/source-row=DGCA-AIX-2026-R0425/lineage=a085a3bdb1ce63679404d3325f3c8c0b9de8a6adbe2afe017c910a9a7bd856c5;p08/physical-row-043/section=Bangalore/printed=248/source-row=DGCA-AIX-2026-R0424/lineage=ebc043b5737c09e2ab2faf93642f36c230216360900b89fffe7cf984b81eca04;p08/physical-row-042/section=Bangalore/printed=247/source-row=DGCA-AIX-2026-R0423/lineage=bcc5870a9175dc85dd8542e2ca738d1ef9b932d03ccc8a44420db0ece7ac0876
ix-leg-186b3c1cba5aacda580e,IX 1504,IX1504,AXB,BLR,PAT,accepted,current,true,3,3,new airport pair vs pinned runtime,false,DGCA-AIX-2026-R1426;DGCA-AIX-2026-R0539;DGCA-AIX-2026-R0538,p26/physical-row-028/section=Patna/printed=14/source-row=DGCA-AIX-2026-R1426/lineage=a0c7fdbeb39f5a13c0b1db4855f0eb9983294d171115c17d32f57647b8fea853;p10/physical-row-042/section=Bangalore/printed=363/source-row=DGCA-AIX-2026-R0539/lineage=08ed04bcd84b58e43586913cf5e8afc6348967fa1c424e4f1ad2e426086ab0a9;p10/physical-row-041/section=Bangalore/printed=362/source-row=DGCA-AIX-2026-R0538/lineage=2248224a408a65ebd4b5d22b5f902e7a81d90d45bdafb201dabed7c314118843
ix-leg-038b8b236ff77c1df771,IX 1504,IX1504,AXB,NAG,BLR,accepted,current,true,1,1,new airport pair vs pinned runtime,false,DGCA-AIX-2026-R1394,p25/physical-row-052/section=Nagpur/printed=2/source-row=DGCA-AIX-2026-R1394/lineage=e82b9b53e977e94894e356ace00496e701ba83962cbd1a0ca654f488fedb272e
ix-leg-b442aa95ff7571ae30ed,IX 1506,IX1506,AXB,BLR,DED,accepted,current,true,1,2,present in pinned runtime (any carrier),false,DGCA-AIX-2026-R0432;DGCA-AIX-2026-R0763,p08/physical-row-051/section=Bangalore/printed=256/source-row=DGCA-AIX-2026-R0432/lineage=fa35852c078565477ca0509b432e5de3214b460d11b3f55aa588c8556cd7b9c6;p14/physical-row-035/section=Dehradun/printed=1/source-row=DGCA-AIX-2026-R0763/lineage=d55daaa7da346844405c0c9593c6063c467bc6f1dfddbe8b3041556f72343c51
ix-leg-914828ef2e895ad53a8d,IX 1506,IX1506,AXB,VGA,BLR,accepted,current,true,1,2,new airport pair vs pinned runtime,false,DGCA-AIX-2026-R0346;DGCA-AIX-2026-R1716,p07/physical-row-023/section=Bangalore/printed=170/source-row=DGCA-AIX-2026-R0346/lineage=1d88fbaa519e79c61b5cf952dac0f046a857568e0e740da660bca8d4b7c44ad3;p31/physical-row-036/section=Vijayawada/printed=3/source-row=DGCA-AIX-2026-R1716/lineage=7037727550d06dcb2bec19a68ff0762586cd8b170e5e95b44b03e71317364239
ix-leg-3be049d9c97c37913804,IX 1507,IX1507,AXB,DED,BLR,accepted,current,true,2,2,present in pinned runtime (any carrier),false,DGCA-AIX-2026-R0579;DGCA-AIX-2026-R0582,p11/physical-row-024/section=Bangalore/printed=403/source-row=DGCA-AIX-2026-R0579/lineage=0e9a3f6e55addfe758cb05f14d26df54ba2087db9daecb1966a937057b2cc920;p11/physical-row-027/section=Bangalore/printed=406/source-row=DGCA-AIX-2026-R0582/lineage=c0eaca1673127e1b06ac30a054b2450f226e18f992c3be7ce0558953aab5a5e9
ix-leg-6a88ebf6c35a55b700e2,IX 1508,IX1508,AXB,AMD,BLR,accepted,current,true,3,3,present in pinned runtime (any carrier),false,DGCA-AIX-2026-R0494;DGCA-AIX-2026-R0124;DGCA-AIX-2026-R0123,p09/physical-row-055/section=Bangalore/printed=318/source-row=DGCA-AIX-2026-R0494/lineage=28296b14a1eaa89fb9d1b09ea256b2c0e40a045115dcf2d96eff2014d493a536;p03/physical-row-028/section=Ahmedabad/printed=6/source-row=DGCA-AIX-2026-R0124/lineage=c5cc5df7f908167a809fdf6bbb84b221b32cc45abfac95a59a9f890e5cd979d1;p03/physical-row-027/section=Ahmedabad/printed=5/source-row=DGCA-AIX-2026-R0123/lineage=c8b563eb410828679209e05dda7f4737859bb8586f0a6b9139bbeb3f8212c89e
ix-leg-6063eb8d02e750ba8725,IX 1509,IX1509,AXB,IXA,CCU,accepted,current,true,1,1,present in pinned runtime (any carrier),false,DGCA-AIX-2026-R1234,p23/physical-row-003/section=Kolkata/printed=21/source-row=DGCA-AIX-2026-R1234/lineage=4a02cda108094c9c7ef670b7151e66f1982dd38705f5e358d2b1c27d1ef38446
ix-leg-b5d99bf2d7c84ecbd265,IX 1510,IX1510,AXB,DEL,PAT,accepted,current,true,3,3,present in pinned runtime (any carrier),false,DGCA-AIX-2026-R1419;DGCA-AIX-2026-R0822;DGCA-AIX-2026-R1420,p26/physical-row-021/section=Patna/printed=7/source-row=DGCA-AIX-2026-R1419/lineage=253cd7a61abc8fde9116b36956ab887b270891462364e0084fd774b43cc7374e;p15/physical-row-040/section=Delhi/printed=56/source-row=DGCA-AIX-2026-R0822/lineage=2069ce42939e96d6c961b94ddca32393678992313b7f81fb2bb91232817e42a9;p26/physical-row-022/section=Patna/printed=8/source-row=DGCA-AIX-2026-R1420/lineage=749c7ca09a683ba10a9977c5df0f4f9e29f1f3fd5947beac1d45dc1b1ad94ed6
ix-leg-332eb3bf3b8fe823a511,IX 1511,IX1511,AXB,HYD,NMI,accepted,current,true,12,12,new airport pair vs pinned runtime,false,DGCA-AIX-2026-R1065;DGCA-AIX-2026-R1068;DGCA-AIX-2026-R1398;DGCA-AIX-2026-R1069;DGCA-AIX-2026-R1067;DGCA-AIX-2026-R1066;DGCA-AIX-2026-R1072;DGCA-AIX-2026-R1400;DGCA-AIX-2026-R1070;DGCA-AIX-2026-R1071;DGCA-AIX-2026-R1399;DGCA-AIX-2026-R1073,p19/physical-row-055/section=Hyderabad/printed=4/source-row=DGCA-AIX-2026-R1065/lineage=dcc4f23a489455b606a5bdc3eb529cbd44f1b121ef8514e6305f95f63cc45f3d;p20/physical-row-003/section=Hyderabad/printed=7/source-row=DGCA-AIX-2026-R1068/lineage=f8b247e8fd99bc988bf78ee266a7f67ab39fdd3d29303698499e31811ed33e8b;p25/physical-row-056/section=Navi Mumbai/printed=2/source-row=DGCA-AIX-2026-R1398/lineage=38f325a8c63044a4417ec282ae1e39b628e6729a7fa541258a44c4c55785ddcb;p20/physical-row-004/section=Hyderabad/printed=8/source-row=DGCA-AIX-2026-R1069/lineage=e682afc2a70eed983eb5e8887bd60e956f7cdd2875b2b8dc6b650f5a0574bc51;p20/physical-row-002/section=Hyderabad/printed=6/source-row=DGCA-AIX-2026-R1067/lineage=38e3f5cdb255abbde02cbb21476c0bfe706bd08bf951fb6418d01b1a1f50ee9e;p20/physical-row-001/section=Hyderabad/printed=5/source-row=DGCA-AIX-2026-R1066/lineage=51001d8d795155fd4c948ea0f71c6eb4f6826675abd730dbf1fbf5431ed42b61;p20/physical-row-007/section=Hyderabad/printed=11/source-row=DGCA-AIX-2026-R1072/lineage=dde18352c577529ac52c5ae01d0c9202cdb1df41d9d7f123d0460ce48af973c4;p26/physical-row-002/section=Navi Mumbai/printed=4/source-row=DGCA-AIX-2026-R1400/lineage=45d24a71be68e087117dcfb1f74bb29c6244417b64b202faf31f73364f5cecf2;p20/physical-row-005/section=Hyderabad/printed=9/source-row=DGCA-AIX-2026-R1070/lineage=5e2d42853686dd966e25a21e18e0a77ba178ccc1d66f1fa85063be59997a930f;p20/physical-row-006/section=Hyderabad/printed=10/source-row=DGCA-AIX-2026-R1071/lineage=4979b78be33f2144c0c6fed711092ed904ae647da37659e1d8b0327442d7406e;p26/physical-row-001/section=Navi Mumbai/printed=3/source-row=DGCA-AIX-2026-R1399/lineage=d81468270c99e77bc3a8231331300a81f7a1f925b9a61007f7f3b1a50dfa4f52;p20/physical-row-008/section=Hyderabad/printed=12/source-row=DGCA-AIX-2026-R1073/lineage=57c735055035941775ea69679e124b4f5f7b1dc76ef983d6c1c28a98a010b80a
ix-leg-ed1b5b938fed633e2c52,IX 1512,IX1512,AXB,NMI,HYD,accepted,current,true,10,10,new airport pair vs pinned runtime,false,DGCA-AIX-2026-R1082;DGCA-AIX-2026-R1401;DGCA-AIX-2026-R1084;DGCA-AIX-2026-R1081;DGCA-AIX-2026-R1080;DGCA-AIX-2026-R1087;DGCA-AIX-2026-R1405;DGCA-AIX-2026-R1402;DGCA-AIX-2026-R1086;DGCA-AIX-2026-R1083,p20/physical-row-017/section=Hyderabad/printed=21/source-row=DGCA-AIX-2026-R1082/lineage=180544ef37813738573ddd84248e7dc9a616157b953bccf449f68fe74c4d38cb;p26/physical-row-003/section=Navi Mumbai/printed=5/source-row=DGCA-AIX-2026-R1401/lineage=aafa5cfffff8c2e8fb79c1d5dd381b2cbee58293293e310aa08306f3a15b5e39;p20/physical-row-019/section=Hyderabad/printed=23/source-row=DGCA-AIX-2026-R1084/lineage=9bcc96ed70d6b0171fba3e4fbe596a2a31f7bbaabba4fec33abf6ef48f2691fe;p20/physical-row-016/section=Hyderabad/printed=20/source-row=DGCA-AIX-2026-R1081/lineage=297c70653c879b07db6370eef236b716f318fba345e81e6ae17605efbdd5612a;p20/physical-row-015/section=Hyderabad/printed=19/source-row=DGCA-AIX-2026-R1080/lineage=bc8bcf59ad83630892a8344ee206302e66a1794aff84414d7c11d1faff4085fa;p20/physical-row-022/section=Hyderabad/printed=26/source-row=DGCA-AIX-2026-R1087/lineage=70117f6c06d98c9c702aa3aa41ffcf98c030cdbcc66e3e66db45860c267b8df8;p26/physical-row-007/section=Navi Mumbai/printed=9/source-row=DGCA-AIX-2026-R1405/lineage=980488ccf9f800110d13870cfd83daa78a00991410bff8e592e3a7fae5816fd9;p26/physical-row-004/section=Navi Mumbai/printed=6/source-row=DGCA-AIX-2026-R1402/lineage=f5508521f10de21800ee60a06c11634707ae4a95c38c0d95a7715387794f04f3;p20/physical-row-021/section=Hyderabad/printed=25/source-row=DGCA-AIX-2026-R1086/lineage=77b0af95cd294ad8215653ef102c352cec3f0f7cdf68eaac6c0460473223ce5a;p20/physical-row-018/section=Hyderabad/printed=22/source-row=DGCA-AIX-2026-R1083/lineage=bfc35e4ba89fb73bcdc921472b23e38aec868cd3ea2c9d0be8d9dafe94c4406a
ix-leg-5b01f4a7b757f58b2f2c,IX 1513,IX1513,AXB,DIB,GAU,accepted,current,true,3,3,new airport pair vs pinned runtime,false,DGCA-AIX-2026-R0928;DGCA-AIX-2026-R1023;DGCA-AIX-2026-R1022,p17/physical-row-030/section=Dibrugarh/printed=2/source-row=DGCA-AIX-2026-R0928/lineage=28dc578d6a0a14b0b25bf3f86694ce2e5c5d16d908395ce80d9b3f50a3a1ce1b;p19/physical-row-013/section=Guwahati/printed=11/source-row=DGCA-AIX-2026-R1023/lineage=0f6e5a62d9122661ee90b6f9184cc66fc5651bf00f566a53713cafca03e0e4ff;p19/physical-row-012/section=Guwahati/printed=10/source-row=DGCA-AIX-2026-R1022/lineage=e1e49d8891a5c14ed0004a46f7235ab7c7ad4d478d28e1db29f4519ad5176495
ix-leg-34e47c737accc1336001,IX 1513,IX1513,AXB,GAU,DEL,accepted,current,true,4,4,present in pinned runtime (any carrier),false,DGCA-AIX-2026-R0846;DGCA-AIX-2026-R1026;DGCA-AIX-2026-R1025;DGCA-AIX-2026-R0845,p16/physical-row-006/section=Delhi/printed=80/source-row=DGCA-AIX-2026-R0846/lineage=49094a9029a02a09662ec368e70ce01331b45481943a555071ce614cd2a0ad8e;p19/physical-row-016/section=Guwahati/printed=14/source-row=DGCA-AIX-2026-R1026/lineage=ec8f92b57042eaa7c546093853864445e6bc28d3b12b71de717589b6ff0dab66;p19/physical-row-015/section=Guwahati/printed=13/source-row=DGCA-AIX-2026-R1025/lineage=307db928021401e64feb16d4871db856dcbcdfe50d5eef66cb5922412b80a0c7;p16/physical-row-005/section=Delhi/printed=79/source-row=DGCA-AIX-2026-R0845/lineage=13253577de290adc542111a0172cd43f9432613ebf60324f4f4fdaa0b4b894cd
ix-leg-be2cf569508606b3048c,IX 1514,IX1514,AXB,CCU,GAU,accepted,current,true,3,3,present in pinned runtime (any carrier),false,DGCA-AIX-2026-R1225;DGCA-AIX-2026-R1032;DGCA-AIX-2026-R1038,p22/physical-row-047/section=Kolkata/printed=12/source-row=DGCA-AIX-2026-R1225/lineage=3437dbbf762a335a454838a3932550836d52833ad2d126f5230c20d5cd3c238b;p19/physical-row-022/section=Guwahati/printed=20/source-row=DGCA-AIX-2026-R1032/lineage=473a8098b28bd61b5d647dca1e3e1bbeef8c51ffe309c1ee9676d00db99829c5;p19/physical-row-028/section=Guwahati/printed=26/source-row=DGCA-AIX-2026-R1038/lineage=7a375dd372febd1c6df7715055adccbd32a734a58728005fe79fb988c8e8f7c7
ix-leg-86d25b416880e11ef97b,IX 1514,IX1514,AXB,GAU,JAI,accepted,current,true,2,3,new airport pair vs pinned runtime,false,DGCA-AIX-2026-R1037;DGCA-AIX-2026-R1175;DGCA-AIX-2026-R1174,p19/physical-row-027/section=Guwahati/printed=25/source-row=DGCA-AIX-2026-R1037/lineage=c78dcdd2c81ccd1aaebe45a3da8ba9b461bfd216ac46f541cebbdb45069f46c0;p21/physical-row-053/section=Jaipur/printed=36/source-row=DGCA-AIX-2026-R1175/lineage=8a1730fe7b20643dba7d1ad65f5192f17ae4cd7e3725cbd445963e7683c2f9bc;p21/physical-row-052/section=Jaipur/printed=35/source-row=DGCA-AIX-2026-R1174/lineage=4c24d916fba0d6e30dca5a0cf58e69cab9a78bbb084d816233ba66740b0e7774
ix-leg-d2138dbf63ece566821a,IX 1517,IX1517,AXB,CCU,GAU,accepted,current,true,3,3,present in pinned runtime (any carrier),false,DGCA-AIX-2026-R1219;DGCA-AIX-2026-R1220;DGCA-AIX-2026-R1014,p22/physical-row-041/section=Kolkata/printed=6/source-row=DGCA-AIX-2026-R1219/lineage=29d51ee58c1126e7b73712436548c8bada5126dada89f02da0f024f793b786a4;p22/physical-row-042/section=Kolkata/printed=7/source-row=DGCA-AIX-2026-R1220/lineage=b363db2a2d8886097e488c64fe116e05974ac3d858e0cfaa6e1f5386347343e1;p19/physical-row-004/section=Guwahati/printed=2/source-row=DGCA-AIX-2026-R1014/lineage=1268dfdc6803232f0276acfdce2ab70a8933b0702a7e3945853e4b153d02fe40
ix-leg-5933f55272e5e100ff42,IX 1518,IX1518,AXB,GAU,CCU,accepted,current,true,3,3,present in pinned runtime (any carrier),false,DGCA-AIX-2026-R1016;DGCA-AIX-2026-R1223;DGCA-AIX-2026-R1017,p19/physical-row-006/section=Guwahati/printed=4/source-row=DGCA-AIX-2026-R1016/lineage=916f63727e175326d837a832d6febbe70fd7aa2472ef5968ee781da38a416330;p22/physical-row-045/section=Kolkata/printed=10/source-row=DGCA-AIX-2026-R1223/lineage=0a5cfd404c7baf9fa23a57901ad6c996c1c9324a739d12563267c0b49e874513;p19/physical-row-007/section=Guwahati/printed=5/source-row=DGCA-AIX-2026-R1017/lineage=b02e9bd71cf4ac222302061e3b8dbeaab170fe2b743a67eeb0f5d5ff8d8df720
ix-leg-7ef86c173eee188e765a,IX 1520,IX1520,AXB,LKO,BLR,accepted,current,true,1,2,new airport pair vs pinned runtime,false,DGCA-AIX-2026-R0519;DGCA-AIX-2026-R1276,p10/physical-row-022/section=Bangalore/printed=343/source-row=DGCA-AIX-2026-R0519/lineage=ac00f55d8aef5a9e7b4e961933f8ee44c4a571e9579bf42ab6490076d846b704;p23/physical-row-045/section=Lucknow/printed=11/source-row=DGCA-AIX-2026-R1276/lineage=00fa050eecfc0dfcac8eceea1bf84a2c52f415a8a1d583d619801217bfaaba74
ix-leg-a7c83cfe5cd44fcdc305,IX 1521,IX1521,AXB,CCU,IXA,accepted,current,true,1,2,present in pinned runtime (any carrier),false,DGCA-AIX-2026-R0001;DGCA-AIX-2026-R1226,p01/physical-row-001/section=Agartala/printed=1/source-row=DGCA-AIX-2026-R0001/lineage=d3d1b09dd6ab6acb5b87a8434a3107355e9eb03f6b82abff3c85eebfa05c50b7;p22/physical-row-048/section=Kolkata/printed=13/source-row=DGCA-AIX-2026-R1226/lineage=5e95e6909a8a639ba39b818f45db89d3c46fbcd694cc8c64401b624ad822a705
ix-leg-bf7eb0b832b6361190c4,IX 1521,IX1521,AXB,IXZ,CCU,accepted,current,true,1,2,new airport pair vs pinned runtime,false,DGCA-AIX-2026-R1224;DGCA-AIX-2026-R1431,p22/physical-row-046/section=Kolkata/printed=11/source-row=DGCA-AIX-2026-R1224/lineage=ead00be95802fb3e4dbb682033d5011385e44ddd37c346e0dd8e597db2e379fd;p26/physical-row-033/section=Port Blair/printed=2/source-row=DGCA-AIX-2026-R1431/lineage=8940df4a8d3abd57aa7b9216df616170d3e912fb850c8b7138004a8aafc30286
ix-leg-8ba083305a1ee5170721,IX 1522,IX1522,AXB,IXA,CCU,accepted,current,true,1,2,present in pinned runtime (any carrier),false,DGCA-AIX-2026-R0002;DGCA-AIX-2026-R1233,p01/physical-row-002/section=Agartala/printed=2/source-row=DGCA-AIX-2026-R0002/lineage=fd46ff9532dcca470b22b76705217f40a9bd2fa2278c40b9821e138f4a04132a;p23/physical-row-002/section=Kolkata/printed=20/source-row=DGCA-AIX-2026-R1233/lineage=4d174bd66f2bbbb22a8233d1a7cf875872c52ad47ec21de53bde6cd1b25e278b
ix-leg-42072f85d3e1c84cde9b,IX 1523,IX1523,AXB,CCU,IXA,accepted,current,true,2,2,present in pinned runtime (any carrier),false,DGCA-AIX-2026-R1236;DGCA-AIX-2026-R0117,p23/physical-row-005/section=Kolkata/printed=23/source-row=DGCA-AIX-2026-R1236/lineage=5d1e6e7677dbf24b12963534c3d12d5024e86f55c85a6b4be46019d1b671c4f6;p03/physical-row-021/section=Agartala/printed=117/source-row=DGCA-AIX-2026-R0117/lineage=81afd352aed3220686b35bfaebfc22c2e3cd5899953981d05fdb3a8e8bdbfc0c
ix-leg-b5b0b74e5ddd3db050a5,IX 1523,IX1523,AXB,IMF,IXB,accepted,current,true,1,1,new airport pair vs pinned runtime,false,DGCA-AIX-2026-R0155,p04/physical-row-005/section=Bagdogra/printed=22/source-row=DGCA-AIX-2026-R0155/lineage=1efbba21f6231d1a74c9bf328a6de6e0b927e60dc8feaa27f921d3ae593ed9ca
ix-leg-25c9fa13565701b26b68,IX 1523,IX1523,AXB,IXB,DEL,accepted,current,true,4,4,present in pinned runtime (any carrier),false,DGCA-AIX-2026-R0869;DGCA-AIX-2026-R0159;DGCA-AIX-2026-R0870;DGCA-AIX-2026-R0871,p16/physical-row-029/section=Delhi/printed=103/source-row=DGCA-AIX-2026-R0869/lineage=ccf18660299bb9099c4021b8b792e9668ba3407314e44af811720e2cecd0c7c4;p04/physical-row-009/section=Bagdogra/printed=26/source-row=DGCA-AIX-2026-R0159/lineage=a7fd9e142ea3e5ec401da33435a1d8a75041f640a807cc7bfe81faf180fd0770;p16/physical-row-030/section=Delhi/printed=104/source-row=DGCA-AIX-2026-R0870/lineage=a565cb7c174f02b886ca9d953799a560a9238f733cbd99948fa88d7bf5ac6753;p16/physical-row-031/section=Delhi/printed=105/source-row=DGCA-AIX-2026-R0871/lineage=81c04c892b5b1cc532ea05fc0540e72947665164e70c5ff97d9d72f6c20bf4b0
ix-leg-ee6f0c0414f38c4b8411,IX 1526,IX1526,AXB,BLR,JAI,accepted,current,true,2,4,present in pinned runtime (any carrier),false,DGCA-AIX-2026-R0600;DGCA-AIX-2026-R1185;DGCA-AIX-2026-R0343;DGCA-AIX-2026-R1165,p11/physical-row-045/section=Bangalore/printed=424/source-row=DGCA-AIX-2026-R0600/lineage=f0ca480e3eaad7248dd9f3c2870a9dee919eed161b072c26bae85b692d4b67d6;p22/physical-row-007/section=Jaipur/printed=46/source-row=DGCA-AIX-2026-R1185/lineage=4fa5dacf9a95d2f52e5c925cfc56f194a14dcf6e2525aea5ee4c3574bfec7ebc;p07/physical-row-020/section=Bangalore/printed=167/source-row=DGCA-AIX-2026-R0343/lineage=41e88d4efb76cef6f7169624bfa4756f196b51fa9c9135285698b6776d8e9233;p21/physical-row-043/section=Jaipur/printed=26/source-row=DGCA-AIX-2026-R1165/lineage=2d49df30ff6beb442ffda25bd4971c7048eb82c4b3348dcf4756e97cf1dc1995
ix-leg-4318702485025d793cdc,IX 1529,IX1529,AXB,BLR,GOI,accepted,current,true,1,1,present in pinned runtime (any carrier),false,DGCA-AIX-2026-R0972,p18/physical-row-018/section=Goa/printed=18/source-row=DGCA-AIX-2026-R0972/lineage=bbfe99a6c0df88c26bde595edc9d0f792b2ecf57f2ff2dbe55508e69365f64ca
ix-leg-7ef7b66b0142cf5718a1,IX 1530,IX1530,AXB,IXR,BLR,accepted,current,true,2,2,new airport pair vs pinned runtime,false,DGCA-AIX-2026-R1479;DGCA-AIX-2026-R0503,p27/physical-row-026/section=Ranchi/printed=8/source-row=DGCA-AIX-2026-R1479/lineage=896d958f611dab7af95c6ac325f2e71055f0ffdee83ab4c18bb0ea693fd3c1e9;p10/physical-row-006/section=Bangalore/printed=327/source-row=DGCA-AIX-2026-R0503/lineage=2a489271e73c936e05fdf3d3e69013f1e51e2df2ed51c7d8f4cfac3d3ab5b30f
ix-leg-b786656a7773365a32e0,IX 1531,IX1531,AXB,BLR,IXE,accepted,current,true,4,4,new airport pair vs pinned runtime,false,DGCA-AIX-2026-R0504;DGCA-AIX-2026-R0505;DGCA-AIX-2026-R1318;DGCA-AIX-2026-R0506,p10/physical-row-007/section=Bangalore/printed=328/source-row=DGCA-AIX-2026-R0504/lineage=b0eb6ded411fdc17b83a445b005cfaa667922f5c390ebac8d58021a3e64d347f;p10/physical-row-008/section=Bangalore/printed=329/source-row=DGCA-AIX-2026-R0505/lineage=39af361504b996d36fe0ae5cad90b5253e2dd01f84c4ec6a7a8e87a2f404cda3;p24/physical-row-031/section=Mangalore/printed=27/source-row=DGCA-AIX-2026-R1318/lineage=a63e887804e3c223878d16b460432f49386a6593f823494bf1b047046d964f68;p10/physical-row-009/section=Bangalore/printed=330/source-row=DGCA-AIX-2026-R0506/lineage=72928aabb8f389368a086a85f394c301fe356e62eefad90dbb8188c7fdf78c4c
ix-leg-04d972ea92b3c921b838,IX 1532,IX1532,AXB,IXB,CCU,accepted,current,true,4,4,present in pinned runtime (any carrier),false,DGCA-AIX-2026-R1248;DGCA-AIX-2026-R0175;DGCA-AIX-2026-R0176;DGCA-AIX-2026-R1247,p23/physical-row-017/section=Kolkata/printed=35/source-row=DGCA-AIX-2026-R1248/lineage=eec4805d8bb23ef76dc7c93a445dc4e3e257fb970d25ce113fe62a41861c0b09;p04/physical-row-025/section=Bagdogra/printed=42/source-row=DGCA-AIX-2026-R0175/lineage=194aa7cdc69c8b4608714dda0eaa16fb86474cc631307719f4d15802fff476ab;p04/physical-row-026/section=Bagdogra/printed=43/source-row=DGCA-AIX-2026-R0176/lineage=ecabc123ce990152e9a09f0e617b48f5c6662d99dc6a29be2587ac0697967519;p23/physical-row-016/section=Kolkata/printed=34/source-row=DGCA-AIX-2026-R1247/lineage=fb9d8844261d7aa17bbf2d4237b7f05dbff30011b24fbe0d5efb4485edb30241
ix-leg-6a457722ebc8b59db65f,IX 1534,IX1534,AXB,BLR,GOI,accepted,current,true,3,3,present in pinned runtime (any carrier),false,DGCA-AIX-2026-R0607;DGCA-AIX-2026-R0977;DGCA-AIX-2026-R0606,p11/physical-row-052/section=Bangalore/printed=431/source-row=DGCA-AIX-2026-R0607/lineage=dac6eab3dbb1ca8769f89106fd47bca5093eddf65ade82d100430d4d3d056ccb;p18/physical-row-023/section=Goa/printed=23/source-row=DGCA-AIX-2026-R0977/lineage=8117792f00638d1218a6f275afb60185de5b6e6fc1d173a1837064158fba19fc;p11/physical-row-051/section=Bangalore/printed=430/source-row=DGCA-AIX-2026-R0606/lineage=3e6d66f0ff9f6d6f18a4cc5a3c1b2e437d699399acafcba2fcf415df70d9113e
ix-leg-e63f70743bb0e5ee767a,IX 1534,IX1534,AXB,DED,BLR,accepted,current,true,1,1,present in pinned runtime (any carrier),false,DGCA-AIX-2026-R0764,p14/physical-row-036/section=Dehradun/printed=2/source-row=DGCA-AIX-2026-R0764/lineage=b61e42949b9cae065d11ba5b37b1fd05a79843787814d8876f8a731e4575184f
ix-leg-488adc8bc35e23f11e15,IX 1536,IX1536,AXB,BLR,BBI,accepted,current,true,1,2,present in pinned runtime (any carrier),false,DGCA-AIX-2026-R0508;DGCA-AIX-2026-R0724,p10/physical-row-011/section=Bangalore/printed=332/source-row=DGCA-AIX-2026-R0508/lineage=b365ce28d65a3a42955c0a3e012702eb0a491d1af9c8d32371b66149b6f4531c;p13/physical-row-053/section=Bhubneshwar/printed=11/source-row=DGCA-AIX-2026-R0724/lineage=d3efeb5dd665f5883f0989ac247ec2170a64ba9e2b66d4bf540292affc1950f2
ix-leg-6cc6f8dde195d4b5dd31,IX 1537,IX1537,AXB,BOM,DED,accepted,current,true,1,1,present in pinned runtime (any carrier),false,DGCA-AIX-2026-R0765,p14/physical-row-037/section=Dehradun/printed=3/source-row=DGCA-AIX-2026-R0765/lineage=1432ea417ec9fb71acc8efae5d115af2fff1ce11585d47e8a33761f11b16843a
ix-leg-a14521338d7985e68d5e,IX 1538,IX1538,AXB,CCU,BLR,accepted,current,true,3,3,present in pinned runtime (any carrier),false,DGCA-AIX-2026-R0580;DGCA-AIX-2026-R1237;DGCA-AIX-2026-R0583,p11/physical-row-025/section=Bangalore/printed=404/source-row=DGCA-AIX-2026-R0580/lineage=437b8de14042ec64165127f6c246178d906604866893c08c1bffe44759e2bb78;p23/physical-row-006/section=Kolkata/printed=24/source-row=DGCA-AIX-2026-R1237/lineage=8d5ee7533fe2ce12cefe138573acf21d1469d9e855192e1db25dc698208a5432;p11/physical-row-028/section=Bangalore/printed=407/source-row=DGCA-AIX-2026-R0583/lineage=df04011d52d178e426eb446a7fbe278e8faafbb82d52e9bc8dabd208b705f4da
ix-leg-d40c3685778e719ef4e1,IX 1539,IX1539,AXB,BLR,GOI,accepted,current,true,4,4,present in pinned runtime (any carrier),false,DGCA-AIX-2026-R0511;DGCA-AIX-2026-R0974;DGCA-AIX-2026-R0513;DGCA-AIX-2026-R0512,p10/physical-row-014/section=Bangalore/printed=335/source-row=DGCA-AIX-2026-R0511/lineage=b4b4620b2923293650e3063c180e5a7c51288f5456ec5fe93fc3a8fc231c6c9d;p18/physical-row-020/section=Goa/printed=20/source-row=DGCA-AIX-2026-R0974/lineage=b557479dec0aac3e3991e330c1ec25e973a943d1c9c678db144597bc85de3923;p10/physical-row-016/section=Bangalore/printed=337/source-row=DGCA-AIX-2026-R0513/lineage=131d5cfc9ddd55ac0ea24d0775ccba55002b44862dc43bd206aed1241ce5c72c;p10/physical-row-015/section=Bangalore/printed=336/source-row=DGCA-AIX-2026-R0512/lineage=20d0c5048315eb65141711bc361af77e72fc84d7f655d0c05af8afbb9106b6b9
ix-leg-de1b46f2f236fd4627c1,IX 1540,IX1540,AXB,BLR,VNS,accepted,current,true,3,3,new airport pair vs pinned runtime,false,DGCA-AIX-2026-R0514;DGCA-AIX-2026-R1708;DGCA-AIX-2026-R0515,p10/physical-row-017/section=Bangalore/printed=338/source-row=DGCA-AIX-2026-R0514/lineage=f9c7a597f98af9d6a37eb301610bf7955a2e49323dde2a499cb271ee80fa79b1;p31/physical-row-028/section=Varanasi/printed=9/source-row=DGCA-AIX-2026-R1708/lineage=6ca00594fad044a6db3dffba1ad5685ee48bb3397737c448a20fe4ad06d3e5ff;p10/physical-row-018/section=Bangalore/printed=339/source-row=DGCA-AIX-2026-R0515/lineage=bb8dabe87f0b3d95b8cc4b60fee0f140f361a84297c63b60574446fbd59433a5
ix-leg-e374ee35311c9f59772c,IX 1541,IX1541,AXB,BLR,LKO,accepted,current,true,1,2,new airport pair vs pinned runtime,false,DGCA-AIX-2026-R0584;DGCA-AIX-2026-R1288,p11/physical-row-029/section=Bangalore/printed=408/source-row=DGCA-AIX-2026-R0584/lineage=5b3965c892c8acb54125b3cbdf5a626788a1daee42a726db9285f3884b794c73;p24/physical-row-001/section=Lucknow/printed=23/source-row=DGCA-AIX-2026-R1288/lineage=3a5954583f41bdcf28e0f4930410e862a9640baaeb06541384f0af3793ac1874
ix-leg-7821e04436f0ca058e5f,IX 1542,IX1542,AXB,LKO,BLR,accepted,current,true,3,3,new airport pair vs pinned runtime,false,DGCA-AIX-2026-R1289;DGCA-AIX-2026-R0178;DGCA-AIX-2026-R0177,p24/physical-row-002/section=Lucknow/printed=24/source-row=DGCA-AIX-2026-R1289/lineage=ecfa696cde97eae9e77e52a85816c8c1276f3443c140c1b90670f70be69aa9cd;p04/physical-row-028/section=Bangalore/printed=2/source-row=DGCA-AIX-2026-R0178/lineage=d97bf3adda2be92643f9424ff42b7d668b882e30fca5ed0d715b954d0384bf73;p04/physical-row-027/section=Bangalore/printed=1/source-row=DGCA-AIX-2026-R0177/lineage=6c4d0982b7003ac873ea18b49e165751c5b616d3c52f38a04fda712bfc775849
ix-leg-a29f30df2e5d1ba18609,IX 1543,IX1543,AXB,GOI,BLR,accepted,current,true,1,1,present in pinned runtime (any carrier),false,DGCA-AIX-2026-R0973,p18/physical-row-019/section=Goa/printed=19/source-row=DGCA-AIX-2026-R0973/lineage=3a2bca139f5d9fd51a0c1b75dd9743a2c794fae40bf29103859615f42f31c1b0
ix-leg-4581b17fba44204c5c6d,IX 1546,IX1546,AXB,CCJ,BLR,accepted,current,true,5,5,present in pinned runtime (any carrier),false,DGCA-AIX-2026-R1262;DGCA-AIX-2026-R1263;DGCA-AIX-2026-R0447;DGCA-AIX-2026-R0445;DGCA-AIX-2026-R0446,p23/physical-row-031/section=Kozhikode/printed=7/source-row=DGCA-AIX-2026-R1262/lineage=109ed21c01a1badcc89b86a4a9216ba48ea32cdc7fd8cb9e2dba445666827744;p23/physical-row-032/section=Kozhikode/printed=8/source-row=DGCA-AIX-2026-R1263/lineage=374aab4bb05e122267bd31711eb4d4881a4144ba180ed5277925bcb7d580f891;p09/physical-row-008/section=Bangalore/printed=271/source-row=DGCA-AIX-2026-R0447/lineage=3c829a46ab1bc6f7f2a1f8c11f1dcda9979e9f9ff949c2aa8c5343bfafe338f6;p09/physical-row-006/section=Bangalore/printed=269/source-row=DGCA-AIX-2026-R0445/lineage=393cca0976c09dbb8a58706c204c060187b2f8c03e9e761f26f85cafee5969ba;p09/physical-row-007/section=Bangalore/printed=270/source-row=DGCA-AIX-2026-R0446/lineage=b89ad3603a80fa0b0ecaa9475e6c51f4391d61b4824f1f0fc3382a5b4fcc7ce3
ix-leg-5a25150648f02091d9bc,IX 1547,IX1547,AXB,DIB,IXB,accepted,current,true,11,11,present in pinned runtime (any carrier),false,DGCA-AIX-2026-R0952;DGCA-AIX-2026-R0169;DGCA-AIX-2026-R0950;DGCA-AIX-2026-R0948;DGCA-AIX-2026-R0945;DGCA-AIX-2026-R0951;DGCA-AIX-2026-R0944;DGCA-AIX-2026-R0946;DGCA-AIX-2026-R0949;DGCA-AIX-2026-R0943;DGCA-AIX-2026-R0947,p17/physical-row-054/section=Dibrugarh/printed=26/source-row=DGCA-AIX-2026-R0952/lineage=1fe1b3f3eeba1384e5a55a451c32447ced80e0abcd85e2d2c6f76e214dad6203;p04/physical-row-019/section=Bagdogra/printed=36/source-row=DGCA-AIX-2026-R0169/lineage=e62d30a2540acf61be7607072e6f7854a4e16a92559b5e924e714ea3473ea91c;p17/physical-row-052/section=Dibrugarh/printed=24/source-row=DGCA-AIX-2026-R0950/lineage=1714ab30a2cf8f6cf61c98ed9bfcfb3f7bdb4195adf5582d727f525b17b59a14;p17/physical-row-050/section=Dibrugarh/printed=22/source-row=DGCA-AIX-2026-R0948/lineage=df9b9e93b506e0e3c14f5139ec5208803dad7c29b21a6e4db88483aa606922ae;p17/physical-row-047/section=Dibrugarh/printed=19/source-row=DGCA-AIX-2026-R0945/lineage=a53bdd8dce508cd3b306263fa12d9a73a5043c0a4dc88521c4faeff6b81c9c00;p17/physical-row-053/section=Dibrugarh/printed=25/source-row=DGCA-AIX-2026-R0951/lineage=a04ddb95ead09b6bddc2807f3c3a4649f36dd3e5307ec629cac26dce2280d8c3;p17/physical-row-046/section=Dibrugarh/printed=18/source-row=DGCA-AIX-2026-R0944/lineage=b56acf78aa7bda9b268ea79a49c92628600dbb429b4b20ff335ad04a6e75b790;p17/physical-row-048/section=Dibrugarh/printed=20/source-row=DGCA-AIX-2026-R0946/lineage=5709363f43a6e8dc8934319eb85b10e1d73ba751633f18d9d4f65300ee5d3a7b;p17/physical-row-051/section=Dibrugarh/printed=23/source-row=DGCA-AIX-2026-R0949/lineage=e81ea92e59dac6da572924a8dbb6c6cdb43b03814f9d6faa65c4cd7e97967588;p17/physical-row-045/section=Dibrugarh/printed=17/source-row=DGCA-AIX-2026-R0943/lineage=bd5195c9b1c1623b1abe2978654514c8179902622d8fa7f6bde8ef30ce32ece7;p17/physical-row-049/section=Dibrugarh/printed=21/source-row=DGCA-AIX-2026-R0947/lineage=6a09ba20032b9dbb3feeee39ee6551aa9e182717bcb5180ff405a82b9e665795
ix-leg-de2b8933b6b7b6e481ed,IX 1547,IX1547,AXB,IXB,BOM,accepted,current,true,6,6,new airport pair vs pinned runtime,false,DGCA-AIX-2026-R1390;DGCA-AIX-2026-R0170;DGCA-AIX-2026-R1388;DGCA-AIX-2026-R1392;DGCA-AIX-2026-R1389;DGCA-AIX-2026-R1391,p25/physical-row-048/section=Mumbai/printed=55/source-row=DGCA-AIX-2026-R1390/lineage=0ba8953e18c5643c6efe7171b8e0f02fadeaf24ecf4fdb60b8a6a23a50f63830;p04/physical-row-020/section=Bagdogra/printed=37/source-row=DGCA-AIX-2026-R0170/lineage=bf771b28edd88310418b1214a56031623ab3aaf6e445580630890db7f8bdf283;p25/physical-row-046/section=Mumbai/printed=53/source-row=DGCA-AIX-2026-R1388/lineage=fe58974fd14512a1faaf5ce8aa86f655168dbe7a154072dbfdd6849c5c2e65c9;p25/physical-row-050/section=Mumbai/printed=57/source-row=DGCA-AIX-2026-R1392/lineage=9b82deefdc612fc2ede9eab3c45ca1baf90cc16f7b8f47cf731234af328d730a;p25/physical-row-047/section=Mumbai/printed=54/source-row=DGCA-AIX-2026-R1389/lineage=8688085aeb958cf4af7eb6688372a678a95ea484ed0d447dd436a089370408d7;p25/physical-row-049/section=Mumbai/printed=56/source-row=DGCA-AIX-2026-R1391/lineage=f0128872cee3717296f3aff589ad445a9a387b213f6dc6dc5c281d942228e2a0
ix-leg-fe418e26c40969c1d1c3,IX 1561,IX1561,AXB,DEL,DIB,accepted,current,true,3,3,new airport pair vs pinned runtime,false,DGCA-AIX-2026-R0930;DGCA-AIX-2026-R0825;DGCA-AIX-2026-R0929,p17/physical-row-032/section=Dibrugarh/printed=4/source-row=DGCA-AIX-2026-R0930/lineage=9c9f7cdd5459c98a88aae3a66280c154db4c3d0a5df5b06013548d0886e7932a;p15/physical-row-043/section=Delhi/printed=59/source-row=DGCA-AIX-2026-R0825/lineage=2f3e2ff53c810ee7e7df72a35889b952934cc812f45bd87f51a187b76daa3215;p17/physical-row-031/section=Dibrugarh/printed=3/source-row=DGCA-AIX-2026-R0929/lineage=05d3a36d2d218f3ce3856a4e10dca47cadc4b4f6e84b5961ad4bac961d77e94a
ix-leg-ef4aff787902041a8205,IX 1562,IX1562,AXB,CCU,IDR,accepted,current,true,1,2,new airport pair vs pinned runtime,false,DGCA-AIX-2026-R1127;DGCA-AIX-2026-R1243,p21/physical-row-005/section=Indore/printed=5/source-row=DGCA-AIX-2026-R1127/lineage=005ace8f5e0b998516d5f5ccfaf8c1a1506001bc6244dee9d9888c597f45781f;p23/physical-row-012/section=Kolkata/printed=30/source-row=DGCA-AIX-2026-R1243/lineage=c4d022433ce7a6e0d4a55e101fa413181ce27b17d80b02e8059065744e9fc4ee
ix-leg-2555a27aeaab9df06b5d,IX 1562,IX1562,AXB,DIB,DEL,accepted,current,true,3,3,new airport pair vs pinned runtime,false,DGCA-AIX-2026-R0932;DGCA-AIX-2026-R0872;DGCA-AIX-2026-R0931,p17/physical-row-034/section=Dibrugarh/printed=6/source-row=DGCA-AIX-2026-R0932/lineage=080496ca30b0930482a6f17db4387c1a72f417c8441a18def7f0ba585be6bad0;p16/physical-row-032/section=Delhi/printed=106/source-row=DGCA-AIX-2026-R0872/lineage=b811a19e0c21b5f411347f38d2551bfae162f779cfe80fbd8dea3739b5a7db0d;p17/physical-row-033/section=Dibrugarh/printed=5/source-row=DGCA-AIX-2026-R0931/lineage=f5ad9e8d7ba9dcd8f0979d4a6bb890c2e435462b48d4037c5e617c522b36a52a
ix-leg-ef2cb05e9f782b7fa974,IX 1563,IX1563,AXB,IDR,CCU,accepted,future,true,1,1,new airport pair vs pinned runtime,false,DGCA-AIX-2026-R1255,p23/physical-row-024/section=Kolkata/printed=42/source-row=DGCA-AIX-2026-R1255/lineage=bea8bcbb5a94ae22c9bbc518079b6e550ccec7768f35b22dd1d90a1993935e32
ix-leg-eb187a2c59c17dbf3b61,IX 1564,IX1564,AXB,CCU,SXR,expired,expired-only,false,1,1,new airport pair vs pinned runtime,false,DGCA-AIX-2026-R1214,p22/physical-row-036/section=Kolkata/printed=1/source-row=DGCA-AIX-2026-R1214/lineage=036806864b7d2387b07f5aa494e3468dca70a6df1ff332385237d2697ed41d91
ix-leg-d05fed7a7be970dd12e1,IX 1565,IX1565,AXB,SXR,CCU,accepted,current,true,1,1,new airport pair vs pinned runtime,false,DGCA-AIX-2026-R1230,p22/physical-row-052/section=Kolkata/printed=17/source-row=DGCA-AIX-2026-R1230/lineage=5f661e36cced4870c9702492502e5bfbeb46d49102b35af16f312036875a0d19
ix-leg-2955cae9e8ec69c922c6,IX 1573,IX1573,AXB,HYD,IXB,accepted,current,true,1,1,new airport pair vs pinned runtime,false,DGCA-AIX-2026-R0135,p03/physical-row-039/section=Bagdogra/printed=2/source-row=DGCA-AIX-2026-R0135/lineage=df530a4b7d35c024e9db06c3d97ab400c2bbdebb0d2e82807cda545f22824c24
ix-leg-d249a1fba66bf4d7b2dd,IX 1574,IX1574,AXB,IXB,HYD,accepted,current,true,1,1,new airport pair vs pinned runtime,false,DGCA-AIX-2026-R0137,p03/physical-row-041/section=Bagdogra/printed=4/source-row=DGCA-AIX-2026-R0137/lineage=0de7a85077f1d506c168ddf28e163c3eb393e41ee00f34587d3d2f37e80fc263
ix-leg-eb9d2a27213146125668,IX 1575,IX1575,AXB,HYD,GAU,accepted,current,true,1,1,new airport pair vs pinned runtime,false,DGCA-AIX-2026-R1028,p19/physical-row-018/section=Guwahati/printed=16/source-row=DGCA-AIX-2026-R1028/lineage=02cf9e7ea3796c2f2db7adb12fad7ac65eaa5ac8a01330f02c80e7a268f21aae
ix-leg-4758f237b08d5cd610b6,IX 1576,IX1576,AXB,GAU,HYD,accepted,current,true,1,1,new airport pair vs pinned runtime,false,DGCA-AIX-2026-R1031,p19/physical-row-021/section=Guwahati/printed=19/source-row=DGCA-AIX-2026-R1031/lineage=2c75e5407c2f958fffbf9eee1f2dc27d2d9783aa7944947d074bd699bb61d450
ix-leg-06c81daf81ef6d69b559,IX 1577,IX1577,AXB,MAA,CCU,accepted,current,true,3,3,present in pinned runtime (any carrier),false,DGCA-AIX-2026-R1254;DGCA-AIX-2026-R0756;DGCA-AIX-2026-R1253,p23/physical-row-023/section=Kolkata/printed=41/source-row=DGCA-AIX-2026-R1254/lineage=082d23463c4b068a10476557f64ff280e0508e2c247dfc7dae97357b43a95978;p14/physical-row-028/section=Chennai/printed=21/source-row=DGCA-AIX-2026-R0756/lineage=66f5cac5d6387271289e3fa85017a59d07b0f4d3a595d890d5753bb4f348bcf7;p23/physical-row-022/section=Kolkata/printed=40/source-row=DGCA-AIX-2026-R1253/lineage=ea3e0abe6fcb43c7fceea32aedc88dc6634ca6aa3d183a21febe6996e2d3cb85
ix-leg-aae7efc9cf62da8fcade,IX 1580,IX1580,AXB,IXB,IMF,accepted,current,true,2,2,new airport pair vs pinned runtime,false,DGCA-AIX-2026-R1117;DGCA-AIX-2026-R0140,p20/physical-row-052/section=Imphal/printed=5/source-row=DGCA-AIX-2026-R1117/lineage=9640a923d2ff64d7aefd2b7de653fafcc64ba2a1ba502c9d12a5bab4bbf2f054;p03/physical-row-044/section=Bagdogra/printed=7/source-row=DGCA-AIX-2026-R0140/lineage=099f00b20ce6403d6e31e6eb2f9e165d4ca869fc7d7ce901c92b337e92e390d3
ix-leg-667b92f0373704969b76,IX 1581,IX1581,AXB,BLR,NMI,accepted,current,true,1,2,new airport pair vs pinned runtime,false,DGCA-AIX-2026-R0593;DGCA-AIX-2026-R1409,p11/physical-row-038/section=Bangalore/printed=417/source-row=DGCA-AIX-2026-R0593/lineage=02dab436a5b79618d22055eb2cb169588a1b4cb5700c4709fc34ccd805f77b6a;p26/physical-row-011/section=Navi Mumbai/printed=13/source-row=DGCA-AIX-2026-R1409/lineage=f9a9e2aadef9b66a0973c1b2edf681d998d66cd693c5cc615865a3ccf1a4b937
ix-leg-d557693a197804b88970,IX 1581,IX1581,AXB,IMF,IXB,accepted,current,true,3,3,new airport pair vs pinned runtime,false,DGCA-AIX-2026-R1118;DGCA-AIX-2026-R0139;DGCA-AIX-2026-R0138,p20/physical-row-053/section=Imphal/printed=6/source-row=DGCA-AIX-2026-R1118/lineage=8eec5fcdd84b9fe4bbe6957bfc8d73fa92109fbb6ec27a5ba44d58be6b785ef6;p03/physical-row-043/section=Bagdogra/printed=6/source-row=DGCA-AIX-2026-R0139/lineage=d1bbbc3b83697966ad0d5c9fb896009bc432c33dc1d9085b384d38e7f4698997;p03/physical-row-042/section=Bagdogra/printed=5/source-row=DGCA-AIX-2026-R0138/lineage=2831317a6a62c1d279bcfb5b16121a523a3967904b99010f55dc64934570cca4
ix-leg-c16fa98214886fad0ef3,IX 1581,IX1581,AXB,IXE,BLR,accepted,current,true,1,2,new airport pair vs pinned runtime,false,DGCA-AIX-2026-R0574;DGCA-AIX-2026-R1319,p11/physical-row-019/section=Bangalore/printed=398/source-row=DGCA-AIX-2026-R0574/lineage=a9e9d5425e006033ce0a404d94023b1f9acecec22fb0c820fbca6fa8b8932a35;p24/physical-row-032/section=Mangalore/printed=28/source-row=DGCA-AIX-2026-R1319/lineage=622fe41d5f3f2a16884bdd8490e075ff5901d7ba39f14384b9ff287d81f64b5b
ix-leg-6fb81ec77f98129a296f,IX 1583,IX1583,AXB,AMD,BLR,expired,expired-only,false,1,1,present in pinned runtime (any carrier),false,DGCA-AIX-2026-R0189,p04/physical-row-039/section=Bangalore/printed=13/source-row=DGCA-AIX-2026-R0189/lineage=4de0eada584abdd683baa03787c807ed5bb91d6ae4d32537ca95ad9b598a3324
ix-leg-b67a8664916dba5de7d6,IX 1604,IX1604,AXB,IXC,BLR,accepted,current,true,23,23,present in pinned runtime (any carrier),false,DGCA-AIX-2026-R0548;DGCA-AIX-2026-R0733;DGCA-AIX-2026-R0569;DGCA-AIX-2026-R0566;DGCA-AIX-2026-R0552;DGCA-AIX-2026-R0549;DGCA-AIX-2026-R0553;DGCA-AIX-2026-R0567;DGCA-AIX-2026-R0554;DGCA-AIX-2026-R0555;DGCA-AIX-2026-R0556;DGCA-AIX-2026-R0557;DGCA-AIX-2026-R0558;DGCA-AIX-2026-R0559;DGCA-AIX-2026-R0560;DGCA-AIX-2026-R0561;DGCA-AIX-2026-R0562;DGCA-AIX-2026-R0568;DGCA-AIX-2026-R0563;DGCA-AIX-2026-R0564;DGCA-AIX-2026-R0550;DGCA-AIX-2026-R0565;DGCA-AIX-2026-R0551,p10/physical-row-051/section=Bangalore/printed=372/source-row=DGCA-AIX-2026-R0548/lineage=ee24a555277cbfdda570c9926c870292352af7dd00b749845680a2f54eb76ccd;p14/physical-row-005/section=Chandigarh/printed=2/source-row=DGCA-AIX-2026-R0733/lineage=f2edf37f30eab39f9fc71b0dd5e22101d003424a48756f36605897060b969db3;p11/physical-row-014/section=Bangalore/printed=393/source-row=DGCA-AIX-2026-R0569/lineage=e80c1478d19ed7a76ab9dd956ce3986e0960c3ea54ebe3d8105b996db5c502be;p11/physical-row-011/section=Bangalore/printed=390/source-row=DGCA-AIX-2026-R0566/lineage=d2d15bbf18f7b7882b66d07bbdc83d0fafe47252d3123e1e6253e4a1ed8a4cde;p10/physical-row-055/section=Bangalore/printed=376/source-row=DGCA-AIX-2026-R0552/lineage=b48561dab8c1f09d9eccca76a3b2f26f0045d28554f7947d1a35062e07c20914;p10/physical-row-052/section=Bangalore/printed=373/source-row=DGCA-AIX-2026-R0549/lineage=c906fa57b570c4893826631326ee176f659776ea0f266a34bf1f0109f5d586ff;p10/physical-row-056/section=Bangalore/printed=377/source-row=DGCA-AIX-2026-R0553/lineage=e270146a4736631854175a5522a9266aac3d47a25c4075e76c511f79088c4104;p11/physical-row-012/section=Bangalore/printed=391/source-row=DGCA-AIX-2026-R0567/lineage=6e1c9b4433dbf3ddcf53754f3c468db76b25289a26e14cac60aba9e9cf735bf9;p10/physical-row-057/section=Bangalore/printed=378/source-row=DGCA-AIX-2026-R0554/lineage=75914b7c1e4c04aeab86038e5d97cc7da59faf4d3387f63b6b75bf082c4949db;p10/physical-row-058/section=Bangalore/printed=379/source-row=DGCA-AIX-2026-R0555/lineage=f9366905b291535e3cd29da7ddcce22c4a606852889e9ff6251409cacc953af4;p11/physical-row-001/section=Bangalore/printed=380/source-row=DGCA-AIX-2026-R0556/lineage=3639a45de923d36ee3d09b5e7d1df794fb657c82db2b679ac4a0cb29e0db4652;p11/physical-row-002/section=Bangalore/printed=381/source-row=DGCA-AIX-2026-R0557/lineage=86c2a845efcc3c35848a895018ee634fbb068eabdaf60ac1ca1dfc0757f1d59a;p11/physical-row-003/section=Bangalore/printed=382/source-row=DGCA-AIX-2026-R0558/lineage=d0496815bdada3f6de42fed2f32fa6b26cbe3e7b7efad03dddd03387f1161075;p11/physical-row-004/section=Bangalore/printed=383/source-row=DGCA-AIX-2026-R0559/lineage=4fa744608b5de6b466aac693809bc769c2c4ede37aea87806bb560b778cf59ec;p11/physical-row-005/section=Bangalore/printed=384/source-row=DGCA-AIX-2026-R0560/lineage=82c8b2bf1101c7a963a604999333486f032227d8fbacaf252c69b083af4adbf6;p11/physical-row-006/section=Bangalore/printed=385/source-row=DGCA-AIX-2026-R0561/lineage=73104a617b7c2fb05a9fe88603c0fed92f69e227f9e2527fa58b37d33fdb6ffb;p11/physical-row-007/section=Bangalore/printed=386/source-row=DGCA-AIX-2026-R0562/lineage=53147ad01cb1eeb943db6fb4f31b4508944e58185320e51ba31e5bdbb971320e;p11/physical-row-013/section=Bangalore/printed=392/source-row=DGCA-AIX-2026-R0568/lineage=c3fa2eb7a8915ae2d66535aefe1dec7e7b53b8569846ad763de486140d75a754;p11/physical-row-008/section=Bangalore/printed=387/source-row=DGCA-AIX-2026-R0563/lineage=17a9670a15e92546f88108e0dadd6e95e99b77d92355aa27ca619717f0f73650;p11/physical-row-009/section=Bangalore/printed=388/source-row=DGCA-AIX-2026-R0564/lineage=cb06ffcd763a244b909becd4ab657300e02d2d490c10c362ce2389e5849ffca0;p10/physical-row-053/section=Bangalore/printed=374/source-row=DGCA-AIX-2026-R0550/lineage=25031d4d168abf43bd114f85a05800e4990c37309d2481955400460df7319809;p11/physical-row-010/section=Bangalore/printed=389/source-row=DGCA-AIX-2026-R0565/lineage=eadfe436db9f86aa2512d65f5addc536bfc138fd4ca0fba03eb92d601b6fa3f9;p10/physical-row-054/section=Bangalore/printed=375/source-row=DGCA-AIX-2026-R0551/lineage=c55ae9d406a379df8150723953ca5ef67a48b67b7b2879d45c404262c476983a
ix-leg-8b81a7ed96c8ba6cb164,IX 1610,IX1610,AXB,CCU,IXZ,accepted,current,true,2,2,new airport pair vs pinned runtime,false,DGCA-AIX-2026-R1228;DGCA-AIX-2026-R1229,p22/physical-row-050/section=Kolkata/printed=15/source-row=DGCA-AIX-2026-R1228/lineage=6da823ae13f86f6fc699ef1bb53090b82763b2d00d43d6ed18028a5de4eed5e4;p22/physical-row-051/section=Kolkata/printed=16/source-row=DGCA-AIX-2026-R1229/lineage=39efacd59d8a0744786426e22dc3806c61838e212c6472cc061e475fece5f379
ix-leg-6c7ad4ec5fe7e13440e0,IX 1611,IX1611,AXB,IXZ,CCU,accepted,current,true,2,2,new airport pair vs pinned runtime,false,DGCA-AIX-2026-R1245;DGCA-AIX-2026-R1244,p23/physical-row-014/section=Kolkata/printed=32/source-row=DGCA-AIX-2026-R1245/lineage=8525fc9f93de13f7a7bd4c95fc248c952d53e3df14de808fdc4583754dd598fa;p23/physical-row-013/section=Kolkata/printed=31/source-row=DGCA-AIX-2026-R1244/lineage=62933b05a8e92aaeb117e7947d9bb9023df34869f5f903ac7d9368e4f37b34e0
ix-leg-b4aed40bd25b052b40e7,IX 1613,IX1613,AXB,CCU,PNQ,accepted,current,true,1,1,new airport pair vs pinned runtime,false,DGCA-AIX-2026-R1232,p23/physical-row-001/section=Kolkata/printed=19/source-row=DGCA-AIX-2026-R1232/lineage=3347cbd5bcb489ce261087fdd233c1861d9614b95f3c5cd8b14e42a073f06439
ix-leg-6d9e6df4c6bd83bc8999,IX 1615,IX1615,AXB,JAI,CCU,accepted,current,true,1,1,new airport pair vs pinned runtime,false,DGCA-AIX-2026-R1240,p23/physical-row-009/section=Kolkata/printed=27/source-row=DGCA-AIX-2026-R1240/lineage=1ad75f3547b70d94991cf08189a882efc82bbbe257b8f26660938adc8a63ab4a
ix-leg-87066fae0113b6a30160,IX 1617,IX1617,AXB,DEL,LKO,accepted,current,true,4,4,present in pinned runtime (any carrier),false,DGCA-AIX-2026-R0830;DGCA-AIX-2026-R1275;DGCA-AIX-2026-R0831;DGCA-AIX-2026-R1274,p15/physical-row-048/section=Delhi/printed=64/source-row=DGCA-AIX-2026-R0830/lineage=c5ed3ba9c301fd257b3e001c7dd57199c9769094a1f6cc0856fe6d4bbd96db84;p23/physical-row-044/section=Lucknow/printed=10/source-row=DGCA-AIX-2026-R1275/lineage=3f8047799ec7f9d34cea0e3bcbdec0282b8c272592465e7d8deafed26509c364;p15/physical-row-049/section=Delhi/printed=65/source-row=DGCA-AIX-2026-R0831/lineage=9d10ffbb723ca4ab965eff6522cf8c425db95a6d16f1c2dc9d63f6434b23a271;p23/physical-row-043/section=Lucknow/printed=9/source-row=DGCA-AIX-2026-R1274/lineage=dd587bc51b48237d4946f00042ab0dacc4b5c2f504ef5640467737ee6c646b8f
ix-leg-f0ef81d7cb7b766957c8,IX 1617,IX1617,AXB,LKO,PNQ,accepted,current,true,1,2,new airport pair vs pinned runtime,false,DGCA-AIX-2026-R1277;DGCA-AIX-2026-R1459,p23/physical-row-046/section=Lucknow/printed=12/source-row=DGCA-AIX-2026-R1277/lineage=45a70df30a2d1d4c266a49584bb2cdf28653b662c22e31c69633a583cf4cd3c6;p27/physical-row-006/section=Pune/printed=24/source-row=DGCA-AIX-2026-R1459/lineage=6afe163d781d2ac2a0ea49b3059f9fbf7fb66ea8271a97bc194ac377a6666c3d
ix-leg-a5c7d2026f454466969d,IX 1618,IX1618,AXB,LKO,DEL,accepted,current,true,3,4,present in pinned runtime (any carrier),false,DGCA-AIX-2026-R0897;DGCA-AIX-2026-R1287;DGCA-AIX-2026-R1278;DGCA-AIX-2026-R0849,p16/physical-row-057/section=Delhi/printed=131/source-row=DGCA-AIX-2026-R0897/lineage=f0a4dbae37e0645c79ce977411e59184666e8bd59c764ccd058656fe7398ea87;p23/physical-row-056/section=Lucknow/printed=22/source-row=DGCA-AIX-2026-R1287/lineage=604039e7b2360b81178cb0deaf1c9a880a3f0599738bb409a196aa9369e40bd0;p23/physical-row-047/section=Lucknow/printed=13/source-row=DGCA-AIX-2026-R1278/lineage=8d7e643af8c408b731a385d588c564edc64077054722e4bfb0152a64b55430f5;p16/physical-row-009/section=Delhi/printed=83/source-row=DGCA-AIX-2026-R0849/lineage=71221bb90848b89243aad37d0bd66d5a8d9f449cd9a9ce8916aa3d158fc0acd4
ix-leg-bda7add99abbdf6354c1,IX 1618,IX1618,AXB,PNQ,LKO,accepted,current,true,1,2,new airport pair vs pinned runtime,false,DGCA-AIX-2026-R1286;DGCA-AIX-2026-R1460,p23/physical-row-055/section=Lucknow/printed=21/source-row=DGCA-AIX-2026-R1286/lineage=74084d6e3d1a4a169be23fae95d903c744987ccab2fe4f5a8b7780ed31fc1c96;p27/physical-row-007/section=Pune/printed=25/source-row=DGCA-AIX-2026-R1460/lineage=0d1cfdeeff57c7ddd727461a940f8114a8cb7a04f0072384d5a64472a5425f93
ix-leg-0db1c7784a68b531381d,IX 1619,IX1619,AXB,DEL,VNS,accepted,current,true,1,1,present in pinned runtime (any carrier),false,DGCA-AIX-2026-R1700,p31/physical-row-020/section=Varanasi/printed=1/source-row=DGCA-AIX-2026-R1700/lineage=3092b660ff01d7af8ad6c5b279dc9391a3dcf742e46a73a16ff655a53c30b070
ix-leg-fbbc504426781582fb6e,IX 1620,IX1620,AXB,VNS,DEL,accepted,current,true,1,1,present in pinned runtime (any carrier),false,DGCA-AIX-2026-R1703,p31/physical-row-023/section=Varanasi/printed=4/source-row=DGCA-AIX-2026-R1703/lineage=c942296eb57254b786e4054d2ef9088cce2e137aa750ff4a46d071ecc00c018e
ix-leg-2d5ec24c4df8cb56db77,IX 1621,IX1621,AXB,JAI,GOI,accepted,current,true,1,1,new airport pair vs pinned runtime,false,DGCA-AIX-2026-R0959,p18/physical-row-005/section=Goa/printed=5/source-row=DGCA-AIX-2026-R0959/lineage=fe956638351ddec960a50d71d3573de58262f5b50ae85915382533d3cc8310c4
ix-leg-afa1476f2ddf77968d89,IX 1622,IX1622,AXB,GOI,JAI,accepted,current,true,1,1,new airport pair vs pinned runtime,false,DGCA-AIX-2026-R0962,p18/physical-row-008/section=Goa/printed=8/source-row=DGCA-AIX-2026-R0962/lineage=d471bf75d192fae09c0e9ab78927e9f03cb8633b16ad39e1c62cc5d38e33bc2d
ix-leg-a3a3c589ada50c0bbfa6,IX 1623,IX1623,AXB,DEL,GOI,accepted,current,true,2,2,present in pinned runtime (any carrier),false,DGCA-AIX-2026-R0813;DGCA-AIX-2026-R0958,p15/physical-row-031/section=Delhi/printed=47/source-row=DGCA-AIX-2026-R0813/lineage=3dddde507e7d8818d403ed6aecdc2e5c22379962ba3201369ec002879afd9328;p18/physical-row-004/section=Goa/printed=4/source-row=DGCA-AIX-2026-R0958/lineage=09a3d7db28cf638ceb4be22a148797d61c346440313cb129e3008f7b3f7841f9
ix-leg-618df88524367d070d58,IX 1624,IX1624,AXB,GOI,DEL,accepted,current,true,1,1,present in pinned runtime (any carrier),false,DGCA-AIX-2026-R0960,p18/physical-row-006/section=Goa/printed=6/source-row=DGCA-AIX-2026-R0960/lineage=4e0e406b40076cc8441a2de4d66d6d88e99acd9cb596d33ceb33c0c3ca81286f
ix-leg-594fbefe41f897371487,IX 1629,IX1629,AXB,BOM,PAT,accepted,current,true,1,1,present in pinned runtime (any carrier),false,DGCA-AIX-2026-R1416,p26/physical-row-018/section=Patna/printed=4/source-row=DGCA-AIX-2026-R1416/lineage=6bf293a7f620a1eb6dbe90f74ebbf2cfca9bb850814283ab1bb7e81b4b472a92
ix-leg-81d5d39975585d3c1a62,IX 1630,IX1630,AXB,PAT,BOM,accepted,current,true,1,1,present in pinned runtime (any carrier),false,DGCA-AIX-2026-R1417,p26/physical-row-019/section=Patna/printed=5/source-row=DGCA-AIX-2026-R1417/lineage=d08c91dfa5ab5aa6d2adfcd76b42a22df75d16c58fa9ce426a5e40a11c12b3fe
ix-leg-1d3daaefd155a13f16a8,IX 1640,IX1640,AXB,NMI,BLR,accepted,current,true,4,4,new airport pair vs pinned runtime,false,DGCA-AIX-2026-R0688;DGCA-AIX-2026-R1411;DGCA-AIX-2026-R0689;DGCA-AIX-2026-R0687,p13/physical-row-017/section=Bangalore/printed=512/source-row=DGCA-AIX-2026-R0688/lineage=3b20a22ac23da4d1d72daa259a9c42b64714013bebe6d0a46fa352123573f6ba;p26/physical-row-013/section=Navi Mumbai/printed=15/source-row=DGCA-AIX-2026-R1411/lineage=4baf4b9eed07994fec0e6deb957eeb5733e1529c09ba0213a1f95b170e9521ea;p13/physical-row-018/section=Bangalore/printed=513/source-row=DGCA-AIX-2026-R0689/lineage=2293c24925b66d6f97f867005a6c02e79eb96bdbf5cf81e31142a564a63932a2;p13/physical-row-016/section=Bangalore/printed=511/source-row=DGCA-AIX-2026-R0687/lineage=671cb86c6ebb8b731586431f47feaf1b0a4b825fe48ae1b67bfc903a0f2567a7
ix-leg-b84adaa2cb2d4a9b55cb,IX 1641,IX1641,AXB,CCU,MAA,accepted,current,true,1,1,present in pinned runtime (any carrier),false,DGCA-AIX-2026-R0753,p14/physical-row-025/section=Chennai/printed=18/source-row=DGCA-AIX-2026-R0753/lineage=517458c4db1482eafb223a47efb2bbe11e2305683971914dcf28bb9cce71e1b3
ix-leg-ff482982429c16805ebf,IX 1671,IX1671,AXB,BOM,DEL,accepted,current,true,5,5,present in pinned runtime (any carrier),false,DGCA-AIX-2026-R0882;DGCA-AIX-2026-R1378;DGCA-AIX-2026-R1377;DGCA-AIX-2026-R0883;DGCA-AIX-2026-R1379,p16/physical-row-042/section=Delhi/printed=116/source-row=DGCA-AIX-2026-R0882/lineage=e97f7f9c1e95a7b6e2b9d757c1aafedc8ba82b69cd09e4ef71b28b892237d392;p25/physical-row-036/section=Mumbai/printed=43/source-row=DGCA-AIX-2026-R1378/lineage=3a32fd03485ab6b15e80cb25a31a886c8071eb31150baef92cd2b69b56faea2f;p25/physical-row-035/section=Mumbai/printed=42/source-row=DGCA-AIX-2026-R1377/lineage=aa7c1fa49907816425f2985786b21ac940094568095061f51fbee739b7355c67;p16/physical-row-043/section=Delhi/printed=117/source-row=DGCA-AIX-2026-R0883/lineage=f5c270629a0b5878707bc7ec671a965254fd20e0d981ac920a51a42a2d9c63fe;p25/physical-row-037/section=Mumbai/printed=44/source-row=DGCA-AIX-2026-R1379/lineage=8a5c178a74b92e674c973050ad6d5dc7426584997b8b3b568b4a8353234fedda
ix-leg-73a12f4801e4119a6fad,IX 1671,IX1671,AXB,IXE,BOM,accepted,current,true,1,2,present in pinned runtime (any carrier),false,DGCA-AIX-2026-R1317;DGCA-AIX-2026-R1374,p24/physical-row-030/section=Mangalore/printed=26/source-row=DGCA-AIX-2026-R1317/lineage=1b6d5a64b661cf03069f144808c6c12c4fa461c46cdd7d11594e9e61fa0398a4;p25/physical-row-032/section=Mumbai/printed=39/source-row=DGCA-AIX-2026-R1374/lineage=82d267feac8fa79fa41c96d36306660d39e4d4f789d3d7cbbded3bdb435bf6fe
ix-leg-ae7811d5ac2d5bddf21b,IX 1683,IX1683,AXB,DEL,ATQ,accepted,current,true,3,3,present in pinned runtime (any carrier),false,DGCA-AIX-2026-R0908;DGCA-AIX-2026-R0130;DGCA-AIX-2026-R0823,p17/physical-row-010/section=Delhi/printed=142/source-row=DGCA-AIX-2026-R0908/lineage=3057bca1b05bc59c95e927a0067fde03d9d2940532ec4e2ac719506276242226;p03/physical-row-034/section=Amritsar/printed=2/source-row=DGCA-AIX-2026-R0130/lineage=194b58468212480b8df0a02245c61540d883efc76077b645b03725dac23cdbe0;p15/physical-row-041/section=Delhi/printed=57/source-row=DGCA-AIX-2026-R0823/lineage=ee5a428dfa79694461c4ac9ae87fde068c490f93c121d33e4e5bedc3aab49dec
ix-leg-7965fea3f7354d153752,IX 1684,IX1684,AXB,ATQ,DEL,accepted,current,true,2,2,present in pinned runtime (any carrier),false,DGCA-AIX-2026-R0815;DGCA-AIX-2026-R0129,p15/physical-row-033/section=Delhi/printed=49/source-row=DGCA-AIX-2026-R0815/lineage=801bbd1738ccef0dc9deb20e7582dc98f5095c2a4b9de1b6ec9fc24a0df7d535;p03/physical-row-033/section=Amritsar/printed=1/source-row=DGCA-AIX-2026-R0129/lineage=e5a4ef4d801d016d4537079213f73d84c030a88361067379a188d5af093456d9
ix-leg-df5929ca2fbb4932ce88,IX 1692,IX1692,AXB,DEL,BLR,accepted,current,true,1,1,present in pinned runtime (any carrier),false,DGCA-AIX-2026-R0809,p15/physical-row-027/section=Delhi/printed=43/source-row=DGCA-AIX-2026-R0809/lineage=c186e368e0acf88b9c1f7a3236fbd105404a0a74f1e58950de522a93c3ed6cae
ix-leg-19d33cfe8e8bd8eeb054,IX 1692,IX1692,AXB,GWL,BLR,accepted,current,true,1,2,new airport pair vs pinned runtime,false,DGCA-AIX-2026-R0435;DGCA-AIX-2026-R1061,p08/physical-row-054/section=Bangalore/printed=259/source-row=DGCA-AIX-2026-R0435/lineage=df0f172fe44d27129425888f9213b7cd96b2c5b51098458f425ec3b73f8e8cf9;p19/physical-row-051/section=Gwalior/printed=2/source-row=DGCA-AIX-2026-R1061/lineage=98d58fc1e7078cb413575218599495f01ceb3ab1daffa484009b5335d10060e3
ix-leg-230f28b54a0e5c9ae552,IX 1781,IX1781,AXB,IXE,DEL,accepted,current,true,11,11,new airport pair vs pinned runtime,false,DGCA-AIX-2026-R1306;DGCA-AIX-2026-R0844;DGCA-AIX-2026-R1310;DGCA-AIX-2026-R1315;DGCA-AIX-2026-R1308;DGCA-AIX-2026-R1313;DGCA-AIX-2026-R1314;DGCA-AIX-2026-R1311;DGCA-AIX-2026-R1307;DGCA-AIX-2026-R1309;DGCA-AIX-2026-R1312,p24/physical-row-019/section=Mangalore/printed=15/source-row=DGCA-AIX-2026-R1306/lineage=24f69bf98d26ee1e7c392ce33972815427c6e0004e1a0efbdfc517ef9516ec4c;p16/physical-row-004/section=Delhi/printed=78/source-row=DGCA-AIX-2026-R0844/lineage=9746335808d1aba59fd7ea943a0a73150efb386f40dc46efb6d82c352e9144cb;p24/physical-row-023/section=Mangalore/printed=19/source-row=DGCA-AIX-2026-R1310/lineage=a7a7b0eb73d1acfbe2e9f433d1a822cd9a0d7a1501c6975877d7a6d10a2217bd;p24/physical-row-028/section=Mangalore/printed=24/source-row=DGCA-AIX-2026-R1315/lineage=f150789e5be8f4f5f887a311f7a4d818914d42774ffd4b37cad3e1af83251474;p24/physical-row-021/section=Mangalore/printed=17/source-row=DGCA-AIX-2026-R1308/lineage=70e7e1b6761f33d69ed82ae66e44eb2ea6efc452c2c540763f4042e7aaf6b526;p24/physical-row-026/section=Mangalore/printed=22/source-row=DGCA-AIX-2026-R1313/lineage=d216e2e2f3b40ddf276d54852bae85735b5b6c76857cd195523a3085563e14c5;p24/physical-row-027/section=Mangalore/printed=23/source-row=DGCA-AIX-2026-R1314/lineage=d87cf5ce4f0c1726648e82348e4760cb7eb43c8a3472c6945c96a86a02cea324;p24/physical-row-024/section=Mangalore/printed=20/source-row=DGCA-AIX-2026-R1311/lineage=c477f4e872a6522a6ea757e16fb9e27bb42072c4774a848a3e37d4f9141f2439;p24/physical-row-020/section=Mangalore/printed=16/source-row=DGCA-AIX-2026-R1307/lineage=018c5333e54939648f4dddc4f5ece014cb91a8833ea3308e23d9badd6ebb77c8;p24/physical-row-022/section=Mangalore/printed=18/source-row=DGCA-AIX-2026-R1309/lineage=5f4eba3cccc3eeca50464783e9a33e54f889d0fc2cd94c01e6ded615d0ebe32e;p24/physical-row-025/section=Mangalore/printed=21/source-row=DGCA-AIX-2026-R1312/lineage=7d977014e3cb6bd4fc113a745eec8e228edae71844c5ddf9af26fa7959ea5458
ix-leg-9fcd33057716affc7fdf,IX 1782,IX1782,AXB,DEL,IXE,accepted,current,true,9,9,new airport pair vs pinned runtime,false,DGCA-AIX-2026-R1324;DGCA-AIX-2026-R0851;DGCA-AIX-2026-R1330;DGCA-AIX-2026-R1329;DGCA-AIX-2026-R1327;DGCA-AIX-2026-R1326;DGCA-AIX-2026-R1323;DGCA-AIX-2026-R1328;DGCA-AIX-2026-R1325,p24/physical-row-037/section=Mangalore/printed=33/source-row=DGCA-AIX-2026-R1324/lineage=8472f73d168df5ef57d822dbabae5a84afbfc0254bf4ec0ef5160cf8dee26b9a;p16/physical-row-011/section=Delhi/printed=85/source-row=DGCA-AIX-2026-R0851/lineage=38117843c30e952cd2a26157cbb58c0d8b2e568e286cf4f16f20778d6f316bd2;p24/physical-row-043/section=Mangalore/printed=39/source-row=DGCA-AIX-2026-R1330/lineage=81b51dd1bd29d2946031d29922e03a3fe3ad6d0ffb067e09463c8005f43cbdc8;p24/physical-row-042/section=Mangalore/printed=38/source-row=DGCA-AIX-2026-R1329/lineage=f34b3a522674cdeb23a9a473227b0ab14fd53203b4e40deb260d2c247ad2489f;p24/physical-row-040/section=Mangalore/printed=36/source-row=DGCA-AIX-2026-R1327/lineage=b937ae0985b252fb0ab28a9b54144526fef13e0d15345f7d0aa2181bfeb7f2a0;p24/physical-row-039/section=Mangalore/printed=35/source-row=DGCA-AIX-2026-R1326/lineage=09b7a73044e7441270e6987285cb760486a11ea9751d6fae9940be89f8317ceb;p24/physical-row-036/section=Mangalore/printed=32/source-row=DGCA-AIX-2026-R1323/lineage=84227defd09b13841e13bf6fb74189eeb6dbc7a92e63f80cffe43408a9835604;p24/physical-row-041/section=Mangalore/printed=37/source-row=DGCA-AIX-2026-R1328/lineage=e535cd6b38e7cbbd5cd3703775c805109b2e07df5a1e6268cb440f89b0591ac7;p24/physical-row-038/section=Mangalore/printed=34/source-row=DGCA-AIX-2026-R1325/lineage=e88c406d7a371a969ac950bde479980728976f4e257ff08c02a73256f589fee5
ix-leg-810140ea737cd849a195,IX 1871,IX1871,AXB,BLR,CCU,accepted,current,true,3,3,present in pinned runtime (any carrier),false,DGCA-AIX-2026-R0601;DGCA-AIX-2026-R1249;DGCA-AIX-2026-R0602,p11/physical-row-046/section=Bangalore/printed=425/source-row=DGCA-AIX-2026-R0601/lineage=041e0bff7cf7e5867aee4168e58af44698909ae0251b3c2b4472b8751aceb04b;p23/physical-row-018/section=Kolkata/printed=36/source-row=DGCA-AIX-2026-R1249/lineage=47c1b374aee2f3d685dc674feb93dfc1d398f93dd6cb0211f51bf6ecf7af893b;p11/physical-row-047/section=Bangalore/printed=426/source-row=DGCA-AIX-2026-R0602/lineage=136f49604c5057053c99e367ecbfa1cf7ae783189c31d75ef858e4effde7636b
ix-leg-1f111cb922ee2f477b9c,IX 1893,IX1893,AXB,BLR,COK,accepted,current,true,6,6,present in pinned runtime (any carrier),false,DGCA-AIX-2026-R0294;DGCA-AIX-2026-R1205;DGCA-AIX-2026-R0297;DGCA-AIX-2026-R0296;DGCA-AIX-2026-R0295;DGCA-AIX-2026-R0293,p06/physical-row-029/section=Bangalore/printed=118/source-row=DGCA-AIX-2026-R0294/lineage=f8b869554518193734cb4583be7c92409f0f603f9b428d3ffd9d10ae2ccf7ddd;p22/physical-row-027/section=Kochi/printed=3/source-row=DGCA-AIX-2026-R1205/lineage=9d4405db34a6e49c61a460f2b81c952153a028f61e934011338adceac1ae6883;p06/physical-row-032/section=Bangalore/printed=121/source-row=DGCA-AIX-2026-R0297/lineage=5e0412f92094eee72c0573a0641f47ea9bae92571ab9d2eae84af915c04c4cb5;p06/physical-row-031/section=Bangalore/printed=120/source-row=DGCA-AIX-2026-R0296/lineage=1db987925135f6f42543547bc40ad1729590fd19b36e88324604e9aa83126682;p06/physical-row-030/section=Bangalore/printed=119/source-row=DGCA-AIX-2026-R0295/lineage=6d3e148546cac3bd7bf80213215401811747768debb4ff7e6dfab196d3b8c47e;p06/physical-row-028/section=Bangalore/printed=117/source-row=DGCA-AIX-2026-R0293/lineage=4b23da79e4517da2373b2f15958d44965bdf558acd8a43bdaf6d281c3918bd4d
ix-leg-1950d6d3d6fe4ed5adbd,IX 1894,IX1894,AXB,COK,BLR,accepted,current,true,9,9,present in pinned runtime (any carrier),false,DGCA-AIX-2026-R0455;DGCA-AIX-2026-R1206;DGCA-AIX-2026-R0458;DGCA-AIX-2026-R0457;DGCA-AIX-2026-R0456;DGCA-AIX-2026-R0437;DGCA-AIX-2026-R0440;DGCA-AIX-2026-R0439;DGCA-AIX-2026-R0438,p09/physical-row-016/section=Bangalore/printed=279/source-row=DGCA-AIX-2026-R0455/lineage=be3dfabbd6bf889ad29c3cbaa7ae2bfabff576df4a47a68382b5a116c9356503;p22/physical-row-028/section=Kochi/printed=4/source-row=DGCA-AIX-2026-R1206/lineage=7294b7fe447cda7f96b2783ab75106c4214051fe7ee3b3ce47f30ec7a9bb7d2f;p09/physical-row-019/section=Bangalore/printed=282/source-row=DGCA-AIX-2026-R0458/lineage=cffa553ebe98b5ca4d182256f77f698b5f0979f83880ab86ad988a8c0679819a;p09/physical-row-018/section=Bangalore/printed=281/source-row=DGCA-AIX-2026-R0457/lineage=73d22a80b1f5749c700c0ce1778db666f90a30e6a405f8ab562a428278c493b9;p09/physical-row-017/section=Bangalore/printed=280/source-row=DGCA-AIX-2026-R0456/lineage=245896c008c68f2ab932a3c64b2cc5b5ffb3ec0848a849789189c397f6c43d2d;p08/physical-row-056/section=Bangalore/printed=261/source-row=DGCA-AIX-2026-R0437/lineage=6420c2b1bcc00799a85e064627ecd792ea1063dee8399188831839517a35f447;p09/physical-row-001/section=Bangalore/printed=264/source-row=DGCA-AIX-2026-R0440/lineage=81b997163ac52f9ee178596955d03468750b36e26357673988d51b095ac388f7;p08/physical-row-058/section=Bangalore/printed=263/source-row=DGCA-AIX-2026-R0439/lineage=4f2ad9688a55756d0b9ad612391171209cb9eb711ec5be565f94438527a283fb;p08/physical-row-057/section=Bangalore/printed=262/source-row=DGCA-AIX-2026-R0438/lineage=782bffbebecd3ab16f7646954959e107d23936c29be7778eddf4244b49ff351c
ix-leg-2a5704dffd3963febe7e,IX 1896,IX1896,AXB,COK,BLR,accepted,current,true,1,2,present in pinned runtime (any carrier),false,DGCA-AIX-2026-R0509;DGCA-AIX-2026-R1207,p10/physical-row-012/section=Bangalore/printed=333/source-row=DGCA-AIX-2026-R0509/lineage=c7e1a6ed913cd3fdf485fa2d57b34ca0a3230f5e57a77efafec9b7710a286a16;p22/physical-row-029/section=Kochi/printed=5/source-row=DGCA-AIX-2026-R1207/lineage=54271f4b4fa76b9263a5122a1ce32238bd2eb082419841f55d690d3f6df25f88
ix-leg-d5fad99010a1429d0c4c,IX 1912,IX1912,AXB,GAU,BLR,expired,expired-only,false,1,1,present in pinned runtime (any carrier),false,DGCA-AIX-2026-R0194,p04/physical-row-044/section=Bangalore/printed=18/source-row=DGCA-AIX-2026-R0194/lineage=77ab906866f415e6e4c21f466a030f9ed277ccdb98c9c07acbedd556463511e1
ix-leg-caa245a79e1cc9c7b7c5,IX 1937,IX1937,AXB,IDR,DEL,accepted,future,true,1,1,present in pinned runtime (any carrier),false,DGCA-AIX-2026-R0912,p17/physical-row-014/section=Delhi/printed=146/source-row=DGCA-AIX-2026-R0912/lineage=c726446658a9d0241db135872f29ae9c57e7abfac6167414ab01abf8185da6d3
ix-leg-653bf42dd95637861bb0,IX 1953,IX1953,AXB,PAT,BLR,accepted,current,true,4,4,new airport pair vs pinned runtime,false,DGCA-AIX-2026-R0700;DGCA-AIX-2026-R1427;DGCA-AIX-2026-R0699;DGCA-AIX-2026-R0698,p13/physical-row-029/section=Bangalore/printed=524/source-row=DGCA-AIX-2026-R0700/lineage=f5948ddfdf483878c99cd306b3ca8f1af08cbbcee6c570f48a3b1cf2a9363660;p26/physical-row-029/section=Patna/printed=15/source-row=DGCA-AIX-2026-R1427/lineage=0e387a8cbaf4b2de1a30b4c80c26c566ec6345018377aee5adfc7a40df935590;p13/physical-row-028/section=Bangalore/printed=523/source-row=DGCA-AIX-2026-R0699/lineage=0158777557ac6683ca8764c06673ec533308a0b3b337cd43b589d6ffaed92d44;p13/physical-row-027/section=Bangalore/printed=522/source-row=DGCA-AIX-2026-R0698/lineage=4fae340aa02d8d28704d1fbae61f1863461a2b72bbf799ff5b339bcadd44b153
ix-leg-c01bfc2b06bf0c78bb12,IX 1957,IX1957,AXB,BLR,CNN,accepted,current,true,5,5,present in pinned runtime (any carrier),false,DGCA-AIX-2026-R0227;DGCA-AIX-2026-R0228;DGCA-AIX-2026-R1197;DGCA-AIX-2026-R0229;DGCA-AIX-2026-R0230,p05/physical-row-020/section=Bangalore/printed=51/source-row=DGCA-AIX-2026-R0227/lineage=673b27e7b2558dee38ccc53e91d36f80ac1111da4bff602b7b1e22268477c815;p05/physical-row-021/section=Bangalore/printed=52/source-row=DGCA-AIX-2026-R0228/lineage=1679e044c0d9497fd69c34ecb151ed1a49765416d5f81193d643ded4c5cd2b0a;p22/physical-row-019/section=Kannur/printed=2/source-row=DGCA-AIX-2026-R1197/lineage=193ca5d715d99fbde72a50a0056abb3980cb9edd3094ee629ecb32881cbeb1d6;p05/physical-row-022/section=Bangalore/printed=53/source-row=DGCA-AIX-2026-R0229/lineage=32d32b96bb7480725338c8891d99b472ebf8da728300cb18ad63bc1a7c80536b;p05/physical-row-023/section=Bangalore/printed=54/source-row=DGCA-AIX-2026-R0230/lineage=519cf3b02ddb3e54c4495402ff7a1e139661d6069327ff003cfd8cdd787f8f47
ix-leg-5fbdd1727a64bddcfe6a,IX 1958,IX1958,AXB,BLR,CCU,accepted,current,true,1,2,present in pinned runtime (any carrier),false,DGCA-AIX-2026-R0454;DGCA-AIX-2026-R1235,p09/physical-row-015/section=Bangalore/printed=278/source-row=DGCA-AIX-2026-R0454/lineage=63eeea30508c782d103d7dd37b9ad014513586bdee770da10566cc9f444ef9aa;p23/physical-row-004/section=Kolkata/printed=22/source-row=DGCA-AIX-2026-R1235/lineage=d3cc910cda1de8007eccf5920f46c6784450c0e263b83e3c80b7ba51abd977c6
ix-leg-588642ac3e6e4aecd791,IX 1958,IX1958,AXB,CNN,BLR,accepted,current,true,4,4,present in pinned runtime (any carrier),false,DGCA-AIX-2026-R0433;DGCA-AIX-2026-R1199;DGCA-AIX-2026-R0306;DGCA-AIX-2026-R0307,p08/physical-row-052/section=Bangalore/printed=257/source-row=DGCA-AIX-2026-R0433/lineage=229130a1790393ad9622a40221a8269416ca14ab1c68522cbcb931c196f91e21;p22/physical-row-021/section=Kannur/printed=4/source-row=DGCA-AIX-2026-R1199/lineage=07d2137ac1ffeee8e4a3df4e816a332feb395ae46a137b31e149d12ddaf35bd9;p06/physical-row-041/section=Bangalore/printed=130/source-row=DGCA-AIX-2026-R0306/lineage=9041bfacc69380852e1af769df8a8f628a132b578f3c9f71f095a5d8d34221bf;p06/physical-row-042/section=Bangalore/printed=131/source-row=DGCA-AIX-2026-R0307/lineage=00cf231a2647baa3dd14c92f69fab9687231804f1a262ebd17636844adc8207d
ix-leg-1d66bcec5a09b55ba747,IX 1959,IX1959,AXB,LKO,BLR,expired,expired-only,false,1,1,new airport pair vs pinned runtime,false,DGCA-AIX-2026-R0193,p04/physical-row-043/section=Bangalore/printed=17/source-row=DGCA-AIX-2026-R0193/lineage=70e5fda39ed412ff9338ff755a484c25a1177d2856e1a399487e402992a517b7
ix-leg-8c0f414eb5d84fb1d3b0,IX 1971,IX1971,AXB,BLR,PNQ,accepted,current,true,4,4,present in pinned runtime (any carrier),false,DGCA-AIX-2026-R1455;DGCA-AIX-2026-R0479;DGCA-AIX-2026-R0478;DGCA-AIX-2026-R0477,p27/physical-row-002/section=Pune/printed=20/source-row=DGCA-AIX-2026-R1455/lineage=6ce7f38b0c165e5819958babdbf38b6a6c0cde01d49fea87453d57ec5b13c85b;p09/physical-row-040/section=Bangalore/printed=303/source-row=DGCA-AIX-2026-R0479/lineage=57352e797ba71a88f0cce6e138796d0096a7d77603080358d6d1c1472efe1073;p09/physical-row-039/section=Bangalore/printed=302/source-row=DGCA-AIX-2026-R0478/lineage=1ef9cc2ba5d26798b8e96adbbf76ce16f35e16d3b84304a467e8e1dba9f43a8f;p09/physical-row-038/section=Bangalore/printed=301/source-row=DGCA-AIX-2026-R0477/lineage=319acd00c444bd8e422ab8a0d3de14bb49e4cb82b472105d2a44e7798a2d434c
ix-leg-83c457bdd06ddf73e713,IX 1976,IX1976,AXB,ATQ,BLR,expired,expired-only,false,1,1,new airport pair vs pinned runtime,false,DGCA-AIX-2026-R0131,p03/physical-row-035/section=Amritsar/printed=3/source-row=DGCA-AIX-2026-R0131/lineage=7fa8e683b2ae446c0cc3378137e621a620075c2c53c8d5c44acd67e994cd401b
ix-leg-284c5ac27b49c8dada58,IX 1980,IX1980,AXB,DEL,SXR,accepted,current,true,3,3,present in pinned runtime (any carrier),false,DGCA-AIX-2026-R1493;DGCA-AIX-2026-R0810;DGCA-AIX-2026-R1492,p27/physical-row-040/section=Srinagar/printed=6/source-row=DGCA-AIX-2026-R1493/lineage=cbb8f7ce8ea0be3614a71489b55e3b150c143d1c260f61a813d0a147dd286b2d;p15/physical-row-028/section=Delhi/printed=44/source-row=DGCA-AIX-2026-R0810/lineage=e376ab7cd6a8e6aea73805eaa6a81af1f0a4df8a35a6c766a0036c219c42ada2;p27/physical-row-039/section=Srinagar/printed=5/source-row=DGCA-AIX-2026-R1492/lineage=30c96e8a3ebe88dcbbee37e7c23b1d7ee68d08d95b23aea8132ca4fdb01a2447
ix-leg-6b7740f8e5cc9ef52459,IX 1982,IX1982,AXB,VNS,BLR,accepted,current,true,1,2,new airport pair vs pinned runtime,false,DGCA-AIX-2026-R0677;DGCA-AIX-2026-R1709,p13/physical-row-006/section=Bangalore/printed=501/source-row=DGCA-AIX-2026-R0677/lineage=393151a3948dfe17b058b3dc62319921a68e68422ec9804141adf30f4fcfaf84;p31/physical-row-029/section=Varanasi/printed=10/source-row=DGCA-AIX-2026-R1709/lineage=2f6cb6871046f193b2d0afa9fb55f96c9b627230266823b6c957eb28dcf0ee1e
ix-leg-b227278e6d6a5e6ce7ce,IX 1994,IX1994,AXB,CCU,IXA,accepted,current,true,1,1,present in pinned runtime (any carrier),false,DGCA-AIX-2026-R1241,p23/physical-row-010/section=Kolkata/printed=28/source-row=DGCA-AIX-2026-R1241/lineage=2dbb6bcce9f52844bf7c5890e425db212536c7a648bc4213607e1087329c8bbe
ix-leg-a19e1115b89e779b1402,IX 1996,IX1996,AXB,CCU,IXB,accepted,current,true,3,3,present in pinned runtime (any carrier),false,DGCA-AIX-2026-R0172;DGCA-AIX-2026-R1246;DGCA-AIX-2026-R0173,p04/physical-row-022/section=Bagdogra/printed=39/source-row=DGCA-AIX-2026-R0172/lineage=51d88305a4b47427698c12e503f8f2219928cbb6124b171db59c8ae6f33ff9db;p23/physical-row-015/section=Kolkata/printed=33/source-row=DGCA-AIX-2026-R1246/lineage=738ad5985669c633b0be5dbcccd1e04b3453a626d38197f88d1c181064507714;p04/physical-row-023/section=Bagdogra/printed=40/source-row=DGCA-AIX-2026-R0173/lineage=0eaf18e8e758bbeb3f3d4688cf1c0306da6a5030a9bfbaf1a9e026e40b93697b
ix-leg-08b90ee06e21df1ba8f1,IX 1996,IX1996,AXB,IXA,CCU,accepted,current,true,1,2,present in pinned runtime (any carrier),false,DGCA-AIX-2026-R0118;DGCA-AIX-2026-R1242,p03/physical-row-022/section=Agartala/printed=118/source-row=DGCA-AIX-2026-R0118/lineage=9387cff5db194584ed44b70a6eecaac39d13930100ce35d524f8f473f81d78b8;p23/physical-row-011/section=Kolkata/printed=29/source-row=DGCA-AIX-2026-R1242/lineage=42930b0360864163a55f46e4c1ac3f82df902bd43ef76817aba3c55bf7922268
ix-leg-dae71c7a484e5bedf27f,IX 2001,IX2001,AXB,BLR,AMD,accepted,current,true,1,2,present in pinned runtime (any carrier),false,DGCA-AIX-2026-R0125;DGCA-AIX-2026-R0500,p03/physical-row-029/section=Ahmedabad/printed=7/source-row=DGCA-AIX-2026-R0125/lineage=f6607084752939d66da4a14c06c28f467a8ed33e3973a825e1e201bd2208833a;p10/physical-row-003/section=Bangalore/printed=324/source-row=DGCA-AIX-2026-R0500/lineage=5e03e2a845f3313e6ace1051e731b9ca289e17ee9110842cb7eb2729377bc281
ix-leg-6a7e5c512baa66282ad8,IX 2002,IX2002,AXB,AMD,BLR,accepted,current,true,1,2,present in pinned runtime (any carrier),false,DGCA-AIX-2026-R0126;DGCA-AIX-2026-R0621,p03/physical-row-030/section=Ahmedabad/printed=8/source-row=DGCA-AIX-2026-R0126/lineage=c69ff539854bd2cf6a629c013117c751d5d6334364a58fdc55e8d018241e4e8b;p12/physical-row-008/section=Bangalore/printed=445/source-row=DGCA-AIX-2026-R0621/lineage=85d362278187d263f0f140083df520d089fd8eb33efc91a4eefcfcc57db3975e
ix-leg-982f045b200e06140d85,IX 2004,IX2004,AXB,GOI,BLR,accepted,current,true,3,3,present in pinned runtime (any carrier),false,DGCA-AIX-2026-R0683;DGCA-AIX-2026-R0978;DGCA-AIX-2026-R0682,p13/physical-row-012/section=Bangalore/printed=507/source-row=DGCA-AIX-2026-R0683/lineage=000fe7059f232cd4185218eeec6186312df6117e2f70cdef1be00691b3187a93;p18/physical-row-024/section=Goa/printed=24/source-row=DGCA-AIX-2026-R0978/lineage=bb93007bbd31ff6a0f870bf0d1b8804d06b6d80a3f52c0e91cdf3ed7b02932d2;p13/physical-row-011/section=Bangalore/printed=506/source-row=DGCA-AIX-2026-R0682/lineage=8f9dae90e934a2f4660f9f3f257d2e1145fdec31f39f1728a288a1cce8e879c0
ix-leg-4026fc598c46e7c768ff,IX 2005,IX2005,AXB,DED,BOM,accepted,current,true,1,1,present in pinned runtime (any carrier),false,DGCA-AIX-2026-R0766,p14/physical-row-038/section=Dehradun/printed=4/source-row=DGCA-AIX-2026-R0766/lineage=8c32decf17c1752b99c436dc4e0ebe543ba044b1d28b7375b3155e9122e1b22c
ix-leg-2015842ae707d7a58142,IX 2007,IX2007,AXB,GAU,MAA,accepted,current,true,1,1,new airport pair vs pinned runtime,false,DGCA-AIX-2026-R1045,p19/physical-row-035/section=Guwahati/printed=33/source-row=DGCA-AIX-2026-R1045/lineage=d0bd024d50e80ebca380a918bd815ae79b8081ccc4ad0fbe85ce8be35a64bb0c
ix-leg-2658316e4af825ac1a7f,IX 2007,IX2007,AXB,NMI,MAA,accepted,current,true,1,1,new airport pair vs pinned runtime,false,DGCA-AIX-2026-R0758,p14/physical-row-030/section=Chennai/printed=23/source-row=DGCA-AIX-2026-R0758/lineage=9455fd43f4eb4422ee41bfa32660a0cd64cba377813af841f052fd7786cfc8c4
ix-leg-d548aa26d768d66984d4,IX 2013,IX2013,AXB,BLR,AMD,accepted,current,true,3,3,present in pinned runtime (any carrier),false,DGCA-AIX-2026-R0298;DGCA-AIX-2026-R0122;DGCA-AIX-2026-R0121,p06/physical-row-033/section=Bangalore/printed=122/source-row=DGCA-AIX-2026-R0298/lineage=8204b3a10b6c3fcc4389b00c7d9e9e29c35c049e123093f6e50cadabd6235939;p03/physical-row-026/section=Ahmedabad/printed=4/source-row=DGCA-AIX-2026-R0122/lineage=49b00770171ee9da1c9e09a948e367d044925bd05fdd64448f0cf81a4c4162c3;p03/physical-row-025/section=Ahmedabad/printed=3/source-row=DGCA-AIX-2026-R0121/lineage=df70d1e80795f4a3512ffb191b8f67401899519d2e42c0d4772fb6ca29675c91
ix-leg-f182750d59786975e3ee,IX 2014,IX2014,AXB,BLR,IDR,accepted,current,true,5,5,new airport pair vs pinned runtime,false,DGCA-AIX-2026-R1133;DGCA-AIX-2026-R0501;DGCA-AIX-2026-R1131;DGCA-AIX-2026-R1132;DGCA-AIX-2026-R1130,p21/physical-row-011/section=Indore/printed=11/source-row=DGCA-AIX-2026-R1133/lineage=4a75b651690335e7905a9bdf3e5827beb95841102c1d36facee0425e4a9b77c1;p10/physical-row-004/section=Bangalore/printed=325/source-row=DGCA-AIX-2026-R0501/lineage=ba5838324745de90774783878894e9a6cf49c3db0adaadfd6df93c2780e76f3d;p21/physical-row-009/section=Indore/printed=9/source-row=DGCA-AIX-2026-R1131/lineage=13f2b08aa10da8f1fb35634bf4a54bdfbcf112ee4f69c4809c585074d99e3476;p21/physical-row-010/section=Indore/printed=10/source-row=DGCA-AIX-2026-R1132/lineage=3fbbb15236ed1443bf3b0b903e2ebfc26ca4fc8604ad1403f2fecdf67c00c99f;p21/physical-row-008/section=Indore/printed=8/source-row=DGCA-AIX-2026-R1130/lineage=dc3f47b4dcd897c02e7ba6197fd0f1ba681a35ba79813698d0d6015a19c801d2
ix-leg-c5c131aac2f5aa30a86e,IX 2014,IX2014,AXB,GOI,BLR,accepted,current,true,1,1,present in pinned runtime (any carrier),false,DGCA-AIX-2026-R1003,p18/physical-row-049/section=Goa/printed=25/source-row=DGCA-AIX-2026-R1003/lineage=6e6e5f4fe1aab6798aa99b581044ded8b4eeb35b279ec18fcffdcc2fd6358ac5
ix-leg-763d7454f14820699b79,IX 2014,IX2014,AXB,GOX,BLR,accepted,current,true,1,1,new airport pair vs pinned runtime,false,DGCA-AIX-2026-R0493,p09/physical-row-054/section=Bangalore/printed=317/source-row=DGCA-AIX-2026-R0493/lineage=fb57567aaceb4d71c03be3fa13eed55ed5281715e45133e0922e67a27d4ac08b
ix-leg-9c8cfbb39f16ea14d6ce,IX 2015,IX2015,AXB,BLR,AMD,accepted,current,true,3,3,present in pinned runtime (any carrier),false,DGCA-AIX-2026-R0128;DGCA-AIX-2026-R0675;DGCA-AIX-2026-R0127,p03/physical-row-032/section=Ahmedabad/printed=10/source-row=DGCA-AIX-2026-R0128/lineage=aa35720bfcbbbdef5ca4458fc436a2375e01d8387611045e96e15f0514ad07ca;p13/physical-row-004/section=Bangalore/printed=499/source-row=DGCA-AIX-2026-R0675/lineage=9fae9c986f89f74ef07d8303891ef681f2208c9f9fa5d7eda29b68657f636795;p03/physical-row-031/section=Ahmedabad/printed=9/source-row=DGCA-AIX-2026-R0127/lineage=59f8287a605ab7f4623466bfb18681a00173e6b8d57925d036836c16d6af872a
ix-leg-897ce12cd0ebe07e3ab6,IX 2018,IX2018,AXB,BLR,HYD,accepted,current,true,3,3,present in pinned runtime (any carrier),false,DGCA-AIX-2026-R0216;DGCA-AIX-2026-R1078;DGCA-AIX-2026-R0217,p05/physical-row-009/section=Bangalore/printed=40/source-row=DGCA-AIX-2026-R0216/lineage=3b303285a7e3826d1d51459c28c164b6422f81991a9e56d37c74bcca287b2ec0;p20/physical-row-013/section=Hyderabad/printed=17/source-row=DGCA-AIX-2026-R1078/lineage=dadd739ed8c465bb02ca7520bdfe4c7530130c508a33e48271c59e21059204ec;p05/physical-row-010/section=Bangalore/printed=41/source-row=DGCA-AIX-2026-R0217/lineage=ac34b1faa748c8babc10603aac1271ee8d4f8e0354966f596c9da2b9c61a3f17
ix-leg-ca4bd5c9513cabf53a6d,IX 2019,IX2019,AXB,HYD,BLR,accepted,current,true,4,4,present in pinned runtime (any carrier),false,DGCA-AIX-2026-R0318;DGCA-AIX-2026-R1079;DGCA-AIX-2026-R0316;DGCA-AIX-2026-R0317,p06/physical-row-053/section=Bangalore/printed=142/source-row=DGCA-AIX-2026-R0318/lineage=37acd434c6fa9256c97e8cc5cbc4e2e8b8aadfddaa21d9851333b9466e05540c;p20/physical-row-014/section=Hyderabad/printed=18/source-row=DGCA-AIX-2026-R1079/lineage=9c2ae712bfacf028ae99ceead7aab8becb2ce6e747f9daf64a281a9538f2d805;p06/physical-row-051/section=Bangalore/printed=140/source-row=DGCA-AIX-2026-R0316/lineage=f13081cfe8de90bacfe72632f7891f87e86533819ad495340a0eb615006409f1;p06/physical-row-052/section=Bangalore/printed=141/source-row=DGCA-AIX-2026-R0317/lineage=829395111ac746e801f6a83ad3376c6e0504eec6a0cff24d7630c73ea057eef2
ix-leg-ecfaf2d8a6c40fc6e4e6,IX 2023,IX2023,AXB,BLR,VTZ,accepted,current,true,4,6,new airport pair vs pinned runtime,false,DGCA-AIX-2026-R0535;DGCA-AIX-2026-R1737;DGCA-AIX-2026-R0536;DGCA-AIX-2026-R1738;DGCA-AIX-2026-R1739;DGCA-AIX-2026-R0537,p10/physical-row-038/section=Bangalore/printed=359/source-row=DGCA-AIX-2026-R0535/lineage=b25229662d29eb70927a022688a02476aa2fbebd6d2bb0d5b3a88d9f7a35c0f7;p32/physical-row-002/section=Vizag/printed=13/source-row=DGCA-AIX-2026-R1737/lineage=12968760e18f2f93be12ad162a2c447327bbdc0a1482a9654cd1f7b8eaccc312;p10/physical-row-039/section=Bangalore/printed=360/source-row=DGCA-AIX-2026-R0536/lineage=22cad6adcec300b3f21451e008c808cf85dec3c863a4f517e6ea9e60aca64cf3;p32/physical-row-003/section=Vizag/printed=14/source-row=DGCA-AIX-2026-R1738/lineage=f449b5511d37386c8f61113205e9255276c81a280bc551561465e79417934b08;p32/physical-row-004/section=Vizag/printed=15/source-row=DGCA-AIX-2026-R1739/lineage=85d777c0a311eb7d7798d3b0b56fa7d79124ce4d2345cb26341e223b4f6db239;p10/physical-row-040/section=Bangalore/printed=361/source-row=DGCA-AIX-2026-R0537/lineage=c6daf4dc8bb3cafb8d9ce6d6dfc6f480dd3a3ad7dc6a1a16dbbedf9518ac5e20
ix-leg-df41abc313dbafa55a78,IX 2023,IX2023,AXB,GOI,BLR,accepted,current,true,4,5,present in pinned runtime (any carrier),false,DGCA-AIX-2026-R0968;DGCA-AIX-2026-R0520;DGCA-AIX-2026-R0969;DGCA-AIX-2026-R0970;DGCA-AIX-2026-R0521,p18/physical-row-014/section=Goa/printed=14/source-row=DGCA-AIX-2026-R0968/lineage=96a562edd805a884813d42c0eeaeff8746cadd8e9ae95a110c1b8a2cb67ceb86;p10/physical-row-023/section=Bangalore/printed=344/source-row=DGCA-AIX-2026-R0520/lineage=35ae2ea03b40370ed4653373fbb36e1fd63045566a938edc056f8e4ca399018e;p18/physical-row-015/section=Goa/printed=15/source-row=DGCA-AIX-2026-R0969/lineage=cab9d3c532fa9366256ebf19fb81805569128b48f2ef5dc8c7ccb78b17e8160c;p18/physical-row-016/section=Goa/printed=16/source-row=DGCA-AIX-2026-R0970/lineage=5c69de875e08a4f43ac23aa60d6a925ebb5ecf2582d9267f500da299adb401d4;p10/physical-row-024/section=Bangalore/printed=345/source-row=DGCA-AIX-2026-R0521/lineage=2ee39ba7a52a787fb665dc141b2cf54bb0039cd18f735ce2de08c27a09cf51e6
ix-leg-fadcdf5156ab002b4cfa,IX 2051,IX2051,AXB,BLR,HYD,accepted,current,true,1,2,present in pinned runtime (any carrier),false,DGCA-AIX-2026-R0507;DGCA-AIX-2026-R1101,p10/physical-row-010/section=Bangalore/printed=331/source-row=DGCA-AIX-2026-R0507/lineage=bf1aae83a57f7c329f0fdd1ee91828d5cbd789bfa719d21743c98b23bee02c36;p20/physical-row-036/section=Hyderabad/printed=40/source-row=DGCA-AIX-2026-R1101/lineage=2d96cbecab26459503cc47e94ff52c53261d047125978c877e90982d9c5e8694
ix-leg-a80d2a925c86f8aab538,IX 2052,IX2052,AXB,BLR,STV,accepted,current,true,2,2,new airport pair vs pinned runtime,false,DGCA-AIX-2026-R0481;DGCA-AIX-2026-R1515,p09/physical-row-042/section=Bangalore/printed=305/source-row=DGCA-AIX-2026-R0481/lineage=3fe4c11398397a4fb4ff2a28cad43fb2de20273d7682332f9bdc868f94541e12;p28/physical-row-006/section=Surat/printed=4/source-row=DGCA-AIX-2026-R1515/lineage=6a8b00bf07098a14524d458dba9a8a072acd8f7920a295348d170704fbdb428a
ix-leg-bed0bcab58cd85a0ea41,IX 2053,IX2053,AXB,BLR,IXR,accepted,current,true,2,4,new airport pair vs pinned runtime,false,DGCA-AIX-2026-R0495;DGCA-AIX-2026-R1483;DGCA-AIX-2026-R0496;DGCA-AIX-2026-R1482,p09/physical-row-056/section=Bangalore/printed=319/source-row=DGCA-AIX-2026-R0495/lineage=cb4da7f6ffedbc0ab5667a4611ad51f1cf2aa171dd6ad12dae9cc1c767b1ac58;p27/physical-row-030/section=Ranchi/printed=12/source-row=DGCA-AIX-2026-R1483/lineage=c122616412d81ca48538b2dd99a4e619290672ed8b3f86e7253ccd89dfc391f9;p09/physical-row-057/section=Bangalore/printed=320/source-row=DGCA-AIX-2026-R0496/lineage=92c7422a2605bec1caf040bc5918b998921715bef57e848e10039eaf8bdf8390;p27/physical-row-029/section=Ranchi/printed=11/source-row=DGCA-AIX-2026-R1482/lineage=8491490e0a805e98ef74f00cd053b7857e63777e9f162945307a046d827c02b0
ix-leg-9e8c78cb673fe4198ea4,IX 2053,IX2053,AXB,STV,BLR,accepted,current,true,1,1,new airport pair vs pinned runtime,false,DGCA-AIX-2026-R1516,p28/physical-row-007/section=Surat/printed=5/source-row=DGCA-AIX-2026-R1516/lineage=81624da5f5e5391db30560287db15ed9634b4f1f510fb9babe85faa151563544
ix-leg-be7f509b70ee92f2c81c,IX 2064,IX2064,AXB,BLR,VTZ,accepted,current,true,10,10,new airport pair vs pinned runtime,false,DGCA-AIX-2026-R0201;DGCA-AIX-2026-R0206;DGCA-AIX-2026-R1725;DGCA-AIX-2026-R1726;DGCA-AIX-2026-R0203;DGCA-AIX-2026-R0207;DGCA-AIX-2026-R0204;DGCA-AIX-2026-R1727;DGCA-AIX-2026-R0205;DGCA-AIX-2026-R0202,p04/physical-row-051/section=Bangalore/printed=25/source-row=DGCA-AIX-2026-R0201/lineage=8234286c8f058ed4f8b701b3e866f044cc7e5487b7f239c283668b35066a0617;p04/physical-row-056/section=Bangalore/printed=30/source-row=DGCA-AIX-2026-R0206/lineage=e6044e58bd431c057d4b9c2df2a36836e74811aca77dbf49cd5e5228779d920a;p31/physical-row-045/section=Vizag/printed=1/source-row=DGCA-AIX-2026-R1725/lineage=203c0ea569da4704584a3e06bd20f7c0462c79f6b01f35d276bf999528881d3a;p31/physical-row-046/section=Vizag/printed=2/source-row=DGCA-AIX-2026-R1726/lineage=c9de46da1551b384bd924ce4d6f9e688344ef6aebc7540b6c15fac43c67410cc;p04/physical-row-053/section=Bangalore/printed=27/source-row=DGCA-AIX-2026-R0203/lineage=1b2a7a9f0dd72da090fa38cfbb68c9453a03e6e43e3afee9936422b9908f54ee;p04/physical-row-057/section=Bangalore/printed=31/source-row=DGCA-AIX-2026-R0207/lineage=aad529e28621d80122778f0506245875100ec2e55ae2770b5408925a7b82733a;p04/physical-row-054/section=Bangalore/printed=28/source-row=DGCA-AIX-2026-R0204/lineage=e977ec9ad2c408994cab2b9eee777b8d1da8e74de5735e108eb074a2391f305f;p31/physical-row-047/section=Vizag/printed=3/source-row=DGCA-AIX-2026-R1727/lineage=99926f94115afc2c0ff3910333c6c5677a204c928b2dcb41f861970fd3e72cd5;p04/physical-row-055/section=Bangalore/printed=29/source-row=DGCA-AIX-2026-R0205/lineage=3e0bbbb031de3ee737652b1328b7471062bff4a7dce80d4ff4390ba5b37b803e;p04/physical-row-052/section=Bangalore/printed=26/source-row=DGCA-AIX-2026-R0202/lineage=9ef757e1847a877019faa1449959afd149c6f3a7e8f42c7401b0437841d21c77
ix-leg-f455591c9843496eba08,IX 2064,IX2064,AXB,VTZ,IXZ,expired,expired-only,false,1,2,new airport pair vs pinned runtime,false,DGCA-AIX-2026-R1432;DGCA-AIX-2026-R1728,p26/physical-row-034/section=Port Blair/printed=3/source-row=DGCA-AIX-2026-R1432/lineage=a2a6e8ca207c1357ff19a2b16fa86b298abd250d763dc2852e9626b9978815b2;p31/physical-row-048/section=Vizag/printed=4/source-row=DGCA-AIX-2026-R1728/lineage=56ce8d07ee16dfa6691f01058443a64697840556b7b98c17754886ea26b92e9f
ix-leg-28db01a29d5c7b630a5e,IX 2065,IX2065,AXB,IXZ,VTZ,expired,expired-only,false,1,2,new airport pair vs pinned runtime,false,DGCA-AIX-2026-R1433;DGCA-AIX-2026-R1733,p26/physical-row-035/section=Port Blair/printed=4/source-row=DGCA-AIX-2026-R1433/lineage=4e17c79d337fc68790425ae60ceb3dbcec2b291eba1662c754d840906934016c;p31/physical-row-053/section=Vizag/printed=9/source-row=DGCA-AIX-2026-R1733/lineage=7a07a202522a7f3e6ba9f3b9b26640a86f333d6c5c98e260e56be0b8b13e16de
ix-leg-a3df892d378d275e7afa,IX 2065,IX2065,AXB,VTZ,BLR,accepted,current,true,10,11,new airport pair vs pinned runtime,false,DGCA-AIX-2026-R0510;DGCA-AIX-2026-R1734;DGCA-AIX-2026-R0334;DGCA-AIX-2026-R1729;DGCA-AIX-2026-R0333;DGCA-AIX-2026-R0323;DGCA-AIX-2026-R0321;DGCA-AIX-2026-R0324;DGCA-AIX-2026-R1730;DGCA-AIX-2026-R0322;DGCA-AIX-2026-R0320,p10/physical-row-013/section=Bangalore/printed=334/source-row=DGCA-AIX-2026-R0510/lineage=ce10ff1a9610095f6df8ffa1911457a9af57a18de2eab08251ae486798f2e217;p31/physical-row-054/section=Vizag/printed=10/source-row=DGCA-AIX-2026-R1734/lineage=1a76e04d22283fe27fdea88c28f4237cab5048c37e83dd777451ae235a113ece;p07/physical-row-011/section=Bangalore/printed=158/source-row=DGCA-AIX-2026-R0334/lineage=81b3623e002ef5f5c84feec7afed83ce65cabfd53cbd29bb8f3fd60d95f33568;p31/physical-row-049/section=Vizag/printed=5/source-row=DGCA-AIX-2026-R1729/lineage=cf1b542dd3d291cf3d34b69242de5413b34ce78797eba9667476d881820ad2ee;p07/physical-row-010/section=Bangalore/printed=157/source-row=DGCA-AIX-2026-R0333/lineage=866b159a014b19f2559f9a260caaed671ad822caa15f7d0d8a1efb9e4ec93926;p06/physical-row-058/section=Bangalore/printed=147/source-row=DGCA-AIX-2026-R0323/lineage=cdadb7f9f20ba3c8f1fc98709851a1fa42847b95889a6c7c8eeda7fc6f383c37;p06/physical-row-056/section=Bangalore/printed=145/source-row=DGCA-AIX-2026-R0321/lineage=f328403d53a4b97f659fc84a0cd31aa380b9761ca8916c8af726682b10469239;p07/physical-row-001/section=Bangalore/printed=148/source-row=DGCA-AIX-2026-R0324/lineage=44ac3af431f8d533a19e5a3a55cb44a838944fec5017ce019918e9e0d211d494;p31/physical-row-050/section=Vizag/printed=6/source-row=DGCA-AIX-2026-R1730/lineage=27cd5d7a93493da92204f6d9d25d12cb70d9823c80b4cc280be5d81d411bf040;p06/physical-row-057/section=Bangalore/printed=146/source-row=DGCA-AIX-2026-R0322/lineage=8632f957bf959862bbd53e5ec82c226523598532314b8f8e01b5ed6bd6e33209;p06/physical-row-055/section=Bangalore/printed=144/source-row=DGCA-AIX-2026-R0320/lineage=57ce858a90135c577272fee16a8cb4c432f9d442893508fa6e5a3cf80b2dae8c
ix-leg-c21235d20515beabdb64,IX 2069,IX2069,AXB,JAI,BLR,accepted,current,true,4,4,present in pinned runtime (any carrier),false,DGCA-AIX-2026-R0190;DGCA-AIX-2026-R1186;DGCA-AIX-2026-R0186;DGCA-AIX-2026-R1187,p04/physical-row-040/section=Bangalore/printed=14/source-row=DGCA-AIX-2026-R0190/lineage=d89417767c46f208b80dd7354bae9425197a6f776f7f65c01707fad0a680bd53;p22/physical-row-008/section=Jaipur/printed=47/source-row=DGCA-AIX-2026-R1186/lineage=7d33a011d0b8620693ee1aeda58bbadbdada46499a7ea10444a6c12355dd0cd1;p04/physical-row-036/section=Bangalore/printed=10/source-row=DGCA-AIX-2026-R0186/lineage=fbe33cdf79a51adf31c4a938438d5b135e487803cc7302c70b6424d5f33c536e;p22/physical-row-009/section=Jaipur/printed=48/source-row=DGCA-AIX-2026-R1187/lineage=a56dc636754f581685cfab8a1ff6ab20eacf135c921e808e12aff4d68b6cddf0
ix-leg-15fe2ec790d107f851cc,IX 2097,IX2097,AXB,BLR,NAG,accepted,current,true,24,24,new airport pair vs pinned runtime,false,DGCA-AIX-2026-R0269;DGCA-AIX-2026-R0286;DGCA-AIX-2026-R0283;DGCA-AIX-2026-R0278;DGCA-AIX-2026-R0279;DGCA-AIX-2026-R0282;DGCA-AIX-2026-R0285;DGCA-AIX-2026-R0270;DGCA-AIX-2026-R0281;DGCA-AIX-2026-R0271;DGCA-AIX-2026-R0287;DGCA-AIX-2026-R0280;DGCA-AIX-2026-R0273;DGCA-AIX-2026-R0288;DGCA-AIX-2026-R0275;DGCA-AIX-2026-R0289;DGCA-AIX-2026-R0276;DGCA-AIX-2026-R0290;DGCA-AIX-2026-R0268;DGCA-AIX-2026-R0291;DGCA-AIX-2026-R0277;DGCA-AIX-2026-R0284;DGCA-AIX-2026-R0272;DGCA-AIX-2026-R0274,p06/physical-row-004/section=Bangalore/printed=93/source-row=DGCA-AIX-2026-R0269/lineage=4b3a09568f733c6ab0890af006514a0a1c520a30c3b94e39050483cd63c6f511;p06/physical-row-021/section=Bangalore/printed=110/source-row=DGCA-AIX-2026-R0286/lineage=cf95229d1d9c3def2de5a1d0c7b70e52c76a9f04a593ccfc528b9d61f4b624f4;p06/physical-row-018/section=Bangalore/printed=107/source-row=DGCA-AIX-2026-R0283/lineage=9546b3f0d8e3cf99bd23bc401283965b12de227e7dacd1244f049d1b6f2769c2;p06/physical-row-013/section=Bangalore/printed=102/source-row=DGCA-AIX-2026-R0278/lineage=11b491087eeda59ccb063efce7dd2f1a26485d42d2263757345138d839f8688d;p06/physical-row-014/section=Bangalore/printed=103/source-row=DGCA-AIX-2026-R0279/lineage=d1e5cc888292912fd7c258a9ee3cf631abe67d143b71c193a4c63ecbbfad784d;p06/physical-row-017/section=Bangalore/printed=106/source-row=DGCA-AIX-2026-R0282/lineage=238281baa4f491affb207d982873d2e15448fc5f1ceaaff69df95fc1da675359;p06/physical-row-020/section=Bangalore/printed=109/source-row=DGCA-AIX-2026-R0285/lineage=0341114ddc7c23803e0c03b656ee088a11529cc55edfa9b5db320303e39e639c;p06/physical-row-005/section=Bangalore/printed=94/source-row=DGCA-AIX-2026-R0270/lineage=51d0a2c3e56a75d588d61139ad5a3c40943f50110be2351fa26e0c69805e7d87;p06/physical-row-016/section=Bangalore/printed=105/source-row=DGCA-AIX-2026-R0281/lineage=9233c3826d8a25a2da22804acdaca272c811f84f643a51b776ddc316844f4275;p06/physical-row-006/section=Bangalore/printed=95/source-row=DGCA-AIX-2026-R0271/lineage=857f4dd9f9b2e69efcaab9db5f525e62234ec63258a8ab9e4d121820b9eeca79;p06/physical-row-022/section=Bangalore/printed=111/source-row=DGCA-AIX-2026-R0287/lineage=8a9a42e14979c7eb046c67820ada3bd795f3a3c34c7401501b2dbe34fd483609;p06/physical-row-015/section=Bangalore/printed=104/source-row=DGCA-AIX-2026-R0280/lineage=0e30453a82481fe57b4adf726dd897f5850610e29230ac96276d4e906bc41408;p06/physical-row-008/section=Bangalore/printed=97/source-row=DGCA-AIX-2026-R0273/lineage=319436241810341ad53d3858c2a1b17e2e829a88cd2ebf5f922f4f0fcfe83be1;p06/physical-row-023/section=Bangalore/printed=112/source-row=DGCA-AIX-2026-R0288/lineage=83b68a9f0eb43692dcff0bc2d253ec64a5b48cf0d41380587008d537d92fbd08;p06/physical-row-010/section=Bangalore/printed=99/source-row=DGCA-AIX-2026-R0275/lineage=2e7c5ee25371caa4c2ba3fa104c5ef067a3e35f7ae82b07451fa75761831ab43;p06/physical-row-024/section=Bangalore/printed=113/source-row=DGCA-AIX-2026-R0289/lineage=70104522e865d31ea383b037fbc896d22e0b4c934add9f37af635478d9d19885;p06/physical-row-011/section=Bangalore/printed=100/source-row=DGCA-AIX-2026-R0276/lineage=3b420034c742ac5afcff760176c772cef0e551f2fa039decf268ac8dbf4f0dfe;p06/physical-row-025/section=Bangalore/printed=114/source-row=DGCA-AIX-2026-R0290/lineage=779503d1cce6873512d4cbe6d8e9ec2f94c897d5ac00594c74e81a871e631e4b;p06/physical-row-003/section=Bangalore/printed=92/source-row=DGCA-AIX-2026-R0268/lineage=286732241cca62bb090a80af21bc252565d46dd76cb027f55ac02cbc6973fd7d;p06/physical-row-026/section=Bangalore/printed=115/source-row=DGCA-AIX-2026-R0291/lineage=4fd8955bc156e5047b8eb3b0b333825a973293b3be298a90b5af9d4f1aeea143;p06/physical-row-012/section=Bangalore/printed=101/source-row=DGCA-AIX-2026-R0277/lineage=77ce509982158addeb2aabe42ba9af58057fb4c109217399e5f2912403c65396;p06/physical-row-019/section=Bangalore/printed=108/source-row=DGCA-AIX-2026-R0284/lineage=40ec2fecdb17e19ad4151aade8ca049ca6436e20a4d594c1d84c79b5070a9c77;p06/physical-row-007/section=Bangalore/printed=96/source-row=DGCA-AIX-2026-R0272/lineage=2ac217a32b52201452bf64c928f504b4b83685615e56d8b48d249af246258523;p06/physical-row-009/section=Bangalore/printed=98/source-row=DGCA-AIX-2026-R0274/lineage=6b6d060c73123e208303f08fc4851f0406100d43c47d211df373c61edb65caaf
ix-leg-ae8669cb76842032fa06,IX 2098,IX2098,AXB,NAG,BLR,accepted,current,true,2,2,new airport pair vs pinned runtime,false,DGCA-AIX-2026-R0467;DGCA-AIX-2026-R0468,p09/physical-row-028/section=Bangalore/printed=291/source-row=DGCA-AIX-2026-R0467/lineage=f26bf4946fce932bd75543a564a401e0607b9380420accb06ba9b0cd2f151edb;p09/physical-row-029/section=Bangalore/printed=292/source-row=DGCA-AIX-2026-R0468/lineage=1f70336660a65a72aaa37240d97ab6858c5f84926e9105e38eb3303aa86a3f0e
ix-leg-9a322e76ee938f0601ce,IX 2115,IX2115,AXB,COK,BLR,accepted,current,true,3,3,present in pinned runtime (any carrier),false,DGCA-AIX-2026-R0594;DGCA-AIX-2026-R1209;DGCA-AIX-2026-R1210,p11/physical-row-039/section=Bangalore/printed=418/source-row=DGCA-AIX-2026-R0594/lineage=27ffa2a91419c35fd62c0615fdbebccb92a9e5ebea50745a6b7b83154ed0669d;p22/physical-row-031/section=Kochi/printed=7/source-row=DGCA-AIX-2026-R1209/lineage=331efb8bb3065db592a9a62e4ffc6bd3fba42b7a8125fe6d2f989f3f54b58e59;p22/physical-row-032/section=Kochi/printed=8/source-row=DGCA-AIX-2026-R1210/lineage=05c5c21e0b282ec210b725fc30ad06d85f25ddec74d9065864fdf526adf46e34
ix-leg-edb5eee8d86841dd2563,IX 2116,IX2116,AXB,BLR,COK,accepted,current,true,1,2,present in pinned runtime (any carrier),false,DGCA-AIX-2026-R0622;DGCA-AIX-2026-R1212,p12/physical-row-009/section=Bangalore/printed=446/source-row=DGCA-AIX-2026-R0622/lineage=b41c13139ca340cbd62011763648d1c89716d033475b606d6947b037e742c08f;p22/physical-row-034/section=Kochi/printed=10/source-row=DGCA-AIX-2026-R1212/lineage=b31b641a2f157f85c0a7a7d6a2e9e97e293ea7e2f7316006595f87892974d3c2
ix-leg-c3871e2e7b8dd9e39d08,IX 2153,IX2153,AXB,NMI,DEL,accepted,current,true,1,2,new airport pair vs pinned runtime,false,DGCA-AIX-2026-R0918;DGCA-AIX-2026-R1410,p17/physical-row-020/section=Delhi/printed=152/source-row=DGCA-AIX-2026-R0918/lineage=c0061d6692913ae93a759d95ec4f1a1e6870f9b494cbf80eacdea36970483331;p26/physical-row-012/section=Navi Mumbai/printed=14/source-row=DGCA-AIX-2026-R1410/lineage=3f0bac3c5644ae9eab576dd039b2a92a1a13df7af471294335220bd720005f44
ix-leg-bc204a3ec3351501b430,IX 2173,IX2173,AXB,LKO,DEL,accepted,current,true,4,4,present in pinned runtime (any carrier),false,DGCA-AIX-2026-R1280;DGCA-AIX-2026-R0853;DGCA-AIX-2026-R1281;DGCA-AIX-2026-R0852,p23/physical-row-049/section=Lucknow/printed=15/source-row=DGCA-AIX-2026-R1280/lineage=bfab3a496375ba4d2ac8f8faff80903b13689f0e589b9321e75152d2da4421bf;p16/physical-row-013/section=Delhi/printed=87/source-row=DGCA-AIX-2026-R0853/lineage=4a2e1f8072acdd72b6e5ca0350388ce0581bd6f789c38ed59175bf8b368a5b3e;p23/physical-row-050/section=Lucknow/printed=16/source-row=DGCA-AIX-2026-R1281/lineage=c97b2bd8a29e9d40b089d4d6f841ba2f24166dc087c364a4ced7cd52833bd9ec;p16/physical-row-012/section=Delhi/printed=86/source-row=DGCA-AIX-2026-R0852/lineage=c030c31bb986f2ffa92331ca944072c68a76120851aeece982dbfb64035ccefd
ix-leg-7084133aa86e9f972c9e,IX 2174,IX2174,AXB,DEL,LKO,accepted,current,true,5,5,present in pinned runtime (any carrier),false,DGCA-AIX-2026-R1285;DGCA-AIX-2026-R0860;DGCA-AIX-2026-R1284;DGCA-AIX-2026-R1282;DGCA-AIX-2026-R1283,p23/physical-row-054/section=Lucknow/printed=20/source-row=DGCA-AIX-2026-R1285/lineage=ce1560a554a0a95dc719d532c8a469ed1234eec9f969584147b8a9142ababdb2;p16/physical-row-020/section=Delhi/printed=94/source-row=DGCA-AIX-2026-R0860/lineage=391b67aa3b8903ac9c02189a7fbe9f5d9c3cb9aa2d2eeaf949706e4534a213b5;p23/physical-row-053/section=Lucknow/printed=19/source-row=DGCA-AIX-2026-R1284/lineage=31f96fb7f20c0e2b8990d2d5ddfbd32674d3e3bd6b2a0bf448b0a12c4f929e37;p23/physical-row-051/section=Lucknow/printed=17/source-row=DGCA-AIX-2026-R1282/lineage=d419c1aa71e3611158a4c24a827e7eb7a69260bac92295602dfe5c2c149e0495;p23/physical-row-052/section=Lucknow/printed=18/source-row=DGCA-AIX-2026-R1283/lineage=aadc85456eb7f439deff25f5b96f4794c843c3ac7da14a6dcce491c105eca683
ix-leg-d9de3c257911ca1a3de8,IX 2176,IX2176,AXB,IXR,BLR,accepted,current,true,27,27,new airport pair vs pinned runtime,false,DGCA-AIX-2026-R0662;DGCA-AIX-2026-R1485;DGCA-AIX-2026-R0665;DGCA-AIX-2026-R1484;DGCA-AIX-2026-R0664;DGCA-AIX-2026-R0663;DGCA-AIX-2026-R0639;DGCA-AIX-2026-R0645;DGCA-AIX-2026-R0644;DGCA-AIX-2026-R0640;DGCA-AIX-2026-R0643;DGCA-AIX-2026-R0625;DGCA-AIX-2026-R0642;DGCA-AIX-2026-R0626;DGCA-AIX-2026-R0641;DGCA-AIX-2026-R0633;DGCA-AIX-2026-R0628;DGCA-AIX-2026-R0634;DGCA-AIX-2026-R0630;DGCA-AIX-2026-R0635;DGCA-AIX-2026-R0631;DGCA-AIX-2026-R0636;DGCA-AIX-2026-R0637;DGCA-AIX-2026-R0632;DGCA-AIX-2026-R0627;DGCA-AIX-2026-R0629;DGCA-AIX-2026-R0638,p12/physical-row-049/section=Bangalore/printed=486/source-row=DGCA-AIX-2026-R0662/lineage=f8ec6daf70afe09e8d2c1283cc51cea240ae5d9448d76a025cce10f9472e09f6;p27/physical-row-032/section=Ranchi/printed=14/source-row=DGCA-AIX-2026-R1485/lineage=0a4e340983b8d471e3d62937cb31c63306344394e7058ad5334483347ac71490;p12/physical-row-052/section=Bangalore/printed=489/source-row=DGCA-AIX-2026-R0665/lineage=ae95409b62f2fe0a51e468ff09bb4ecdf37ed371bd0223bd7b5f41ee8fa39958;p27/physical-row-031/section=Ranchi/printed=13/source-row=DGCA-AIX-2026-R1484/lineage=eeb59a9ac75744dc1cefa158a4c6edb902b579f12cac59046e5f5a276234ddd7;p12/physical-row-051/section=Bangalore/printed=488/source-row=DGCA-AIX-2026-R0664/lineage=cee307a317413881e346eca686ebdcc772ce40ce9795b12cfefa4d6ff4905880;p12/physical-row-050/section=Bangalore/printed=487/source-row=DGCA-AIX-2026-R0663/lineage=09c4ad6c2a3bf6bd82bbe4b6b1e4b3638ea2069c5fa72745d6ba5930c7b654cc;p12/physical-row-026/section=Bangalore/printed=463/source-row=DGCA-AIX-2026-R0639/lineage=74853fc10019569d92af5d41ed8e369d90153c8370ccdc40e7c4aa5265aad117;p12/physical-row-032/section=Bangalore/printed=469/source-row=DGCA-AIX-2026-R0645/lineage=bd888f31bb366f326ed6891217b9224d626c5e040489664f3b7b8b101912e238;p12/physical-row-031/section=Bangalore/printed=468/source-row=DGCA-AIX-2026-R0644/lineage=ea78a2ac4326a1845fb7d0c52a9719690bc86fb8d2114863fb0de7c90f4516e2;p12/physical-row-027/section=Bangalore/printed=464/source-row=DGCA-AIX-2026-R0640/lineage=1e871b8b5830a3164830b08da16d994ab9427f627096f03b694e64716eea0d74;p12/physical-row-030/section=Bangalore/printed=467/source-row=DGCA-AIX-2026-R0643/lineage=a5e6d8d2dae830fb34219a07e620edb3ace448bb97cac607dc33fa4f46cf1041;p12/physical-row-012/section=Bangalore/printed=449/source-row=DGCA-AIX-2026-R0625/lineage=2fa3f279cd1d910736f6fdbdf87b30ce010ef82101a362a7f40c2e181b97483a;p12/physical-row-029/section=Bangalore/printed=466/source-row=DGCA-AIX-2026-R0642/lineage=30eeeb924e8fd8d7f0f5ddbfabe19e56adc484ccc3ec35c1e36316d74ac48612;p12/physical-row-013/section=Bangalore/printed=450/source-row=DGCA-AIX-2026-R0626/lineage=c0881c81c6240475dbc2db75ce3b23017535f7e51d301aadcf838a7daf46b45d;p12/physical-row-028/section=Bangalore/printed=465/source-row=DGCA-AIX-2026-R0641/lineage=03df16584ecd93c57945d13cb587857d7471c8c0172eef0935b5adc8b67d1524;p12/physical-row-020/section=Bangalore/printed=457/source-row=DGCA-AIX-2026-R0633/lineage=1cce63affa469b9dfae21c2c2e8b96928312e03d9377b52193f8235740fffaa1;p12/physical-row-015/section=Bangalore/printed=452/source-row=DGCA-AIX-2026-R0628/lineage=e1caefdf45e5dfc100cd41a673ace65078f5f10f7ef177299019ce93283c2989;p12/physical-row-021/section=Bangalore/printed=458/source-row=DGCA-AIX-2026-R0634/lineage=5c07499a0880c4ed1703d6d7fe055acdab699508b29064e93bd660378cdc915e;p12/physical-row-017/section=Bangalore/printed=454/source-row=DGCA-AIX-2026-R0630/lineage=359c3688226320456d8839d4dea6255c5c8f9d4fa4cb3405125753d9404dc68e;p12/physical-row-022/section=Bangalore/printed=459/source-row=DGCA-AIX-2026-R0635/lineage=f52a30c55bcb0a19a404aa293ed849f3053bbf26109b097d9fb6a6d219af3e84;p12/physical-row-018/section=Bangalore/printed=455/source-row=DGCA-AIX-2026-R0631/lineage=56519e68a4a15f3c915195efb05bcbb8bb50fbb7029b0e43f37144661dccd746;p12/physical-row-023/section=Bangalore/printed=460/source-row=DGCA-AIX-2026-R0636/lineage=26145e8899ee291e3d3a387e7f706a6db136e23a3c277f15cd04c1c41b4e985e;p12/physical-row-024/section=Bangalore/printed=461/source-row=DGCA-AIX-2026-R0637/lineage=59918bb2bde344d2f31de5615ff80d0fba17aa99d250182d796a2c29d524f164;p12/physical-row-019/section=Bangalore/printed=456/source-row=DGCA-AIX-2026-R0632/lineage=a7a81dc063bee69be7f0e59d457638326ede51322558d8f49a8eff1088421410;p12/physical-row-014/section=Bangalore/printed=451/source-row=DGCA-AIX-2026-R0627/lineage=550f158c2d45a509a8965d3a2223f0958fe1ae7dd4f1cd181c1e1f2c2e61864d;p12/physical-row-016/section=Bangalore/printed=453/source-row=DGCA-AIX-2026-R0629/lineage=416ef21ef7754acfbd1abf08ff69f60a56e3063c26acc8568c97faefe5cf1966;p12/physical-row-025/section=Bangalore/printed=462/source-row=DGCA-AIX-2026-R0638/lineage=a5406eca5f7124bd0b64e1ad5bd95e0a9202e750d0e021a1d5005e8a834b71e7
ix-leg-45afcf518627f91cf45f,IX 2204,IX2204,AXB,IXM,BLR,expired,expired-only,false,1,1,new airport pair vs pinned runtime,false,DGCA-AIX-2026-R1290,p24/physical-row-003/section=Madurai/printed=1/source-row=DGCA-AIX-2026-R1290/lineage=c8c2f689fce31d0f0010cbbe8613d4f1c222a11a810c6e58e3cef731f4648c8d
ix-leg-b6a604fce09cf89460ee,IX 2220,IX2220,AXB,MAA,GAU,accepted,current,true,2,2,new airport pair vs pinned runtime,false,DGCA-AIX-2026-R0747;DGCA-AIX-2026-R0748,p14/physical-row-019/section=Chennai/printed=12/source-row=DGCA-AIX-2026-R0747/lineage=0999e30087d1ccbc3fc23fc5bfe021cada0935f974a8f2a437a9ca86a1fd2df9;p14/physical-row-020/section=Chennai/printed=13/source-row=DGCA-AIX-2026-R0748/lineage=febcfa7d32e893cd3eade34e194bafe26d426c380cafcd89687020cd2a8c7679
ix-leg-df657ceedf620c7519c5,IX 2223,IX2223,AXB,BLR,JDH,accepted,current,true,1,1,new airport pair vs pinned runtime,false,DGCA-AIX-2026-R1194,p22/physical-row-016/section=Jodhpur/printed=1/source-row=DGCA-AIX-2026-R1194/lineage=1a54d8192071315ea9fc79e0e87eb727d099092d6bbc91d81550056a5da0fb20
ix-leg-30c6c4f82871ccfd6aba,IX 2232,IX2232,AXB,JDH,BLR,accepted,current,true,1,1,new airport pair vs pinned runtime,false,DGCA-AIX-2026-R1195,p22/physical-row-017/section=Jodhpur/printed=2/source-row=DGCA-AIX-2026-R1195/lineage=6c502c0f458e0a48e586509dad49a92a78c7cb94a1ae8980fcbb36af6ee2af94
ix-leg-85b552ff40a12765ec69,IX 2244,IX2244,AXB,BLR,IXM,accepted,future,true,1,1,new airport pair vs pinned runtime,false,DGCA-AIX-2026-R1291,p24/physical-row-004/section=Madurai/printed=2/source-row=DGCA-AIX-2026-R1291/lineage=b4f28d87af9a35b2f57f0b550cd98af1bb5c3c62ce20e0ce359746e2b034521b
ix-leg-c52d1d500652dd3808b5,IX 2367,IX2367,AXB,BOM,GOI,accepted,current,true,9,9,present in pinned runtime (any carrier),false,DGCA-AIX-2026-R0983;DGCA-AIX-2026-R0984;DGCA-AIX-2026-R0985;DGCA-AIX-2026-R0986;DGCA-AIX-2026-R0987;DGCA-AIX-2026-R0988;DGCA-AIX-2026-R0989;DGCA-AIX-2026-R0990;DGCA-AIX-2026-R0991,p18/physical-row-029/section=Goa/printed=5/source-row=DGCA-AIX-2026-R0983/lineage=1417e9559b108ba1b7e8c521a4654c24f42ccf4ff3abba46a9edfe2377a92dfe;p18/physical-row-030/section=Goa/printed=6/source-row=DGCA-AIX-2026-R0984/lineage=d8b68e9e98ad5e058a010eddd0c24e42d4b9e49394bbf2ee68279e33face608c;p18/physical-row-031/section=Goa/printed=7/source-row=DGCA-AIX-2026-R0985/lineage=6c5dec8adfed161a7a05c69107e62a0e04cf53a63307683d2089019f25a9bbdd;p18/physical-row-032/section=Goa/printed=8/source-row=DGCA-AIX-2026-R0986/lineage=0032f2c26d0c1216a4caafad070a44c784e96da6c9e9bfa3e2dfdb7949e341e8;p18/physical-row-033/section=Goa/printed=9/source-row=DGCA-AIX-2026-R0987/lineage=03d21fb9eeb0e2c6a4e75d4f3706db6ea8ac6c16ccde4db98bc304fd098b663d;p18/physical-row-034/section=Goa/printed=10/source-row=DGCA-AIX-2026-R0988/lineage=00b6f7d58975b1cbfd35dcea7c7cbf70bf6cdce3eff746e1dff52732fc8ec0e7;p18/physical-row-035/section=Goa/printed=11/source-row=DGCA-AIX-2026-R0989/lineage=ff900850acb21c593a23a809fc574b47c20d848fe3742e4b9225fe7233252491;p18/physical-row-036/section=Goa/printed=12/source-row=DGCA-AIX-2026-R0990/lineage=04ba2c1cf31a38ca4e0ded90067506adc6f45287d8cd2debd77902e4ae4a83b2;p18/physical-row-037/section=Goa/printed=13/source-row=DGCA-AIX-2026-R0991/lineage=a96145b755524afbbf55f27302bcd136cb2ec4802fbfda28c82073a25cc7d5a8
ix-leg-74a7bd0253c35cecc1cf,IX 2367,IX2367,AXB,BOM,GOX,accepted,current,true,1,1,present in pinned runtime (any carrier),false,DGCA-AIX-2026-R1353,p25/physical-row-011/section=Mumbai/printed=18/source-row=DGCA-AIX-2026-R1353/lineage=cb4fcfb50266ab63e740fbd8bd23900819582d582d3d58e856049203ffceeb11
ix-leg-3ff1b0bb916f302a0f0e,IX 2368,IX2368,AXB,GOI,BOM,accepted,current,true,9,9,present in pinned runtime (any carrier),false,DGCA-AIX-2026-R0992;DGCA-AIX-2026-R0993;DGCA-AIX-2026-R0994;DGCA-AIX-2026-R0995;DGCA-AIX-2026-R0996;DGCA-AIX-2026-R0997;DGCA-AIX-2026-R0998;DGCA-AIX-2026-R0999;DGCA-AIX-2026-R1000,p18/physical-row-038/section=Goa/printed=14/source-row=DGCA-AIX-2026-R0992/lineage=89bbfd4a784e359292d82dee30d13408f7e62ac2999500af2e49f55b6a188403;p18/physical-row-039/section=Goa/printed=15/source-row=DGCA-AIX-2026-R0993/lineage=4333e7fd35ff2967a60c0a07bdfcb1d18924c38ca1df2f72317841e65fd06481;p18/physical-row-040/section=Goa/printed=16/source-row=DGCA-AIX-2026-R0994/lineage=4fac931352c797b34af4b440c3548e03810daec34fa7caf5b5d8f2b8ee0aab3a;p18/physical-row-041/section=Goa/printed=17/source-row=DGCA-AIX-2026-R0995/lineage=d18defca9a0b2f9963c240501230c4b1198dbb08bd10fd818d57c7b795fd1281;p18/physical-row-042/section=Goa/printed=18/source-row=DGCA-AIX-2026-R0996/lineage=b6bb0fb4975400dd7f0a17fdd95186d38ffccefc2ef652fdeec30e6ae827050a;p18/physical-row-043/section=Goa/printed=19/source-row=DGCA-AIX-2026-R0997/lineage=1ecdf82b85dfb0f2eab8c1700c0930e40dc69126c9b1bad8d4dfe254002d3e57;p18/physical-row-044/section=Goa/printed=20/source-row=DGCA-AIX-2026-R0998/lineage=5b3d216b33cb60a5b3a696ac023d0e7c05107c799de92f8b486b2a28709533bc;p18/physical-row-045/section=Goa/printed=21/source-row=DGCA-AIX-2026-R0999/lineage=1c5ebb6c5ff48ab5de0446759574c2105d9b31a766a7669be040d9234ca6f314;p18/physical-row-046/section=Goa/printed=22/source-row=DGCA-AIX-2026-R1000/lineage=0809c82282af3ec6f644731e9da6573807255e4b2c5224abc0b01730aab008c6
ix-leg-e5120ee0daa2f4d2fe2f,IX 2368,IX2368,AXB,GOX,BOM,accepted,current,true,1,1,present in pinned runtime (any carrier),false,DGCA-AIX-2026-R1356,p25/physical-row-014/section=Mumbai/printed=21/source-row=DGCA-AIX-2026-R1356/lineage=436ffe9614d5cc1657a0febeee78e4d48c7fd198d398c0dc33d8853f062813f5
ix-leg-5431d54af259f6a4bd92,IX 2458,IX2458,AXB,PNQ,JAI,accepted,current,true,1,2,new airport pair vs pinned runtime,false,DGCA-AIX-2026-R1176;DGCA-AIX-2026-R1458,p21/physical-row-054/section=Jaipur/printed=37/source-row=DGCA-AIX-2026-R1176/lineage=7bcb32962cca14466b94ed82fddac54623f9f226ad68c22b6edb87243511fc53;p27/physical-row-005/section=Pune/printed=23/source-row=DGCA-AIX-2026-R1458/lineage=044046135d7b05e64a184ab7c88c0d57e8d9bd698fedb73dd5540115e8cf6bb4
ix-leg-59f611ed14ba6df89d9b,IX 2505,IX2505,AXB,BLR,TRZ,accepted,current,true,1,2,new airport pair vs pinned runtime,false,DGCA-AIX-2026-R0492;DGCA-AIX-2026-R1528,p09/physical-row-053/section=Bangalore/printed=316/source-row=DGCA-AIX-2026-R0492/lineage=906b02bf8cfedfdbf41669ac731a6e8a0c95dee4539865762d4b3c6cfb40b934;p28/physical-row-019/section=Trichy/printed=1/source-row=DGCA-AIX-2026-R1528/lineage=7aaee69466054d4261bb8af58c3f9a66b7fdfcff329df5b5ad93dae19c8d75fe
ix-leg-537271e2343b5ac33911,IX 2506,IX2506,AXB,BLR,TRV,accepted,current,true,4,5,present in pinned runtime (any carrier),false,DGCA-AIX-2026-R0546;DGCA-AIX-2026-R1635;DGCA-AIX-2026-R0545;DGCA-AIX-2026-R0547;DGCA-AIX-2026-R1636,p10/physical-row-049/section=Bangalore/printed=370/source-row=DGCA-AIX-2026-R0546/lineage=212f031d6ee9abb39686ed970e482804abefab17f0202411dd574c4829d43000;p30/physical-row-013/section=Trivandrum/printed=106/source-row=DGCA-AIX-2026-R1635/lineage=1365dda3bb683de950b6479edb47cd1583effe51110a4d2b62d13b16f53f9476;p10/physical-row-048/section=Bangalore/printed=369/source-row=DGCA-AIX-2026-R0545/lineage=14fb557401df1e440c47f90a494e229bb87b7e2de9f7391ccbe8eef83247a3fa;p10/physical-row-050/section=Bangalore/printed=371/source-row=DGCA-AIX-2026-R0547/lineage=ae080f089d958f0925ebf197b65b892025054bbe82a94e7842a246bc511b2169;p30/physical-row-014/section=Trivandrum/printed=107/source-row=DGCA-AIX-2026-R1636/lineage=0522c73809f0d88b1e3f84d1ae7f58460b2b44a8732995ab0417b17c8a9881bb
ix-leg-c5808c1c3213719b4016,IX 2506,IX2506,AXB,TRZ,BLR,accepted,current,true,5,5,new airport pair vs pinned runtime,false,DGCA-AIX-2026-R0528;DGCA-AIX-2026-R1529;DGCA-AIX-2026-R0527;DGCA-AIX-2026-R0529;DGCA-AIX-2026-R0526,p10/physical-row-031/section=Bangalore/printed=352/source-row=DGCA-AIX-2026-R0528/lineage=47bc3dbe2f254baad304bd942eda8ff0e6975bcf4458440134a03440d6ab8068;p28/physical-row-020/section=Trichy/printed=2/source-row=DGCA-AIX-2026-R1529/lineage=c888b6d7512f2901853774d0c90188d844ab56eb0c98ca708b9137931fa588dd;p10/physical-row-030/section=Bangalore/printed=351/source-row=DGCA-AIX-2026-R0527/lineage=fbfd65b6df3d7931c8af7986b988249506913b759cd2f2717b1919cc94b2f624;p10/physical-row-032/section=Bangalore/printed=353/source-row=DGCA-AIX-2026-R0529/lineage=c769a20ef494dade0f4a36b190565cf4dbf10a6f6332163a3e54d4904d9894fc;p10/physical-row-029/section=Bangalore/printed=350/source-row=DGCA-AIX-2026-R0526/lineage=b5d40ae35ace87a09772a889d112637b1631282e23d2dc4d29e91a9c5fd26db1
ix-leg-fa30dc8e540b7ec85164,IX 2507,IX2507,AXB,BLR,TRV,expired,expired-only,false,1,2,present in pinned runtime (any carrier),false,DGCA-AIX-2026-R0502;DGCA-AIX-2026-R1632,p10/physical-row-005/section=Bangalore/printed=326/source-row=DGCA-AIX-2026-R0502/lineage=7168583b3493ce9ec434e9f161742c263a24b36556a32552a6660686cad57fca;p30/physical-row-010/section=Trivandrum/printed=103/source-row=DGCA-AIX-2026-R1632/lineage=67d350e9b5e2840006924e285696c1c6ae8ae80b60cfb373ad39df07f597f3fc
ix-leg-cfea2067431fb498e99e,IX 2542,IX2542,AXB,BLR,DEL,accepted,current,true,9,9,present in pinned runtime (any carrier),false,DGCA-AIX-2026-R0208;DGCA-AIX-2026-R0209;DGCA-AIX-2026-R0804;DGCA-AIX-2026-R0211;DGCA-AIX-2026-R0210;DGCA-AIX-2026-R0215;DGCA-AIX-2026-R0231;DGCA-AIX-2026-R0232;DGCA-AIX-2026-R0807,p05/physical-row-001/section=Bangalore/printed=32/source-row=DGCA-AIX-2026-R0208/lineage=ce9acd0636ec60e43384241936e1cc6727c94776096bad395f6d94016ae06035;p05/physical-row-002/section=Bangalore/printed=33/source-row=DGCA-AIX-2026-R0209/lineage=99c2a24c93db6e07d12aac4d81362c2d894a4bd12514533c82970c5c36cbda40;p15/physical-row-022/section=Delhi/printed=38/source-row=DGCA-AIX-2026-R0804/lineage=7cf73eeab30ded1f8033ca51d89489d08c780aa8f7511e518e03e45f1fc66ccb;p05/physical-row-004/section=Bangalore/printed=35/source-row=DGCA-AIX-2026-R0211/lineage=fc25c0f54663e0d168b13c45d55da124556089624db3281979b7a50839f08374;p05/physical-row-003/section=Bangalore/printed=34/source-row=DGCA-AIX-2026-R0210/lineage=fc82f009ac08ffe5941fdb6e3a3ea45b1f9c75e81989af31238f8c520905c530;p05/physical-row-008/section=Bangalore/printed=39/source-row=DGCA-AIX-2026-R0215/lineage=a5c1f9d461dbf4d9a2c3678a6e419249b6d355dc5def826a064a6bd8a42ecc4d;p05/physical-row-024/section=Bangalore/printed=55/source-row=DGCA-AIX-2026-R0231/lineage=de964c65ba23d9371d8185414ea26be926ca5d9118d1f01fbf84a564e27a8eab;p05/physical-row-025/section=Bangalore/printed=56/source-row=DGCA-AIX-2026-R0232/lineage=a7f2b7ccb3339a7f0579b6baefe416819ebf3f0096275b6f5811fceca0c870f5;p15/physical-row-025/section=Delhi/printed=41/source-row=DGCA-AIX-2026-R0807/lineage=8cabdc93dd2291df60787000b5e3745a6203b899425f73228663e0051cb62bfa
ix-leg-7912eae511a1db393e96,IX 2547,IX2547,AXB,VNS,BOM,accepted,current,true,1,2,present in pinned runtime (any carrier),false,DGCA-AIX-2026-R1380;DGCA-AIX-2026-R1707,p25/physical-row-038/section=Mumbai/printed=45/source-row=DGCA-AIX-2026-R1380/lineage=c80eede20ed0b6daa995894ff18266016f0dc146c693bf7547f39ee1bd499d7c;p31/physical-row-027/section=Varanasi/printed=8/source-row=DGCA-AIX-2026-R1707/lineage=d06cdf32df44a1f555a63b3e2407c91e51c2508a35b2775246fc23ced5ffbd99
ix-leg-77519eb7ae9bcf86b6d4,IX 2608,IX2608,AXB,BLR,COK,accepted,current,true,3,3,present in pinned runtime (any carrier),false,DGCA-AIX-2026-R0524;DGCA-AIX-2026-R1208;DGCA-AIX-2026-R1211,p10/physical-row-027/section=Bangalore/printed=348/source-row=DGCA-AIX-2026-R0524/lineage=977671baf505ca9ad9899b0cf35d6ca748d89b287264984bdd877a3adf6c17d5;p22/physical-row-030/section=Kochi/printed=6/source-row=DGCA-AIX-2026-R1208/lineage=c6a472d9cfce7c50e6e24d18facdb5923e6251d9f374a06d97b0f2a31f0c9645;p22/physical-row-033/section=Kochi/printed=9/source-row=DGCA-AIX-2026-R1211/lineage=6d1248f3df2810c81d092483a3febf656ce816a7fc0e35002d06c181d7f12258
ix-leg-c8d60e9cfd32cba33b07,IX 2645,IX2645,AXB,HYD,PNQ,accepted,current,true,3,3,new airport pair vs pinned runtime,false,DGCA-AIX-2026-R1063;DGCA-AIX-2026-R1446;DGCA-AIX-2026-R1064,p19/physical-row-053/section=Hyderabad/printed=2/source-row=DGCA-AIX-2026-R1063/lineage=70be519cd02b45f622f4a77893b4ff6b06142239fc3336feb085f3bcbcd34c0f;p26/physical-row-048/section=Pune/printed=11/source-row=DGCA-AIX-2026-R1446/lineage=2d649934e8cdcc12adac4cfad8cc278111bcb724e3e1d1bc30f4bd21ae87becb;p19/physical-row-054/section=Hyderabad/printed=3/source-row=DGCA-AIX-2026-R1064/lineage=ae39d52405f9acc04e14847166fb5be3651ad74fecee79bdf6d1f970883e77f9
ix-leg-e35e9753ee30e829e942,IX 2648,IX2648,AXB,BLR,IXZ,accepted,current,true,3,3,new airport pair vs pinned runtime,false,DGCA-AIX-2026-R0443;DGCA-AIX-2026-R0444;DGCA-AIX-2026-R1434,p09/physical-row-004/section=Bangalore/printed=267/source-row=DGCA-AIX-2026-R0443/lineage=a7c56c4013708252912b0bcdecb70a2cc4dc1a45f2eae203508f89dcea35a561;p09/physical-row-005/section=Bangalore/printed=268/source-row=DGCA-AIX-2026-R0444/lineage=dfaafe3e2953c5327dc5c56339389000de0f7f3e594a535ba118d5680a0cdd0c;p26/physical-row-036/section=Port Blair/printed=5/source-row=DGCA-AIX-2026-R1434/lineage=757be797c2869eccffa8c1fb5e2052a4a617840d77bc6a302a65ee30f98743ed
ix-leg-ad7e7f41103355d21a56,IX 2655,IX2655,AXB,MAA,GAU,expired,expired-only,false,1,1,new airport pair vs pinned runtime,false,DGCA-AIX-2026-R0741,p14/physical-row-013/section=Chennai/printed=6/source-row=DGCA-AIX-2026-R0741/lineage=7c09ef4a0f75b6a8655ebfea0fc90d837602f529b26aed7dcc5a26394878836f
ix-leg-d9bff558c3ab899f474c,IX 2660,IX2660,AXB,PNQ,MAA,accepted,current,true,3,3,new airport pair vs pinned runtime,false,DGCA-AIX-2026-R1436;DGCA-AIX-2026-R0736;DGCA-AIX-2026-R1437,p26/physical-row-038/section=Pune/printed=1/source-row=DGCA-AIX-2026-R1436/lineage=38be909c312f3181ed7e8ce5e9e0067bb80d5e32b640b833c7788facb8abe825;p14/physical-row-008/section=Chennai/printed=1/source-row=DGCA-AIX-2026-R0736/lineage=c6968928a9f0186674c7e2418f01c3f269f41a71008e9b1b954fbc7c35e1a8e5;p26/physical-row-039/section=Pune/printed=2/source-row=DGCA-AIX-2026-R1437/lineage=e653a6e144f9e6ac5b62c53109ab3f031a3f2d9163ba7a29fb6b62449a5be7e9
ix-leg-801e54d229bb90e1dbd7,IX 2661,IX2661,AXB,MAA,PNQ,accepted,current,true,3,3,new airport pair vs pinned runtime,false,DGCA-AIX-2026-R1471;DGCA-AIX-2026-R0760;DGCA-AIX-2026-R1470,p27/physical-row-018/section=Pune/printed=36/source-row=DGCA-AIX-2026-R1471/lineage=8426d2033fe3abf38e2577940e8cea6c69104bf0d2910785dc71b942ea4e125c;p14/physical-row-032/section=Chennai/printed=25/source-row=DGCA-AIX-2026-R0760/lineage=6faf9ecb6fb87b3ca62df39aeb5b1baae6a2904641cc8bb63b624e8289243636;p27/physical-row-017/section=Pune/printed=35/source-row=DGCA-AIX-2026-R1470/lineage=504678f2f6d3ecae823a63acadf60bd5d0007068ecb84d24aea1324122a45e7c
ix-leg-cd77683558d4ee9852e3,IX 2662,IX2662,AXB,MAA,BLR,accepted,current,true,3,3,present in pinned runtime (any carrier),false,DGCA-AIX-2026-R0691;DGCA-AIX-2026-R0759;DGCA-AIX-2026-R0690,p13/physical-row-020/section=Bangalore/printed=515/source-row=DGCA-AIX-2026-R0691/lineage=85d153f8b17562fdf38895880264af2861e7a6a7779f3119a8e8a06735bb63e7;p14/physical-row-031/section=Chennai/printed=24/source-row=DGCA-AIX-2026-R0759/lineage=935efe137cf8e8eea4553300e5ef4c84b77e74306f973472043d4330132a78f7;p13/physical-row-019/section=Bangalore/printed=514/source-row=DGCA-AIX-2026-R0690/lineage=8d698149f43e6fbb37b1e280a3929f531172f30683d8ece740dc4cb68e1c5f16
ix-leg-12f2c108a099a8bb700f,IX 2678,IX2678,AXB,BLR,GWL,accepted,current,true,3,3,new airport pair vs pinned runtime,false,DGCA-AIX-2026-R0197;DGCA-AIX-2026-R0198;DGCA-AIX-2026-R1060,p04/physical-row-047/section=Bangalore/printed=21/source-row=DGCA-AIX-2026-R0197/lineage=88fe17e58d038ed8f004dd4072b662058ea32386d01df4efc12ac1df630487f0;p04/physical-row-048/section=Bangalore/printed=22/source-row=DGCA-AIX-2026-R0198/lineage=f5f4c6a47b8aea321673dc9aeb32acfcc8eca9b74cb41585b320af91023acd79;p19/physical-row-050/section=Gwalior/printed=1/source-row=DGCA-AIX-2026-R1060/lineage=512badd17b50b343a74495fc743ba81113d9d957805d6566c2deba18d41eb1a8
ix-leg-65cc1d36181a3795d662,IX 2679,IX2679,AXB,DEL,BLR,expired,expired-only,false,1,1,present in pinned runtime (any carrier),false,DGCA-AIX-2026-R0179,p04/physical-row-029/section=Bangalore/printed=3/source-row=DGCA-AIX-2026-R0179/lineage=61215f172becb765b19878d4f05f4decacbfb1d79500d28400259203ba724b79
ix-leg-a396e8b19f7190bb9205,IX 2680,IX2680,AXB,BLR,PNQ,accepted,current,true,1,2,present in pinned runtime (any carrier),false,DGCA-AIX-2026-R0681;DGCA-AIX-2026-R1469,p13/physical-row-010/section=Bangalore/printed=505/source-row=DGCA-AIX-2026-R0681/lineage=d2fbca97caca8dedc2c916c578ebb1ee16688ae22e04188685682f7795ca0fd9;p27/physical-row-016/section=Pune/printed=34/source-row=DGCA-AIX-2026-R1469/lineage=fa1fabc3a648a77195f4fb7477268796ceb5b32dfaccb65dd41bbca805abf318
ix-leg-b69fe2eb1f8951728e3c,IX 2681,IX2681,AXB,PNQ,BLR,accepted,current,true,2,4,present in pinned runtime (any carrier),false,DGCA-AIX-2026-R0191;DGCA-AIX-2026-R1438;DGCA-AIX-2026-R0192;DGCA-AIX-2026-R1439,p04/physical-row-041/section=Bangalore/printed=15/source-row=DGCA-AIX-2026-R0191/lineage=4121ca0f48a9143c83ce8c363d147831b3a1695c05f5fc00db8eaf43ca5876ba;p26/physical-row-040/section=Pune/printed=3/source-row=DGCA-AIX-2026-R1438/lineage=270c37ac16ceab0b4354935c3a2e03635d7ffd302b960788015f07eacfe8061e;p04/physical-row-042/section=Bangalore/printed=16/source-row=DGCA-AIX-2026-R0192/lineage=3272b212212507ca99375fd88b78ad9815ed38c4f5f111e4590bb71fdb398203;p26/physical-row-041/section=Pune/printed=4/source-row=DGCA-AIX-2026-R1439/lineage=ee05e752ab429a6e74ce731944272aa4d8336910a91e65e35c0633697fe0b3d5
ix-leg-9764d2b039a2d061aeae,IX 2706,IX2706,AXB,PNQ,BLR,accepted,current,true,3,3,present in pinned runtime (any carrier),false,DGCA-AIX-2026-R1450;DGCA-AIX-2026-R0244;DGCA-AIX-2026-R0243,p26/physical-row-052/section=Pune/printed=15/source-row=DGCA-AIX-2026-R1450/lineage=1bafccb4aaa28406f3cda34e01b0a329582469716877921cdca64cc637823610;p05/physical-row-037/section=Bangalore/printed=68/source-row=DGCA-AIX-2026-R0244/lineage=73420c1987da2d0ba0b60477ab3ec444ecf6e097e2f77ff5967603259589e3a7;p05/physical-row-036/section=Bangalore/printed=67/source-row=DGCA-AIX-2026-R0243/lineage=fcd479901bdbd1c88e7e5a436fd34faf328c92658f204141dcb460e374bdee39
ix-leg-c9ef196b24594ef5226b,IX 2712,IX2712,AXB,JAI,PNQ,accepted,current,true,3,3,new airport pair vs pinned runtime,false,DGCA-AIX-2026-R1166;DGCA-AIX-2026-R1456;DGCA-AIX-2026-R1167,p21/physical-row-044/section=Jaipur/printed=27/source-row=DGCA-AIX-2026-R1166/lineage=e1cf6835d8cb9141358dce6e1c8e44481e815ef49c9521e9206b014f9f017ece;p27/physical-row-003/section=Pune/printed=21/source-row=DGCA-AIX-2026-R1456/lineage=b398300fab6b8cc819d022e53f417816af9b40142a40b16f05a188b5db39acf9;p21/physical-row-045/section=Jaipur/printed=28/source-row=DGCA-AIX-2026-R1167/lineage=e5c6d39309c71043fc6f20549667f6b1fb8e9bb7ea984b0af1f710e847293d99
ix-leg-aeed095b6ef6742f6d07,IX 2717,IX2717,AXB,BBI,PNQ,accepted,current,true,1,2,new airport pair vs pinned runtime,false,DGCA-AIX-2026-R0725;DGCA-AIX-2026-R1466,p13/physical-row-054/section=Bhubneshwar/printed=12/source-row=DGCA-AIX-2026-R0725/lineage=a99070422a0990c77e6738d74e70462c0a465950fba6e7f259b978a39f32e30e;p27/physical-row-013/section=Pune/printed=31/source-row=DGCA-AIX-2026-R1466/lineage=8a96ac5aa180aefb100f2a40af4623a42b8024fc94d1bcfe919c93cb9937fbff
ix-leg-451a503ad22f9343fa93,IX 2718,IX2718,AXB,PNQ,BLR,accepted,current,true,1,2,present in pinned runtime (any carrier),false,DGCA-AIX-2026-R0534;DGCA-AIX-2026-R1457,p10/physical-row-037/section=Bangalore/printed=358/source-row=DGCA-AIX-2026-R0534/lineage=12966d6014a5a4bc50a9ab6147d2de72f154255dbbd2c984449e6eb9f9ce644c;p27/physical-row-004/section=Pune/printed=22/source-row=DGCA-AIX-2026-R1457/lineage=ed83b20477f4993631821aa9d9f97f607479b7d41506d09924066cfea31421b3
ix-leg-ce9985e71b6266be4eb6,IX 2720,IX2720,AXB,COK,PNQ,accepted,current,true,2,2,new airport pair vs pinned runtime,false,DGCA-AIX-2026-R1213;DGCA-AIX-2026-R1441,p22/physical-row-035/section=Kochi/printed=11/source-row=DGCA-AIX-2026-R1213/lineage=e3c4d49ec7798d825067aded859c543749a2be1932afa944e288d1b3eaff9d63;p26/physical-row-043/section=Pune/printed=6/source-row=DGCA-AIX-2026-R1441/lineage=decf6b7cfcf2dcc4432f722200cff2d2c681793d0cbaf03fd74f81c8b9556a84
ix-leg-24d7259e31f3ea04ad4c,IX 2739,IX2739,AXB,PNQ,COK,accepted,current,true,3,3,new airport pair vs pinned runtime,false,DGCA-AIX-2026-R1444;DGCA-AIX-2026-R1203;DGCA-AIX-2026-R1445,p26/physical-row-046/section=Pune/printed=9/source-row=DGCA-AIX-2026-R1444/lineage=57cf7337f6f282a25439dc69abd43c43b06e5409bf59797d73c4b15c38689b0b;p22/physical-row-025/section=Kochi/printed=1/source-row=DGCA-AIX-2026-R1203/lineage=876ccd74b0515764aa516b282f74ad69026aa1b83fb60da1f8dada9e80b9f2db;p26/physical-row-047/section=Pune/printed=10/source-row=DGCA-AIX-2026-R1445/lineage=c3aa91d83d63ecd3d6793220cdb8003b33e5c7e50fdb7a89890138d7980496f7
ix-leg-ebfcb50400729032aefe,IX 2743,IX2743,AXB,HYD,VGA,accepted,current,true,4,5,present in pinned runtime (any carrier),false,DGCA-AIX-2026-R1720;DGCA-AIX-2026-R1105;DGCA-AIX-2026-R1719;DGCA-AIX-2026-R1107;DGCA-AIX-2026-R1722,p31/physical-row-040/section=Vijayawada/printed=7/source-row=DGCA-AIX-2026-R1720/lineage=8f49b2e736bd988c738ae034fee3f0864b9ed2f55bbcd51d2c909315e1f86dba;p20/physical-row-040/section=Hyderabad/printed=44/source-row=DGCA-AIX-2026-R1105/lineage=d57e7e1157bb5345edc5b417cc74e79722f846c804cc58092234418e6c103c53;p31/physical-row-039/section=Vijayawada/printed=6/source-row=DGCA-AIX-2026-R1719/lineage=b23ee91b68931ca7b80ce3c502f35d9394ecde3125d086f5fa8c5b6164209c41;p20/physical-row-042/section=Hyderabad/printed=46/source-row=DGCA-AIX-2026-R1107/lineage=0f2cada52e491564ab5c15b18a8ef3a78d3415339d0683de288dcf01b6552e71;p31/physical-row-042/section=Vijayawada/printed=9/source-row=DGCA-AIX-2026-R1722/lineage=e23cfc0ab3ef4e25f144e36364b4cd285c146db32ef9e9df7b5b35607f35cc73
ix-leg-bf0f496ea91d9e6c4a94,IX 2744,IX2744,AXB,VTZ,HYD,accepted,current,true,3,3,new airport pair vs pinned runtime,false,DGCA-AIX-2026-R1736;DGCA-AIX-2026-R1104;DGCA-AIX-2026-R1103,p32/physical-row-001/section=Vizag/printed=12/source-row=DGCA-AIX-2026-R1736/lineage=6c227eb0527812c3c2c17ae3382770dfda4748320b686df18c6724eff2d4d049;p20/physical-row-039/section=Hyderabad/printed=43/source-row=DGCA-AIX-2026-R1104/lineage=50d8915bd19a9b99e03b88698a804a2e5e9b512e35a97f8f47150764cfea4d5e;p20/physical-row-038/section=Hyderabad/printed=42/source-row=DGCA-AIX-2026-R1103/lineage=803ad3f5c69e13d61227bd9b79eac010d242ca25552350e39ae22b9f70c8b1c2
ix-leg-4c2506c46e54ce7c3dd5,IX 2745,IX2745,AXB,HYD,GOI,accepted,current,true,1,1,new airport pair vs pinned runtime,false,DGCA-AIX-2026-R1002,p18/physical-row-048/section=Goa/printed=24/source-row=DGCA-AIX-2026-R1002/lineage=16cb44a77778c0ab8126e693bf846aef19d2e9ceb7347550f85dfa3cccb2e00a
ix-leg-f5e03cca0a6907da79f3,IX 2745,IX2745,AXB,HYD,GOX,accepted,current,true,1,1,present in pinned runtime (any carrier),false,DGCA-AIX-2026-R1092,p20/physical-row-027/section=Hyderabad/printed=31/source-row=DGCA-AIX-2026-R1092/lineage=4ab2e6651b93b7c97b4adc7b9dac6ff6927fb97dadeda6f0ae5a6f12b216dc19
ix-leg-e0fbb3aebbfc81e1a51f,IX 2745,IX2745,AXB,VTZ,HYD,accepted,current,true,1,2,new airport pair vs pinned runtime,false,DGCA-AIX-2026-R1091;DGCA-AIX-2026-R1732,p20/physical-row-026/section=Hyderabad/printed=30/source-row=DGCA-AIX-2026-R1091/lineage=23130e05a582e8af7968d376a1ae9fd4e624632d8192949920305279846fb751;p31/physical-row-052/section=Vizag/printed=8/source-row=DGCA-AIX-2026-R1732/lineage=4db63ab99dd858668c8243e12bc986c565eddb01eb3cf483f942c2fe52e6438c
ix-leg-46ab2537763a275683e7,IX 2746,IX2746,AXB,GOI,HYD,accepted,current,true,1,1,new airport pair vs pinned runtime,false,DGCA-AIX-2026-R1004,p18/physical-row-050/section=Goa/printed=26/source-row=DGCA-AIX-2026-R1004/lineage=fb8b0a834828da226c5efb96d7e3c897a56879d1d296ac259799378941cfda45
ix-leg-04bebc0317b7240f0b24,IX 2746,IX2746,AXB,GOX,HYD,accepted,current,true,1,1,present in pinned runtime (any carrier),false,DGCA-AIX-2026-R1097,p20/physical-row-032/section=Hyderabad/printed=36/source-row=DGCA-AIX-2026-R1097/lineage=88cc2c25e55bc960ab6476d62c6d41c5e5e71e0dae7c988aa33c796885ec7edf
ix-leg-e6bd217b866d54aaa98a,IX 2746,IX2746,AXB,HYD,IXB,accepted,current,true,1,2,new airport pair vs pinned runtime,false,DGCA-AIX-2026-R0165;DGCA-AIX-2026-R1099,p04/physical-row-015/section=Bagdogra/printed=32/source-row=DGCA-AIX-2026-R0165/lineage=60ac14a8f806cb5c50ed49e203df7781ba37dc83c973fb0712f3aa18e4a87361;p20/physical-row-034/section=Hyderabad/printed=38/source-row=DGCA-AIX-2026-R1099/lineage=96eec71bf84bc56aef107cd9e91d3634289e562548653a1c533b56da8039afbd
ix-leg-5b63d759b102c73fa068,IX 2749,IX2749,AXB,DEL,BLR,accepted,current,true,6,6,present in pinned runtime (any carrier),false,DGCA-AIX-2026-R0808;DGCA-AIX-2026-R0459;DGCA-AIX-2026-R0460;DGCA-AIX-2026-R0461;DGCA-AIX-2026-R0814;DGCA-AIX-2026-R0488,p15/physical-row-026/section=Delhi/printed=42/source-row=DGCA-AIX-2026-R0808/lineage=5234bfc5ad8a10515c69dd6be69fc909b64253f5973b4fa881e7dc65bababaa1;p09/physical-row-020/section=Bangalore/printed=283/source-row=DGCA-AIX-2026-R0459/lineage=b64905df3b13f486611240d87e27d0ad9181b7b10b3b220ab46cbb5d5040f750;p09/physical-row-021/section=Bangalore/printed=284/source-row=DGCA-AIX-2026-R0460/lineage=d8088ae2628bd8c039198d08f58c3812a2bea71fca287df928ba3ae658a9142d;p09/physical-row-022/section=Bangalore/printed=285/source-row=DGCA-AIX-2026-R0461/lineage=7c0b72415608a8e324aa35ff6b73dce32f9452ccaa14805c647da76f38f90860;p15/physical-row-032/section=Delhi/printed=48/source-row=DGCA-AIX-2026-R0814/lineage=0a949b3fc4200a2a438a6680f03223b5e1f2c2c4b9c952bc507c37c2a43fb9fc;p09/physical-row-049/section=Bangalore/printed=312/source-row=DGCA-AIX-2026-R0488/lineage=8b7730f3b1983b6caff339543be77c8f5e25aa2a35852ae8a5ee3838a2907368
ix-leg-21bcc876c3a67a41053b,IX 2752,IX2752,AXB,DEL,IXE,expired,expired-only,false,1,1,new airport pair vs pinned runtime,false,DGCA-AIX-2026-R0798,p15/physical-row-016/section=Delhi/printed=32/source-row=DGCA-AIX-2026-R0798/lineage=7de5035ad2a282d582953ed1a8f0452f0abcb2775e05607cc992f440b9aae7f5
ix-leg-67f3ede988c4d9fedf93,IX 2760,IX2760,AXB,PNQ,BLR,expired,expired-only,false,1,1,present in pinned runtime (any carrier),false,DGCA-AIX-2026-R0252,p05/physical-row-045/section=Bangalore/printed=76/source-row=DGCA-AIX-2026-R0252/lineage=bb123f24a4112ceba22fc3f34e7ca15c556737c99166d6e365c630922829a25b
ix-leg-cc5e9177d4eb487c0d86,IX 2762,IX2762,AXB,GOI,DEL,accepted,current,true,2,2,present in pinned runtime (any carrier),false,DGCA-AIX-2026-R0982;DGCA-AIX-2026-R0981,p18/physical-row-028/section=Goa/printed=4/source-row=DGCA-AIX-2026-R0982/lineage=3a381444c986015fa78f9a1c14e9b9be91fe2094e85ba9db35a2bd487e756a47;p18/physical-row-027/section=Goa/printed=3/source-row=DGCA-AIX-2026-R0981/lineage=b93bdfe33ba50af78aff44b0a011b0e29bd3df0e8084dc26abe36dc964d521ad
ix-leg-31ae533f61d3d52ff86d,IX 2762,IX2762,AXB,GOX,DEL,accepted,current,true,1,1,present in pinned runtime (any carrier),false,DGCA-AIX-2026-R0775,p14/physical-row-047/section=Delhi/printed=9/source-row=DGCA-AIX-2026-R0775/lineage=b38e08130f5babd72c6b12d2f5f743c20c63b459ff4e04e2578b964a75cbe79c
ix-leg-5b2334cde142fa6ce62a,IX 2764,IX2764,AXB,GOI,DEL,accepted,current,true,1,1,present in pinned runtime (any carrier),false,DGCA-AIX-2026-R1006,p18/physical-row-052/section=Goa/printed=28/source-row=DGCA-AIX-2026-R1006/lineage=272511f84ecede82e715ae64a93f09aee3226d983051ad8daea4d0d110e9aeec
ix-leg-9d5646b732d0c03ce066,IX 2764,IX2764,AXB,GOX,DEL,accepted,current,true,1,1,present in pinned runtime (any carrier),false,DGCA-AIX-2026-R0769,p14/physical-row-041/section=Delhi/printed=3/source-row=DGCA-AIX-2026-R0769/lineage=cd1e7386db2abb30f9d0a8c67772bed27f838e39a71a502d3ee26d5bbed304fa
ix-leg-672a2ba3d951aa435311,IX 2780,IX2780,AXB,BBI,BLR,accepted,current,true,4,4,present in pinned runtime (any carrier),false,DGCA-AIX-2026-R0714;DGCA-AIX-2026-R0247;DGCA-AIX-2026-R0715;DGCA-AIX-2026-R0256,p13/physical-row-043/section=Bhubneshwar/printed=1/source-row=DGCA-AIX-2026-R0714/lineage=4ab1880c86df7b9fa986d90456a52133bd0628d47cb0dc8fd01981350d8ef4d8;p05/physical-row-040/section=Bangalore/printed=71/source-row=DGCA-AIX-2026-R0247/lineage=276498745f1e37adf1b979c30176b9ca2702ea350be49cbdd7da7b24923d72c5;p13/physical-row-044/section=Bhubneshwar/printed=2/source-row=DGCA-AIX-2026-R0715/lineage=f1cf620315d16208af3f847035ea0f73967bec1aad7c4753b81f4903e193c906;p05/physical-row-049/section=Bangalore/printed=80/source-row=DGCA-AIX-2026-R0256/lineage=498bc8ad3b9c894f6edad16754e364e0217e2fd9f94eaeb13623be81ec1b711d
ix-leg-70d5486990b6ec80ba8d,IX 2782,IX2782,AXB,CCU,IXZ,accepted,current,true,3,3,new airport pair vs pinned runtime,false,DGCA-AIX-2026-R1218;DGCA-AIX-2026-R1430;DGCA-AIX-2026-R1216,p22/physical-row-040/section=Kolkata/printed=5/source-row=DGCA-AIX-2026-R1218/lineage=74075a1bc076a117ecd90dcc99adcaaeb6de82c0eaf0851560c2f0407ab63bd4;p26/physical-row-032/section=Port Blair/printed=1/source-row=DGCA-AIX-2026-R1430/lineage=12598544c792d7f2e6914e79933c52fa675300ad3621c845e38ea79263484cd3;p22/physical-row-038/section=Kolkata/printed=3/source-row=DGCA-AIX-2026-R1216/lineage=ed252d9628e1e40f1613124a999e95876825c3a1fd412e88d4f0c16ecda8b030
ix-leg-ed60357d57574cfdac9a,IX 2786,IX2786,AXB,BLR,IXR,accepted,current,true,2,2,new airport pair vs pinned runtime,false,DGCA-AIX-2026-R1478;DGCA-AIX-2026-R0315,p27/physical-row-025/section=Ranchi/printed=7/source-row=DGCA-AIX-2026-R1478/lineage=a5a6b66d5deaf3766b3a8351e70f264a3a353f5542b776128280e72a15577ace;p06/physical-row-050/section=Bangalore/printed=139/source-row=DGCA-AIX-2026-R0315/lineage=3429a94550a525375c04b6a85d1bbd93cac12bd8043a23891e5104095f282905
ix-leg-51bdb055a8f6c59d85e5,IX 2786,IX2786,AXB,MAA,BLR,accepted,current,true,2,4,present in pinned runtime (any carrier),false,DGCA-AIX-2026-R0498;DGCA-AIX-2026-R0738;DGCA-AIX-2026-R0292;DGCA-AIX-2026-R0739,p10/physical-row-001/section=Bangalore/printed=322/source-row=DGCA-AIX-2026-R0498/lineage=5d5154ad81c897622b9f5b21db104d849e8e752bee8faba411f8e8d475a84592;p14/physical-row-010/section=Chennai/printed=3/source-row=DGCA-AIX-2026-R0738/lineage=2c34eb1876a7ecfa18fe7d8259b35d33302a94841febd84c824ead84cc2a3a64;p06/physical-row-027/section=Bangalore/printed=116/source-row=DGCA-AIX-2026-R0292/lineage=464db86982fc24b08a0bdb3a77c77ae7b1d5b6ca8a317e2dbc5df1c38755d433;p14/physical-row-011/section=Chennai/printed=4/source-row=DGCA-AIX-2026-R0739/lineage=80b409563b7e20d6d9f85f054b0abc31ef45a8f8e5890ab59c1080b3986d6b14
ix-leg-6469c1573e4a3716511b,IX 2787,IX2787,AXB,BLR,MAA,accepted,current,true,3,3,present in pinned runtime (any carrier),false,DGCA-AIX-2026-R0762;DGCA-AIX-2026-R0684;DGCA-AIX-2026-R0761,p14/physical-row-034/section=Chennai/printed=27/source-row=DGCA-AIX-2026-R0762/lineage=014bcd26c94861e92c402edb870949cb58aff802c42b2adcb23ec1ee0ae5f6f8;p13/physical-row-013/section=Bangalore/printed=508/source-row=DGCA-AIX-2026-R0684/lineage=917ed1a801ce4fa92624cf55be6f6f629ed528c367b38556e76e3a97ce911445;p14/physical-row-033/section=Chennai/printed=26/source-row=DGCA-AIX-2026-R0761/lineage=ca567677445c6502b078b8a802ed8e1538399fe028a5bac2ce784910965b72f0
ix-leg-97c400b5eceae072238c,IX 2793,IX2793,AXB,BLR,NAG,accepted,current,true,1,1,new airport pair vs pinned runtime,false,DGCA-AIX-2026-R0595,p11/physical-row-040/section=Bangalore/printed=419/source-row=DGCA-AIX-2026-R0595/lineage=84e7b19af5d1c901adeba2b77069543eb7a7311262f3e033ba33d55afd3ddae6
ix-leg-62ad07d2d7148669a4fb,IX 2793,IX2793,AXB,IXZ,BLR,accepted,current,true,2,2,new airport pair vs pinned runtime,false,DGCA-AIX-2026-R0578;DGCA-AIX-2026-R1435,p11/physical-row-023/section=Bangalore/printed=402/source-row=DGCA-AIX-2026-R0578/lineage=bd37fa52324e2de00ab0e30a2d040bf3434c22c4a5d1d5ca8694c131746916ea;p26/physical-row-037/section=Port Blair/printed=6/source-row=DGCA-AIX-2026-R1435/lineage=fe152b4c2183437f8afb0af0893a93fe80c0468d4b2fc8e9f4af760376501cdd
ix-leg-cfadb4352fc15747baac,IX 2816,IX2816,AXB,BLR,PAT,accepted,current,true,3,3,new airport pair vs pinned runtime,false,DGCA-AIX-2026-R0335;DGCA-AIX-2026-R0336;DGCA-AIX-2026-R1418,p07/physical-row-012/section=Bangalore/printed=159/source-row=DGCA-AIX-2026-R0335/lineage=593deb033f751d4406abc9be6bcfdff37d9541596c0c2d13d8835a39b3337c4c;p07/physical-row-013/section=Bangalore/printed=160/source-row=DGCA-AIX-2026-R0336/lineage=1e5daf3cc12c4547a5bc3016bf1ed0909d88e19a51982853dfcbd064d9edea6e;p26/physical-row-020/section=Patna/printed=6/source-row=DGCA-AIX-2026-R1418/lineage=2a9cbebf7691d403823c0ae83cb2dcb6d993e8c6aff7cbbc61d1b97ce1730b5f
ix-leg-ce2e7e3fbd9277a33ded,IX 2817,IX2817,AXB,PAT,BLR,accepted,current,true,1,2,new airport pair vs pinned runtime,false,DGCA-AIX-2026-R0517;DGCA-AIX-2026-R1421,p10/physical-row-020/section=Bangalore/printed=341/source-row=DGCA-AIX-2026-R0517/lineage=239fb1188eb9123b2c8e0070e08c6500a16990d7c385edda1a82122f7b826cbf;p26/physical-row-023/section=Patna/printed=9/source-row=DGCA-AIX-2026-R1421/lineage=e6d31ded2050eceacaca3782259a17c83e3f0c0c6c9b0cb1c0cf86a76123a5a7
ix-leg-51485a47a36cd64a293b,IX 2819,IX2819,AXB,BLR,HYD,accepted,current,true,6,6,present in pinned runtime (any carrier),false,DGCA-AIX-2026-R0464;DGCA-AIX-2026-R1096;DGCA-AIX-2026-R0466;DGCA-AIX-2026-R0462;DGCA-AIX-2026-R0465;DGCA-AIX-2026-R0463,p09/physical-row-025/section=Bangalore/printed=288/source-row=DGCA-AIX-2026-R0464/lineage=f1158e8c7aaa0342c709ad4ee17165905290c63716e51ec224a3af370dfdc8ce;p20/physical-row-031/section=Hyderabad/printed=35/source-row=DGCA-AIX-2026-R1096/lineage=60a41c18cce1833098c82d755c37ed5fca490ac6baf5615d14f65d2c5f624d66;p09/physical-row-027/section=Bangalore/printed=290/source-row=DGCA-AIX-2026-R0466/lineage=09f2832e02877a96985010435ac7ef72f48febff0fcdeb6faabf43cf6df10db0;p09/physical-row-023/section=Bangalore/printed=286/source-row=DGCA-AIX-2026-R0462/lineage=1acf47961af47613fe716ce2059e3de6cee41f96020098821a5b1115a0747b63;p09/physical-row-026/section=Bangalore/printed=289/source-row=DGCA-AIX-2026-R0465/lineage=9a070cd9d25d17d9c9ffb88834a9466896840b4455505e096701ca3d13478af3;p09/physical-row-024/section=Bangalore/printed=287/source-row=DGCA-AIX-2026-R0463/lineage=f868cf8321e9fb37035abcf2620c2c327bc3d3b2504ac023ed8acc1de2d31b36
ix-leg-bda9c5699e91ac7d654f,IX 2819,IX2819,AXB,HYD,VTZ,accepted,current,true,1,2,new airport pair vs pinned runtime,false,DGCA-AIX-2026-R1100;DGCA-AIX-2026-R1735,p20/physical-row-035/section=Hyderabad/printed=39/source-row=DGCA-AIX-2026-R1100/lineage=97b6aa2474fd8c9d596aeab01e449518f79d989b07440ca704d9ccffbe84d31f;p31/physical-row-055/section=Vizag/printed=11/source-row=DGCA-AIX-2026-R1735/lineage=5f5d576224cc4b1c5b9eb1811996abcff701488449bbb514705e5f53e79030f8
ix-leg-9f64a6fe2fdb9183a4af,IX 2837,IX2837,AXB,HYD,VTZ,accepted,current,true,1,2,new airport pair vs pinned runtime,false,DGCA-AIX-2026-R1077;DGCA-AIX-2026-R1731,p20/physical-row-012/section=Hyderabad/printed=16/source-row=DGCA-AIX-2026-R1077/lineage=54658393c936e5103eca55ecb40afa70fc48d5ec944c7cba1cdae979f38eda9a;p31/physical-row-051/section=Vizag/printed=7/source-row=DGCA-AIX-2026-R1731/lineage=ef7295bf6b7dbff5e04468b1e72ddf64de213ad81120677d735a68f5fb2107af
ix-leg-cd1bcd3df26fe1538c4b,IX 2837,IX2837,AXB,PNQ,HYD,accepted,current,true,1,2,new airport pair vs pinned runtime,false,DGCA-AIX-2026-R1074;DGCA-AIX-2026-R1448,p20/physical-row-009/section=Hyderabad/printed=13/source-row=DGCA-AIX-2026-R1074/lineage=1780136ced4948344c92022b5f54ca751246a345e6056d2ebe79d214d2f182c7;p26/physical-row-050/section=Pune/printed=13/source-row=DGCA-AIX-2026-R1448/lineage=7b73b8e7d5b2a77f13ce7036adb6fa7dd3b17af624be7ea23bbef7cab63879fb
ix-leg-3abbf9524fd3fb5e12b4,IX 2839,IX2839,AXB,PNQ,BLR,accepted,current,true,3,3,present in pinned runtime (any carrier),false,DGCA-AIX-2026-R0692;DGCA-AIX-2026-R1467;DGCA-AIX-2026-R0693,p13/physical-row-021/section=Bangalore/printed=516/source-row=DGCA-AIX-2026-R0692/lineage=f93b1698c5749994404e5b740e38129894354eed6bc8494c4a94b29dfde48e14;p27/physical-row-014/section=Pune/printed=32/source-row=DGCA-AIX-2026-R1467/lineage=abed3a246814471d98c1fbedcc80a035e2f685fb153d4fcacb409a3a294a0769;p13/physical-row-022/section=Bangalore/printed=517/source-row=DGCA-AIX-2026-R0693/lineage=5e2c127633551b15e2f44d8c305f4f61364a3d698ed90d8f78c3d1962b36b3f7
ix-leg-efb7aaf846999a4c12e4,IX 2873,IX2873,AXB,BLR,PNQ,accepted,current,true,4,4,present in pinned runtime (any carrier),false,DGCA-AIX-2026-R0195;DGCA-AIX-2026-R1447;DGCA-AIX-2026-R0196;DGCA-AIX-2026-R1449,p04/physical-row-045/section=Bangalore/printed=19/source-row=DGCA-AIX-2026-R0195/lineage=8590303b5510b04a34fd582af1adf9e9c0bf4b31722f582c1252a9592a5b8daf;p26/physical-row-049/section=Pune/printed=12/source-row=DGCA-AIX-2026-R1447/lineage=daacaa14f1d8d35a9593e6986cf660f6077eb4a77e65ee8d95feadd1ebb15c96;p04/physical-row-046/section=Bangalore/printed=20/source-row=DGCA-AIX-2026-R0196/lineage=b3eca7053ed25809d1f4f7f6099ced21a36a0f526b81a9ba3129340494f86c24;p26/physical-row-051/section=Pune/printed=14/source-row=DGCA-AIX-2026-R1449/lineage=284df0d6faa586aa1fd011da951902aa541b7515d43edec7442d49b9dfc37e34
ix-leg-a5ed608fb8c101b32a7a,IX 2874,IX2874,AXB,PNQ,BLR,accepted,current,true,1,2,present in pinned runtime (any carrier),false,DGCA-AIX-2026-R0676;DGCA-AIX-2026-R1462,p13/physical-row-005/section=Bangalore/printed=500/source-row=DGCA-AIX-2026-R0676/lineage=3a15dcdbcf090ef8e3b905d8f8c07f9b51101ff282e28ec6c10cd44f3d6c0b33;p27/physical-row-009/section=Pune/printed=27/source-row=DGCA-AIX-2026-R1462/lineage=9549804b27b796f28dbd7671c520d5da8c2566b895b16c5486217aeb8840e213
ix-leg-24876adb3021ba6946ad,IX 2875,IX2875,AXB,BLR,VGA,accepted,current,true,5,5,new airport pair vs pinned runtime,false,DGCA-AIX-2026-R0237;DGCA-AIX-2026-R1714;DGCA-AIX-2026-R0238;DGCA-AIX-2026-R0240;DGCA-AIX-2026-R0239,p05/physical-row-030/section=Bangalore/printed=61/source-row=DGCA-AIX-2026-R0237/lineage=334700af8ee809396cfda37d4f826d4e9861c348f146cb300c51d2e82bfbbe4a;p31/physical-row-034/section=Vijayawada/printed=1/source-row=DGCA-AIX-2026-R1714/lineage=6145d1b42917186d1ac8a2c8bf383524a24c67af1788679514c4d51799381ceb;p05/physical-row-031/section=Bangalore/printed=62/source-row=DGCA-AIX-2026-R0238/lineage=2e735c50765018539e54dba3dfae929f1714fed1e370cff6cff1d9ab1be4dda2;p05/physical-row-033/section=Bangalore/printed=64/source-row=DGCA-AIX-2026-R0240/lineage=9b7fd53ceada32259127de04f0a2d2820733e7c15c811c268ccf91cf2ec859a5;p05/physical-row-032/section=Bangalore/printed=63/source-row=DGCA-AIX-2026-R0239/lineage=e026a33ea1442d19c80dbf37e4b3c7a3507af238f3cb728104bcf7e244cdfc9a
ix-leg-570cdbb8d699860084b1,IX 2881,IX2881,AXB,BLR,GAU,accepted,current,true,3,3,present in pinned runtime (any carrier),false,DGCA-AIX-2026-R0199;DGCA-AIX-2026-R1018;DGCA-AIX-2026-R0200,p04/physical-row-049/section=Bangalore/printed=23/source-row=DGCA-AIX-2026-R0199/lineage=7d7bc3dd7b63cf47e4fcc6296cf41ddb2f7d5b261880e2da3b4c47b1899c1a67;p19/physical-row-008/section=Guwahati/printed=6/source-row=DGCA-AIX-2026-R1018/lineage=b754afee0533485b9e7128f42e3691e65c12ca6012a8dc6338762ab1c62fccf6;p04/physical-row-050/section=Bangalore/printed=24/source-row=DGCA-AIX-2026-R0200/lineage=9d0b92b6e04fedbc3eabc14ceedba0e5d915cc001d1035aad6d2f97ae41cf948
ix-leg-e63a00966f9e6639bc52,IX 2881,IX2881,AXB,GAU,IMF,accepted,current,true,1,2,present in pinned runtime (any carrier),false,DGCA-AIX-2026-R1019;DGCA-AIX-2026-R1115,p19/physical-row-009/section=Guwahati/printed=7/source-row=DGCA-AIX-2026-R1019/lineage=ebd5cca7514da8f33838ee888123069f2f6f8d2156a0cee68050166875814949;p20/physical-row-050/section=Imphal/printed=3/source-row=DGCA-AIX-2026-R1115/lineage=4883584456efb2ec35592feee2eca0287046e7b852bb309ce4867c8133be6c2c
ix-leg-a1c65c6b8497002e1ebb,IX 2882,IX2882,AXB,GAU,BLR,accepted,current,true,1,2,present in pinned runtime (any carrier),false,DGCA-AIX-2026-R0530;DGCA-AIX-2026-R1030,p10/physical-row-033/section=Bangalore/printed=354/source-row=DGCA-AIX-2026-R0530/lineage=fb042ccb684f17886a7de65e614f130c72106d37230ce727a4b1a7768b5c985d;p19/physical-row-020/section=Guwahati/printed=18/source-row=DGCA-AIX-2026-R1030/lineage=87a8d15c5acde3335da7619e92589215ef52130f4e221a85c1063faa79a125e7
ix-leg-ed73a7b548e9a65e4368,IX 2882,IX2882,AXB,IMF,GAU,accepted,current,true,1,2,present in pinned runtime (any carrier),false,DGCA-AIX-2026-R1027;DGCA-AIX-2026-R1116,p19/physical-row-017/section=Guwahati/printed=15/source-row=DGCA-AIX-2026-R1027/lineage=34488724328dc1e9d9a4c724f451981f8087b87ff74f5551626d93fc5804d507;p20/physical-row-051/section=Imphal/printed=4/source-row=DGCA-AIX-2026-R1116/lineage=8146cc381de27cb604a27cfebf7113a51abcf0b66b685ae9a1e259d0bfdaae8b
ix-leg-6933e7c28410422e0b77,IX 2891,IX2891,AXB,STV,BLR,accepted,current,true,1,1,new airport pair vs pinned runtime,false,DGCA-AIX-2026-R0570,p11/physical-row-015/section=Bangalore/printed=394/source-row=DGCA-AIX-2026-R0570/lineage=ba4a6069056156fb1dc22cf1dc445d9d6a310ae4bfab680b9776af875604c3e9
ix-leg-94e51e8886018cf53591,IX 2892,IX2892,AXB,BLR,IXB,accepted,current,true,5,5,new airport pair vs pinned runtime,false,DGCA-AIX-2026-R0309;DGCA-AIX-2026-R0147;DGCA-AIX-2026-R0311;DGCA-AIX-2026-R0308;DGCA-AIX-2026-R0310,p06/physical-row-044/section=Bangalore/printed=133/source-row=DGCA-AIX-2026-R0309/lineage=3f11d0e7be9c28fcc738cc6f4c27a5c3cc53a047ccc428a9164863f9892280c8;p03/physical-row-051/section=Bagdogra/printed=14/source-row=DGCA-AIX-2026-R0147/lineage=67417a8dd811ac4c79f3ea3d5fe29a203d8c2c241460d36262a9dc1c3b6078a2;p06/physical-row-046/section=Bangalore/printed=135/source-row=DGCA-AIX-2026-R0311/lineage=5a3e52ee5813a6f4e9cf7003447883ecb6cbddaa4b8e03bb9d61f245747a9cba;p06/physical-row-043/section=Bangalore/printed=132/source-row=DGCA-AIX-2026-R0308/lineage=68fa59745b0767509ae4fd5f927e03c3b87fbeb5b7f8ba70f289d37356eb3cdb;p06/physical-row-045/section=Bangalore/printed=134/source-row=DGCA-AIX-2026-R0310/lineage=b28061fa35e82a19726501caa1f00862af27da1d0df4c6f3d23b634169bb45e3
ix-leg-3f7f46462787926fc80d,IX 2892,IX2892,AXB,IXB,IXA,accepted,current,true,58,58,new airport pair vs pinned runtime,false,DGCA-AIX-2026-R0004;DGCA-AIX-2026-R0148;DGCA-AIX-2026-R0046;DGCA-AIX-2026-R0018;DGCA-AIX-2026-R0021;DGCA-AIX-2026-R0055;DGCA-AIX-2026-R0003;DGCA-AIX-2026-R0044;DGCA-AIX-2026-R0020;DGCA-AIX-2026-R0034;DGCA-AIX-2026-R0035;DGCA-AIX-2026-R0019;DGCA-AIX-2026-R0005;DGCA-AIX-2026-R0047;DGCA-AIX-2026-R0022;DGCA-AIX-2026-R0056;DGCA-AIX-2026-R0006;DGCA-AIX-2026-R0040;DGCA-AIX-2026-R0023;DGCA-AIX-2026-R0051;DGCA-AIX-2026-R0007;DGCA-AIX-2026-R0036;DGCA-AIX-2026-R0024;DGCA-AIX-2026-R0008;DGCA-AIX-2026-R0048;DGCA-AIX-2026-R0025;DGCA-AIX-2026-R0057;DGCA-AIX-2026-R0009;DGCA-AIX-2026-R0041;DGCA-AIX-2026-R0026;DGCA-AIX-2026-R0052;DGCA-AIX-2026-R0010;DGCA-AIX-2026-R0037;DGCA-AIX-2026-R0027;DGCA-AIX-2026-R0011;DGCA-AIX-2026-R0049;DGCA-AIX-2026-R0028;DGCA-AIX-2026-R0058;DGCA-AIX-2026-R0012;DGCA-AIX-2026-R0042;DGCA-AIX-2026-R0029;DGCA-AIX-2026-R0053;DGCA-AIX-2026-R0013;DGCA-AIX-2026-R0038;DGCA-AIX-2026-R0030;DGCA-AIX-2026-R0014;DGCA-AIX-2026-R0050;DGCA-AIX-2026-R0031;DGCA-AIX-2026-R0059;DGCA-AIX-2026-R0015;DGCA-AIX-2026-R0043;DGCA-AIX-2026-R0032;DGCA-AIX-2026-R0054;DGCA-AIX-2026-R0016;DGCA-AIX-2026-R0039;DGCA-AIX-2026-R0033;DGCA-AIX-2026-R0017;DGCA-AIX-2026-R0045,p01/physical-row-004/section=Agartala/printed=4/source-row=DGCA-AIX-2026-R0004/lineage=bd68403cc24b9e5406b24813a9c5a06d5783329a181828828bf997108be3e4e3;p03/physical-row-052/section=Bagdogra/printed=15/source-row=DGCA-AIX-2026-R0148/lineage=3a40943f371f161e0675f450f1d36b16c90b08e7bb9bae66baca2f0099752c76;p02/physical-row-008/section=Agartala/printed=46/source-row=DGCA-AIX-2026-R0046/lineage=4d879d8964dabf98bf10b81b12bab4f9768980edf57608c2b852f26e5911619e;p01/physical-row-018/section=Agartala/printed=18/source-row=DGCA-AIX-2026-R0018/lineage=5f187b66a76c446fcf4359bfd7ab84f25eb3b075e725176e11b6304bb1898b94;p01/physical-row-021/section=Agartala/printed=21/source-row=DGCA-AIX-2026-R0021/lineage=eea3c7ebd91b6a2a640f3639a206fecffee0a3a11c873cfaeb7f47b09ae5d94b;p02/physical-row-017/section=Agartala/printed=55/source-row=DGCA-AIX-2026-R0055/lineage=ca89db575bd42bf2223e4096bf939aa71434b653f1075a3d5ed661a5f0a3efa0;p01/physical-row-003/section=Agartala/printed=3/source-row=DGCA-AIX-2026-R0003/lineage=2e172297f29aac5adf2295997a2945c183455a3afcc848affb07622268cc360d;p02/physical-row-006/section=Agartala/printed=44/source-row=DGCA-AIX-2026-R0044/lineage=53353043e764c0dc056b13ad5304346ccc3e2495f0bb1bb98ffabb886a8bc9a5;p01/physical-row-020/section=Agartala/printed=20/source-row=DGCA-AIX-2026-R0020/lineage=595828d20b49f0e49b78377bb401c1d32971aafcf75738ef4370dc974b9485af;p01/physical-row-034/section=Agartala/printed=34/source-row=DGCA-AIX-2026-R0034/lineage=770f83a7405226ac8b190c126c4c38e9f5a46b3f6555ed70407f6ed70354d666;p01/physical-row-035/section=Agartala/printed=35/source-row=DGCA-AIX-2026-R0035/lineage=3546e76ca2b7b237c12c150a34f0e24a6891c8b54c699e794666292e44b9d330;p01/physical-row-019/section=Agartala/printed=19/source-row=DGCA-AIX-2026-R0019/lineage=a61dbe334aea7ad6a5065dbe3059bd42349286257b0c09a3116fddba40897659;p01/physical-row-005/section=Agartala/printed=5/source-row=DGCA-AIX-2026-R0005/lineage=5710125bf807682a1d18ae9fd1a4fb45ed9a75e755cb8ae701c82d74b16ec726;p02/physical-row-009/section=Agartala/printed=47/source-row=DGCA-AIX-2026-R0047/lineage=bbae4875a62da0e1b50815ff9bfa4984d1ee80e91d694592e6919188c2d26f9c;p01/physical-row-022/section=Agartala/printed=22/source-row=DGCA-AIX-2026-R0022/lineage=a93dc94061ec8f68ba409c1f8ace4dc4aaea29f6df4ca5dfc61ec2ab240762c7;p02/physical-row-018/section=Agartala/printed=56/source-row=DGCA-AIX-2026-R0056/lineage=3a42bbc1aa5a8fdad09730da49abe60bc6ecf4df03fb0fe46278acb2fdee683c;p01/physical-row-006/section=Agartala/printed=6/source-row=DGCA-AIX-2026-R0006/lineage=f77ce656eb4ea268d25a642cf1e74d01d89909e259e6da2bbfefe2bf324fa326;p02/physical-row-002/section=Agartala/printed=40/source-row=DGCA-AIX-2026-R0040/lineage=78a009c05538bf9cea515bf00890ca048f692245e139a679756f5b202896cd2e;p01/physical-row-023/section=Agartala/printed=23/source-row=DGCA-AIX-2026-R0023/lineage=dfd896b6b0f433b2f7ebdcb2b255e4f79cc3ba30fda05a686b21e98b375dd258;p02/physical-row-013/section=Agartala/printed=51/source-row=DGCA-AIX-2026-R0051/lineage=eb73da944285b48b9abc22b3485bb47601ed71b219e2574fba16248bb4010877;p01/physical-row-007/section=Agartala/printed=7/source-row=DGCA-AIX-2026-R0007/lineage=65f368197b44e864cccd1de9c5cd6974c5879405441e4019c0671b24d2e6a708;p01/physical-row-036/section=Agartala/printed=36/source-row=DGCA-AIX-2026-R0036/lineage=9f599db341714d06b7cc0776869700698102404dd8d003f9ce2cdc011f9a0c1a;p01/physical-row-024/section=Agartala/printed=24/source-row=DGCA-AIX-2026-R0024/lineage=48104cf89061cc740ef93746ba7c09dcae7d193fb48fd67726f14e1e50703d6f;p01/physical-row-008/section=Agartala/printed=8/source-row=DGCA-AIX-2026-R0008/lineage=c0fcd7b0810422de39e964952bbae67b6bb8de7eafaaece30cf060cf43399e38;p02/physical-row-010/section=Agartala/printed=48/source-row=DGCA-AIX-2026-R0048/lineage=eff6bc3226c20a0f25247b8c5200546b7e8cd573c518d3276f9881b97a5c31f6;p01/physical-row-025/section=Agartala/printed=25/source-row=DGCA-AIX-2026-R0025/lineage=f919d747059f51abe5f5c927122d1db4ee8f3412e26e47a4ca46ac34cbf48bf3;p02/physical-row-019/section=Agartala/printed=57/source-row=DGCA-AIX-2026-R0057/lineage=5756ff4141a7a974b7c5bf51384e1ccb3d940a176563df43a16001f267e90e1b;p01/physical-row-009/section=Agartala/printed=9/source-row=DGCA-AIX-2026-R0009/lineage=31e4b848238c0cf16882cce73473dad05a146d4baf147c20ba5166f240d25922;p02/physical-row-003/section=Agartala/printed=41/source-row=DGCA-AIX-2026-R0041/lineage=8584de5d433a04bfc86f5b82e31599135069704bfa0e9607d270cbae874edc42;p01/physical-row-026/section=Agartala/printed=26/source-row=DGCA-AIX-2026-R0026/lineage=694d25bae47faef73a165b8e143d9c2730048020fa550c0402f6a4c145311c2f;p02/physical-row-014/section=Agartala/printed=52/source-row=DGCA-AIX-2026-R0052/lineage=b3a0a313caf534fbd5aff1a4c9faedba102b9f659cb1bb2870fc5ea732161490;p01/physical-row-010/section=Agartala/printed=10/source-row=DGCA-AIX-2026-R0010/lineage=c6cc4a5374752381db38b989608359f5b77a20f51e7e676ff6f5583ec6ab3611;p01/physical-row-037/section=Agartala/printed=37/source-row=DGCA-AIX-2026-R0037/lineage=dbc35715dccc4315c3ae652ceadd65465583eac5a583015c9203bf83674a703c;p01/physical-row-027/section=Agartala/printed=27/source-row=DGCA-AIX-2026-R0027/lineage=e8888198a142b0121afe242ca1c5ecb7fe8699b95730b5deadb2b96df17ca2bd;p01/physical-row-011/section=Agartala/printed=11/source-row=DGCA-AIX-2026-R0011/lineage=2be29aaa10a715ba3b68a9e976b322ade46967ddce98a0693ba6986d2814c79e;p02/physical-row-011/section=Agartala/printed=49/source-row=DGCA-AIX-2026-R0049/lineage=ae222cc4dbd6c77c98baa0a9992cc829bb3224d47e9aed61b70ed21c52c609b9;p01/physical-row-028/section=Agartala/printed=28/source-row=DGCA-AIX-2026-R0028/lineage=fe3ea365b3d63ab63c561b1726556cee9ec1127ec041cf49404a7730ff2f6aaf;p02/physical-row-020/section=Agartala/printed=58/source-row=DGCA-AIX-2026-R0058/lineage=684685f24714f2a0580d898af3818de936bcfec0f0400786a25ae3f316311b29;p01/physical-row-012/section=Agartala/printed=12/source-row=DGCA-AIX-2026-R0012/lineage=7f57777e97f2a47138e3b50022997cbf2c51ce4600a0ec31b1dfb765998b28b3;p02/physical-row-004/section=Agartala/printed=42/source-row=DGCA-AIX-2026-R0042/lineage=818452095cc5abe1bb050e1c425e8d01fee19d9ea36740b437f40dda033df050;p01/physical-row-029/section=Agartala/printed=29/source-row=DGCA-AIX-2026-R0029/lineage=53adf9c648c4a4a54af70fb92f1f7cdba21d7711f94452eab90ec79223ea9261;p02/physical-row-015/section=Agartala/printed=53/source-row=DGCA-AIX-2026-R0053/lineage=f53a31f2310b8730471befcdc1d96ef7e769efaaa1686c3e09f70fea73c51613;p01/physical-row-013/section=Agartala/printed=13/source-row=DGCA-AIX-2026-R0013/lineage=2a9a65768118ca071c689da7f278d5c024208b3145cb37d8d88601dcd439eb20;p01/physical-row-038/section=Agartala/printed=38/source-row=DGCA-AIX-2026-R0038/lineage=29c282796fd5cf64a9a161e5017ec39e1bc12c84b434bf00fa34573043227c2c;p01/physical-row-030/section=Agartala/printed=30/source-row=DGCA-AIX-2026-R0030/lineage=a7140d4826ecdafda6e34ecaf77a824deb3fb75ed07c3e43ed54b5655faf2190;p01/physical-row-014/section=Agartala/printed=14/source-row=DGCA-AIX-2026-R0014/lineage=6de23d2e3a1a6d531a9404c2c4e6ff7dccac34c0336a840cac4b27e929619ea9;p02/physical-row-012/section=Agartala/printed=50/source-row=DGCA-AIX-2026-R0050/lineage=831f46bfed7c3d6c9b621c7f520e9d7050d7919f65e5b74ade0735b4f717d88b;p01/physical-row-031/section=Agartala/printed=31/source-row=DGCA-AIX-2026-R0031/lineage=6a3a4ace3e61fb6657c45c2e4a62f696a41832e5d5e5278973c134de0f95f565;p02/physical-row-021/section=Agartala/printed=59/source-row=DGCA-AIX-2026-R0059/lineage=ebb61c17c750d8d30cd67f756f3f21f18e8b6c0f4c89698f5d8452f2bbd55019;p01/physical-row-015/section=Agartala/printed=15/source-row=DGCA-AIX-2026-R0015/lineage=b88479576b3fe6a5824c8b2a8f237055841603b9fcc1baf9e344c1f7c864c0e5;p02/physical-row-005/section=Agartala/printed=43/source-row=DGCA-AIX-2026-R0043/lineage=a56f859de185e919ce0a37f0de6d424a085aedb0d03e53aba70e96339e271da9;p01/physical-row-032/section=Agartala/printed=32/source-row=DGCA-AIX-2026-R0032/lineage=09545e530fcd8d50d25528624a2174f57de9229a231a8abae49b7af962dff32c;p02/physical-row-016/section=Agartala/printed=54/source-row=DGCA-AIX-2026-R0054/lineage=c34cbd3e97f98e3802f34bbde98815f3be3755e2c0208171da5b4208c7819d44;p01/physical-row-016/section=Agartala/printed=16/source-row=DGCA-AIX-2026-R0016/lineage=6022f71a224f0b1bad016c0c3c04181a7d11e3223c15d5cb5b9707fc57e2ba6b;p02/physical-row-001/section=Agartala/printed=39/source-row=DGCA-AIX-2026-R0039/lineage=de55662ba72660b756a21da8569c186c7b73ac10de1b36eaefa177a3256c85bf;p01/physical-row-033/section=Agartala/printed=33/source-row=DGCA-AIX-2026-R0033/lineage=6e53e06f2f4af06a099d01748f39a1d4454c3d30c839bc99e0d06c96c31fe265;p01/physical-row-017/section=Agartala/printed=17/source-row=DGCA-AIX-2026-R0017/lineage=d409601646184a23b006d6ff4f714980719551194ef4eb20368e5efb7d1eab48;p02/physical-row-007/section=Agartala/printed=45/source-row=DGCA-AIX-2026-R0045/lineage=5015fd8a1c9f3c0723c5de167961310329b7887987d84cde13a782f33564945f
ix-leg-4406b654217c0be06a37,IX 2893,IX2893,AXB,HYD,GOI,accepted,current,true,1,1,new airport pair vs pinned runtime,false,DGCA-AIX-2026-R1011,p19/physical-row-001/section=Goa/printed=33/source-row=DGCA-AIX-2026-R1011/lineage=32445a52a66eadc7a21c91edb4876ea43ecb2b5cb1f3a86b9a08827f9b1cd49e
ix-leg-bc225f9c4a9ec4a5b63d,IX 2893,IX2893,AXB,HYD,GOX,accepted,current,true,1,1,present in pinned runtime (any carrier),false,DGCA-AIX-2026-R1110,p20/physical-row-045/section=Hyderabad/printed=49/source-row=DGCA-AIX-2026-R1110/lineage=1a92caf40f0e69972959db6d5020d38582bb42e7d50b87e82ed62d579d7e0de6
ix-leg-539a84d5ab42198d55e6,IX 2893,IX2893,AXB,IXB,HYD,accepted,current,true,1,2,new airport pair vs pinned runtime,false,DGCA-AIX-2026-R0167;DGCA-AIX-2026-R1108,p04/physical-row-017/section=Bagdogra/printed=34/source-row=DGCA-AIX-2026-R0167/lineage=12dc747f2f8e3e9f08249d8af53d391c089bd4788a681ec4c578c4cd850d53a5;p20/physical-row-043/section=Hyderabad/printed=47/source-row=DGCA-AIX-2026-R1108/lineage=800f63fe26386f79fd5dd6fd9562369c4f534805c3086181f4c1c76a031f4b2d
ix-leg-8bc80ce818e6fbe1622b,IX 2913,IX2913,AXB,BLR,PNQ,accepted,current,true,4,4,present in pinned runtime (any carrier),false,DGCA-AIX-2026-R0573;DGCA-AIX-2026-R1465;DGCA-AIX-2026-R1464;DGCA-AIX-2026-R0572,p11/physical-row-018/section=Bangalore/printed=397/source-row=DGCA-AIX-2026-R0573/lineage=088a78090bc5f7319fd9f35c33d0aefd921e60d7fb0ef8595bb001317cb78cba;p27/physical-row-012/section=Pune/printed=30/source-row=DGCA-AIX-2026-R1465/lineage=80ecbea86867b0346fe47c62022a4f1829439650b5866048779d674c7f834675;p27/physical-row-011/section=Pune/printed=29/source-row=DGCA-AIX-2026-R1464/lineage=42cdd6c2a0d32f008955876b3e3561418c0f9526d9c632f8fbc916778aff5e78;p11/physical-row-017/section=Bangalore/printed=396/source-row=DGCA-AIX-2026-R0572/lineage=083a559ed479a7dcad067b6d8bbd31cd29505c545aae68076a6e5aacd0795f08
ix-leg-214174eda6334fd66fa3,IX 2914,IX2914,AXB,BLR,NMI,accepted,current,true,3,3,new airport pair vs pinned runtime,false,DGCA-AIX-2026-R0212;DGCA-AIX-2026-R0213;DGCA-AIX-2026-R1403,p05/physical-row-005/section=Bangalore/printed=36/source-row=DGCA-AIX-2026-R0212/lineage=eb2c043e4c64f48b775034e0936e4b135496d9090c21969d9531f634d7bbbcf1;p05/physical-row-006/section=Bangalore/printed=37/source-row=DGCA-AIX-2026-R0213/lineage=78566793ca4238a3b88fe5de9691b1f096416d8e89d0008f84adad9717608f8e;p26/physical-row-005/section=Navi Mumbai/printed=7/source-row=DGCA-AIX-2026-R1403/lineage=4e54244d1a0541e0517ee3a556cb2db56ecbcab76ced82c1f949cbd4f49514f6
ix-leg-dc333a62c1d04f236183,IX 2915,IX2915,AXB,NMI,BLR,accepted,current,true,3,3,new airport pair vs pinned runtime,false,DGCA-AIX-2026-R0341;DGCA-AIX-2026-R1406;DGCA-AIX-2026-R0337,p07/physical-row-018/section=Bangalore/printed=165/source-row=DGCA-AIX-2026-R0341/lineage=d6f142e3bd65f78a712276e632e658ceadaea6b3c1c16f18bd3fa161cf8b505d;p26/physical-row-008/section=Navi Mumbai/printed=10/source-row=DGCA-AIX-2026-R1406/lineage=53a4164adbdbf4721edf31d5191de34e18d3caac45956dd87454a77e47acd689;p07/physical-row-014/section=Bangalore/printed=161/source-row=DGCA-AIX-2026-R0337/lineage=b7dfebdbc5c1fbeae0dff3e3d12a6057b3879e2003d3732347d35ad502e8cf26
ix-leg-91f203fc47c865fe194e,IX 2923,IX2923,AXB,IXE,BLR,accepted,current,true,13,13,new airport pair vs pinned runtime,false,DGCA-AIX-2026-R1292;DGCA-AIX-2026-R0332;DGCA-AIX-2026-R1300;DGCA-AIX-2026-R0329;DGCA-AIX-2026-R1303;DGCA-AIX-2026-R1302;DGCA-AIX-2026-R0326;DGCA-AIX-2026-R1301;DGCA-AIX-2026-R0328;DGCA-AIX-2026-R0331;DGCA-AIX-2026-R0330;DGCA-AIX-2026-R0327;DGCA-AIX-2026-R0325,p24/physical-row-005/section=Mangalore/printed=1/source-row=DGCA-AIX-2026-R1292/lineage=54b65f35d7102ca240688ef7e8eac492234afea802589372a3124e11e05f98e9;p07/physical-row-009/section=Bangalore/printed=156/source-row=DGCA-AIX-2026-R0332/lineage=dca275e26437a5f73b6a222367091465ca22ddb2a596b873c2aaa7a1855a9d99;p24/physical-row-013/section=Mangalore/printed=9/source-row=DGCA-AIX-2026-R1300/lineage=ad3572ee7a2413fc1cedae2e91a8106f96f09da2893620855009fac6c61b58ca;p07/physical-row-006/section=Bangalore/printed=153/source-row=DGCA-AIX-2026-R0329/lineage=42a5ce03aae00022852622d8d47392c576d0b37e63fafee33124b15cd30e1aa0;p24/physical-row-016/section=Mangalore/printed=12/source-row=DGCA-AIX-2026-R1303/lineage=6936b5bbebb905c8fa483d6da14daf67311900b45b7eadc41a01f86ec2c2311a;p24/physical-row-015/section=Mangalore/printed=11/source-row=DGCA-AIX-2026-R1302/lineage=d4fe67576c479e7af6abc8bafaec3ccacf62dbe3296e3990396eafe752baa3ce;p07/physical-row-003/section=Bangalore/printed=150/source-row=DGCA-AIX-2026-R0326/lineage=793f29912d0decc0cef680c652daf27a66b32ce6f9a179f084e4b95c13147d8c;p24/physical-row-014/section=Mangalore/printed=10/source-row=DGCA-AIX-2026-R1301/lineage=b214c55b121e9d94d04c25bb4edb49523fdf2f0a581c9a7ed863cc0628248891;p07/physical-row-005/section=Bangalore/printed=152/source-row=DGCA-AIX-2026-R0328/lineage=810e3b632473309743690b33a5d6bc8f347bd31e3a96129f6fda8eb95a2b4691;p07/physical-row-008/section=Bangalore/printed=155/source-row=DGCA-AIX-2026-R0331/lineage=3ede6f5cb37cc50a0890229c79726632bbe3f0826287eb1785c4a457e5cb4301;p07/physical-row-007/section=Bangalore/printed=154/source-row=DGCA-AIX-2026-R0330/lineage=7c02d709ba77982f3a34f7908f9e9c36617b6321ab6d39641bc9253055957a9d;p07/physical-row-004/section=Bangalore/printed=151/source-row=DGCA-AIX-2026-R0327/lineage=965f5c880c76c7e1a93cb1f04cbe0fa0d03f87700aba45580b9d5f0da152e08f;p07/physical-row-002/section=Bangalore/printed=149/source-row=DGCA-AIX-2026-R0325/lineage=149fc8dc8f909262212e13b75829daf696d738881224b80f40f941da3cf93241
ix-leg-48e456f67371cd4cf07e,IX 2924,IX2924,AXB,BLR,IXE,accepted,current,true,18,18,new airport pair vs pinned runtime,false,DGCA-AIX-2026-R0669;DGCA-AIX-2026-R1332;DGCA-AIX-2026-R1333;DGCA-AIX-2026-R0668;DGCA-AIX-2026-R1322;DGCA-AIX-2026-R0667;DGCA-AIX-2026-R0650;DGCA-AIX-2026-R0655;DGCA-AIX-2026-R0652;DGCA-AIX-2026-R0653;DGCA-AIX-2026-R0654;DGCA-AIX-2026-R0656;DGCA-AIX-2026-R0651;DGCA-AIX-2026-R1321;DGCA-AIX-2026-R0649;DGCA-AIX-2026-R0648;DGCA-AIX-2026-R0647;DGCA-AIX-2026-R1320,p12/physical-row-056/section=Bangalore/printed=493/source-row=DGCA-AIX-2026-R0669/lineage=1972a38a380e6f6173cc77f051c0d20d2f0376641c79aafe3e617c32e2496646;p24/physical-row-045/section=Mangalore/printed=41/source-row=DGCA-AIX-2026-R1332/lineage=b242311c26eda1661d4db6dcc06d647d7cdfe2b9b335fc87a294d7a2fe7870d4;p24/physical-row-046/section=Mangalore/printed=42/source-row=DGCA-AIX-2026-R1333/lineage=53254bda42761a2b758cec11eff7e658205d0d677636d617d7158a1404e54c3a;p12/physical-row-055/section=Bangalore/printed=492/source-row=DGCA-AIX-2026-R0668/lineage=4f62701d6867b97261b44663517c24e149b8ac912adfc027ceae956a2bde6124;p24/physical-row-035/section=Mangalore/printed=31/source-row=DGCA-AIX-2026-R1322/lineage=0a01eea87bc157f5cc76c292ea876a4e293a2140ff13aca9cf64c9d6766ac3d6;p12/physical-row-054/section=Bangalore/printed=491/source-row=DGCA-AIX-2026-R0667/lineage=038eb3845de5f2345c11e379418a7ccd65617e8bd9c91771e13f1e8d67f32906;p12/physical-row-037/section=Bangalore/printed=474/source-row=DGCA-AIX-2026-R0650/lineage=bac200bbe6ea10d660be47534cca948e44b4250f7cb9fec0200fd251a5592fd0;p12/physical-row-042/section=Bangalore/printed=479/source-row=DGCA-AIX-2026-R0655/lineage=4d35fc88a76c8839c078ca0b140357d8cfba50e5b6366d4cc9ce003c90012888;p12/physical-row-039/section=Bangalore/printed=476/source-row=DGCA-AIX-2026-R0652/lineage=572c4dc397419f17aaf27b01a2779b2db05ed6c3656cef86f042518d7b1112f7;p12/physical-row-040/section=Bangalore/printed=477/source-row=DGCA-AIX-2026-R0653/lineage=9dcddf8673051eb99a04a67c10d4a5769781b9e11e0f116524e7983c3580b7b4;p12/physical-row-041/section=Bangalore/printed=478/source-row=DGCA-AIX-2026-R0654/lineage=74815c60f13d9cc117dbc0996743ff301f8d3103491228a4efceed2d22b69700;p12/physical-row-043/section=Bangalore/printed=480/source-row=DGCA-AIX-2026-R0656/lineage=49ee543943e39b99affec6c5860620a351a67d511f79192d6246ca47f52585f2;p12/physical-row-038/section=Bangalore/printed=475/source-row=DGCA-AIX-2026-R0651/lineage=38381019218c43e13248e35ca13b3fe05d79c602e88e4955c668589185252e2f;p24/physical-row-034/section=Mangalore/printed=30/source-row=DGCA-AIX-2026-R1321/lineage=25c9e3efccbb54913866e8ec8571d8e25aabe5dd0d5e5de1a05b4891351e9ada;p12/physical-row-036/section=Bangalore/printed=473/source-row=DGCA-AIX-2026-R0649/lineage=f6c3cf0457aa253dbe963b8f4179cd20cbf78c4f614bf7251dde5349d28aff33;p12/physical-row-035/section=Bangalore/printed=472/source-row=DGCA-AIX-2026-R0648/lineage=996426aea555e1a45c2ae756a99550944ee786782daf7ef4a119684626f8f83e;p12/physical-row-034/section=Bangalore/printed=471/source-row=DGCA-AIX-2026-R0647/lineage=1ef6028ecb7fad3bb7b041aef6c9b24e2100a6ef347b13af3809579bfb25b8b0;p24/physical-row-033/section=Mangalore/printed=29/source-row=DGCA-AIX-2026-R1320/lineage=ae9eec358ce43df8e5a12d525ed8862a2c15fe291717f77570f28c7c97abc1d6
ix-leg-58e24ee64b61dbd038c3,IX 2926,IX2926,AXB,BLR,MAA,accepted,current,true,3,3,present in pinned runtime (any carrier),false,DGCA-AIX-2026-R0299;DGCA-AIX-2026-R0745;DGCA-AIX-2026-R0300,p06/physical-row-034/section=Bangalore/printed=123/source-row=DGCA-AIX-2026-R0299/lineage=27a672a58d19b021346ad49009548c93e3fb587f02840b7ad261557d33e6871e;p14/physical-row-017/section=Chennai/printed=10/source-row=DGCA-AIX-2026-R0745/lineage=fb7bf8c253d6afbf14f52a30a775dd6d31ab9825420688b602913dcdfdb2de6d;p06/physical-row-035/section=Bangalore/printed=124/source-row=DGCA-AIX-2026-R0300/lineage=2149a6114eee116ef5f1e4d3de7c1e24b30d93003b159bb5a0d34ebf537d002a
ix-leg-e8d7fdb4e60cdeee35e8,IX 2931,IX2931,AXB,BLR,GAU,accepted,current,true,4,4,present in pinned runtime (any carrier),false,DGCA-AIX-2026-R0312;DGCA-AIX-2026-R1024;DGCA-AIX-2026-R0313;DGCA-AIX-2026-R0314,p06/physical-row-047/section=Bangalore/printed=136/source-row=DGCA-AIX-2026-R0312/lineage=a0fffc70d0e081c921e279e37ef322b7333e60a260027169724d58a789d36d9d;p19/physical-row-014/section=Guwahati/printed=12/source-row=DGCA-AIX-2026-R1024/lineage=08a0f6cd67ddd9e090261585d5efda127c4fef840063b4ae37746626c414ac9b;p06/physical-row-048/section=Bangalore/printed=137/source-row=DGCA-AIX-2026-R0313/lineage=ac80ef22b2d666b6dfcbc5867472f9f3f4d3bda62971d753b22f25a90b33bd05;p06/physical-row-049/section=Bangalore/printed=138/source-row=DGCA-AIX-2026-R0314/lineage=7026e5325caad16cb27668d291bf4479c20a7cd9f468ee61f5e41048f81a6a2c
ix-leg-c9d1bbcab945a1363407,IX 2931,IX2931,AXB,GAU,DMU,accepted,current,true,1,2,present in pinned runtime (any carrier),false,DGCA-AIX-2026-R0953;DGCA-AIX-2026-R1029,p17/physical-row-055/section=Dimapur/printed=1/source-row=DGCA-AIX-2026-R0953/lineage=69596e8e2503679f20d0a15fde60559720054ad4966d8ffe23ae0b9958b47ee7;p19/physical-row-019/section=Guwahati/printed=17/source-row=DGCA-AIX-2026-R1029/lineage=5453fa9c778f7107f6557141a80502891d6c08d9c4521b4c49e197164cb8e3af
ix-leg-cb8f830cf9d6d16b532f,IX 2932,IX2932,AXB,DMU,GAU,accepted,current,true,1,2,present in pinned runtime (any carrier),false,DGCA-AIX-2026-R0954;DGCA-AIX-2026-R1040,p17/physical-row-056/section=Dimapur/printed=2/source-row=DGCA-AIX-2026-R0954/lineage=363058fd6fccda97e0f7dc7bc621fbd30d3485ad02bbb8c83d8bc6b426e3b2c9;p19/physical-row-030/section=Guwahati/printed=28/source-row=DGCA-AIX-2026-R1040/lineage=9212ad95d7bd209f18279c4ce64cd211d36bdfbc004e185ab5ad8e1e15e8e791
ix-leg-83c7be02b9f8e3da0f98,IX 2932,IX2932,AXB,GAU,BLR,accepted,current,true,3,3,present in pinned runtime (any carrier),false,DGCA-AIX-2026-R0623;DGCA-AIX-2026-R1041;DGCA-AIX-2026-R0624,p12/physical-row-010/section=Bangalore/printed=447/source-row=DGCA-AIX-2026-R0623/lineage=5568392098860e950e581b2b806181ac7249c861ad7792341f2f0df33d16ac18;p19/physical-row-031/section=Guwahati/printed=29/source-row=DGCA-AIX-2026-R1041/lineage=18bf9234736577ebfa440a76f82d9789eb704c347df8f8c47b40c49437e9d18a;p12/physical-row-011/section=Bangalore/printed=448/source-row=DGCA-AIX-2026-R0624/lineage=68cf55a8afb9e4fe4c2e0b86315ba93e0b309e598e5e180913e955b5e7f5cbe0
ix-leg-41c26908b05259169097,IX 2934,IX2934,AXB,HYD,BLR,accepted,current,true,5,6,present in pinned runtime (any carrier),false,DGCA-AIX-2026-R0441;DGCA-AIX-2026-R1090;DGCA-AIX-2026-R1076;DGCA-AIX-2026-R0254;DGCA-AIX-2026-R1075;DGCA-AIX-2026-R0253,p09/physical-row-002/section=Bangalore/printed=265/source-row=DGCA-AIX-2026-R0441/lineage=1bef7ef45e87b6d4d4858465ad82c38db94548dfd22134974c780aef09758ec5;p20/physical-row-025/section=Hyderabad/printed=29/source-row=DGCA-AIX-2026-R1090/lineage=36ed13cae0a2a5775877776a29fdb37fde6b876a5806da2d11b97896e78a3986;p20/physical-row-011/section=Hyderabad/printed=15/source-row=DGCA-AIX-2026-R1076/lineage=2527de300fa9a46c4c676685bb987628734aa7e3c8f438d9db5d57cd053ea801;p05/physical-row-047/section=Bangalore/printed=78/source-row=DGCA-AIX-2026-R0254/lineage=8f29bd86fd8f83ded33aab0647435f15a9f9ca1b6d0fda56fef52a1562458e2b;p20/physical-row-010/section=Hyderabad/printed=14/source-row=DGCA-AIX-2026-R1075/lineage=1fc20ac473595807b2b0d0efd34a1ba065ae58b393dabd3e3334228796efde5a;p05/physical-row-046/section=Bangalore/printed=77/source-row=DGCA-AIX-2026-R0253/lineage=76b0dbe9c43a36d3f993e4ba1f453bfa0e557d883f9859c437d62428a58eebbd
ix-leg-51e088eafa0e3eda2f18,IX 2935,IX2935,AXB,BLR,HYD,accepted,current,true,3,3,present in pinned runtime (any carrier),false,DGCA-AIX-2026-R1089;DGCA-AIX-2026-R0261;DGCA-AIX-2026-R0260,p20/physical-row-024/section=Hyderabad/printed=28/source-row=DGCA-AIX-2026-R1089/lineage=60846916427c0b30988de5974956ea3eae75a97512ce7fcc5d127d5fea4c728a;p05/physical-row-054/section=Bangalore/printed=85/source-row=DGCA-AIX-2026-R0261/lineage=6160b0ffc6b0aa69466aaab6a71f0c09253e88551c5022a9039bc1cedd4ed323;p05/physical-row-053/section=Bangalore/printed=84/source-row=DGCA-AIX-2026-R0260/lineage=64f445bfb5a0a7d2c73bc8977a042af8e408c57a779da19530236581c1d65036
ix-leg-d5da378ca3a8d204214a,IX 2937,IX2937,AXB,HYD,BLR,accepted,current,true,1,2,present in pinned runtime (any carrier),false,DGCA-AIX-2026-R0499;DGCA-AIX-2026-R1095,p10/physical-row-002/section=Bangalore/printed=323/source-row=DGCA-AIX-2026-R0499/lineage=e7cf6543910c3073eb7a6cb63f64f50f07c93e74c020cf653b22910fce275a6a;p20/physical-row-030/section=Hyderabad/printed=34/source-row=DGCA-AIX-2026-R1095/lineage=641d5051c1ed5a52b0febcf0f63bb813de776f78ef77f8c14ea4e4a2d2429f99
ix-leg-384397a2e443c1ba52ff,IX 2938,IX2938,AXB,GOI,HYD,accepted,current,true,1,1,new airport pair vs pinned runtime,false,DGCA-AIX-2026-R1012,p19/physical-row-002/section=Goa/printed=34/source-row=DGCA-AIX-2026-R1012/lineage=15f2d28ed738b8acd434ace3c5ac2126ae6c220b322d74638cbc83091c49da08
ix-leg-ead03dc2765bf8a91a24,IX 2938,IX2938,AXB,GOX,HYD,accepted,current,true,1,1,present in pinned runtime (any carrier),false,DGCA-AIX-2026-R1062,p19/physical-row-052/section=Hyderabad/printed=1/source-row=DGCA-AIX-2026-R1062/lineage=2269cc39d2bd28ccdc06a64da2c5bcb4f8aa775efc9939d3ad35c1e8c59cede6
ix-leg-394aacb8bc40956c2899,IX 2942,IX2942,AXB,BLR,MAA,accepted,current,true,3,3,present in pinned runtime (any carrier),false,DGCA-AIX-2026-R0750;DGCA-AIX-2026-R0469;DGCA-AIX-2026-R0749,p14/physical-row-022/section=Chennai/printed=15/source-row=DGCA-AIX-2026-R0750/lineage=4c04f736f752b8a51a43731f7c8b7456d6216f6db677e06821206331ffe48f2a;p09/physical-row-030/section=Bangalore/printed=293/source-row=DGCA-AIX-2026-R0469/lineage=f90c1f8b994ce750824d5591ed3ac3d1a027d3f18f1e83eaba3f8494a9810056;p14/physical-row-021/section=Chennai/printed=14/source-row=DGCA-AIX-2026-R0749/lineage=2946126356f42cf87f25a5f7329fcedae6ac85153e2bb773cfdf2b1e38662807
ix-leg-c96634d13084e7551181,IX 2945,IX2945,AXB,BLR,GAU,accepted,current,true,3,3,present in pinned runtime (any carrier),false,DGCA-AIX-2026-R0533;DGCA-AIX-2026-R1049;DGCA-AIX-2026-R1050,p10/physical-row-036/section=Bangalore/printed=357/source-row=DGCA-AIX-2026-R0533/lineage=2d274d621c983c4d0ab9c6ebf5482e1eb8e1b61a633516c59a52818aae4d6c0d;p19/physical-row-039/section=Guwahati/printed=37/source-row=DGCA-AIX-2026-R1049/lineage=272a241b61be93634f7e78aa1d02c446941c0c3aeaa00fde8a8a147ccff65e68;p19/physical-row-040/section=Guwahati/printed=38/source-row=DGCA-AIX-2026-R1050/lineage=48c5b28d674702b61be022d782f77403a284fb1108d261795243f2a74a98f333
ix-leg-56ee7b6add0a45dfcb23,IX 2959,IX2959,AXB,GAU,BLR,accepted,current,true,6,6,present in pinned runtime (any carrier),false,DGCA-AIX-2026-R0706;DGCA-AIX-2026-R1051;DGCA-AIX-2026-R0703;DGCA-AIX-2026-R1052;DGCA-AIX-2026-R0705;DGCA-AIX-2026-R0704,p13/physical-row-035/section=Bangalore/printed=530/source-row=DGCA-AIX-2026-R0706/lineage=8f8e53f7ed3681ada6d1042064d2f51bd8a1a374b957ec339e4572c20e331607;p19/physical-row-041/section=Guwahati/printed=39/source-row=DGCA-AIX-2026-R1051/lineage=d5450fbcc01a8a7431810bd36f40a846b704f586d31ffdbd1d5bfcdda4d36cc0;p13/physical-row-032/section=Bangalore/printed=527/source-row=DGCA-AIX-2026-R0703/lineage=289699eff9247570445b98a9c9603fdea7413d028c63e3bb8bd732d7ecc239d9;p19/physical-row-042/section=Guwahati/printed=40/source-row=DGCA-AIX-2026-R1052/lineage=96ed56e013386edca744a6f18a1ab8376e216aa3fe79d0df7aae93c54e524995;p13/physical-row-034/section=Bangalore/printed=529/source-row=DGCA-AIX-2026-R0705/lineage=f052b298e48ee72f9af3e1bea6987fb162191c70b879167c1e12c2f263ceaeee;p13/physical-row-033/section=Bangalore/printed=528/source-row=DGCA-AIX-2026-R0704/lineage=5cd228de86b8b3775175b72b03f0fa8ec42a9ceb95c994d41feae4310218b15e
ix-leg-22910f9034d1f2ba130d,IX 2963,IX2963,AXB,IXA,IXB,accepted,current,true,58,58,new airport pair vs pinned runtime,false,DGCA-AIX-2026-R0061;DGCA-AIX-2026-R0158;DGCA-AIX-2026-R0103;DGCA-AIX-2026-R0075;DGCA-AIX-2026-R0078;DGCA-AIX-2026-R0112;DGCA-AIX-2026-R0060;DGCA-AIX-2026-R0101;DGCA-AIX-2026-R0077;DGCA-AIX-2026-R0091;DGCA-AIX-2026-R0092;DGCA-AIX-2026-R0076;DGCA-AIX-2026-R0062;DGCA-AIX-2026-R0104;DGCA-AIX-2026-R0079;DGCA-AIX-2026-R0113;DGCA-AIX-2026-R0063;DGCA-AIX-2026-R0097;DGCA-AIX-2026-R0080;DGCA-AIX-2026-R0108;DGCA-AIX-2026-R0064;DGCA-AIX-2026-R0093;DGCA-AIX-2026-R0081;DGCA-AIX-2026-R0065;DGCA-AIX-2026-R0105;DGCA-AIX-2026-R0082;DGCA-AIX-2026-R0114;DGCA-AIX-2026-R0066;DGCA-AIX-2026-R0098;DGCA-AIX-2026-R0083;DGCA-AIX-2026-R0109;DGCA-AIX-2026-R0067;DGCA-AIX-2026-R0094;DGCA-AIX-2026-R0084;DGCA-AIX-2026-R0068;DGCA-AIX-2026-R0106;DGCA-AIX-2026-R0085;DGCA-AIX-2026-R0115;DGCA-AIX-2026-R0069;DGCA-AIX-2026-R0099;DGCA-AIX-2026-R0086;DGCA-AIX-2026-R0110;DGCA-AIX-2026-R0070;DGCA-AIX-2026-R0095;DGCA-AIX-2026-R0087;DGCA-AIX-2026-R0071;DGCA-AIX-2026-R0107;DGCA-AIX-2026-R0088;DGCA-AIX-2026-R0116;DGCA-AIX-2026-R0072;DGCA-AIX-2026-R0100;DGCA-AIX-2026-R0089;DGCA-AIX-2026-R0111;DGCA-AIX-2026-R0073;DGCA-AIX-2026-R0096;DGCA-AIX-2026-R0090;DGCA-AIX-2026-R0074;DGCA-AIX-2026-R0102,p02/physical-row-023/section=Agartala/printed=61/source-row=DGCA-AIX-2026-R0061/lineage=bdbef618dcadf5661ab605abf34c128169e01111dce2bfbaa3a701ca02db125e;p04/physical-row-008/section=Bagdogra/printed=25/source-row=DGCA-AIX-2026-R0158/lineage=aaaa415e8df5d230308b67ac7a1039f8e0c88a34a1fe5c5eff92ade06d462fcf;p03/physical-row-007/section=Agartala/printed=103/source-row=DGCA-AIX-2026-R0103/lineage=8ec058ff905d6486d904407daf54cd8c37bb30444d7efd3afe3bc068c1106961;p02/physical-row-037/section=Agartala/printed=75/source-row=DGCA-AIX-2026-R0075/lineage=ca57ad3e9db16fdd2949a067d10b97b394e64a4fcd78bd957ac365f6ee91286f;p02/physical-row-040/section=Agartala/printed=78/source-row=DGCA-AIX-2026-R0078/lineage=b37f1af5f190669969af5fc0e44feb56ac526b6827b2780b0f23e185a52c33d7;p03/physical-row-016/section=Agartala/printed=112/source-row=DGCA-AIX-2026-R0112/lineage=1949006f5900ecb38d1d52d9b54e7b83229ec571cc1ee52bf9ffe5bcb386dc61;p02/physical-row-022/section=Agartala/printed=60/source-row=DGCA-AIX-2026-R0060/lineage=0fe91d71b1eddf733057722d35c786c0a99be8fb7e528bce59f487081f4741e8;p03/physical-row-005/section=Agartala/printed=101/source-row=DGCA-AIX-2026-R0101/lineage=5fb2c7a01e95695348442a9f2f7804a1b6dbd1cbe0191f06610e784a34c38c5d;p02/physical-row-039/section=Agartala/printed=77/source-row=DGCA-AIX-2026-R0077/lineage=f662e9189309fbd1a732334b0675ced733c1c35772d4d893dc2e75f0cb7234f1;p02/physical-row-053/section=Agartala/printed=91/source-row=DGCA-AIX-2026-R0091/lineage=a8ddfd5eb9ea8dd21fcfbf243c9d270d631e93972987701be22f6173ff25719b;p02/physical-row-054/section=Agartala/printed=92/source-row=DGCA-AIX-2026-R0092/lineage=6b046bfa2d209cc3a3e696960fefb194a74f9e404cd165ef79ea1bb157469ba8;p02/physical-row-038/section=Agartala/printed=76/source-row=DGCA-AIX-2026-R0076/lineage=d80af9d365aa4407f71ed76100cee1be262702acffdbb2272147738b266b6b3a;p02/physical-row-024/section=Agartala/printed=62/source-row=DGCA-AIX-2026-R0062/lineage=98c927434a76ee6879e0e6f06e0fba64bb056c8e95a17e482d7a479c845b3cd6;p03/physical-row-008/section=Agartala/printed=104/source-row=DGCA-AIX-2026-R0104/lineage=e5dea363fd5f4b63cf931452fa13e45a771a08382e991a6cbd345878582b62e9;p02/physical-row-041/section=Agartala/printed=79/source-row=DGCA-AIX-2026-R0079/lineage=45c334ce8e993d1675b2e9a73614696f23616e83f114c2b86dc5a04432fed81c;p03/physical-row-017/section=Agartala/printed=113/source-row=DGCA-AIX-2026-R0113/lineage=5db138a0b45e2b0b64077f95c4ba10d88fc10024cfa96843de268778adb2e1cb;p02/physical-row-025/section=Agartala/printed=63/source-row=DGCA-AIX-2026-R0063/lineage=25b8a48b0856e84340c88287b2225c952dadcc4f992c7430c0d9b375face064d;p03/physical-row-001/section=Agartala/printed=97/source-row=DGCA-AIX-2026-R0097/lineage=71df6257f1c2e756bebc33f878e07410cc38e8e6629c8465579950b8ceca797c;p02/physical-row-042/section=Agartala/printed=80/source-row=DGCA-AIX-2026-R0080/lineage=6806d5b2a99d70d0d845e880ba6b72e96ccbaa8d4ab03bd77226b5b414f7f13d;p03/physical-row-012/section=Agartala/printed=108/source-row=DGCA-AIX-2026-R0108/lineage=d6df920ad82465e8045778512696076c1d9ff34b5ae58b3e7cc26928e385d333;p02/physical-row-026/section=Agartala/printed=64/source-row=DGCA-AIX-2026-R0064/lineage=085311f310dfc94a000c1b42f52c3c4aecf2d82f62bfeb04bf9f045e7f13e3c3;p02/physical-row-055/section=Agartala/printed=93/source-row=DGCA-AIX-2026-R0093/lineage=c0281b549f5f85c886f558dcdb7f4ee667a91ef7dcc139c378a0b66ffb919463;p02/physical-row-043/section=Agartala/printed=81/source-row=DGCA-AIX-2026-R0081/lineage=df481d043ae0aed6ceaeb677bd35ac704431fe0c05c4cde5a3dd3887f366c575;p02/physical-row-027/section=Agartala/printed=65/source-row=DGCA-AIX-2026-R0065/lineage=b14a98e7596cc55a442c15dd677de71adfd6b48608ae8172bcaf403739b9b6b7;p03/physical-row-009/section=Agartala/printed=105/source-row=DGCA-AIX-2026-R0105/lineage=ddbdcb042464b915db6c7be630bb9fe2b697a0c0192a10b5ce06fcab581b5e4e;p02/physical-row-044/section=Agartala/printed=82/source-row=DGCA-AIX-2026-R0082/lineage=0bd47e25bbc0f81586ed58923f79c56e85ffdb48f41af088d5b3b6dba7590b5a;p03/physical-row-018/section=Agartala/printed=114/source-row=DGCA-AIX-2026-R0114/lineage=a80fd7231805f7a1cf77a0db9d562faf2a294807659f45e109632e7b55fe2584;p02/physical-row-028/section=Agartala/printed=66/source-row=DGCA-AIX-2026-R0066/lineage=7dffd066b0d906ff1131c6e5d5ed1fc142c651645b4769dcbe276e24164a16bd;p03/physical-row-002/section=Agartala/printed=98/source-row=DGCA-AIX-2026-R0098/lineage=b70c257dd117415f2c482c19045fb959fe1c46cd51fc67eccd77b1650e926b75;p02/physical-row-045/section=Agartala/printed=83/source-row=DGCA-AIX-2026-R0083/lineage=5ce281d67288d8fa24a1579e273de2e41a2c57fbe378b5a09a3e78fee1dd37cc;p03/physical-row-013/section=Agartala/printed=109/source-row=DGCA-AIX-2026-R0109/lineage=31088a790b69cf3de34c6d86dfd97a459ced86191229daf477bd8d6b52e8df63;p02/physical-row-029/section=Agartala/printed=67/source-row=DGCA-AIX-2026-R0067/lineage=cb0d4b3d0223e5ef50c6c2715e5cb4aeabb9629b23304bc48594bd6741cbced7;p02/physical-row-056/section=Agartala/printed=94/source-row=DGCA-AIX-2026-R0094/lineage=fc9a1aa49181ea95cebe5ddcae801806d533dc069c2ad0fbd3f412da01f2d9e3;p02/physical-row-046/section=Agartala/printed=84/source-row=DGCA-AIX-2026-R0084/lineage=66b834019ef0e59a5ca18b079d26428f55367a30b426a0a3e01148386744b498;p02/physical-row-030/section=Agartala/printed=68/source-row=DGCA-AIX-2026-R0068/lineage=d935271a850640fa67ec06946a7b68bc259ad8261a07987687afa77b5ad85de3;p03/physical-row-010/section=Agartala/printed=106/source-row=DGCA-AIX-2026-R0106/lineage=687ad594a001c917f661f694a92e34ddeb48c630a491e832f0c79a749c5e8a88;p02/physical-row-047/section=Agartala/printed=85/source-row=DGCA-AIX-2026-R0085/lineage=91e461694d3870347a5cd1eab40f5d6125c74c2fc90f727c69f87006604ac83f;p03/physical-row-019/section=Agartala/printed=115/source-row=DGCA-AIX-2026-R0115/lineage=3b4005c714aa787aa5a8d16c8a9b86bec6c31a3f8d68b35f096700528abcfbf0;p02/physical-row-031/section=Agartala/printed=69/source-row=DGCA-AIX-2026-R0069/lineage=e8da767836b7258f2467a9b3ffd5fd3a9cd77dbb11d969e7f8a6af3a45282a4d;p03/physical-row-003/section=Agartala/printed=99/source-row=DGCA-AIX-2026-R0099/lineage=6c62792f4aed490d21fcb95bd7e2a7c6d55b5b07646cf1fd9688c538f4db3f8b;p02/physical-row-048/section=Agartala/printed=86/source-row=DGCA-AIX-2026-R0086/lineage=a508976131c97f0c925afd749dbb6429818cf9efd52a4b6ef52abcff1d55b6e2;p03/physical-row-014/section=Agartala/printed=110/source-row=DGCA-AIX-2026-R0110/lineage=ea1ce468851fab3e3f99cd84e5aeb360dca9a43473f4eb30017995c777c6b607;p02/physical-row-032/section=Agartala/printed=70/source-row=DGCA-AIX-2026-R0070/lineage=a7cca13fad578fc16a08c0505b777436e9109ab273304fdb59fcd477ffc55264;p02/physical-row-057/section=Agartala/printed=95/source-row=DGCA-AIX-2026-R0095/lineage=14f91bc472e21eae5a9816e5bc0a1c6b4453a653cbf6c127494d5e71e9da1c83;p02/physical-row-049/section=Agartala/printed=87/source-row=DGCA-AIX-2026-R0087/lineage=0cbb8fbf64e478fcb962a9e140237387f3a56abe0be70f3547f4efbcabb8a68f;p02/physical-row-033/section=Agartala/printed=71/source-row=DGCA-AIX-2026-R0071/lineage=d627eada032bf65ac4d9d58ae16afae692615c04c38cddcf50ae99e2e1294733;p03/physical-row-011/section=Agartala/printed=107/source-row=DGCA-AIX-2026-R0107/lineage=9137e5ca199d0a525e0b8037f437c88a8b4146603458e77be56b66f98850efa0;p02/physical-row-050/section=Agartala/printed=88/source-row=DGCA-AIX-2026-R0088/lineage=a615eb08ebde833c5e39807223677c24bc201763f00742287d165f076b28207f;p03/physical-row-020/section=Agartala/printed=116/source-row=DGCA-AIX-2026-R0116/lineage=a455770d74a9f8fb34b0940f99a07f326fdbe9cb71835a3092eeb95d10fb7ce5;p02/physical-row-034/section=Agartala/printed=72/source-row=DGCA-AIX-2026-R0072/lineage=98a0fe79e7a61fd0162534537c21f7f875eb00f665f7e8792ec61a23274cc048;p03/physical-row-004/section=Agartala/printed=100/source-row=DGCA-AIX-2026-R0100/lineage=57dd93f2b0408ff309cddcb28aa95a5eaaf2cbc8f425328e2d6640743961723b;p02/physical-row-051/section=Agartala/printed=89/source-row=DGCA-AIX-2026-R0089/lineage=f29760d90f57822dbc950d1a20a4ba29572789328291165ffa197ae26757f7fe;p03/physical-row-015/section=Agartala/printed=111/source-row=DGCA-AIX-2026-R0111/lineage=08e8060e1c8e6fe1f2b13a8e680abe6f6fe586c9019c90f1c3f2fe9b57e1ed86;p02/physical-row-035/section=Agartala/printed=73/source-row=DGCA-AIX-2026-R0073/lineage=1cc41043bbabe5c26443000da23598ab4a94dff834915a0c0b72bce399808580;p02/physical-row-058/section=Agartala/printed=96/source-row=DGCA-AIX-2026-R0096/lineage=a7435422271b3e0581e47091a5f98a7ddf290cc6c21e7ea542b8301f33c9a347;p02/physical-row-052/section=Agartala/printed=90/source-row=DGCA-AIX-2026-R0090/lineage=2ea8b70591acc1a05749eb794a1e2a11341ca89887411deae5131f7369813dba;p02/physical-row-036/section=Agartala/printed=74/source-row=DGCA-AIX-2026-R0074/lineage=03017a4895f185faf6603f967bc212f4fae29edc74dbd8c575a6864e1e18a516;p03/physical-row-006/section=Agartala/printed=102/source-row=DGCA-AIX-2026-R0102/lineage=43bae534209a3f0246639f9d1d9775864d42bdc8469e1d08d1c77dd4b8ea32a2
ix-leg-4b5e34e4386b29eb732d,IX 2963,IX2963,AXB,IXB,BLR,accepted,current,true,4,4,new airport pair vs pinned runtime,false,DGCA-AIX-2026-R0603;DGCA-AIX-2026-R0160;DGCA-AIX-2026-R0605;DGCA-AIX-2026-R0604,p11/physical-row-048/section=Bangalore/printed=427/source-row=DGCA-AIX-2026-R0603/lineage=daa37b46daabc320389333a9f283e909a36f7b4854ca3c029d76c8115a4faa02;p04/physical-row-010/section=Bagdogra/printed=27/source-row=DGCA-AIX-2026-R0160/lineage=4825c62acef2ec0e471f03ac6c3a85dc682d8a1f5594f2fba7bd836baa1fdd0b;p11/physical-row-050/section=Bangalore/printed=429/source-row=DGCA-AIX-2026-R0605/lineage=53f0b5027a6b0b2fd414a7bef70aeaebd87cf2d85a8cf2693ad4662b524c64fa;p11/physical-row-049/section=Bangalore/printed=428/source-row=DGCA-AIX-2026-R0604/lineage=ebd2ec82f76800ebb5780a5b1d5cd3f14a0805f84cca489b5865d3860d67d7c8
ix-leg-a864019636ab617bfb78,IX 2971,IX2971,AXB,MAA,BLR,accepted,current,true,1,2,present in pinned runtime (any carrier),false,DGCA-AIX-2026-R0448;DGCA-AIX-2026-R0746,p09/physical-row-009/section=Bangalore/printed=272/source-row=DGCA-AIX-2026-R0448/lineage=dfd596a807754f7cfc034f7656407259b07352f7b92ba11c2810e7594428b452;p14/physical-row-018/section=Chennai/printed=11/source-row=DGCA-AIX-2026-R0746/lineage=59f1419dcdcc180782b959114e5f982b58d4f911642be7124ca4f20edda92894
ix-leg-454ea24caf5d1a084d31,IX 2975,IX2975,AXB,MAA,BLR,accepted,current,true,2,2,present in pinned runtime (any carrier),false,DGCA-AIX-2026-R0737;DGCA-AIX-2026-R0241,p14/physical-row-009/section=Chennai/printed=2/source-row=DGCA-AIX-2026-R0737/lineage=5c5e3a55e0b853ef9793f16987b7b692ae397e11c03731de9ee10119512ed609;p05/physical-row-034/section=Bangalore/printed=65/source-row=DGCA-AIX-2026-R0241/lineage=c7cb158ed8b3fe107ff8dbddfa8fff1b016dd38961ee342a3adf0d69e381408a
ix-leg-60799ee69023634bc928,IX 2980,IX2980,AXB,TRV,BLR,accepted,current,true,98,99,present in pinned runtime (any carrier),false,DGCA-AIX-2026-R0263;DGCA-AIX-2026-R1532;DGCA-AIX-2026-R1612;DGCA-AIX-2026-R0266;DGCA-AIX-2026-R0265;DGCA-AIX-2026-R1571;DGCA-AIX-2026-R1581;DGCA-AIX-2026-R1547;DGCA-AIX-2026-R0262;DGCA-AIX-2026-R0264;DGCA-AIX-2026-R1619;DGCA-AIX-2026-R1564;DGCA-AIX-2026-R1588;DGCA-AIX-2026-R1533;DGCA-AIX-2026-R1602;DGCA-AIX-2026-R1573;DGCA-AIX-2026-R1563;DGCA-AIX-2026-R1610;DGCA-AIX-2026-R1548;DGCA-AIX-2026-R1603;DGCA-AIX-2026-R1574;DGCA-AIX-2026-R1572;DGCA-AIX-2026-R1589;DGCA-AIX-2026-R1534;DGCA-AIX-2026-R1613;DGCA-AIX-2026-R1582;DGCA-AIX-2026-R1549;DGCA-AIX-2026-R1620;DGCA-AIX-2026-R1565;DGCA-AIX-2026-R1590;DGCA-AIX-2026-R1535;DGCA-AIX-2026-R1604;DGCA-AIX-2026-R1550;DGCA-AIX-2026-R1575;DGCA-AIX-2026-R1591;DGCA-AIX-2026-R1536;DGCA-AIX-2026-R1614;DGCA-AIX-2026-R1583;DGCA-AIX-2026-R1551;DGCA-AIX-2026-R1621;DGCA-AIX-2026-R1566;DGCA-AIX-2026-R1592;DGCA-AIX-2026-R1537;DGCA-AIX-2026-R1605;DGCA-AIX-2026-R1552;DGCA-AIX-2026-R1576;DGCA-AIX-2026-R1593;DGCA-AIX-2026-R1538;DGCA-AIX-2026-R1615;DGCA-AIX-2026-R1584;DGCA-AIX-2026-R1553;DGCA-AIX-2026-R1622;DGCA-AIX-2026-R1567;DGCA-AIX-2026-R1594;DGCA-AIX-2026-R1539;DGCA-AIX-2026-R1606;DGCA-AIX-2026-R1554;DGCA-AIX-2026-R1577;DGCA-AIX-2026-R1595;DGCA-AIX-2026-R1540;DGCA-AIX-2026-R1616;DGCA-AIX-2026-R1585;DGCA-AIX-2026-R1555;DGCA-AIX-2026-R1623;DGCA-AIX-2026-R1568;DGCA-AIX-2026-R1596;DGCA-AIX-2026-R1541;DGCA-AIX-2026-R1607;DGCA-AIX-2026-R1556;DGCA-AIX-2026-R1578;DGCA-AIX-2026-R1597;DGCA-AIX-2026-R1542;DGCA-AIX-2026-R1617;DGCA-AIX-2026-R1586;DGCA-AIX-2026-R1557;DGCA-AIX-2026-R1624;DGCA-AIX-2026-R1569;DGCA-AIX-2026-R1598;DGCA-AIX-2026-R1543;DGCA-AIX-2026-R1608;DGCA-AIX-2026-R1558;DGCA-AIX-2026-R1579;DGCA-AIX-2026-R1599;DGCA-AIX-2026-R1544;DGCA-AIX-2026-R1618;DGCA-AIX-2026-R1587;DGCA-AIX-2026-R1559;DGCA-AIX-2026-R1625;DGCA-AIX-2026-R1570;DGCA-AIX-2026-R1600;DGCA-AIX-2026-R1545;DGCA-AIX-2026-R1609;DGCA-AIX-2026-R1560;DGCA-AIX-2026-R1580;DGCA-AIX-2026-R1601;DGCA-AIX-2026-R1546;DGCA-AIX-2026-R1611;DGCA-AIX-2026-R1562;DGCA-AIX-2026-R1561,p05/physical-row-056/section=Bangalore/printed=87/source-row=DGCA-AIX-2026-R0263/lineage=41aebbfeb52fe5446950995e903b5ca0ed9692060f1292e62ce0e38c07909cd2;p28/physical-row-023/section=Trivandrum/printed=3/source-row=DGCA-AIX-2026-R1532/lineage=a64a52b4a35f4bf77252e0cd9c1b2e96a08997297b78ab0573773aff716e4ceb;p29/physical-row-048/section=Trivandrum/printed=83/source-row=DGCA-AIX-2026-R1612/lineage=01e142df3699e0092675691562fbf1d2baf49cb9ffeac9cc6320a643ae68fe56;p06/physical-row-001/section=Bangalore/printed=90/source-row=DGCA-AIX-2026-R0266/lineage=e5b516accdcabc63d8d98400867e1fcaae3397e6e2f586300ab752c5e12ca410;p05/physical-row-058/section=Bangalore/printed=89/source-row=DGCA-AIX-2026-R0265/lineage=71fc19313346cc1f689f9c3049e4a6bf195971060270d463c1bfa39fde6e04f5;p29/physical-row-007/section=Trivandrum/printed=42/source-row=DGCA-AIX-2026-R1571/lineage=a5c6b274a06df408c3f772fb7d0aacf6e54067cd6ff825502f83eff536d36dd5;p29/physical-row-017/section=Trivandrum/printed=52/source-row=DGCA-AIX-2026-R1581/lineage=1dd5291013e8547d72f6c2de08a00c18cf76306d3e78ba58ded69223bf86d30c;p28/physical-row-038/section=Trivandrum/printed=18/source-row=DGCA-AIX-2026-R1547/lineage=fec9808ac17ea4acad52e52adab9907260a8f7bbe5a60e0d592c42790c1709b5;p05/physical-row-055/section=Bangalore/printed=86/source-row=DGCA-AIX-2026-R0262/lineage=92025fea680a177c474b25f15d787f650370eb8d96e2a6f742709de907173dfe;p05/physical-row-057/section=Bangalore/printed=88/source-row=DGCA-AIX-2026-R0264/lineage=cd6005876d740ca4d954b0ae6585d1a9d1b78fd5aeb0fbc7b366fa8f512c0e60;p29/physical-row-055/section=Trivandrum/printed=90/source-row=DGCA-AIX-2026-R1619/lineage=3f8f7e923530edf7c419d0c33faf255ee674bae4b111dca58ff7ebf23a540016;p28/physical-row-055/section=Trivandrum/printed=35/source-row=DGCA-AIX-2026-R1564/lineage=ec99767a7515414de6ffd742ee71867011ea1132f448b06a6b86dae151717ecf;p29/physical-row-024/section=Trivandrum/printed=59/source-row=DGCA-AIX-2026-R1588/lineage=44fc7c7f0a3ff84eac3221b504b4be891ef852bb6ecd44ae1e3dd54d8e2c29b6;p28/physical-row-024/section=Trivandrum/printed=4/source-row=DGCA-AIX-2026-R1533/lineage=c6300d7b02ba7d6fbde78115f3882883b14493ec9dbce24ed251d7873670fca3;p29/physical-row-038/section=Trivandrum/printed=73/source-row=DGCA-AIX-2026-R1602/lineage=366f14f9b3ef1fc9c9f4f5503f758d64d7cbcb1a2975cb191e032bcd710283da;p29/physical-row-009/section=Trivandrum/printed=44/source-row=DGCA-AIX-2026-R1573/lineage=a6c594a47a58a0f8b87c91cb10798d0edaa643d6bbe0291b636222d3799191aa;p28/physical-row-054/section=Trivandrum/printed=34/source-row=DGCA-AIX-2026-R1563/lineage=407e21c4c004303257cae6dca31eeac1049fa8a7f67d9a696dc1afb68dbac68e;p29/physical-row-046/section=Trivandrum/printed=81/source-row=DGCA-AIX-2026-R1610/lineage=fcd460607b407666039db30610485fdee0438a1c1998ce78557732d289477d7e;p28/physical-row-039/section=Trivandrum/printed=19/source-row=DGCA-AIX-2026-R1548/lineage=61246fe90568d4538787fc9bb8c560c347b7fb595b282fda3c170a1a2561ad6e;p29/physical-row-039/section=Trivandrum/printed=74/source-row=DGCA-AIX-2026-R1603/lineage=44da172bc49867a6acd0259361153d0c3c5f116b4e101477def1a0058226f374;p29/physical-row-010/section=Trivandrum/printed=45/source-row=DGCA-AIX-2026-R1574/lineage=a6843762202052b17c180210cef746532c7af73d5110dbefb4f50f36a8f6c63a;p29/physical-row-008/section=Trivandrum/printed=43/source-row=DGCA-AIX-2026-R1572/lineage=6a32a3d6c6b2c0f8d6c92bd7bfb4712c33ef66b13f1a75f63d8385eda40589be;p29/physical-row-025/section=Trivandrum/printed=60/source-row=DGCA-AIX-2026-R1589/lineage=11227c9e9bad9ffc94a4760c7904ef5f389441d7c6b70a80db8b98b4bda3af61;p28/physical-row-025/section=Trivandrum/printed=5/source-row=DGCA-AIX-2026-R1534/lineage=36fd4ffc9f5dbc6ce9538eaa00558b2dc5d5db9076116a85bb3393cccefef1ae;p29/physical-row-049/section=Trivandrum/printed=84/source-row=DGCA-AIX-2026-R1613/lineage=367e18042d05df7b622cc256b633ec4976c079a50382d321157987f9799f7c63;p29/physical-row-018/section=Trivandrum/printed=53/source-row=DGCA-AIX-2026-R1582/lineage=f5c608997b13ab4ce7909c705618ad7d847e1cc8fb294940b0d2e2a640e9386a;p28/physical-row-040/section=Trivandrum/printed=20/source-row=DGCA-AIX-2026-R1549/lineage=9277dec917a0e651323717c182a78528dec9d5358e71b736aa6ee0e1baf5426a;p29/physical-row-056/section=Trivandrum/printed=91/source-row=DGCA-AIX-2026-R1620/lineage=ba022bbe952f156c9859ea3235d0ec16e5baf98baa77a449cf3db65cb7873fd8;p29/physical-row-001/section=Trivandrum/printed=36/source-row=DGCA-AIX-2026-R1565/lineage=33328b749147159adb36169aeeace26cba1102af17b41fb0b972d5dc34135f30;p29/physical-row-026/section=Trivandrum/printed=61/source-row=DGCA-AIX-2026-R1590/lineage=54329087e5c56463b0641d32df25b85831e8bd1857085687c227824d0c6a6536;p28/physical-row-026/section=Trivandrum/printed=6/source-row=DGCA-AIX-2026-R1535/lineage=812543094f85ab16363c19afa18a288895423292aa6cc4daa24a040721c51179;p29/physical-row-040/section=Trivandrum/printed=75/source-row=DGCA-AIX-2026-R1604/lineage=d98c2d583d7cd2f56bdea02835792329af7303f0683cd399d09f2bea1f479ac6;p28/physical-row-041/section=Trivandrum/printed=21/source-row=DGCA-AIX-2026-R1550/lineage=d6de37935ccf21dc7fca810c2d05acbad434116da0f8e0dd1e876e258a5e3079;p29/physical-row-011/section=Trivandrum/printed=46/source-row=DGCA-AIX-2026-R1575/lineage=a8cdea6005fcdab70d687083c0bfc691c14b7b40eb04f38c0b49b500b5614f7d;p29/physical-row-027/section=Trivandrum/printed=62/source-row=DGCA-AIX-2026-R1591/lineage=6664167b5c3ba267546ebfb0e84a7fe8a455833676e6837639a4012723838937;p28/physical-row-027/section=Trivandrum/printed=7/source-row=DGCA-AIX-2026-R1536/lineage=7ec0badb55b6e86513d5ca8dffad2f48a5497f53d02cc1fb508b486286f25526;p29/physical-row-050/section=Trivandrum/printed=85/source-row=DGCA-AIX-2026-R1614/lineage=0d95638b2e0496d340b33a63751231c06dcd0f4b00790edc37842c919171f352;p29/physical-row-019/section=Trivandrum/printed=54/source-row=DGCA-AIX-2026-R1583/lineage=9a5c5116411efd301f8995b3d6af13a0a14feed3f443db645fb0f4c54d466e42;p28/physical-row-042/section=Trivandrum/printed=22/source-row=DGCA-AIX-2026-R1551/lineage=40958f924910789bea86e477dd85b188c49d0c98864b9a27e38837e0e2b8b29f;p29/physical-row-057/section=Trivandrum/printed=92/source-row=DGCA-AIX-2026-R1621/lineage=826ced9d8ecb530450fbe20866ac15d1825d1ac5dcd839837646bffca8451577;p29/physical-row-002/section=Trivandrum/printed=37/source-row=DGCA-AIX-2026-R1566/lineage=2c4dc0ea666c2c67c49c3f90f6b47cf3f8d618e9cfa25506de588e59e235c201;p29/physical-row-028/section=Trivandrum/printed=63/source-row=DGCA-AIX-2026-R1592/lineage=403ebf1d8a802e21cb588de34a4168efd6b3a21005d1b5cf028873908e025ef2;p28/physical-row-028/section=Trivandrum/printed=8/source-row=DGCA-AIX-2026-R1537/lineage=127b71fda1f6964d7012f0b24f49c723336e61ef013ef46120852623ac398fd7;p29/physical-row-041/section=Trivandrum/printed=76/source-row=DGCA-AIX-2026-R1605/lineage=35a447bbdf352ab0ca1b438c59f933284fe43fff78fe08993bfa823cbf2535c0;p28/physical-row-043/section=Trivandrum/printed=23/source-row=DGCA-AIX-2026-R1552/lineage=e2cc2f107fdf5092ab1525bf624c138c6b8f02cfe76d91ada8b4ad9d53beca3f;p29/physical-row-012/section=Trivandrum/printed=47/source-row=DGCA-AIX-2026-R1576/lineage=71caa7f22e8db3dd609febf26115622b44923284ad47daa8d111d4bce267f416;p29/physical-row-029/section=Trivandrum/printed=64/source-row=DGCA-AIX-2026-R1593/lineage=904fee29525079fdfaeb126af59ee63e0fd738a14554d40417d9002f4d29f5de;p28/physical-row-029/section=Trivandrum/printed=9/source-row=DGCA-AIX-2026-R1538/lineage=c2547c593d3f524ac13d489fa79acdc1795caaee5a051f68a733699b2a335212;p29/physical-row-051/section=Trivandrum/printed=86/source-row=DGCA-AIX-2026-R1615/lineage=3b9f5f501c4d38fcd13afebab3a60a0010e9804628a2672bc8503cec1709fbbf;p29/physical-row-020/section=Trivandrum/printed=55/source-row=DGCA-AIX-2026-R1584/lineage=f24090ad58e131a2be741da17f68fd7b51b8626d47091ddc87fa08b306d443c2;p28/physical-row-044/section=Trivandrum/printed=24/source-row=DGCA-AIX-2026-R1553/lineage=8325acff711adea851ac99fe3ac0f8829781008cc118b9189a2e4677d2fb3d9a;p29/physical-row-058/section=Trivandrum/printed=93/source-row=DGCA-AIX-2026-R1622/lineage=1f13fef7adef549e7bdf0910d13b3b0ea106577008d0ddb4455e5ef770c884cb;p29/physical-row-003/section=Trivandrum/printed=38/source-row=DGCA-AIX-2026-R1567/lineage=497ae3cd767d2148270dc5b7d2163596d457c99c761a881d265571c0f318cd31;p29/physical-row-030/section=Trivandrum/printed=65/source-row=DGCA-AIX-2026-R1594/lineage=b707ea410863a54179bb367260c363ac87b193fa0267f649912f6ce6953b9812;p28/physical-row-030/section=Trivandrum/printed=10/source-row=DGCA-AIX-2026-R1539/lineage=06d0298ae02f7fde4cdf16ac6b42c53f5aab60936e2b1422455ee807457405f1;p29/physical-row-042/section=Trivandrum/printed=77/source-row=DGCA-AIX-2026-R1606/lineage=867e1c86138016be361d995714798f03f2ad0b0a81ea0fcaa4317682099fda96;p28/physical-row-045/section=Trivandrum/printed=25/source-row=DGCA-AIX-2026-R1554/lineage=a7a7170c630cb3d0ec79bb1c465d697653e342d9e7a6676168c21bcaa8090774;p29/physical-row-013/section=Trivandrum/printed=48/source-row=DGCA-AIX-2026-R1577/lineage=4ca9562c9a5e0163a8c87e153e49954e623e345c19ff558ff984a7a230af97e5;p29/physical-row-031/section=Trivandrum/printed=66/source-row=DGCA-AIX-2026-R1595/lineage=b3842aab5458dcc8d089b11b3884807ffd9761581ab094fe664e094cf1d45ffe;p28/physical-row-031/section=Trivandrum/printed=11/source-row=DGCA-AIX-2026-R1540/lineage=2994a943767675f5ebb91b446645ac0ba2169e37dd7869173dd79084c4e3b9de;p29/physical-row-052/section=Trivandrum/printed=87/source-row=DGCA-AIX-2026-R1616/lineage=c3633ae34b74d2bc200f76755186eebd9451a0196efae7b3469889aba7ac318b;p29/physical-row-021/section=Trivandrum/printed=56/source-row=DGCA-AIX-2026-R1585/lineage=5377af9f7901c1cc2ad7fda665a38f93518e707819a144d00cb7338fd2909063;p28/physical-row-046/section=Trivandrum/printed=26/source-row=DGCA-AIX-2026-R1555/lineage=dd810175a5ab48a584751eb127cf45688036ae4af980bdaeb557a1acdb0cc921;p30/physical-row-001/section=Trivandrum/printed=94/source-row=DGCA-AIX-2026-R1623/lineage=2e6ecc184973ea23753bbdaab70858d3c20e562c06115fcf6ac145b29b923a07;p29/physical-row-004/section=Trivandrum/printed=39/source-row=DGCA-AIX-2026-R1568/lineage=1a385d31c876035bc242febc985c3b260a899e6a21245385c9aff6d4dcccde2a;p29/physical-row-032/section=Trivandrum/printed=67/source-row=DGCA-AIX-2026-R1596/lineage=f088d1b587e9addab738d693ddc5c46cd1733312151a894e7e053a5dfb49bd52;p28/physical-row-032/section=Trivandrum/printed=12/source-row=DGCA-AIX-2026-R1541/lineage=8b774b8246d0c219d163509e70af351a776bd4204ce90abf219ebec1c8b7b66f;p29/physical-row-043/section=Trivandrum/printed=78/source-row=DGCA-AIX-2026-R1607/lineage=c13e72a26f92618593991ce2afbdb88347c864efa03f5fbaaf95ab541fe31872;p28/physical-row-047/section=Trivandrum/printed=27/source-row=DGCA-AIX-2026-R1556/lineage=1c00fc88f2a60d2e45f64bd054be29d8d76018b5b362743e89053aa2a2868178;p29/physical-row-014/section=Trivandrum/printed=49/source-row=DGCA-AIX-2026-R1578/lineage=0b4fe2b18b330b08301bc61513983f661f71d7630767ec46136480d85ff76831;p29/physical-row-033/section=Trivandrum/printed=68/source-row=DGCA-AIX-2026-R1597/lineage=52c35ca2fde3ec68383ae407cc9295d4780c5f34c9da062bf0a5cc138e246ac0;p28/physical-row-033/section=Trivandrum/printed=13/source-row=DGCA-AIX-2026-R1542/lineage=47855ec3dc784a7325b836dac8053792721bea66d4eb87316dcfe8ac6ea48820;p29/physical-row-053/section=Trivandrum/printed=88/source-row=DGCA-AIX-2026-R1617/lineage=706de58a537889dd10a984bd76a8ca2b8434d8c61303efeb1f1648b162b85495;p29/physical-row-022/section=Trivandrum/printed=57/source-row=DGCA-AIX-2026-R1586/lineage=7d2b7c8db05fe1d8b7693ef15ecde1f5a2f867d34eec537206397cdc00436191;p28/physical-row-048/section=Trivandrum/printed=28/source-row=DGCA-AIX-2026-R1557/lineage=5f918559fd06db9cf3d3bc662f80c3be7521f231fdf8ec00df908feb263b2c76;p30/physical-row-002/section=Trivandrum/printed=95/source-row=DGCA-AIX-2026-R1624/lineage=c3a4bbc2a1774afb470267f2fd160134f987ff3c9cd57aa1b64931e8ccdae5a9;p29/physical-row-005/section=Trivandrum/printed=40/source-row=DGCA-AIX-2026-R1569/lineage=38d8d83159b47e06a9d075976753412aadeb5f09f69d0bf5f39fb162d858717b;p29/physical-row-034/section=Trivandrum/printed=69/source-row=DGCA-AIX-2026-R1598/lineage=7cf7a9ca9086b635aab5e42febd3c463c0744f7c2c266800943130c8dbd2ef77;p28/physical-row-034/section=Trivandrum/printed=14/source-row=DGCA-AIX-2026-R1543/lineage=b859658d8da430525b7cdda66658d65e6af1ebe01eabdabb436c79714a1eaacf;p29/physical-row-044/section=Trivandrum/printed=79/source-row=DGCA-AIX-2026-R1608/lineage=7917ea999be5ccfd5dc8ecfb786d487ee9d4cb9e1b9a461e92c5a88d036ad185;p28/physical-row-049/section=Trivandrum/printed=29/source-row=DGCA-AIX-2026-R1558/lineage=4db8c0cf64cd01ee03915c3205869609a8cf701f3c013b31a43b418b03f75309;p29/physical-row-015/section=Trivandrum/printed=50/source-row=DGCA-AIX-2026-R1579/lineage=e280b819cac5c3d7009e461cea2a9692354bb2811fec29a2b13664e276859c4a;p29/physical-row-035/section=Trivandrum/printed=70/source-row=DGCA-AIX-2026-R1599/lineage=87dfb9f122b71b0e9507ea059db7a1d2c294b68cc3e67f4bd36f219053a9c408;p28/physical-row-035/section=Trivandrum/printed=15/source-row=DGCA-AIX-2026-R1544/lineage=300649193877c8a5e360258a40d042eeb986b743ad152ecae77b1e75c06a2acb;p29/physical-row-054/section=Trivandrum/printed=89/source-row=DGCA-AIX-2026-R1618/lineage=b128b779a3b21bd4d026447b726b40aca3d3598f0f73a41bb62a8acbcfc509e4;p29/physical-row-023/section=Trivandrum/printed=58/source-row=DGCA-AIX-2026-R1587/lineage=4e4437dd4b4293d2cf107bec3d1cf692c57a903cb8aa1d21a2bcafc22f601989;p28/physical-row-050/section=Trivandrum/printed=30/source-row=DGCA-AIX-2026-R1559/lineage=7947573f1a16da257515e00fde8f36ef84d42f6d8512006badad10ca866aee78;p30/physical-row-003/section=Trivandrum/printed=96/source-row=DGCA-AIX-2026-R1625/lineage=45fd331aa5016c782e1e31c200701fcd9aa345d967b20fcc33d354acb55055a3;p29/physical-row-006/section=Trivandrum/printed=41/source-row=DGCA-AIX-2026-R1570/lineage=20dd68d9608f5824b45b74d0fa3cb880dd545bb2a7312cdfe20695db36b4bbdf;p29/physical-row-036/section=Trivandrum/printed=71/source-row=DGCA-AIX-2026-R1600/lineage=bc9a74d0ee75da1129306ff5116f72b27233de5797ad6cc26840c0923921db17;p28/physical-row-036/section=Trivandrum/printed=16/source-row=DGCA-AIX-2026-R1545/lineage=302c0e0bcba2342aff6be78de0b511979e33f4e6b39d0af84330d16d0e7f4486;p29/physical-row-045/section=Trivandrum/printed=80/source-row=DGCA-AIX-2026-R1609/lineage=4edb0f41e1874894f90d4dfc208914b56975015be2a21707a97aedaf094c200c;p28/physical-row-051/section=Trivandrum/printed=31/source-row=DGCA-AIX-2026-R1560/lineage=9b384eb204f9ee05a7e09b91d6d996a46bca2e71fc6fc973a61341960446473f;p29/physical-row-016/section=Trivandrum/printed=51/source-row=DGCA-AIX-2026-R1580/lineage=793a5aaea256ba9ea72f01d00a3aa09f8039bd4433ad7c49909f42619b36be03;p29/physical-row-037/section=Trivandrum/printed=72/source-row=DGCA-AIX-2026-R1601/lineage=8befcc059ab7d58d1a1fc6171ee3a61326dc65184593c288f96061e4fee73465;p28/physical-row-037/section=Trivandrum/printed=17/source-row=DGCA-AIX-2026-R1546/lineage=99c02cf44dba1c35be8474b06010a80572260060c668451e5308050f7edd5df7;p29/physical-row-047/section=Trivandrum/printed=82/source-row=DGCA-AIX-2026-R1611/lineage=628a5585106872e18e8d21c1541194c2b8ade61c3c5363b1c154bef661d88a1b;p28/physical-row-053/section=Trivandrum/printed=33/source-row=DGCA-AIX-2026-R1562/lineage=384e562e090b6f86288aa55880266245af3688f261378914855520e535a898f9;p28/physical-row-052/section=Trivandrum/printed=32/source-row=DGCA-AIX-2026-R1561/lineage=01d66061a4e6017e0f7066b58ae403b85dd39bbe47ef6abc8eb38cd7c7821582
ix-leg-611f1a4e72025134aa25,IX 2983,IX2983,AXB,TRV,BLR,accepted,current,true,5,7,present in pinned runtime (any carrier),false,DGCA-AIX-2026-R0673;DGCA-AIX-2026-R1638;DGCA-AIX-2026-R0581;DGCA-AIX-2026-R1634;DGCA-AIX-2026-R0674;DGCA-AIX-2026-R1639;DGCA-AIX-2026-R0672,p13/physical-row-002/section=Bangalore/printed=497/source-row=DGCA-AIX-2026-R0673/lineage=36ce9e24e5065feb997bbd81978d5fbee813bb8d66b0315c36ccf1535f5b10ae;p30/physical-row-016/section=Trivandrum/printed=109/source-row=DGCA-AIX-2026-R1638/lineage=535a33689f24fa478c9500412c6db50c73b77a39076e079764598876dfe10fe9;p11/physical-row-026/section=Bangalore/printed=405/source-row=DGCA-AIX-2026-R0581/lineage=ecc9df75de5ec4d531b340c6779544ed105cdf57a6ad112301898a18b9711bc7;p30/physical-row-012/section=Trivandrum/printed=105/source-row=DGCA-AIX-2026-R1634/lineage=a80b425abeb9a044300a6b27b1bafc7f762e428bca6a5f376c646c9aaf4a32b3;p13/physical-row-003/section=Bangalore/printed=498/source-row=DGCA-AIX-2026-R0674/lineage=2540fc74041fa0f29a134717a5bd9bb8fd70a7c0a0e2bc9960f1aa904268d141;p30/physical-row-017/section=Trivandrum/printed=110/source-row=DGCA-AIX-2026-R1639/lineage=b2d040e3da922df6751d7506eb81f4f40610f97c08f9775b1065e2df6d4c8e27;p13/physical-row-001/section=Bangalore/printed=496/source-row=DGCA-AIX-2026-R0672/lineage=b60134dc03291fbe72a01fdb4aa9f70777c2bfebb28d33265279ea2c1630a5b6
ix-leg-0b66e9853b1a427c81bf,IX 3054,IX3054,AXB,HYD,JAI,expired,expired-only,false,1,2,new airport pair vs pinned runtime,false,DGCA-AIX-2026-R1088;DGCA-AIX-2026-R1163,p20/physical-row-023/section=Hyderabad/printed=27/source-row=DGCA-AIX-2026-R1088/lineage=abcadc1b8390bd102d9d9d3c6ff8835ea442b4cbb6c673874cc3c6cd59db6f8a;p21/physical-row-041/section=Jaipur/printed=24/source-row=DGCA-AIX-2026-R1163/lineage=cf1fc7a8972cd484f3079594bbf2e0dc2a1dd4f04c6be7866274b0eedfcc53d8
ix-leg-7a1f0ba867a0dd9719c4,IX 3671,IX3671,AXB,BOM,DEL,expired,expired-only,false,1,1,present in pinned runtime (any carrier),false,DGCA-AIX-2026-R0881,p16/physical-row-041/section=Delhi/printed=115/source-row=DGCA-AIX-2026-R0881/lineage=5e63c77c396139844667d5f8af0b63bab7e598d5d996108791215bc544a86673
ix-leg-1efffd9b746686786a49,IX 5054,IX5054,AXB,JAI,HYD,expired,expired-only,false,1,2,new airport pair vs pinned runtime,false,DGCA-AIX-2026-R1098;DGCA-AIX-2026-R1164,p20/physical-row-033/section=Hyderabad/printed=37/source-row=DGCA-AIX-2026-R1098/lineage=6d2321d003be1093a0a33cc26a6e1f77e722ff78fc78cd456acb48b7c4feea84;p21/physical-row-042/section=Jaipur/printed=25/source-row=DGCA-AIX-2026-R1164/lineage=b0ad236fc3dfef4c5f38c99f820ad3d111e3cf4c74dd572b0205e424cc378319
ix-leg-cf55ce1214e39d352a5e,IX 5101,IX5101,AXB,BOM,JAI,expired,expired-only,false,1,2,present in pinned runtime (any carrier),false,DGCA-AIX-2026-R1140;DGCA-AIX-2026-R1352,p21/physical-row-018/section=Jaipur/printed=1/source-row=DGCA-AIX-2026-R1140/lineage=96322c70e797285ef15c3c7451bbe63b48e6d5a0c82347fc57d32412300f7473;p25/physical-row-010/section=Mumbai/printed=17/source-row=DGCA-AIX-2026-R1352/lineage=a48306b271b2335f933c30ba3ea3a61260aacea255c1aa284ec14e18983c17a4
ix-leg-9acfa971c0869f12c9c9,IX 5102,IX5102,AXB,IXE,BLR,expired,expired-only,false,1,2,new airport pair vs pinned runtime,false,DGCA-AIX-2026-R0434;DGCA-AIX-2026-R1305,p08/physical-row-053/section=Bangalore/printed=258/source-row=DGCA-AIX-2026-R0434/lineage=9675e6ada2464a3b0d0fc1d4ad6dcd4a252742c2f812a41835c6cf957a74a892;p24/physical-row-018/section=Mangalore/printed=14/source-row=DGCA-AIX-2026-R1305/lineage=2908c3ac613961202a11a8313a1747db032e849dacc551d45c171f3cbe574e4c
ix-leg-fc45c66658ce7e8c0bba,IX 5103,IX5103,AXB,BBI,BLR,expired,expired-only,false,1,1,present in pinned runtime (any carrier),false,DGCA-AIX-2026-R0301,p06/physical-row-036/section=Bangalore/printed=125/source-row=DGCA-AIX-2026-R0301/lineage=6bfacd29ccd10ea824528a619eb86c65ee651904d8e97471e4960f2ab0803892
ix-leg-7586dc7140c28879024c,IX 5104,IX5104,AXB,COK,BLR,expired,expired-only,false,1,2,present in pinned runtime (any carrier),false,DGCA-AIX-2026-R0319;DGCA-AIX-2026-R1204,p06/physical-row-054/section=Bangalore/printed=143/source-row=DGCA-AIX-2026-R0319/lineage=aef9941396903641689c468d6694f02931600598f0364e5028cc9fdf6772b789;p22/physical-row-026/section=Kochi/printed=2/source-row=DGCA-AIX-2026-R1204/lineage=22e95e54c9ddf62ff3552297d33fff334f4d8f158b232936e4ed5c33471b323c
ix-leg-21fb1d6e02929b97919c,IX 5112,IX5112,AXB,BOM,BLR,expired,expired-only,false,1,2,present in pinned runtime (any carrier),false,DGCA-AIX-2026-R0242;DGCA-AIX-2026-R1344,p05/physical-row-035/section=Bangalore/printed=66/source-row=DGCA-AIX-2026-R0242/lineage=110d511059bc9c4f0be337f6499128ccc0877c18bc679c012d7367275b9d99fa;p25/physical-row-002/section=Mumbai/printed=9/source-row=DGCA-AIX-2026-R1344/lineage=398efb1ab9a3c52ad5bc8b7ee780773200483e13c801367321ef91afd5c04c15
ix-leg-103c2ba064fc9122f379,IX 5113,IX5113,AXB,BOM,LKO,expired,expired-only,false,1,2,present in pinned runtime (any carrier),false,DGCA-AIX-2026-R1267;DGCA-AIX-2026-R1350,p23/physical-row-036/section=Lucknow/printed=2/source-row=DGCA-AIX-2026-R1267/lineage=32f7aa6ec3ce17ff8a2acefe77ddee229978306e983b21e10df7c9e179894976;p25/physical-row-008/section=Mumbai/printed=15/source-row=DGCA-AIX-2026-R1350/lineage=e66d51bb8e04770807c3539dbc7cc0883d786230d069ca7c899f610317a84f3d
ix-leg-c11d58664d541a2bf2ae,IX 5114,IX5114,AXB,DEL,BOM,expired,expired-only,false,1,1,present in pinned runtime (any carrier),false,DGCA-AIX-2026-R1351,p25/physical-row-009/section=Mumbai/printed=16/source-row=DGCA-AIX-2026-R1351/lineage=3d2f68afedbff21a5e6cc2de18dd6ee08b6174bfc70aa76951213ad5ceee47f1
ix-leg-c727787f315ff2fb73c5,IX 5115,IX5115,AXB,DEL,BOM,expired,expired-only,false,1,1,present in pinned runtime (any carrier),false,DGCA-AIX-2026-R1343,p25/physical-row-001/section=Mumbai/printed=8/source-row=DGCA-AIX-2026-R1343/lineage=de9606c4d6f41e074491970ad4ce0653bd2424d59cb81553ce94ce25df0ee6ff
ix-leg-f250a83cc703a718c223,IX 5121,IX5121,AXB,BLR,IXE,expired,expired-only,false,1,2,new airport pair vs pinned runtime,false,DGCA-AIX-2026-R0267;DGCA-AIX-2026-R1304,p06/physical-row-002/section=Bangalore/printed=91/source-row=DGCA-AIX-2026-R0267/lineage=eef2e31d8ee11929147ff55ab14f7bc1fefbc5c3afb908469fe72f352ae7b435;p24/physical-row-017/section=Mangalore/printed=13/source-row=DGCA-AIX-2026-R1304/lineage=299e3235a38cd2b4325d21b08d1258026bba96571d19579408b98a525b6f0345
ix-leg-aeb14239dd9e8f3f51ba,IX 5301,IX5301,AXB,IXE,TRV,accepted,current,true,8,8,new airport pair vs pinned runtime,false,DGCA-AIX-2026-R1297;DGCA-AIX-2026-R1628;DGCA-AIX-2026-R1293;DGCA-AIX-2026-R1298;DGCA-AIX-2026-R1294;DGCA-AIX-2026-R1299;DGCA-AIX-2026-R1295;DGCA-AIX-2026-R1296,p24/physical-row-010/section=Mangalore/printed=6/source-row=DGCA-AIX-2026-R1297/lineage=d4800ce2ff6f1da47cddbd5f9d793bd55cfcafae58b8f68bbfa929cffb8bcc0a;p30/physical-row-006/section=Trivandrum/printed=99/source-row=DGCA-AIX-2026-R1628/lineage=1e664554d6dc38ce455790941cd06318e81d2bf6ee97a560ab6a071268fa7fa2;p24/physical-row-006/section=Mangalore/printed=2/source-row=DGCA-AIX-2026-R1293/lineage=5fe30391c66e46df95d20a28d4ae6950e944cf5e44c5449b0d5835308fffee03;p24/physical-row-011/section=Mangalore/printed=7/source-row=DGCA-AIX-2026-R1298/lineage=e3e40463e17b19f5d0d6244a863a7de6d2a5422672fcb4fde40f4038c3c7a1d1;p24/physical-row-007/section=Mangalore/printed=3/source-row=DGCA-AIX-2026-R1294/lineage=fb13802ab4fe78a14b5a8149171faa23e19cd5dd8203f5e5475a1c13af08b033;p24/physical-row-012/section=Mangalore/printed=8/source-row=DGCA-AIX-2026-R1299/lineage=846d3b37aa8168957b8fcd49e1650f5aa059b978ef4916ea47931a02b2b1f933;p24/physical-row-008/section=Mangalore/printed=4/source-row=DGCA-AIX-2026-R1295/lineage=ed0c8e67191e966a57002650fe5903a5f5e804affb5263a6ba900be535106e29;p24/physical-row-009/section=Mangalore/printed=5/source-row=DGCA-AIX-2026-R1296/lineage=3f8c8c0b6aca16cf5273b85ecc39d01efd0038b59d06989d81703aa3f05f7aab
ix-leg-520b2e7a2ba2f82c8eff,IX 5302,IX5302,AXB,TRV,IXE,accepted,current,true,1,2,new airport pair vs pinned runtime,false,DGCA-AIX-2026-R1331;DGCA-AIX-2026-R1637,p24/physical-row-044/section=Mangalore/printed=40/source-row=DGCA-AIX-2026-R1331/lineage=c4719710089d08a65329edae545c8541c8e849424b52e7c62c2900f11f3db52c;p30/physical-row-015/section=Trivandrum/printed=108/source-row=DGCA-AIX-2026-R1637/lineage=a66c0c4f2ffeb6a230e68c7a76a5fd484562ae1a8666ac3e45a3972f9a946808
ix-leg-226a0ef98a79b7a3fa2b,IX 5303,IX5303,AXB,BLR,TRZ,accepted,current,true,2,2,new airport pair vs pinned runtime,false,DGCA-AIX-2026-R0701;DGCA-AIX-2026-R0702,p13/physical-row-030/section=Bangalore/printed=525/source-row=DGCA-AIX-2026-R0701/lineage=7227b8609c4b806f941368fb9f753007c04ee97f1c6df06f54e186ee7e7dfc73;p13/physical-row-031/section=Bangalore/printed=526/source-row=DGCA-AIX-2026-R0702/lineage=54fa35220520fe5edfabe205142ddac3b63b196ab2163a924468165b9b7ffd1d
ix-leg-a06ce0ba09d7bbb02cc1,IX 5304,IX5304,AXB,TRZ,BLR,accepted,current,true,2,2,new airport pair vs pinned runtime,false,DGCA-AIX-2026-R0522;DGCA-AIX-2026-R0516,p10/physical-row-025/section=Bangalore/printed=346/source-row=DGCA-AIX-2026-R0522/lineage=76a7d704ac0d3dc06e8f8eb36142a747e3dcd08acd23f6b551fa69abe215dab1;p10/physical-row-019/section=Bangalore/printed=340/source-row=DGCA-AIX-2026-R0516/lineage=bc06606bc8056820fff61503f7b6490d94544305c48c120d583121c66fd1e3ec
ix-leg-c6b50f1bdeb088d410e5,IX 5305,IX5305,AXB,TRZ,BLR,accepted,current,true,2,2,new airport pair vs pinned runtime,false,DGCA-AIX-2026-R0246;DGCA-AIX-2026-R0245,p05/physical-row-039/section=Bangalore/printed=70/source-row=DGCA-AIX-2026-R0246/lineage=43b82fc96d129bf50d7a5d1e3bc09c37c975f7e97641672ea162b648743a387c;p05/physical-row-038/section=Bangalore/printed=69/source-row=DGCA-AIX-2026-R0245/lineage=8301a8aac803330b560e6adf5ea16bf93e7001b8b67f5874f69856bcea684720
ix-leg-04c186314f56f3114dd5,IX 5306,IX5306,AXB,BLR,TRZ,accepted,current,true,3,3,new airport pair vs pinned runtime,false,DGCA-AIX-2026-R0577;DGCA-AIX-2026-R0575;DGCA-AIX-2026-R0576,p11/physical-row-022/section=Bangalore/printed=401/source-row=DGCA-AIX-2026-R0577/lineage=4ce770df268193cfd5c05bc3e7a55e483d79cd2b23a8d9e649bda9fa70ac13cf;p11/physical-row-020/section=Bangalore/printed=399/source-row=DGCA-AIX-2026-R0575/lineage=70212cc25c7363137a7d02ee15a9bcdcc35d71da1549b16f7049f24468be8ae2;p11/physical-row-021/section=Bangalore/printed=400/source-row=DGCA-AIX-2026-R0576/lineage=1ff609099dcc55ecf2a21eec85c7723cb033ab4ef113d342f10a5a68ed5b6010
ix-leg-cf03ca8c16d52b972577,IX 5309,IX5309,AXB,CNN,TRV,accepted,current,true,6,6,new airport pair vs pinned runtime,false,DGCA-AIX-2026-R1198;DGCA-AIX-2026-R1530;DGCA-AIX-2026-R1196;DGCA-AIX-2026-R1627;DGCA-AIX-2026-R1531;DGCA-AIX-2026-R1626,p22/physical-row-020/section=Kannur/printed=3/source-row=DGCA-AIX-2026-R1198/lineage=c040e5cac9cab665f3406686ff9b74ced747b31a003b9603537f21a76e3e1f07;p28/physical-row-021/section=Trivandrum/printed=1/source-row=DGCA-AIX-2026-R1530/lineage=35f774fdf21c8d3114682ea69e4566b1019348b5c6fe52aa1590c802e70a738f;p22/physical-row-018/section=Kannur/printed=1/source-row=DGCA-AIX-2026-R1196/lineage=0c91b177eeddf912c87318db27acef8bf9ff8d06fee54cc17b260244eba6297b;p30/physical-row-005/section=Trivandrum/printed=98/source-row=DGCA-AIX-2026-R1627/lineage=bb67161cec237fec8b7a0c59abbbe3819df4a11d3ec58e40a9633ead763fb961;p28/physical-row-022/section=Trivandrum/printed=2/source-row=DGCA-AIX-2026-R1531/lineage=54d248b806c39966ca5b9541fa1ca7d21f24308340e7581763c74eb73393b643;p30/physical-row-004/section=Trivandrum/printed=97/source-row=DGCA-AIX-2026-R1626/lineage=adcd2bf0158e2e5ab40bcf426d93163e37cb884f7325d65ea898d0337a690281
ix-leg-4ed70b6ef51909fc2883,IX 5310,IX5310,AXB,TRV,CNN,accepted,current,true,7,7,new airport pair vs pinned runtime,false,DGCA-AIX-2026-R1201;DGCA-AIX-2026-R1202;DGCA-AIX-2026-R1200;DGCA-AIX-2026-R1631;DGCA-AIX-2026-R1633;DGCA-AIX-2026-R1630;DGCA-AIX-2026-R1629,p22/physical-row-023/section=Kannur/printed=6/source-row=DGCA-AIX-2026-R1201/lineage=1cd721e1e3c7257a9a45313f8c66c46ee09b0ea4bef0576997e14eca58857bcd;p22/physical-row-024/section=Kannur/printed=7/source-row=DGCA-AIX-2026-R1202/lineage=819ff6fd3773e03bb25de7d019392adb5822da990a737c0d1b5fe3d4852c6596;p22/physical-row-022/section=Kannur/printed=5/source-row=DGCA-AIX-2026-R1200/lineage=cefd36d0a363333682296f64aaa359c5499a72585eae89b30d59ff5d2ce3e691;p30/physical-row-009/section=Trivandrum/printed=102/source-row=DGCA-AIX-2026-R1631/lineage=2b1f12f2c01cbcc9881ca3766fc1aa5a121a5970e32ef3fad6befa3779dab2c7;p30/physical-row-011/section=Trivandrum/printed=104/source-row=DGCA-AIX-2026-R1633/lineage=3658bf7c44cca266a07c0853aa843f0fa69b72fc3327e90a371c5384bd05e23c;p30/physical-row-008/section=Trivandrum/printed=101/source-row=DGCA-AIX-2026-R1630/lineage=1cff76758a02429af70a74393bf7f874a5fc6c57010eb7a8ca2db7dace84448b;p30/physical-row-007/section=Trivandrum/printed=100/source-row=DGCA-AIX-2026-R1629/lineage=b005f7abee25765ce4dc0da1a1bd9e955391553151d2dda86a9519da02295936
ix-leg-288230c503f71044be51,IX 5312,IX5312,AXB,CCJ,BLR,accepted,current,true,3,3,present in pinned runtime (any carrier),false,DGCA-AIX-2026-R0436;DGCA-AIX-2026-R1261;DGCA-AIX-2026-R0422,p08/physical-row-055/section=Bangalore/printed=260/source-row=DGCA-AIX-2026-R0436/lineage=85b59030d46d4dfeeb52f29171b7b49ff08a5bf0d71d29d026989a342c7bbc35;p23/physical-row-030/section=Kozhikode/printed=6/source-row=DGCA-AIX-2026-R1261/lineage=8ef06e84e05932744236361de8e6400ce30465acc4004354662693dadcb9dcb4;p08/physical-row-041/section=Bangalore/printed=246/source-row=DGCA-AIX-2026-R0422/lineage=7a0f1e0820a4960b52bf53095b3cc56e106b81dd5d0cb826a00ea8c5e03f20d3
ix-leg-0da12d215be5b6699bd8,IX 5313,IX5313,AXB,BLR,CCJ,accepted,current,true,3,3,present in pinned runtime (any carrier),false,DGCA-AIX-2026-R0590;DGCA-AIX-2026-R0591;DGCA-AIX-2026-R0592,p11/physical-row-035/section=Bangalore/printed=414/source-row=DGCA-AIX-2026-R0590/lineage=5bf636d1c470b625455ab1bf2734a0823829724725cf1ed6f264ed02d93e6dcf;p11/physical-row-036/section=Bangalore/printed=415/source-row=DGCA-AIX-2026-R0591/lineage=89b52bc6b8e875edef73008529d66d7c90cfb9d22a48b5de37c0692848beb532;p11/physical-row-037/section=Bangalore/printed=416/source-row=DGCA-AIX-2026-R0592/lineage=4d59a3f850cc3eb743806872adf10595627f4abcd95b45419c94ed5896bc0c10
ix-leg-bb52d234d9cabe7ddf87,IX 5501,IX5501,AXB,BLR,IXE,expired,expired-only,false,1,2,new airport pair vs pinned runtime,false,DGCA-AIX-2026-R0680;DGCA-AIX-2026-R1334,p13/physical-row-009/section=Bangalore/printed=504/source-row=DGCA-AIX-2026-R0680/lineage=266d1c61175535b14a56d7fd884d901b99b1d9075be77046607c145d6234aa40;p24/physical-row-047/section=Mangalore/printed=43/source-row=DGCA-AIX-2026-R1334/lineage=e371f6c751146f5f775c45b0799d73676bbb319f5bf9f0db98ce6461f5f89213
ix-leg-19c9e18ceb72c2a28a21,IX 5502,IX5502,AXB,IXE,BLR,expired,expired-only,false,2,2,new airport pair vs pinned runtime,false,DGCA-AIX-2026-R1335;DGCA-AIX-2026-R0182,p24/physical-row-048/section=Mangalore/printed=44/source-row=DGCA-AIX-2026-R1335/lineage=35de0acd8685693fdac936c4b1dc95f3572e0f5fa5f3b4856cf29453c53005e5;p04/physical-row-032/section=Bangalore/printed=6/source-row=DGCA-AIX-2026-R0182/lineage=303b5a64962dba3a6314cd7ab2fc434de811acb5f7d3f6058788c24229a41960
ix-leg-df0ab3e102d5e966d93e,IX 5503,IX5503,AXB,BLR,CCJ,expired,expired-only,false,1,1,present in pinned runtime (any carrier),false,DGCA-AIX-2026-R0678,p13/physical-row-007/section=Bangalore/printed=502/source-row=DGCA-AIX-2026-R0678/lineage=0e9c09ed255e4713bbca22e1075e6939e18a9e819d3dcf4d580df629dcc938a8
ix-leg-22f799fb17049ecb8af1,IX 5504,IX5504,AXB,CCJ,BLR,expired,expired-only,false,1,1,present in pinned runtime (any carrier),false,DGCA-AIX-2026-R0712,p13/physical-row-041/section=Bangalore/printed=536/source-row=DGCA-AIX-2026-R0712/lineage=16029df40bb73658b8499e08bff3476451d60617bab3ac27fa55e5acd9c0c0e0
ix-leg-853378a877d74c90fc0e,IX 5972,IX5972,AXB,IXE,BLR,expired,expired-only,false,1,1,new airport pair vs pinned runtime,false,DGCA-AIX-2026-R0181,p04/physical-row-031/section=Bangalore/printed=5/source-row=DGCA-AIX-2026-R0181/lineage=f226944e85dcf73a10fa2a2028115ea4e781070c44517bd75700704483c070f6
ix-leg-0c1a5eed474b6242b409,IX 5974,IX5974,AXB,CCJ,BLR,expired,expired-only,false,1,1,present in pinned runtime (any carrier),false,DGCA-AIX-2026-R0183,p04/physical-row-033/section=Bangalore/printed=7/source-row=DGCA-AIX-2026-R0183/lineage=6844b7d20097c4f9eb3ca2b96261b97e9c110413c263dee90b8c3c86a7ada767
