identityId,variantA,variantB,overlapFrom,overlapUntil,differingRawFields,interpretation
ix-leg-2fe88655b9bd640994b0,ix-variant-9d9459c0ceda95252736,ix-variant-3dfde38a67ff8ee7a35a,2026-08-03,2026-10-15,"['raw_frequency', 'arrival_clock', 'departure_clock']",overlapping raw schedule variants; not asserted to be contradictory because the source frequency legend is absent
ix-leg-2fe88655b9bd640994b0,ix-variant-ba40810ad50ccad0f6cf,ix-variant-3dfde38a67ff8ee7a35a,2026-03-29,2026-07-31,"['arrival_clock', 'departure_clock']",overlapping raw schedule variants; not asserted to be contradictory because the source frequency legend is absent
ix-leg-cf96eb0693d1da4afb2f,ix-variant-3022fea98cf6bb8844f3,ix-variant-05e6f59b46c649b25e53,2026-03-30,2026-10-24,"['aircraft', 'raw_frequency', 'arrival_clock', 'departure_clock']",overlapping raw schedule variants; not asserted to be contradictory because the source frequency legend is absent
ix-leg-cf96eb0693d1da4afb2f,ix-variant-3022fea98cf6bb8844f3,ix-variant-815da528005e20ae270d,2026-03-29,2026-10-18,"['aircraft', 'raw_frequency', 'arrival_clock', 'departure_clock']",overlapping raw schedule variants; not asserted to be contradictory because the source frequency legend is absent
ix-leg-cf96eb0693d1da4afb2f,ix-variant-05e6f59b46c649b25e53,ix-variant-815da528005e20ae270d,2026-03-30,2026-10-18,['raw_frequency'],overlapping raw schedule variants; not asserted to be contradictory because the source frequency legend is absent
ix-leg-90c660e92f7110dbc3d1,ix-variant-48f5ca244d083fa9ee50,ix-variant-489f1e08546dfaf92747,2026-08-03,2026-10-15,"['raw_frequency', 'arrival_clock', 'departure_clock']",overlapping raw schedule variants; not asserted to be contradictory because the source frequency legend is absent
ix-leg-90c660e92f7110dbc3d1,ix-variant-418cb1acb04b19e7e644,ix-variant-489f1e08546dfaf92747,2026-03-29,2026-07-31,"['arrival_clock', 'departure_clock']",overlapping raw schedule variants; not asserted to be contradictory because the source frequency legend is absent
ix-leg-e72ee8d099a6c703bbd2,ix-variant-992c4ebff068df6a4eee,ix-variant-9b6ff60e1155721b6d05,2026-03-30,2026-10-23,"['arrival_clock', 'departure_clock']",overlapping raw schedule variants; not asserted to be contradictory because the source frequency legend is absent
ix-leg-e72ee8d099a6c703bbd2,ix-variant-992c4ebff068df6a4eee,ix-variant-3873e55b7136d1d2d2d1,2026-10-24,2026-10-24,"['raw_frequency', 'arrival_clock', 'departure_clock']",overlapping raw schedule variants; not asserted to be contradictory because the source frequency legend is absent
ix-leg-e72ee8d099a6c703bbd2,ix-variant-992c4ebff068df6a4eee,ix-variant-286438ed5bf63f0da7f7,2026-03-29,2026-03-29,"['raw_frequency', 'arrival_clock', 'departure_clock']",overlapping raw schedule variants; not asserted to be contradictory because the source frequency legend is absent
ix-leg-b95755e6e59a48d1ab14,ix-variant-1fdcb56aaf5a81619722,ix-variant-e50574acfb976bbeee54,2026-03-30,2026-10-18,"['aircraft', 'raw_frequency']",overlapping raw schedule variants; not asserted to be contradictory because the source frequency legend is absent
ix-leg-b95755e6e59a48d1ab14,ix-variant-1fdcb56aaf5a81619722,ix-variant-71c96224f013c9f2f067,2026-03-29,2026-10-18,"['aircraft', 'raw_frequency', 'arrival_clock', 'departure_clock']",overlapping raw schedule variants; not asserted to be contradictory because the source frequency legend is absent
ix-leg-b95755e6e59a48d1ab14,ix-variant-e50574acfb976bbeee54,ix-variant-71c96224f013c9f2f067,2026-03-30,2026-10-23,"['raw_frequency', 'arrival_clock', 'departure_clock']",overlapping raw schedule variants; not asserted to be contradictory because the source frequency legend is absent
ix-leg-b95755e6e59a48d1ab14,ix-variant-71c96224f013c9f2f067,ix-variant-6f54b62666d57ae9354f,2026-10-24,2026-10-24,"['raw_frequency', 'arrival_clock', 'departure_clock']",overlapping raw schedule variants; not asserted to be contradictory because the source frequency legend is absent
ix-leg-457e1f2c1b9e9f42c448,ix-variant-46e060d1f690a1af2897,ix-variant-4623a3ba5821b12bd282,2026-03-30,2026-10-24,"['arrival_clock', 'departure_clock']",overlapping raw schedule variants; not asserted to be contradictory because the source frequency legend is absent
ix-leg-457e1f2c1b9e9f42c448,ix-variant-46e060d1f690a1af2897,ix-variant-74ec52656de3d1ae14d7,2026-03-29,2026-03-29,"['raw_frequency', 'arrival_clock', 'departure_clock']",overlapping raw schedule variants; not asserted to be contradictory because the source frequency legend is absent
ix-leg-d48fd781580a3cfcb38d,ix-variant-fa474c47f4d0ffad86ca,ix-variant-d26b24e74cf1f539f6c1,2026-03-30,2026-10-24,"['aircraft', 'arrival_clock', 'departure_clock']",overlapping raw schedule variants; not asserted to be contradictory because the source frequency legend is absent
ix-leg-6a094d31424c1b214e48,ix-variant-7985b7d1f5e0d6090f1c,ix-variant-b8f626aaf348f5f7d627,2026-03-29,2026-10-24,"['aircraft', 'arrival_clock', 'departure_clock']",overlapping raw schedule variants; not asserted to be contradictory because the source frequency legend is absent
ix-leg-8a87db0ca94b49b9cbd6,ix-variant-4e96d6555c50c4ddaad4,ix-variant-f93fc27ba3eeefba57f6,2026-08-03,2026-10-15,"['raw_frequency', 'arrival_clock', 'departure_clock']",overlapping raw schedule variants; not asserted to be contradictory because the source frequency legend is absent
ix-leg-8a87db0ca94b49b9cbd6,ix-variant-042a1f4939d41c0ac88b,ix-variant-f93fc27ba3eeefba57f6,2026-03-29,2026-07-31,"['arrival_clock', 'departure_clock']",overlapping raw schedule variants; not asserted to be contradictory because the source frequency legend is absent
ix-leg-7759bccbfa89c895f5a1,ix-variant-5f94d33c6a3d54b4b011,ix-variant-ed19779e71fbfec048e9,2026-03-31,2026-10-23,"['aircraft', 'raw_frequency', 'arrival_clock', 'departure_clock']",overlapping raw schedule variants; not asserted to be contradictory because the source frequency legend is absent
ix-leg-7759bccbfa89c895f5a1,ix-variant-6016ffac9bc48db58a34,ix-variant-ed19779e71fbfec048e9,2026-10-24,2026-10-24,"['aircraft', 'raw_frequency', 'arrival_clock', 'departure_clock']",overlapping raw schedule variants; not asserted to be contradictory because the source frequency legend is absent
ix-leg-9b476d8994132fc64a0d,ix-variant-2953a67f2f68a897c4b8,ix-variant-5005f3499987a446828f,2026-03-30,2026-10-24,"['aircraft', 'arrival_clock', 'departure_clock']",overlapping raw schedule variants; not asserted to be contradictory because the source frequency legend is absent
ix-leg-1131879d64e21e3c9311,ix-variant-1eed62d56c7ab9a07401,ix-variant-97b685bb3ff257ade88e,2026-03-29,2026-10-24,"['aircraft', 'arrival_clock', 'departure_clock']",overlapping raw schedule variants; not asserted to be contradictory because the source frequency legend is absent
ix-leg-bc233cfbcc55cac8cd93,ix-variant-192b3d69b8d1e7855655,ix-variant-06ab9e1f2fa6fe8f5a68,2026-03-29,2026-10-24,"['aircraft', 'arrival_clock', 'departure_clock']",overlapping raw schedule variants; not asserted to be contradictory because the source frequency legend is absent
ix-leg-1108cdd68f669dbec834,ix-variant-bc5fc3189bf6797d5041,ix-variant-0c21733a3e1a8a471618,2026-03-29,2026-10-23,"['arrival_clock', 'departure_clock']",overlapping raw schedule variants; not asserted to be contradictory because the source frequency legend is absent
ix-leg-1108cdd68f669dbec834,ix-variant-0c21733a3e1a8a471618,ix-variant-37a8d166a2c2c98f270b,2026-10-24,2026-10-24,"['raw_frequency', 'arrival_clock', 'departure_clock']",overlapping raw schedule variants; not asserted to be contradictory because the source frequency legend is absent
ix-leg-4ee126cd236a549a1078,ix-variant-072c75ef7c94e0ef037f,ix-variant-ecbcc821811d87593848,2026-03-30,2026-10-24,"['aircraft', 'arrival_clock', 'departure_clock']",overlapping raw schedule variants; not asserted to be contradictory because the source frequency legend is absent
ix-leg-63a9c0aabc45a64b702b,ix-variant-14cc73e41303e83d906b,ix-variant-2ea373f18d699b0ba02d,2026-03-30,2026-10-24,"['aircraft', 'arrival_clock', 'departure_clock']",overlapping raw schedule variants; not asserted to be contradictory because the source frequency legend is absent
ix-leg-63a9c0aabc45a64b702b,ix-variant-14cc73e41303e83d906b,ix-variant-9da9cd79e80f879a573c,2026-03-29,2026-03-29,"['aircraft', 'raw_frequency', 'arrival_clock', 'departure_clock']",overlapping raw schedule variants; not asserted to be contradictory because the source frequency legend is absent
ix-leg-699311e3829457f32221,ix-variant-8d6d578b4f19ab2f69a2,ix-variant-0f7b5b2d79b66004e20c,2026-03-29,2026-10-23,"['raw_frequency', 'arrival_clock', 'departure_clock']",overlapping raw schedule variants; not asserted to be contradictory because the source frequency legend is absent
ix-leg-699311e3829457f32221,ix-variant-8d6d578b4f19ab2f69a2,ix-variant-eb15b0ce0f05e9cb5eb3,2026-03-31,2026-10-24,"['aircraft', 'raw_frequency', 'arrival_clock', 'departure_clock']",overlapping raw schedule variants; not asserted to be contradictory because the source frequency legend is absent
ix-leg-699311e3829457f32221,ix-variant-0f7b5b2d79b66004e20c,ix-variant-eb15b0ce0f05e9cb5eb3,2026-03-31,2026-10-23,"['aircraft', 'raw_frequency']",overlapping raw schedule variants; not asserted to be contradictory because the source frequency legend is absent
ix-leg-7fe395032988360cd800,ix-variant-89e9eb15ffc7f13c35a7,ix-variant-0749b7afac00c1bac05c,2026-03-30,2026-10-24,"['arrival_clock', 'departure_clock']",overlapping raw schedule variants; not asserted to be contradictory because the source frequency legend is absent
ix-leg-56ed702a607aa29f173d,ix-variant-3e1466650b0913ffe0d7,ix-variant-ff29705f54b780b7fc50,2026-03-29,2026-10-24,"['aircraft', 'arrival_clock', 'departure_clock']",overlapping raw schedule variants; not asserted to be contradictory because the source frequency legend is absent
ix-leg-60946755b77273ebd688,ix-variant-e28e2f430d846fca3f48,ix-variant-606c22a835260a7281db,2026-08-05,2026-10-14,['raw_frequency'],overlapping raw schedule variants; not asserted to be contradictory because the source frequency legend is absent
ix-leg-60946755b77273ebd688,ix-variant-e28e2f430d846fca3f48,ix-variant-21baa13768a9978ab4cf,2026-08-03,2026-10-15,"['aircraft', 'raw_frequency', 'arrival_clock', 'departure_clock']",overlapping raw schedule variants; not asserted to be contradictory because the source frequency legend is absent
ix-leg-60946755b77273ebd688,ix-variant-c203cf1d3a34ff6b15f5,ix-variant-593ffab045c64b829f28,2026-04-01,2026-07-29,['raw_frequency'],overlapping raw schedule variants; not asserted to be contradictory because the source frequency legend is absent
ix-leg-60946755b77273ebd688,ix-variant-c203cf1d3a34ff6b15f5,ix-variant-21baa13768a9978ab4cf,2026-03-29,2026-07-31,"['aircraft', 'raw_frequency', 'arrival_clock', 'departure_clock']",overlapping raw schedule variants; not asserted to be contradictory because the source frequency legend is absent
ix-leg-60946755b77273ebd688,ix-variant-593ffab045c64b829f28,ix-variant-21baa13768a9978ab4cf,2026-04-01,2026-07-29,"['aircraft', 'raw_frequency', 'arrival_clock', 'departure_clock']",overlapping raw schedule variants; not asserted to be contradictory because the source frequency legend is absent
ix-leg-60946755b77273ebd688,ix-variant-606c22a835260a7281db,ix-variant-21baa13768a9978ab4cf,2026-08-05,2026-10-14,"['aircraft', 'raw_frequency', 'arrival_clock', 'departure_clock']",overlapping raw schedule variants; not asserted to be contradictory because the source frequency legend is absent
ix-leg-5a916e5d2bbd18859f13,ix-variant-b42a00e7362e8737059a,ix-variant-ed0e2cd0304b77d42afa,2026-03-29,2026-05-31,"['aircraft', 'arrival_clock', 'departure_clock']",overlapping raw schedule variants; not asserted to be contradictory because the source frequency legend is absent
ix-leg-5a916e5d2bbd18859f13,ix-variant-b42a00e7362e8737059a,ix-variant-d818fbdd24d5d64c8b9f,2026-06-01,2026-06-20,"['aircraft', 'arrival_clock', 'departure_clock']",overlapping raw schedule variants; not asserted to be contradictory because the source frequency legend is absent
ix-leg-5a916e5d2bbd18859f13,ix-variant-b42a00e7362e8737059a,ix-variant-dd8e389bd00991e2ebaf,2026-06-21,2026-10-24,"['aircraft', 'arrival_clock', 'departure_clock']",overlapping raw schedule variants; not asserted to be contradictory because the source frequency legend is absent
ix-leg-ecad92ae6cbdc8e50999,ix-variant-95d0d3aac44669cad068,ix-variant-22d9e16153ad145c828f,2026-03-29,2026-10-24,"['raw_frequency', 'arrival_clock', 'departure_clock']",overlapping raw schedule variants; not asserted to be contradictory because the source frequency legend is absent
ix-leg-ecad92ae6cbdc8e50999,ix-variant-95d0d3aac44669cad068,ix-variant-4bbe07e96fbb17a099b5,2026-04-01,2026-10-21,"['raw_frequency', 'arrival_clock', 'departure_clock']",overlapping raw schedule variants; not asserted to be contradictory because the source frequency legend is absent
ix-leg-ecad92ae6cbdc8e50999,ix-variant-22d9e16153ad145c828f,ix-variant-4bbe07e96fbb17a099b5,2026-04-01,2026-10-21,['raw_frequency'],overlapping raw schedule variants; not asserted to be contradictory because the source frequency legend is absent
ix-leg-da14df8422ba0494ebae,ix-variant-c4933f5fb84192b8f93e,ix-variant-4c05529190ba16a6b052,2026-03-29,2026-06-30,"['aircraft', 'arrival_clock', 'departure_clock']",overlapping raw schedule variants; not asserted to be contradictory because the source frequency legend is absent
ix-leg-da14df8422ba0494ebae,ix-variant-a263b6ed6fe059c97f2a,ix-variant-4c05529190ba16a6b052,2026-07-01,2026-10-24,"['aircraft', 'arrival_clock', 'departure_clock']",overlapping raw schedule variants; not asserted to be contradictory because the source frequency legend is absent
ix-leg-e37fefb3ed49592abdd0,ix-variant-4a4013a2b889a09e3c81,ix-variant-b28e1c87a7ba2166528d,2026-03-29,2026-10-24,"['aircraft', 'arrival_clock', 'departure_clock']",overlapping raw schedule variants; not asserted to be contradictory because the source frequency legend is absent
ix-leg-7c80cb4a22e402119baf,ix-variant-7b53c7b3a986ec03807f,ix-variant-5a7aa72177b8b8be9d32,2026-03-29,2026-10-23,"['arrival_clock', 'departure_clock']",overlapping raw schedule variants; not asserted to be contradictory because the source frequency legend is absent
ix-leg-7c80cb4a22e402119baf,ix-variant-5a7aa72177b8b8be9d32,ix-variant-6795a8ec694cf3d3dff2,2026-10-24,2026-10-24,"['raw_frequency', 'arrival_clock', 'departure_clock']",overlapping raw schedule variants; not asserted to be contradictory because the source frequency legend is absent
ix-leg-2a691cfd79e963067380,ix-variant-d5df69246e88a329edf2,ix-variant-898b5ebdea8c5c6123d8,2026-03-29,2026-04-05,"['arrival_clock', 'departure_clock']",overlapping raw schedule variants; not asserted to be contradictory because the source frequency legend is absent
ix-leg-2a691cfd79e963067380,ix-variant-d5df69246e88a329edf2,ix-variant-289467eb81dedf7247c4,2026-03-29,2026-04-05,['departure_clock'],overlapping raw schedule variants; not asserted to be contradictory because the source frequency legend is absent
ix-leg-2a691cfd79e963067380,ix-variant-898b5ebdea8c5c6123d8,ix-variant-289467eb81dedf7247c4,2026-03-29,2026-10-23,"['arrival_clock', 'departure_clock']",overlapping raw schedule variants; not asserted to be contradictory because the source frequency legend is absent
ix-leg-2a691cfd79e963067380,ix-variant-898b5ebdea8c5c6123d8,ix-variant-5c4c496a422477a6380f,2026-04-06,2026-10-23,"['arrival_clock', 'departure_clock']",overlapping raw schedule variants; not asserted to be contradictory because the source frequency legend is absent
ix-leg-2a691cfd79e963067380,ix-variant-289467eb81dedf7247c4,ix-variant-5c4c496a422477a6380f,2026-04-06,2026-10-24,['departure_clock'],overlapping raw schedule variants; not asserted to be contradictory because the source frequency legend is absent
ix-leg-2a691cfd79e963067380,ix-variant-289467eb81dedf7247c4,ix-variant-662101f512960e6a79f9,2026-10-24,2026-10-24,"['raw_frequency', 'arrival_clock', 'departure_clock']",overlapping raw schedule variants; not asserted to be contradictory because the source frequency legend is absent
ix-leg-2a691cfd79e963067380,ix-variant-5c4c496a422477a6380f,ix-variant-662101f512960e6a79f9,2026-10-24,2026-10-24,"['raw_frequency', 'arrival_clock', 'departure_clock']",overlapping raw schedule variants; not asserted to be contradictory because the source frequency legend is absent
ix-leg-ff8aee3b2f05dfafac0b,ix-variant-298dad97823448386ed1,ix-variant-b7851d67eb74865ac806,2026-03-29,2026-10-23,"['arrival_clock', 'departure_clock']",overlapping raw schedule variants; not asserted to be contradictory because the source frequency legend is absent
ix-leg-ff8aee3b2f05dfafac0b,ix-variant-b7851d67eb74865ac806,ix-variant-cdcf2af9a1fdf2c8b453,2026-10-24,2026-10-24,"['raw_frequency', 'arrival_clock', 'departure_clock']",overlapping raw schedule variants; not asserted to be contradictory because the source frequency legend is absent
ix-leg-1293127dbedcad696856,ix-variant-826b663975297f35e42d,ix-variant-57a58ffe9f1076d7b199,2026-04-09,2026-10-23,"['arrival_clock', 'departure_clock']",overlapping raw schedule variants; not asserted to be contradictory because the source frequency legend is absent
ix-leg-1293127dbedcad696856,ix-variant-826b663975297f35e42d,ix-variant-316edfaf60a77d87f233,2026-03-29,2026-04-08,"['raw_frequency', 'arrival_clock', 'departure_clock']",overlapping raw schedule variants; not asserted to be contradictory because the source frequency legend is absent
ix-leg-1293127dbedcad696856,ix-variant-826b663975297f35e42d,ix-variant-bab58d2844930587d59d,2026-04-02,2026-04-02,"['raw_frequency', 'arrival_clock', 'departure_clock']",overlapping raw schedule variants; not asserted to be contradictory because the source frequency legend is absent
ix-leg-1293127dbedcad696856,ix-variant-826b663975297f35e42d,ix-variant-ba06f766c640b3c88c16,2026-03-29,2026-03-29,"['raw_frequency', 'arrival_clock', 'departure_clock']",overlapping raw schedule variants; not asserted to be contradictory because the source frequency legend is absent
ix-leg-1293127dbedcad696856,ix-variant-316edfaf60a77d87f233,ix-variant-bab58d2844930587d59d,2026-04-02,2026-04-02,['raw_frequency'],overlapping raw schedule variants; not asserted to be contradictory because the source frequency legend is absent
ix-leg-1293127dbedcad696856,ix-variant-316edfaf60a77d87f233,ix-variant-ba06f766c640b3c88c16,2026-03-29,2026-03-29,['raw_frequency'],overlapping raw schedule variants; not asserted to be contradictory because the source frequency legend is absent
ix-leg-dea68e138a71620aa20e,ix-variant-0c938bd01826ea58d637,ix-variant-719b5b986099094cf5d9,2026-03-29,2026-04-04,"['arrival_clock', 'departure_clock']",overlapping raw schedule variants; not asserted to be contradictory because the source frequency legend is absent
ix-leg-dea68e138a71620aa20e,ix-variant-719b5b986099094cf5d9,ix-variant-036cf6161915189bea2f,2026-04-05,2026-10-24,"['arrival_clock', 'departure_clock']",overlapping raw schedule variants; not asserted to be contradictory because the source frequency legend is absent
ix-leg-e6c463e6f6a33e8ca1d5,ix-variant-57a875df2e39ebe9ea97,ix-variant-d980f20bc2299abdb079,2026-08-03,2026-10-15,"['raw_frequency', 'arrival_clock', 'departure_clock']",overlapping raw schedule variants; not asserted to be contradictory because the source frequency legend is absent
ix-leg-e6c463e6f6a33e8ca1d5,ix-variant-2322f2eb2b79f86112fb,ix-variant-671db7b33fdd7055e4f6,2026-03-29,2026-04-04,"['arrival_clock', 'departure_clock']",overlapping raw schedule variants; not asserted to be contradictory because the source frequency legend is absent
ix-leg-e6c463e6f6a33e8ca1d5,ix-variant-671db7b33fdd7055e4f6,ix-variant-d980f20bc2299abdb079,2026-04-05,2026-07-31,"['arrival_clock', 'departure_clock']",overlapping raw schedule variants; not asserted to be contradictory because the source frequency legend is absent
ix-leg-3a98e4dd37e2387f2a7e,ix-variant-82fd4b8ad9d778687b37,ix-variant-83dea19f428488bdacbb,2026-04-26,2026-05-04,"['raw_frequency', 'arrival_clock', 'departure_clock']",overlapping raw schedule variants; not asserted to be contradictory because the source frequency legend is absent
ix-leg-3a98e4dd37e2387f2a7e,ix-variant-2f9af4d2f6453bcdfdca,ix-variant-83dea19f428488bdacbb,2026-03-29,2026-04-25,"['arrival_clock', 'departure_clock']",overlapping raw schedule variants; not asserted to be contradictory because the source frequency legend is absent
ix-leg-3a98e4dd37e2387f2a7e,ix-variant-2f9af4d2f6453bcdfdca,ix-variant-06a6ce4b0a7e78a72bcb,2026-03-31,2026-04-21,['raw_frequency'],overlapping raw schedule variants; not asserted to be contradictory because the source frequency legend is absent
ix-leg-3a98e4dd37e2387f2a7e,ix-variant-83dea19f428488bdacbb,ix-variant-808e0679dd4baa6ee1cf,2026-05-06,2026-10-24,"['arrival_clock', 'departure_clock']",overlapping raw schedule variants; not asserted to be contradictory because the source frequency legend is absent
ix-leg-3a98e4dd37e2387f2a7e,ix-variant-83dea19f428488bdacbb,ix-variant-06a6ce4b0a7e78a72bcb,2026-03-31,2026-04-21,"['raw_frequency', 'arrival_clock', 'departure_clock']",overlapping raw schedule variants; not asserted to be contradictory because the source frequency legend is absent
ix-leg-3a98e4dd37e2387f2a7e,ix-variant-83dea19f428488bdacbb,ix-variant-7f5ce82685f4d53a4a99,2026-05-05,2026-10-20,"['raw_frequency', 'arrival_clock', 'departure_clock']",overlapping raw schedule variants; not asserted to be contradictory because the source frequency legend is absent
ix-leg-3a98e4dd37e2387f2a7e,ix-variant-808e0679dd4baa6ee1cf,ix-variant-7f5ce82685f4d53a4a99,2026-05-06,2026-10-20,['raw_frequency'],overlapping raw schedule variants; not asserted to be contradictory because the source frequency legend is absent
ix-leg-079c85c9a0d7a8579d16,ix-variant-9a924235b8023843697b,ix-variant-884c80dff822b4248fe4,2026-04-26,2026-05-03,"['aircraft', 'raw_frequency', 'arrival_clock', 'departure_clock']",overlapping raw schedule variants; not asserted to be contradictory because the source frequency legend is absent
ix-leg-079c85c9a0d7a8579d16,ix-variant-9a924235b8023843697b,ix-variant-d2b58edbd2c1e716195d,2026-04-26,2026-04-29,"['aircraft', 'raw_frequency']",overlapping raw schedule variants; not asserted to be contradictory because the source frequency legend is absent
ix-leg-079c85c9a0d7a8579d16,ix-variant-9a924235b8023843697b,ix-variant-89568ad79b345b4c6dfa,2026-04-26,2026-05-03,"['aircraft', 'raw_frequency']",overlapping raw schedule variants; not asserted to be contradictory because the source frequency legend is absent
ix-leg-079c85c9a0d7a8579d16,ix-variant-0d902b6fbd5303945ea7,ix-variant-4a4424c9c65db5fd35b4,2026-05-06,2026-05-06,"['aircraft', 'raw_frequency']",overlapping raw schedule variants; not asserted to be contradictory because the source frequency legend is absent
ix-leg-079c85c9a0d7a8579d16,ix-variant-0d902b6fbd5303945ea7,ix-variant-884c80dff822b4248fe4,2026-05-06,2026-05-06,"['aircraft', 'raw_frequency', 'arrival_clock', 'departure_clock']",overlapping raw schedule variants; not asserted to be contradictory because the source frequency legend is absent
ix-leg-079c85c9a0d7a8579d16,ix-variant-0d902b6fbd5303945ea7,ix-variant-89568ad79b345b4c6dfa,2026-05-06,2026-05-06,"['aircraft', 'raw_frequency']",overlapping raw schedule variants; not asserted to be contradictory because the source frequency legend is absent
ix-leg-079c85c9a0d7a8579d16,ix-variant-4bf43c75e26fac3aa6cd,ix-variant-4a4424c9c65db5fd35b4,2026-06-06,2026-06-07,"['aircraft', 'raw_frequency']",overlapping raw schedule variants; not asserted to be contradictory because the source frequency legend is absent
ix-leg-079c85c9a0d7a8579d16,ix-variant-4bf43c75e26fac3aa6cd,ix-variant-884c80dff822b4248fe4,2026-06-06,2026-06-07,"['aircraft', 'raw_frequency', 'arrival_clock', 'departure_clock']",overlapping raw schedule variants; not asserted to be contradictory because the source frequency legend is absent
ix-leg-079c85c9a0d7a8579d16,ix-variant-4bf43c75e26fac3aa6cd,ix-variant-bf99c359c1efc416add7,2026-06-06,2026-06-07,"['aircraft', 'raw_frequency']",overlapping raw schedule variants; not asserted to be contradictory because the source frequency legend is absent
ix-leg-079c85c9a0d7a8579d16,ix-variant-4bf43c75e26fac3aa6cd,ix-variant-89568ad79b345b4c6dfa,2026-06-06,2026-06-07,"['aircraft', 'raw_frequency']",overlapping raw schedule variants; not asserted to be contradictory because the source frequency legend is absent
ix-leg-079c85c9a0d7a8579d16,ix-variant-4a4424c9c65db5fd35b4,ix-variant-884c80dff822b4248fe4,2026-05-04,2026-10-20,"['raw_frequency', 'arrival_clock', 'departure_clock']",overlapping raw schedule variants; not asserted to be contradictory because the source frequency legend is absent
ix-leg-079c85c9a0d7a8579d16,ix-variant-4a4424c9c65db5fd35b4,ix-variant-bf99c359c1efc416add7,2026-05-13,2026-10-20,['raw_frequency'],overlapping raw schedule variants; not asserted to be contradictory because the source frequency legend is absent
ix-leg-079c85c9a0d7a8579d16,ix-variant-4a4424c9c65db5fd35b4,ix-variant-89568ad79b345b4c6dfa,2026-05-04,2026-10-20,['raw_frequency'],overlapping raw schedule variants; not asserted to be contradictory because the source frequency legend is absent
ix-leg-079c85c9a0d7a8579d16,ix-variant-4a4424c9c65db5fd35b4,ix-variant-85bfb8147daa1fe6a4e1,2026-05-09,2026-05-31,['raw_frequency'],overlapping raw schedule variants; not asserted to be contradictory because the source frequency legend is absent
ix-leg-079c85c9a0d7a8579d16,ix-variant-4a4424c9c65db5fd35b4,ix-variant-ca586d3841e5f35557d1,2026-06-13,2026-10-20,['raw_frequency'],overlapping raw schedule variants; not asserted to be contradictory because the source frequency legend is absent
ix-leg-079c85c9a0d7a8579d16,ix-variant-b0d5d18b88efe85f77bb,ix-variant-884c80dff822b4248fe4,2026-03-29,2026-04-21,"['raw_frequency', 'arrival_clock', 'departure_clock']",overlapping raw schedule variants; not asserted to be contradictory because the source frequency legend is absent
ix-leg-079c85c9a0d7a8579d16,ix-variant-b0d5d18b88efe85f77bb,ix-variant-d2b58edbd2c1e716195d,2026-04-01,2026-04-21,['raw_frequency'],overlapping raw schedule variants; not asserted to be contradictory because the source frequency legend is absent
ix-leg-079c85c9a0d7a8579d16,ix-variant-b0d5d18b88efe85f77bb,ix-variant-89568ad79b345b4c6dfa,2026-04-02,2026-04-21,['raw_frequency'],overlapping raw schedule variants; not asserted to be contradictory because the source frequency legend is absent
ix-leg-079c85c9a0d7a8579d16,ix-variant-884c80dff822b4248fe4,ix-variant-bf99c359c1efc416add7,2026-05-13,2026-10-21,"['raw_frequency', 'arrival_clock', 'departure_clock']",overlapping raw schedule variants; not asserted to be contradictory because the source frequency legend is absent
ix-leg-079c85c9a0d7a8579d16,ix-variant-884c80dff822b4248fe4,ix-variant-d2b58edbd2c1e716195d,2026-04-01,2026-04-29,"['raw_frequency', 'arrival_clock', 'departure_clock']",overlapping raw schedule variants; not asserted to be contradictory because the source frequency legend is absent
ix-leg-079c85c9a0d7a8579d16,ix-variant-884c80dff822b4248fe4,ix-variant-89568ad79b345b4c6dfa,2026-04-02,2026-10-23,"['raw_frequency', 'arrival_clock', 'departure_clock']",overlapping raw schedule variants; not asserted to be contradictory because the source frequency legend is absent
ix-leg-079c85c9a0d7a8579d16,ix-variant-884c80dff822b4248fe4,ix-variant-85bfb8147daa1fe6a4e1,2026-05-09,2026-05-31,"['raw_frequency', 'arrival_clock', 'departure_clock']",overlapping raw schedule variants; not asserted to be contradictory because the source frequency legend is absent
ix-leg-079c85c9a0d7a8579d16,ix-variant-884c80dff822b4248fe4,ix-variant-ca586d3841e5f35557d1,2026-06-13,2026-10-24,"['raw_frequency', 'arrival_clock', 'departure_clock']",overlapping raw schedule variants; not asserted to be contradictory because the source frequency legend is absent
ix-leg-079c85c9a0d7a8579d16,ix-variant-bf99c359c1efc416add7,ix-variant-89568ad79b345b4c6dfa,2026-05-13,2026-10-21,['raw_frequency'],overlapping raw schedule variants; not asserted to be contradictory because the source frequency legend is absent
ix-leg-079c85c9a0d7a8579d16,ix-variant-bf99c359c1efc416add7,ix-variant-85bfb8147daa1fe6a4e1,2026-05-13,2026-05-31,['raw_frequency'],overlapping raw schedule variants; not asserted to be contradictory because the source frequency legend is absent
ix-leg-079c85c9a0d7a8579d16,ix-variant-bf99c359c1efc416add7,ix-variant-ca586d3841e5f35557d1,2026-06-13,2026-10-21,['raw_frequency'],overlapping raw schedule variants; not asserted to be contradictory because the source frequency legend is absent
ix-leg-079c85c9a0d7a8579d16,ix-variant-d2b58edbd2c1e716195d,ix-variant-89568ad79b345b4c6dfa,2026-04-02,2026-04-29,['raw_frequency'],overlapping raw schedule variants; not asserted to be contradictory because the source frequency legend is absent
ix-leg-079c85c9a0d7a8579d16,ix-variant-89568ad79b345b4c6dfa,ix-variant-85bfb8147daa1fe6a4e1,2026-05-09,2026-05-31,['raw_frequency'],overlapping raw schedule variants; not asserted to be contradictory because the source frequency legend is absent
ix-leg-079c85c9a0d7a8579d16,ix-variant-89568ad79b345b4c6dfa,ix-variant-ca586d3841e5f35557d1,2026-06-13,2026-10-23,['raw_frequency'],overlapping raw schedule variants; not asserted to be contradictory because the source frequency legend is absent
ix-leg-a4072e309cc1967f8417,ix-variant-23aa2157a367e5fab43a,ix-variant-de241391ff3f57906d66,2026-03-29,2026-10-23,"['arrival_clock', 'departure_clock']",overlapping raw schedule variants; not asserted to be contradictory because the source frequency legend is absent
ix-leg-a4072e309cc1967f8417,ix-variant-de241391ff3f57906d66,ix-variant-519f8351856d02ab3d7d,2026-10-24,2026-10-24,"['raw_frequency', 'arrival_clock', 'departure_clock']",overlapping raw schedule variants; not asserted to be contradictory because the source frequency legend is absent
ix-leg-777fbc37d108f178b25a,ix-variant-5c15d707896e417cdd5b,ix-variant-938c662f9b752fc563a9,2026-03-30,2026-10-24,"['arrival_clock', 'departure_clock']",overlapping raw schedule variants; not asserted to be contradictory because the source frequency legend is absent
ix-leg-1c91f9cc3361dc02bcfe,ix-variant-675136fd755ac48ae1d1,ix-variant-b83992b37ece3a54cc33,2026-03-29,2026-10-23,"['raw_frequency', 'arrival_clock', 'departure_clock']",overlapping raw schedule variants; not asserted to be contradictory because the source frequency legend is absent
ix-leg-1c91f9cc3361dc02bcfe,ix-variant-675136fd755ac48ae1d1,ix-variant-aef7fdfc758cafcfe21e,2026-04-04,2026-10-24,"['raw_frequency', 'arrival_clock', 'departure_clock']",overlapping raw schedule variants; not asserted to be contradictory because the source frequency legend is absent
ix-leg-1c91f9cc3361dc02bcfe,ix-variant-b83992b37ece3a54cc33,ix-variant-aef7fdfc758cafcfe21e,2026-04-04,2026-10-23,['raw_frequency'],overlapping raw schedule variants; not asserted to be contradictory because the source frequency legend is absent
ix-leg-4e61c7fa1af92a66313c,ix-variant-bbcb0a52409e6e184bde,ix-variant-b24452d74010ca11a1ec,2026-03-29,2026-10-23,"['arrival_clock', 'departure_clock']",overlapping raw schedule variants; not asserted to be contradictory because the source frequency legend is absent
ix-leg-4e61c7fa1af92a66313c,ix-variant-b24452d74010ca11a1ec,ix-variant-935906549941678c0ce0,2026-10-24,2026-10-24,"['raw_frequency', 'arrival_clock', 'departure_clock']",overlapping raw schedule variants; not asserted to be contradictory because the source frequency legend is absent
ix-leg-1a88705efebf000d1cc2,ix-variant-bb8a485d9e0953fcf744,ix-variant-6ff214539ee9640dbf9b,2026-03-29,2026-10-23,"['aircraft', 'raw_frequency', 'arrival_clock', 'departure_clock']",overlapping raw schedule variants; not asserted to be contradictory because the source frequency legend is absent
ix-leg-08c94ef70684b5974afc,ix-variant-0615e535e8fbf7cc8e79,ix-variant-f0a8860f958e166fd8d6,2026-03-31,2026-10-19,"['aircraft', 'raw_frequency', 'departure_clock']",overlapping raw schedule variants; not asserted to be contradictory because the source frequency legend is absent
ix-leg-4216b2c3230c64e9e886,ix-variant-6fc00eaa587ee7404037,ix-variant-07fca0154a636c8a6ef3,2026-04-02,2026-04-30,"['raw_frequency', 'departure_clock']",overlapping raw schedule variants; not asserted to be contradictory because the source frequency legend is absent
ix-leg-4216b2c3230c64e9e886,ix-variant-6fc00eaa587ee7404037,ix-variant-e25aa88276a7ff1d87a8,2026-05-07,2026-10-22,['raw_frequency'],overlapping raw schedule variants; not asserted to be contradictory because the source frequency legend is absent
ix-leg-4216b2c3230c64e9e886,ix-variant-6fc00eaa587ee7404037,ix-variant-26ba0a71a1c86fb2ba92,2026-03-29,2026-10-21,"['aircraft', 'raw_frequency', 'arrival_clock', 'departure_clock']",overlapping raw schedule variants; not asserted to be contradictory because the source frequency legend is absent
ix-leg-4216b2c3230c64e9e886,ix-variant-6fc00eaa587ee7404037,ix-variant-26179d3acf6462f2513e,2026-04-02,2026-10-22,"['aircraft', 'raw_frequency', 'arrival_clock', 'departure_clock']",overlapping raw schedule variants; not asserted to be contradictory because the source frequency legend is absent
ix-leg-4216b2c3230c64e9e886,ix-variant-07fca0154a636c8a6ef3,ix-variant-26ba0a71a1c86fb2ba92,2026-04-02,2026-04-30,"['aircraft', 'raw_frequency', 'arrival_clock', 'departure_clock']",overlapping raw schedule variants; not asserted to be contradictory because the source frequency legend is absent
ix-leg-4216b2c3230c64e9e886,ix-variant-07fca0154a636c8a6ef3,ix-variant-26179d3acf6462f2513e,2026-04-02,2026-04-30,"['aircraft', 'arrival_clock', 'departure_clock']",overlapping raw schedule variants; not asserted to be contradictory because the source frequency legend is absent
ix-leg-4216b2c3230c64e9e886,ix-variant-e25aa88276a7ff1d87a8,ix-variant-26ba0a71a1c86fb2ba92,2026-05-07,2026-10-21,"['aircraft', 'raw_frequency', 'arrival_clock', 'departure_clock']",overlapping raw schedule variants; not asserted to be contradictory because the source frequency legend is absent
ix-leg-4216b2c3230c64e9e886,ix-variant-e25aa88276a7ff1d87a8,ix-variant-26179d3acf6462f2513e,2026-05-07,2026-10-22,"['aircraft', 'arrival_clock', 'departure_clock']",overlapping raw schedule variants; not asserted to be contradictory because the source frequency legend is absent
ix-leg-4216b2c3230c64e9e886,ix-variant-26ba0a71a1c86fb2ba92,ix-variant-26179d3acf6462f2513e,2026-04-02,2026-10-21,"['raw_frequency', 'arrival_clock']",overlapping raw schedule variants; not asserted to be contradictory because the source frequency legend is absent
ix-leg-72f88b8805714a16003e,ix-variant-00551b7da1dfcee1ee0c,ix-variant-a9928c3ac13bfdd3ec1f,2026-03-29,2026-05-31,"['aircraft', 'arrival_clock', 'departure_clock']",overlapping raw schedule variants; not asserted to be contradictory because the source frequency legend is absent
ix-leg-72f88b8805714a16003e,ix-variant-00551b7da1dfcee1ee0c,ix-variant-d1c49dfad5815e68167b,2026-06-01,2026-06-20,"['aircraft', 'arrival_clock', 'departure_clock']",overlapping raw schedule variants; not asserted to be contradictory because the source frequency legend is absent
ix-leg-72f88b8805714a16003e,ix-variant-00551b7da1dfcee1ee0c,ix-variant-24fa57e99c5cf424b328,2026-06-21,2026-10-23,"['aircraft', 'arrival_clock', 'departure_clock']",overlapping raw schedule variants; not asserted to be contradictory because the source frequency legend is absent
ix-leg-72f88b8805714a16003e,ix-variant-a863596be2f3452aac1c,ix-variant-24fa57e99c5cf424b328,2026-10-24,2026-10-24,"['aircraft', 'raw_frequency', 'arrival_clock', 'departure_clock']",overlapping raw schedule variants; not asserted to be contradictory because the source frequency legend is absent
ix-leg-f0943964e52003ff0216,ix-variant-b3442aad999c1085133f,ix-variant-6a34822507e1fa218207,2026-03-29,2026-10-23,"['aircraft', 'raw_frequency', 'arrival_clock', 'departure_clock']",overlapping raw schedule variants; not asserted to be contradictory because the source frequency legend is absent
ix-leg-f0943964e52003ff0216,ix-variant-b3442aad999c1085133f,ix-variant-15211412db2406b17033,2026-04-04,2026-10-24,"['aircraft', 'raw_frequency', 'arrival_clock', 'departure_clock']",overlapping raw schedule variants; not asserted to be contradictory because the source frequency legend is absent
ix-leg-f0943964e52003ff0216,ix-variant-6a34822507e1fa218207,ix-variant-15211412db2406b17033,2026-04-04,2026-10-23,['raw_frequency'],overlapping raw schedule variants; not asserted to be contradictory because the source frequency legend is absent
ix-leg-4a3b76961c3dca1ee4a3,ix-variant-2c00afeb74869aafa8b5,ix-variant-8b4564fc6679ec73e79f,2026-03-29,2026-10-23,"['arrival_clock', 'departure_clock']",overlapping raw schedule variants; not asserted to be contradictory because the source frequency legend is absent
ix-leg-4a3b76961c3dca1ee4a3,ix-variant-8b4564fc6679ec73e79f,ix-variant-993daa528786682e4fbb,2026-10-24,2026-10-24,"['raw_frequency', 'arrival_clock', 'departure_clock']",overlapping raw schedule variants; not asserted to be contradictory because the source frequency legend is absent
ix-leg-722f0261421372f26481,ix-variant-1df4e22eb5c0ca1f8312,ix-variant-70ba77853c6b47bfd206,2026-03-30,2026-10-23,"['arrival_clock', 'departure_clock']",overlapping raw schedule variants; not asserted to be contradictory because the source frequency legend is absent
ix-leg-722f0261421372f26481,ix-variant-1df4e22eb5c0ca1f8312,ix-variant-5d9e671de88863f04445,2026-10-24,2026-10-24,"['raw_frequency', 'arrival_clock', 'departure_clock']",overlapping raw schedule variants; not asserted to be contradictory because the source frequency legend is absent
ix-leg-722f0261421372f26481,ix-variant-1df4e22eb5c0ca1f8312,ix-variant-f2ab247c049dd2ff102e,2026-03-29,2026-03-29,"['raw_frequency', 'arrival_clock', 'departure_clock']",overlapping raw schedule variants; not asserted to be contradictory because the source frequency legend is absent
ix-leg-c64863fe578e32088312,ix-variant-4a1315d3d5e11813cf3b,ix-variant-49fa1b2b78ff501c4439,2026-03-29,2026-10-23,"['raw_frequency', 'arrival_clock', 'departure_clock']",overlapping raw schedule variants; not asserted to be contradictory because the source frequency legend is absent
ix-leg-c64863fe578e32088312,ix-variant-4a1315d3d5e11813cf3b,ix-variant-3768f2d5c16f969a5ffc,2026-04-04,2026-10-24,"['raw_frequency', 'arrival_clock', 'departure_clock']",overlapping raw schedule variants; not asserted to be contradictory because the source frequency legend is absent
ix-leg-c64863fe578e32088312,ix-variant-49fa1b2b78ff501c4439,ix-variant-3768f2d5c16f969a5ffc,2026-04-04,2026-10-23,"['raw_frequency', 'departure_clock']",overlapping raw schedule variants; not asserted to be contradictory because the source frequency legend is absent
ix-leg-9d4521ba4271953f98f7,ix-variant-20eac622921d4eed2a03,ix-variant-3ca7adc21578bacfa7b2,2026-03-29,2026-03-29,"['raw_frequency', 'arrival_clock', 'departure_clock']",overlapping raw schedule variants; not asserted to be contradictory because the source frequency legend is absent
ix-leg-9d4521ba4271953f98f7,ix-variant-20eac622921d4eed2a03,ix-variant-eb39f3633840c56a4710,2026-03-29,2026-03-29,['raw_frequency'],overlapping raw schedule variants; not asserted to be contradictory because the source frequency legend is absent
ix-leg-9d4521ba4271953f98f7,ix-variant-3ca7adc21578bacfa7b2,ix-variant-73014472b62b49dac742,2026-03-30,2026-10-23,"['raw_frequency', 'arrival_clock', 'departure_clock']",overlapping raw schedule variants; not asserted to be contradictory because the source frequency legend is absent
ix-leg-9d4521ba4271953f98f7,ix-variant-3ca7adc21578bacfa7b2,ix-variant-b4235f9d5d480ff22ae3,2026-10-20,2026-10-20,"['raw_frequency', 'arrival_clock', 'departure_clock']",overlapping raw schedule variants; not asserted to be contradictory because the source frequency legend is absent
ix-leg-9d4521ba4271953f98f7,ix-variant-3ca7adc21578bacfa7b2,ix-variant-eaf26c4055db0dd2a101,2026-03-31,2026-10-17,"['raw_frequency', 'arrival_clock', 'departure_clock']",overlapping raw schedule variants; not asserted to be contradictory because the source frequency legend is absent
ix-leg-9d4521ba4271953f98f7,ix-variant-3ca7adc21578bacfa7b2,ix-variant-87e96208803725e82c7a,2026-10-22,2026-10-22,"['raw_frequency', 'arrival_clock', 'departure_clock']",overlapping raw schedule variants; not asserted to be contradictory because the source frequency legend is absent
ix-leg-9d4521ba4271953f98f7,ix-variant-3ca7adc21578bacfa7b2,ix-variant-eb39f3633840c56a4710,2026-03-29,2026-03-29,"['raw_frequency', 'arrival_clock', 'departure_clock']",overlapping raw schedule variants; not asserted to be contradictory because the source frequency legend is absent
ix-leg-9d4521ba4271953f98f7,ix-variant-73014472b62b49dac742,ix-variant-b4235f9d5d480ff22ae3,2026-10-20,2026-10-20,['raw_frequency'],overlapping raw schedule variants; not asserted to be contradictory because the source frequency legend is absent
ix-leg-9d4521ba4271953f98f7,ix-variant-73014472b62b49dac742,ix-variant-eaf26c4055db0dd2a101,2026-03-31,2026-10-17,['raw_frequency'],overlapping raw schedule variants; not asserted to be contradictory because the source frequency legend is absent
ix-leg-9d4521ba4271953f98f7,ix-variant-73014472b62b49dac742,ix-variant-87e96208803725e82c7a,2026-10-22,2026-10-22,['raw_frequency'],overlapping raw schedule variants; not asserted to be contradictory because the source frequency legend is absent
ix-leg-d04239a6efe2a41258f6,ix-variant-cbfba1cf8e0396491abe,ix-variant-0eb325076a5e7e532885,2026-03-30,2026-06-30,"['raw_frequency', 'arrival_clock', 'departure_clock']",overlapping raw schedule variants; not asserted to be contradictory because the source frequency legend is absent
ix-leg-d04239a6efe2a41258f6,ix-variant-cbfba1cf8e0396491abe,ix-variant-868c026b29ab767b0427,2026-03-30,2026-06-28,['raw_frequency'],overlapping raw schedule variants; not asserted to be contradictory because the source frequency legend is absent
ix-leg-d04239a6efe2a41258f6,ix-variant-40b870eb7fe30e6a7ae2,ix-variant-0eb325076a5e7e532885,2026-07-01,2026-10-21,"['raw_frequency', 'arrival_clock', 'departure_clock']",overlapping raw schedule variants; not asserted to be contradictory because the source frequency legend is absent
ix-leg-d04239a6efe2a41258f6,ix-variant-40b870eb7fe30e6a7ae2,ix-variant-ddae02d70da3fcc6570c,2026-07-02,2026-10-21,['raw_frequency'],overlapping raw schedule variants; not asserted to be contradictory because the source frequency legend is absent
ix-leg-d04239a6efe2a41258f6,ix-variant-0eb325076a5e7e532885,ix-variant-868c026b29ab767b0427,2026-03-29,2026-06-28,"['raw_frequency', 'arrival_clock', 'departure_clock']",overlapping raw schedule variants; not asserted to be contradictory because the source frequency legend is absent
ix-leg-d04239a6efe2a41258f6,ix-variant-0eb325076a5e7e532885,ix-variant-ddae02d70da3fcc6570c,2026-07-02,2026-10-24,"['raw_frequency', 'arrival_clock', 'departure_clock']",overlapping raw schedule variants; not asserted to be contradictory because the source frequency legend is absent
ix-leg-d05d8cf317f2f99de05b,ix-variant-811f14cb816d82d09737,ix-variant-12495c2f37079e97f43f,2026-03-30,2026-10-19,"['raw_frequency', 'arrival_clock', 'departure_clock']",overlapping raw schedule variants; not asserted to be contradictory because the source frequency legend is absent
ix-leg-d05d8cf317f2f99de05b,ix-variant-811f14cb816d82d09737,ix-variant-d5a40822c99b772ec911,2026-03-30,2026-10-19,"['raw_frequency', 'arrival_clock']",overlapping raw schedule variants; not asserted to be contradictory because the source frequency legend is absent
ix-leg-d05d8cf317f2f99de05b,ix-variant-12495c2f37079e97f43f,ix-variant-d5a40822c99b772ec911,2026-03-29,2026-10-24,"['raw_frequency', 'arrival_clock', 'departure_clock']",overlapping raw schedule variants; not asserted to be contradictory because the source frequency legend is absent
ix-leg-af41b27ed68ab2fa7c0a,ix-variant-91192c29f43228c78053,ix-variant-813a0dd5ec862f5fabbe,2026-03-29,2026-10-23,"['raw_frequency', 'arrival_clock', 'departure_clock']",overlapping raw schedule variants; not asserted to be contradictory because the source frequency legend is absent
ix-leg-af41b27ed68ab2fa7c0a,ix-variant-91192c29f43228c78053,ix-variant-0721c0c57f60f5824e34,2026-10-20,2026-10-20,"['raw_frequency', 'arrival_clock', 'departure_clock']",overlapping raw schedule variants; not asserted to be contradictory because the source frequency legend is absent
ix-leg-af41b27ed68ab2fa7c0a,ix-variant-91192c29f43228c78053,ix-variant-5690a01d0301c02353f5,2026-03-31,2026-10-17,"['raw_frequency', 'arrival_clock', 'departure_clock']",overlapping raw schedule variants; not asserted to be contradictory because the source frequency legend is absent
ix-leg-af41b27ed68ab2fa7c0a,ix-variant-91192c29f43228c78053,ix-variant-375aaec3d610092583f1,2026-10-22,2026-10-22,"['raw_frequency', 'arrival_clock', 'departure_clock']",overlapping raw schedule variants; not asserted to be contradictory because the source frequency legend is absent
ix-leg-af41b27ed68ab2fa7c0a,ix-variant-91192c29f43228c78053,ix-variant-407e396c02b5b59560af,2026-10-24,2026-10-24,"['raw_frequency', 'arrival_clock', 'departure_clock']",overlapping raw schedule variants; not asserted to be contradictory because the source frequency legend is absent
ix-leg-af41b27ed68ab2fa7c0a,ix-variant-813a0dd5ec862f5fabbe,ix-variant-0721c0c57f60f5824e34,2026-10-20,2026-10-20,['raw_frequency'],overlapping raw schedule variants; not asserted to be contradictory because the source frequency legend is absent
ix-leg-af41b27ed68ab2fa7c0a,ix-variant-813a0dd5ec862f5fabbe,ix-variant-5690a01d0301c02353f5,2026-03-31,2026-10-17,['raw_frequency'],overlapping raw schedule variants; not asserted to be contradictory because the source frequency legend is absent
ix-leg-af41b27ed68ab2fa7c0a,ix-variant-813a0dd5ec862f5fabbe,ix-variant-375aaec3d610092583f1,2026-10-22,2026-10-22,['raw_frequency'],overlapping raw schedule variants; not asserted to be contradictory because the source frequency legend is absent
ix-leg-b200bd72b16cfa720a2d,ix-variant-c1e760d8b61944270068,ix-variant-85c615775033ef3ccb56,2026-03-29,2026-10-24,"['aircraft', 'arrival_clock', 'departure_clock']",overlapping raw schedule variants; not asserted to be contradictory because the source frequency legend is absent
ix-leg-0dab6912335e299a63f5,ix-variant-561567086715aa7a6a21,ix-variant-d360d6f0cb8fa3db8555,2026-04-20,2026-04-26,"['aircraft', 'arrival_clock', 'departure_clock']",overlapping raw schedule variants; not asserted to be contradictory because the source frequency legend is absent
ix-leg-0dab6912335e299a63f5,ix-variant-9c9dbb8920be538d592d,ix-variant-d360d6f0cb8fa3db8555,2026-05-07,2026-05-20,"['aircraft', 'arrival_clock', 'departure_clock']",overlapping raw schedule variants; not asserted to be contradictory because the source frequency legend is absent
ix-leg-0dab6912335e299a63f5,ix-variant-4c364c0ebaafcb74c87a,ix-variant-d360d6f0cb8fa3db8555,2026-06-05,2026-06-16,"['aircraft', 'raw_frequency', 'arrival_clock', 'departure_clock']",overlapping raw schedule variants; not asserted to be contradictory because the source frequency legend is absent
ix-leg-0dab6912335e299a63f5,ix-variant-4c364c0ebaafcb74c87a,ix-variant-07c0487f031515b6397f,2026-06-05,2026-06-10,"['aircraft', 'raw_frequency']",overlapping raw schedule variants; not asserted to be contradictory because the source frequency legend is absent
ix-leg-0dab6912335e299a63f5,ix-variant-b8428eebf588c3259a93,ix-variant-abe8bdbbd392f7933839,2026-04-28,2026-05-02,"['aircraft', 'raw_frequency']",overlapping raw schedule variants; not asserted to be contradictory because the source frequency legend is absent
ix-leg-0dab6912335e299a63f5,ix-variant-b8428eebf588c3259a93,ix-variant-d360d6f0cb8fa3db8555,2026-04-28,2026-05-02,"['aircraft', 'raw_frequency', 'arrival_clock', 'departure_clock']",overlapping raw schedule variants; not asserted to be contradictory because the source frequency legend is absent
ix-leg-0dab6912335e299a63f5,ix-variant-d551270579ee4cb9e6d9,ix-variant-d360d6f0cb8fa3db8555,2026-06-17,2026-06-17,"['aircraft', 'raw_frequency', 'arrival_clock', 'departure_clock']",overlapping raw schedule variants; not asserted to be contradictory because the source frequency legend is absent
ix-leg-0dab6912335e299a63f5,ix-variant-abe8bdbbd392f7933839,ix-variant-d360d6f0cb8fa3db8555,2026-04-27,2026-05-04,"['raw_frequency', 'arrival_clock', 'departure_clock']",overlapping raw schedule variants; not asserted to be contradictory because the source frequency legend is absent
ix-leg-0dab6912335e299a63f5,ix-variant-abe8bdbbd392f7933839,ix-variant-9ac512b1f5b7a582cde2,2026-05-03,2026-05-04,['raw_frequency'],overlapping raw schedule variants; not asserted to be contradictory because the source frequency legend is absent
ix-leg-0dab6912335e299a63f5,ix-variant-acd0daece6d0ff7cc779,ix-variant-d360d6f0cb8fa3db8555,2026-03-29,2026-04-19,"['arrival_clock', 'departure_clock']",overlapping raw schedule variants; not asserted to be contradictory because the source frequency legend is absent
ix-leg-0dab6912335e299a63f5,ix-variant-d360d6f0cb8fa3db8555,ix-variant-8a87c1ab9e225a54d829,2026-06-18,2026-10-24,"['arrival_clock', 'departure_clock']",overlapping raw schedule variants; not asserted to be contradictory because the source frequency legend is absent
ix-leg-0dab6912335e299a63f5,ix-variant-d360d6f0cb8fa3db8555,ix-variant-87b3838bd150f4911ef6,2026-05-21,2026-06-04,"['raw_frequency', 'arrival_clock', 'departure_clock']",overlapping raw schedule variants; not asserted to be contradictory because the source frequency legend is absent
ix-leg-0dab6912335e299a63f5,ix-variant-d360d6f0cb8fa3db8555,ix-variant-9ac512b1f5b7a582cde2,2026-05-03,2026-05-06,"['raw_frequency', 'arrival_clock', 'departure_clock']",overlapping raw schedule variants; not asserted to be contradictory because the source frequency legend is absent
ix-leg-0dab6912335e299a63f5,ix-variant-d360d6f0cb8fa3db8555,ix-variant-07c0487f031515b6397f,2026-05-27,2026-06-10,"['raw_frequency', 'arrival_clock', 'departure_clock']",overlapping raw schedule variants; not asserted to be contradictory because the source frequency legend is absent
ix-leg-0dab6912335e299a63f5,ix-variant-87b3838bd150f4911ef6,ix-variant-07c0487f031515b6397f,2026-05-27,2026-06-04,['raw_frequency'],overlapping raw schedule variants; not asserted to be contradictory because the source frequency legend is absent
ix-leg-9d62df9d88dc337fc210,ix-variant-50197d95943aaf871d43,ix-variant-8c8fe4e507c1c86ffc57,2026-03-30,2026-10-24,"['arrival_clock', 'departure_clock']",overlapping raw schedule variants; not asserted to be contradictory because the source frequency legend is absent
ix-leg-9d62df9d88dc337fc210,ix-variant-50197d95943aaf871d43,ix-variant-4d52c0e40740010dc633,2026-03-29,2026-03-29,"['raw_frequency', 'arrival_clock', 'departure_clock']",overlapping raw schedule variants; not asserted to be contradictory because the source frequency legend is absent
ix-leg-2f1a3dba5f60afa5158b,ix-variant-81d8364bcf568e03e6c2,ix-variant-3bdc417e1b50f08bb1f3,2026-03-29,2026-10-23,"['arrival_clock', 'departure_clock']",overlapping raw schedule variants; not asserted to be contradictory because the source frequency legend is absent
ix-leg-2f1a3dba5f60afa5158b,ix-variant-3bdc417e1b50f08bb1f3,ix-variant-6506d727037b1160e522,2026-10-24,2026-10-24,"['raw_frequency', 'arrival_clock', 'departure_clock']",overlapping raw schedule variants; not asserted to be contradictory because the source frequency legend is absent
ix-leg-8cb58c65883eb8f0c010,ix-variant-63d75522b59f4f5456c7,ix-variant-6a41e137f7401f8b2d33,2026-03-30,2026-10-23,"['aircraft', 'raw_frequency', 'arrival_clock', 'departure_clock']",overlapping raw schedule variants; not asserted to be contradictory because the source frequency legend is absent
ix-leg-8cb58c65883eb8f0c010,ix-variant-63d75522b59f4f5456c7,ix-variant-d0fdd4b178b18ea3aae0,2026-03-29,2026-10-18,"['aircraft', 'raw_frequency', 'arrival_clock', 'departure_clock']",overlapping raw schedule variants; not asserted to be contradictory because the source frequency legend is absent
ix-leg-8cb58c65883eb8f0c010,ix-variant-6a41e137f7401f8b2d33,ix-variant-d0fdd4b178b18ea3aae0,2026-03-30,2026-10-18,"['raw_frequency', 'arrival_clock']",overlapping raw schedule variants; not asserted to be contradictory because the source frequency legend is absent
ix-leg-5bcaa0c27b036edbd322,ix-variant-05a174dbc8f08aa9c3ff,ix-variant-5c49aefd9a15416df906,2026-04-04,2026-10-23,"['raw_frequency', 'arrival_clock']",overlapping raw schedule variants; not asserted to be contradictory because the source frequency legend is absent
ix-leg-5bcaa0c27b036edbd322,ix-variant-05a174dbc8f08aa9c3ff,ix-variant-13d6a7b5b7cb0eac3e64,2026-03-30,2026-10-23,"['aircraft', 'raw_frequency', 'arrival_clock', 'departure_clock']",overlapping raw schedule variants; not asserted to be contradictory because the source frequency legend is absent
ix-leg-5bcaa0c27b036edbd322,ix-variant-05a174dbc8f08aa9c3ff,ix-variant-3e8d796e41f757f6765a,2026-03-29,2026-03-29,"['aircraft', 'raw_frequency', 'arrival_clock', 'departure_clock']",overlapping raw schedule variants; not asserted to be contradictory because the source frequency legend is absent
ix-leg-5bcaa0c27b036edbd322,ix-variant-5c49aefd9a15416df906,ix-variant-13d6a7b5b7cb0eac3e64,2026-04-04,2026-10-24,"['aircraft', 'raw_frequency', 'arrival_clock', 'departure_clock']",overlapping raw schedule variants; not asserted to be contradictory because the source frequency legend is absent
ix-leg-07aee6208a888b2589cf,ix-variant-eb59177d65ed0e451643,ix-variant-a19b36f2a4a5ef445156,2026-03-30,2026-10-24,"['arrival_clock', 'departure_clock']",overlapping raw schedule variants; not asserted to be contradictory because the source frequency legend is absent
ix-leg-07aee6208a888b2589cf,ix-variant-eb59177d65ed0e451643,ix-variant-3f41ad0236479d68aa22,2026-03-29,2026-03-29,"['raw_frequency', 'arrival_clock', 'departure_clock']",overlapping raw schedule variants; not asserted to be contradictory because the source frequency legend is absent
ix-leg-cb1bebada7504ae7307b,ix-variant-0d932be045f1d3bc9c0c,ix-variant-94bf4ed468b39e16cdc2,2026-03-29,2026-10-24,"['raw_frequency', 'arrival_clock', 'departure_clock']",overlapping raw schedule variants; not asserted to be contradictory because the source frequency legend is absent
ix-leg-71a0fe88225cc7e89eb8,ix-variant-14c4c271792f25e6bba2,ix-variant-d91c1ad165db8fe7b07e,2026-03-30,2026-10-24,"['arrival_clock', 'departure_clock']",overlapping raw schedule variants; not asserted to be contradictory because the source frequency legend is absent
ix-leg-1216f70ae8c82c647a88,ix-variant-4fbfe5939523a11eeb16,ix-variant-ec2196af15685e7cbb27,2026-03-30,2026-10-23,"['raw_frequency', 'arrival_clock', 'departure_clock']",overlapping raw schedule variants; not asserted to be contradictory because the source frequency legend is absent
ix-leg-1216f70ae8c82c647a88,ix-variant-4fbfe5939523a11eeb16,ix-variant-0640f54c57cb386bfb73,2026-04-04,2026-10-24,"['raw_frequency', 'arrival_clock', 'departure_clock']",overlapping raw schedule variants; not asserted to be contradictory because the source frequency legend is absent
ix-leg-1216f70ae8c82c647a88,ix-variant-ec2196af15685e7cbb27,ix-variant-0640f54c57cb386bfb73,2026-04-04,2026-10-23,['raw_frequency'],overlapping raw schedule variants; not asserted to be contradictory because the source frequency legend is absent
ix-leg-1216f70ae8c82c647a88,ix-variant-ec2196af15685e7cbb27,ix-variant-3c8143099751c5ce999b,2026-03-29,2026-03-29,"['raw_frequency', 'arrival_clock', 'departure_clock']",overlapping raw schedule variants; not asserted to be contradictory because the source frequency legend is absent
ix-leg-7392e60cde3b2e698837,ix-variant-e417d52f16faa47afc74,ix-variant-b2a0dcaa49af84627ee9,2026-03-29,2026-10-23,"['aircraft', 'arrival_clock', 'departure_clock']",overlapping raw schedule variants; not asserted to be contradictory because the source frequency legend is absent
ix-leg-7392e60cde3b2e698837,ix-variant-e417d52f16faa47afc74,ix-variant-c8f4c1ca399968da1376,2026-10-24,2026-10-24,"['aircraft', 'raw_frequency', 'arrival_clock', 'departure_clock']",overlapping raw schedule variants; not asserted to be contradictory because the source frequency legend is absent
ix-leg-fa34f285a78a29249910,ix-variant-108cc8b670661cca6e03,ix-variant-fbb94e697b54eca71389,2026-03-29,2026-10-24,"['raw_frequency', 'arrival_clock', 'departure_clock']",overlapping raw schedule variants; not asserted to be contradictory because the source frequency legend is absent
ix-leg-1e14cb2d47eea38778c1,ix-variant-499238cc0540652ac255,ix-variant-6c96c6580874707ba803,2026-03-30,2026-06-29,"['aircraft', 'raw_frequency', 'arrival_clock', 'departure_clock']",overlapping raw schedule variants; not asserted to be contradictory because the source frequency legend is absent
ix-leg-1e14cb2d47eea38778c1,ix-variant-da36d97f6f75fecbbd24,ix-variant-6c96c6580874707ba803,2026-07-05,2026-10-19,"['aircraft', 'raw_frequency', 'arrival_clock', 'departure_clock']",overlapping raw schedule variants; not asserted to be contradictory because the source frequency legend is absent
ix-leg-1e14cb2d47eea38778c1,ix-variant-da36d97f6f75fecbbd24,ix-variant-b1de0cd93263dde256e9,2026-07-05,2026-10-19,"['aircraft', 'raw_frequency']",overlapping raw schedule variants; not asserted to be contradictory because the source frequency legend is absent
ix-leg-1e14cb2d47eea38778c1,ix-variant-6c96c6580874707ba803,ix-variant-b1de0cd93263dde256e9,2026-07-01,2026-10-23,"['raw_frequency', 'arrival_clock', 'departure_clock']",overlapping raw schedule variants; not asserted to be contradictory because the source frequency legend is absent
ix-leg-e1af77b07cc1c9641607,ix-variant-66995a1c2fe5cc83db8b,ix-variant-68019724cd08cfb7cbe8,2026-03-30,2026-10-19,"['aircraft', 'raw_frequency', 'arrival_clock', 'departure_clock']",overlapping raw schedule variants; not asserted to be contradictory because the source frequency legend is absent
ix-leg-e1af77b07cc1c9641607,ix-variant-66995a1c2fe5cc83db8b,ix-variant-296ae2f3fd324ef46865,2026-03-29,2026-10-24,"['aircraft', 'raw_frequency', 'arrival_clock']",overlapping raw schedule variants; not asserted to be contradictory because the source frequency legend is absent
ix-leg-e1af77b07cc1c9641607,ix-variant-66995a1c2fe5cc83db8b,ix-variant-8ba3de2adc7af1403f62,2026-04-01,2026-10-21,"['aircraft', 'raw_frequency', 'arrival_clock', 'departure_clock']",overlapping raw schedule variants; not asserted to be contradictory because the source frequency legend is absent
ix-leg-e1af77b07cc1c9641607,ix-variant-68019724cd08cfb7cbe8,ix-variant-296ae2f3fd324ef46865,2026-03-30,2026-10-19,"['raw_frequency', 'arrival_clock', 'departure_clock']",overlapping raw schedule variants; not asserted to be contradictory because the source frequency legend is absent
ix-leg-e1af77b07cc1c9641607,ix-variant-68019724cd08cfb7cbe8,ix-variant-8ba3de2adc7af1403f62,2026-04-01,2026-10-19,"['raw_frequency', 'departure_clock']",overlapping raw schedule variants; not asserted to be contradictory because the source frequency legend is absent
ix-leg-e1af77b07cc1c9641607,ix-variant-296ae2f3fd324ef46865,ix-variant-8ba3de2adc7af1403f62,2026-04-01,2026-10-21,"['raw_frequency', 'arrival_clock', 'departure_clock']",overlapping raw schedule variants; not asserted to be contradictory because the source frequency legend is absent
ix-leg-6ca513f7a274f1bbf089,ix-variant-2dc60ec5f28ab4271d48,ix-variant-598398fab7e4d9514dfb,2026-03-29,2026-10-24,"['aircraft', 'arrival_clock', 'departure_clock']",overlapping raw schedule variants; not asserted to be contradictory because the source frequency legend is absent
ix-leg-3f6175a9749ebb386c43,ix-variant-1698d1f6d7bd3c141a81,ix-variant-313e5130b0b2c26a4aff,2026-03-29,2026-10-24,"['raw_frequency', 'arrival_clock', 'departure_clock']",overlapping raw schedule variants; not asserted to be contradictory because the source frequency legend is absent
ix-leg-3f6175a9749ebb386c43,ix-variant-1698d1f6d7bd3c141a81,ix-variant-2634c650d011b5483d79,2026-04-01,2026-10-21,"['raw_frequency', 'arrival_clock', 'departure_clock']",overlapping raw schedule variants; not asserted to be contradictory because the source frequency legend is absent
ix-leg-3f6175a9749ebb386c43,ix-variant-313e5130b0b2c26a4aff,ix-variant-2634c650d011b5483d79,2026-04-01,2026-10-21,['raw_frequency'],overlapping raw schedule variants; not asserted to be contradictory because the source frequency legend is absent
ix-leg-29df8461ef7fd8e0293f,ix-variant-e4cfac58891b1d94b009,ix-variant-255d2f5f5322cf09f91d,2026-04-20,2026-04-26,"['aircraft', 'arrival_clock', 'departure_clock']",overlapping raw schedule variants; not asserted to be contradictory because the source frequency legend is absent
ix-leg-29df8461ef7fd8e0293f,ix-variant-2b1635f68f83b51673aa,ix-variant-255d2f5f5322cf09f91d,2026-05-07,2026-05-20,"['aircraft', 'arrival_clock', 'departure_clock']",overlapping raw schedule variants; not asserted to be contradictory because the source frequency legend is absent
ix-leg-29df8461ef7fd8e0293f,ix-variant-c4e0fd649df9fd223263,ix-variant-255d2f5f5322cf09f91d,2026-06-05,2026-06-16,"['aircraft', 'raw_frequency', 'arrival_clock', 'departure_clock']",overlapping raw schedule variants; not asserted to be contradictory because the source frequency legend is absent
ix-leg-29df8461ef7fd8e0293f,ix-variant-c4e0fd649df9fd223263,ix-variant-e9fb1bffd0c321232566,2026-06-05,2026-06-10,"['aircraft', 'raw_frequency']",overlapping raw schedule variants; not asserted to be contradictory because the source frequency legend is absent
ix-leg-29df8461ef7fd8e0293f,ix-variant-9c5e3745b3a07604e8c6,ix-variant-d460919aea7d626b5933,2026-04-28,2026-05-02,"['aircraft', 'raw_frequency']",overlapping raw schedule variants; not asserted to be contradictory because the source frequency legend is absent
ix-leg-29df8461ef7fd8e0293f,ix-variant-9c5e3745b3a07604e8c6,ix-variant-255d2f5f5322cf09f91d,2026-04-28,2026-05-02,"['aircraft', 'raw_frequency', 'arrival_clock', 'departure_clock']",overlapping raw schedule variants; not asserted to be contradictory because the source frequency legend is absent
ix-leg-29df8461ef7fd8e0293f,ix-variant-9f2b503269c46448abc1,ix-variant-255d2f5f5322cf09f91d,2026-06-17,2026-06-17,"['aircraft', 'raw_frequency', 'arrival_clock', 'departure_clock']",overlapping raw schedule variants; not asserted to be contradictory because the source frequency legend is absent
ix-leg-29df8461ef7fd8e0293f,ix-variant-d460919aea7d626b5933,ix-variant-255d2f5f5322cf09f91d,2026-04-27,2026-05-04,"['raw_frequency', 'arrival_clock', 'departure_clock']",overlapping raw schedule variants; not asserted to be contradictory because the source frequency legend is absent
ix-leg-29df8461ef7fd8e0293f,ix-variant-d460919aea7d626b5933,ix-variant-90dd566d458bd1ecf1ea,2026-05-03,2026-05-04,['raw_frequency'],overlapping raw schedule variants; not asserted to be contradictory because the source frequency legend is absent
ix-leg-29df8461ef7fd8e0293f,ix-variant-9187fd24f7972045b5da,ix-variant-255d2f5f5322cf09f91d,2026-03-29,2026-04-19,"['arrival_clock', 'departure_clock']",overlapping raw schedule variants; not asserted to be contradictory because the source frequency legend is absent
ix-leg-29df8461ef7fd8e0293f,ix-variant-255d2f5f5322cf09f91d,ix-variant-24dda9228fd02c86ba1d,2026-06-18,2026-10-24,"['arrival_clock', 'departure_clock']",overlapping raw schedule variants; not asserted to be contradictory because the source frequency legend is absent
ix-leg-29df8461ef7fd8e0293f,ix-variant-255d2f5f5322cf09f91d,ix-variant-872af5c0157de96db21e,2026-05-21,2026-06-04,"['raw_frequency', 'arrival_clock', 'departure_clock']",overlapping raw schedule variants; not asserted to be contradictory because the source frequency legend is absent
ix-leg-29df8461ef7fd8e0293f,ix-variant-255d2f5f5322cf09f91d,ix-variant-90dd566d458bd1ecf1ea,2026-05-03,2026-05-06,"['raw_frequency', 'arrival_clock', 'departure_clock']",overlapping raw schedule variants; not asserted to be contradictory because the source frequency legend is absent
ix-leg-29df8461ef7fd8e0293f,ix-variant-255d2f5f5322cf09f91d,ix-variant-e9fb1bffd0c321232566,2026-05-27,2026-06-10,"['raw_frequency', 'arrival_clock', 'departure_clock']",overlapping raw schedule variants; not asserted to be contradictory because the source frequency legend is absent
ix-leg-29df8461ef7fd8e0293f,ix-variant-872af5c0157de96db21e,ix-variant-e9fb1bffd0c321232566,2026-05-27,2026-06-04,['raw_frequency'],overlapping raw schedule variants; not asserted to be contradictory because the source frequency legend is absent
ix-leg-0fbd7ac30a143a9a8d76,ix-variant-60f48761871c17f6a0bb,ix-variant-150bf603b97da9436d7f,2026-04-01,2026-10-24,"['raw_frequency', 'arrival_clock', 'departure_clock']",overlapping raw schedule variants; not asserted to be contradictory because the source frequency legend is absent
ix-leg-0fbd7ac30a143a9a8d76,ix-variant-60f48761871c17f6a0bb,ix-variant-a1210e5308b3cf9700a4,2026-04-05,2026-10-18,"['raw_frequency', 'departure_clock']",overlapping raw schedule variants; not asserted to be contradictory because the source frequency legend is absent
ix-leg-0fbd7ac30a143a9a8d76,ix-variant-150bf603b97da9436d7f,ix-variant-a1210e5308b3cf9700a4,2026-04-05,2026-10-18,"['raw_frequency', 'arrival_clock', 'departure_clock']",overlapping raw schedule variants; not asserted to be contradictory because the source frequency legend is absent
ix-leg-0fbd7ac30a143a9a8d76,ix-variant-150bf603b97da9436d7f,ix-variant-1db9535eb9846279feb9,2026-03-30,2026-03-31,"['aircraft', 'raw_frequency', 'arrival_clock', 'departure_clock']",overlapping raw schedule variants; not asserted to be contradictory because the source frequency legend is absent
ix-leg-37ac2c5df195e565ac7d,ix-variant-2cbc02c363d308278028,ix-variant-933573d54778ae428298,2026-03-29,2026-10-24,"['aircraft', 'arrival_clock', 'departure_clock']",overlapping raw schedule variants; not asserted to be contradictory because the source frequency legend is absent
ix-leg-4914f5d32fb268565e1c,ix-variant-23688c6461ad9abf8c5a,ix-variant-dfff757afb914b4ab07d,2026-03-29,2026-10-24,"['aircraft', 'arrival_clock', 'departure_clock']",overlapping raw schedule variants; not asserted to be contradictory because the source frequency legend is absent
ix-leg-f8c708ac474f3cef1675,ix-variant-5cf6961bca183c4855aa,ix-variant-3491fe56b37ee9233d64,2026-03-29,2026-05-31,"['arrival_clock', 'departure_clock']",overlapping raw schedule variants; not asserted to be contradictory because the source frequency legend is absent
ix-leg-f8c708ac474f3cef1675,ix-variant-3491fe56b37ee9233d64,ix-variant-34ad77b7b20074e20699,2026-06-01,2026-06-20,"['arrival_clock', 'departure_clock']",overlapping raw schedule variants; not asserted to be contradictory because the source frequency legend is absent
ix-leg-f8c708ac474f3cef1675,ix-variant-3491fe56b37ee9233d64,ix-variant-5fab36e9db19cd27b8e2,2026-06-21,2026-10-24,"['arrival_clock', 'departure_clock']",overlapping raw schedule variants; not asserted to be contradictory because the source frequency legend is absent
ix-leg-08d43699746032d5107b,ix-variant-b7849db00241759cec7e,ix-variant-fbcb14825b75b8be4c90,2026-03-29,2026-10-24,"['aircraft', 'arrival_clock', 'departure_clock']",overlapping raw schedule variants; not asserted to be contradictory because the source frequency legend is absent
ix-leg-449bff94dcb6a45d4889,ix-variant-cc5cbd0d1ab48dd7d05f,ix-variant-56c123cc1c72ee6ceb54,2026-03-30,2026-10-24,"['arrival_clock', 'departure_clock']",overlapping raw schedule variants; not asserted to be contradictory because the source frequency legend is absent
ix-leg-449bff94dcb6a45d4889,ix-variant-cc5cbd0d1ab48dd7d05f,ix-variant-82a55df6899969a02a99,2026-03-29,2026-03-29,"['raw_frequency', 'arrival_clock', 'departure_clock']",overlapping raw schedule variants; not asserted to be contradictory because the source frequency legend is absent
ix-leg-c1d63a422294e8d56675,ix-variant-77d78db07cd7ef6834a1,ix-variant-0b1677a954249fa2aaa6,2026-03-30,2026-04-04,"['raw_frequency', 'arrival_clock', 'departure_clock']",overlapping raw schedule variants; not asserted to be contradictory because the source frequency legend is absent
ix-leg-c1d63a422294e8d56675,ix-variant-0b1677a954249fa2aaa6,ix-variant-01d8a686fd98fcce8a94,2026-04-05,2026-10-23,"['arrival_clock', 'departure_clock']",overlapping raw schedule variants; not asserted to be contradictory because the source frequency legend is absent
ix-leg-40c5f4c9d80b0a47a09c,ix-variant-27ab42c076789a2719d8,ix-variant-92c381feac88593a0f7d,2026-03-29,2026-10-24,"['aircraft', 'arrival_clock', 'departure_clock']",overlapping raw schedule variants; not asserted to be contradictory because the source frequency legend is absent
ix-leg-10e8150c8b03554b9151,ix-variant-ccb85dc1d04349ec7f26,ix-variant-8c331bdd9a208c735b45,2026-08-03,2026-10-15,"['aircraft', 'raw_frequency', 'arrival_clock', 'departure_clock']",overlapping raw schedule variants; not asserted to be contradictory because the source frequency legend is absent
ix-leg-10e8150c8b03554b9151,ix-variant-72918590e574e6ca0d53,ix-variant-8c331bdd9a208c735b45,2026-03-29,2026-07-31,"['aircraft', 'arrival_clock', 'departure_clock']",overlapping raw schedule variants; not asserted to be contradictory because the source frequency legend is absent
ix-leg-718cb957b96ad567310e,ix-variant-e853564a69dbf879ad94,ix-variant-0cb03b0de714625d6948,2026-03-31,2026-10-23,['raw_frequency'],overlapping raw schedule variants; not asserted to be contradictory because the source frequency legend is absent
ix-leg-97895ef6e613b98cd717,ix-variant-d20eee6a6371b2f6e5c1,ix-variant-8bf0681820af591f2268,2026-04-17,2026-10-23,"['arrival_clock', 'departure_clock']",overlapping raw schedule variants; not asserted to be contradictory because the source frequency legend is absent
ix-leg-97895ef6e613b98cd717,ix-variant-d20eee6a6371b2f6e5c1,ix-variant-34f0c0be9d24ec156e55,2026-03-30,2026-04-16,"['raw_frequency', 'arrival_clock', 'departure_clock']",overlapping raw schedule variants; not asserted to be contradictory because the source frequency legend is absent
ix-leg-97895ef6e613b98cd717,ix-variant-d20eee6a6371b2f6e5c1,ix-variant-41ced8cb767be6974dac,2026-03-29,2026-04-15,"['raw_frequency', 'arrival_clock', 'departure_clock']",overlapping raw schedule variants; not asserted to be contradictory because the source frequency legend is absent
ix-leg-97895ef6e613b98cd717,ix-variant-34f0c0be9d24ec156e55,ix-variant-41ced8cb767be6974dac,2026-03-30,2026-04-15,['raw_frequency'],overlapping raw schedule variants; not asserted to be contradictory because the source frequency legend is absent
ix-leg-382fa617c196a7ec35c7,ix-variant-f59c77689147f17ea12d,ix-variant-7c7b15b2c9e1aa95c288,2026-03-29,2026-04-04,"['arrival_clock', 'departure_clock']",overlapping raw schedule variants; not asserted to be contradictory because the source frequency legend is absent
ix-leg-382fa617c196a7ec35c7,ix-variant-7c7b15b2c9e1aa95c288,ix-variant-83ba633758495be2bee0,2026-04-05,2026-10-24,"['arrival_clock', 'departure_clock']",overlapping raw schedule variants; not asserted to be contradictory because the source frequency legend is absent
ix-leg-4a92cfe9eda1779e47a1,ix-variant-71236fb7d3e74d815946,ix-variant-14478d8aefaf6cf871a8,2026-04-01,2026-10-21,"['aircraft', 'raw_frequency']",overlapping raw schedule variants; not asserted to be contradictory because the source frequency legend is absent
ix-leg-df11f1eb6ca04d45ef05,ix-variant-54dfcf86fb5e78313a00,ix-variant-c0ebc7eb3dae84e9ee51,2026-03-31,2026-10-23,"['raw_frequency', 'arrival_clock', 'departure_clock']",overlapping raw schedule variants; not asserted to be contradictory because the source frequency legend is absent
ix-leg-df11f1eb6ca04d45ef05,ix-variant-54dfcf86fb5e78313a00,ix-variant-1e6cd41d3b63d5d0b554,2026-04-02,2026-04-02,"['raw_frequency', 'arrival_clock', 'departure_clock']",overlapping raw schedule variants; not asserted to be contradictory because the source frequency legend is absent
ix-leg-df11f1eb6ca04d45ef05,ix-variant-54dfcf86fb5e78313a00,ix-variant-13b8363b878415d4f0d5,2026-04-09,2026-10-22,"['raw_frequency', 'arrival_clock', 'departure_clock']",overlapping raw schedule variants; not asserted to be contradictory because the source frequency legend is absent
ix-leg-df11f1eb6ca04d45ef05,ix-variant-c0ebc7eb3dae84e9ee51,ix-variant-1e6cd41d3b63d5d0b554,2026-04-02,2026-04-02,['raw_frequency'],overlapping raw schedule variants; not asserted to be contradictory because the source frequency legend is absent
ix-leg-df11f1eb6ca04d45ef05,ix-variant-c0ebc7eb3dae84e9ee51,ix-variant-13b8363b878415d4f0d5,2026-04-09,2026-10-22,['raw_frequency'],overlapping raw schedule variants; not asserted to be contradictory because the source frequency legend is absent
ix-leg-df11f1eb6ca04d45ef05,ix-variant-c0ebc7eb3dae84e9ee51,ix-variant-e5e9b8c1855c67ccc98b,2026-10-24,2026-10-24,"['raw_frequency', 'arrival_clock', 'departure_clock']",overlapping raw schedule variants; not asserted to be contradictory because the source frequency legend is absent
ix-leg-91498027f4b1d4737f35,ix-variant-a3818e415a579f0f817d,ix-variant-4a1d4590345b2cc6697d,2026-04-06,2026-04-06,"['raw_frequency', 'arrival_clock', 'departure_clock']",overlapping raw schedule variants; not asserted to be contradictory because the source frequency legend is absent
ix-leg-91498027f4b1d4737f35,ix-variant-a3818e415a579f0f817d,ix-variant-bdf1a4f43805c05e5e7e,2026-04-06,2026-04-06,['raw_frequency'],overlapping raw schedule variants; not asserted to be contradictory because the source frequency legend is absent
ix-leg-91498027f4b1d4737f35,ix-variant-4bbd1a8405e4d49c16b5,ix-variant-4a1d4590345b2cc6697d,2026-10-12,2026-10-12,"['raw_frequency', 'arrival_clock', 'departure_clock']",overlapping raw schedule variants; not asserted to be contradictory because the source frequency legend is absent
ix-leg-91498027f4b1d4737f35,ix-variant-4bbd1a8405e4d49c16b5,ix-variant-56ea78f3eada42baa061,2026-10-12,2026-10-12,"['raw_frequency', 'arrival_clock', 'departure_clock']",overlapping raw schedule variants; not asserted to be contradictory because the source frequency legend is absent
ix-leg-91498027f4b1d4737f35,ix-variant-4bbd1a8405e4d49c16b5,ix-variant-d7c84ef2a9976d2ee009,2026-10-12,2026-10-12,['raw_frequency'],overlapping raw schedule variants; not asserted to be contradictory because the source frequency legend is absent
ix-leg-91498027f4b1d4737f35,ix-variant-4bbd1a8405e4d49c16b5,ix-variant-3a98096c8f7260c55e5d,2026-10-12,2026-10-12,['raw_frequency'],overlapping raw schedule variants; not asserted to be contradictory because the source frequency legend is absent
ix-leg-91498027f4b1d4737f35,ix-variant-4a1d4590345b2cc6697d,ix-variant-bbc39fe19e6655551af0,2026-04-08,2026-04-13,"['raw_frequency', 'arrival_clock', 'departure_clock']",overlapping raw schedule variants; not asserted to be contradictory because the source frequency legend is absent
ix-leg-91498027f4b1d4737f35,ix-variant-4a1d4590345b2cc6697d,ix-variant-dc5f96401fe080fcaaf8,2026-05-13,2026-05-18,"['raw_frequency', 'arrival_clock', 'departure_clock']",overlapping raw schedule variants; not asserted to be contradictory because the source frequency legend is absent
ix-leg-91498027f4b1d4737f35,ix-variant-4a1d4590345b2cc6697d,ix-variant-a12679360f0c36358cf4,2026-06-24,2026-06-29,"['raw_frequency', 'arrival_clock', 'departure_clock']",overlapping raw schedule variants; not asserted to be contradictory because the source frequency legend is absent
ix-leg-91498027f4b1d4737f35,ix-variant-4a1d4590345b2cc6697d,ix-variant-6c5e5e12e8051fad6979,2026-08-05,2026-08-10,"['raw_frequency', 'arrival_clock', 'departure_clock']",overlapping raw schedule variants; not asserted to be contradictory because the source frequency legend is absent
ix-leg-91498027f4b1d4737f35,ix-variant-4a1d4590345b2cc6697d,ix-variant-24ee34a2e7c1ec001ea1,2026-09-16,2026-09-21,"['raw_frequency', 'arrival_clock', 'departure_clock']",overlapping raw schedule variants; not asserted to be contradictory because the source frequency legend is absent
ix-leg-91498027f4b1d4737f35,ix-variant-4a1d4590345b2cc6697d,ix-variant-324ccc57086582882239,2026-04-20,2026-04-24,"['raw_frequency', 'arrival_clock', 'departure_clock']",overlapping raw schedule variants; not asserted to be contradictory because the source frequency legend is absent
ix-leg-91498027f4b1d4737f35,ix-variant-4a1d4590345b2cc6697d,ix-variant-8103d7ed976a08a53fed,2026-04-27,2026-05-01,"['raw_frequency', 'arrival_clock', 'departure_clock']",overlapping raw schedule variants; not asserted to be contradictory because the source frequency legend is absent
ix-leg-91498027f4b1d4737f35,ix-variant-4a1d4590345b2cc6697d,ix-variant-ffd5f20250be21528b5b,2026-05-11,2026-05-15,"['raw_frequency', 'arrival_clock', 'departure_clock']",overlapping raw schedule variants; not asserted to be contradictory because the source frequency legend is absent
ix-leg-91498027f4b1d4737f35,ix-variant-4a1d4590345b2cc6697d,ix-variant-ac5b1b44a66bf06c5f49,2026-05-25,2026-05-29,"['raw_frequency', 'arrival_clock', 'departure_clock']",overlapping raw schedule variants; not asserted to be contradictory because the source frequency legend is absent
ix-leg-91498027f4b1d4737f35,ix-variant-4a1d4590345b2cc6697d,ix-variant-a07178150db6f39b2e9c,2026-06-08,2026-06-12,"['raw_frequency', 'arrival_clock', 'departure_clock']",overlapping raw schedule variants; not asserted to be contradictory because the source frequency legend is absent
ix-leg-91498027f4b1d4737f35,ix-variant-4a1d4590345b2cc6697d,ix-variant-4bd1778e1bf6ca17ed0f,2026-06-22,2026-06-26,"['raw_frequency', 'arrival_clock', 'departure_clock']",overlapping raw schedule variants; not asserted to be contradictory because the source frequency legend is absent
ix-leg-91498027f4b1d4737f35,ix-variant-4a1d4590345b2cc6697d,ix-variant-14bab8a1015c2238adc7,2026-07-06,2026-07-10,"['raw_frequency', 'arrival_clock', 'departure_clock']",overlapping raw schedule variants; not asserted to be contradictory because the source frequency legend is absent
ix-leg-91498027f4b1d4737f35,ix-variant-4a1d4590345b2cc6697d,ix-variant-f9644aa8e20d73de4f54,2026-07-20,2026-07-24,"['raw_frequency', 'arrival_clock', 'departure_clock']",overlapping raw schedule variants; not asserted to be contradictory because the source frequency legend is absent
ix-leg-91498027f4b1d4737f35,ix-variant-4a1d4590345b2cc6697d,ix-variant-55090f1aad3e797729d6,2026-08-03,2026-08-07,"['raw_frequency', 'arrival_clock', 'departure_clock']",overlapping raw schedule variants; not asserted to be contradictory because the source frequency legend is absent
ix-leg-91498027f4b1d4737f35,ix-variant-4a1d4590345b2cc6697d,ix-variant-c6484e7a683573cbc67c,2026-08-17,2026-08-21,"['raw_frequency', 'arrival_clock', 'departure_clock']",overlapping raw schedule variants; not asserted to be contradictory because the source frequency legend is absent
ix-leg-91498027f4b1d4737f35,ix-variant-4a1d4590345b2cc6697d,ix-variant-2e98cff6165e8c30cffc,2026-08-31,2026-09-04,"['raw_frequency', 'arrival_clock', 'departure_clock']",overlapping raw schedule variants; not asserted to be contradictory because the source frequency legend is absent
ix-leg-91498027f4b1d4737f35,ix-variant-4a1d4590345b2cc6697d,ix-variant-4a1742770af1040cbe40,2026-09-14,2026-09-18,"['raw_frequency', 'arrival_clock', 'departure_clock']",overlapping raw schedule variants; not asserted to be contradictory because the source frequency legend is absent
ix-leg-91498027f4b1d4737f35,ix-variant-4a1d4590345b2cc6697d,ix-variant-1477a4cccf05beff46e7,2026-09-28,2026-10-02,"['raw_frequency', 'arrival_clock', 'departure_clock']",overlapping raw schedule variants; not asserted to be contradictory because the source frequency legend is absent
ix-leg-91498027f4b1d4737f35,ix-variant-4a1d4590345b2cc6697d,ix-variant-86ca1e7ba6d3964d0f24,2026-10-19,2026-10-23,"['raw_frequency', 'arrival_clock', 'departure_clock']",overlapping raw schedule variants; not asserted to be contradictory because the source frequency legend is absent
ix-leg-91498027f4b1d4737f35,ix-variant-4a1d4590345b2cc6697d,ix-variant-fcedeb723951bcc584e2,2026-05-30,2026-06-05,"['raw_frequency', 'arrival_clock', 'departure_clock']",overlapping raw schedule variants; not asserted to be contradictory because the source frequency legend is absent
ix-leg-91498027f4b1d4737f35,ix-variant-4a1d4590345b2cc6697d,ix-variant-cd2679c349de96d7a3ac,2026-07-11,2026-07-17,"['raw_frequency', 'arrival_clock', 'departure_clock']",overlapping raw schedule variants; not asserted to be contradictory because the source frequency legend is absent
ix-leg-91498027f4b1d4737f35,ix-variant-4a1d4590345b2cc6697d,ix-variant-47925d6d63ae28b1baf5,2026-08-22,2026-08-28,"['raw_frequency', 'arrival_clock', 'departure_clock']",overlapping raw schedule variants; not asserted to be contradictory because the source frequency legend is absent
ix-leg-91498027f4b1d4737f35,ix-variant-4a1d4590345b2cc6697d,ix-variant-431e1ce61f197bff2a0c,2026-10-03,2026-10-09,"['raw_frequency', 'arrival_clock', 'departure_clock']",overlapping raw schedule variants; not asserted to be contradictory because the source frequency legend is absent
ix-leg-91498027f4b1d4737f35,ix-variant-4a1d4590345b2cc6697d,ix-variant-f43dfd97a3eabb0701ff,2026-03-30,2026-04-05,"['raw_frequency', 'arrival_clock', 'departure_clock']",overlapping raw schedule variants; not asserted to be contradictory because the source frequency legend is absent
ix-leg-91498027f4b1d4737f35,ix-variant-4a1d4590345b2cc6697d,ix-variant-411429b4384bf3fa0ee9,2026-05-04,2026-05-10,"['raw_frequency', 'arrival_clock', 'departure_clock']",overlapping raw schedule variants; not asserted to be contradictory because the source frequency legend is absent
ix-leg-91498027f4b1d4737f35,ix-variant-4a1d4590345b2cc6697d,ix-variant-b0279e3fdfc3a9d965b7,2026-06-15,2026-06-21,"['raw_frequency', 'arrival_clock', 'departure_clock']",overlapping raw schedule variants; not asserted to be contradictory because the source frequency legend is absent
ix-leg-91498027f4b1d4737f35,ix-variant-4a1d4590345b2cc6697d,ix-variant-824fb156dd6d590f31c1,2026-07-27,2026-08-02,"['raw_frequency', 'arrival_clock', 'departure_clock']",overlapping raw schedule variants; not asserted to be contradictory because the source frequency legend is absent
ix-leg-91498027f4b1d4737f35,ix-variant-4a1d4590345b2cc6697d,ix-variant-2b9b3edae34c8993be49,2026-09-07,2026-09-13,"['raw_frequency', 'arrival_clock', 'departure_clock']",overlapping raw schedule variants; not asserted to be contradictory because the source frequency legend is absent
ix-leg-91498027f4b1d4737f35,ix-variant-4a1d4590345b2cc6697d,ix-variant-98d1668d0f4975d565ae,2026-03-31,2026-03-31,['raw_frequency'],overlapping raw schedule variants; not asserted to be contradictory because the source frequency legend is absent
ix-leg-91498027f4b1d4737f35,ix-variant-4a1d4590345b2cc6697d,ix-variant-56ea78f3eada42baa061,2026-04-07,2026-10-20,['raw_frequency'],overlapping raw schedule variants; not asserted to be contradictory because the source frequency legend is absent
ix-leg-91498027f4b1d4737f35,ix-variant-4a1d4590345b2cc6697d,ix-variant-bdf1a4f43805c05e5e7e,2026-03-31,2026-04-16,"['raw_frequency', 'arrival_clock', 'departure_clock']",overlapping raw schedule variants; not asserted to be contradictory because the source frequency legend is absent
ix-leg-91498027f4b1d4737f35,ix-variant-4a1d4590345b2cc6697d,ix-variant-d7c84ef2a9976d2ee009,2026-04-21,2026-10-22,"['raw_frequency', 'arrival_clock', 'departure_clock']",overlapping raw schedule variants; not asserted to be contradictory because the source frequency legend is absent
ix-leg-91498027f4b1d4737f35,ix-variant-4a1d4590345b2cc6697d,ix-variant-3b8c83a363702cfd76ec,2026-04-10,2026-04-15,"['raw_frequency', 'arrival_clock', 'departure_clock']",overlapping raw schedule variants; not asserted to be contradictory because the source frequency legend is absent
ix-leg-91498027f4b1d4737f35,ix-variant-4a1d4590345b2cc6697d,ix-variant-1e721314c66d116f7307,2026-05-22,2026-05-27,"['raw_frequency', 'arrival_clock', 'departure_clock']",overlapping raw schedule variants; not asserted to be contradictory because the source frequency legend is absent
ix-leg-91498027f4b1d4737f35,ix-variant-4a1d4590345b2cc6697d,ix-variant-4bbad7a819a7c88e4a5e,2026-07-03,2026-07-08,"['raw_frequency', 'arrival_clock', 'departure_clock']",overlapping raw schedule variants; not asserted to be contradictory because the source frequency legend is absent
ix-leg-91498027f4b1d4737f35,ix-variant-4a1d4590345b2cc6697d,ix-variant-0bcdb1ce24193190aed6,2026-08-14,2026-08-19,"['raw_frequency', 'arrival_clock', 'departure_clock']",overlapping raw schedule variants; not asserted to be contradictory because the source frequency legend is absent
ix-leg-91498027f4b1d4737f35,ix-variant-4a1d4590345b2cc6697d,ix-variant-0e147d6f1ff6b25cd45d,2026-09-25,2026-09-30,"['raw_frequency', 'arrival_clock', 'departure_clock']",overlapping raw schedule variants; not asserted to be contradictory because the source frequency legend is absent
ix-leg-91498027f4b1d4737f35,ix-variant-4a1d4590345b2cc6697d,ix-variant-f6832436e5b0f989cf3c,2026-10-16,2026-10-21,"['raw_frequency', 'arrival_clock', 'departure_clock']",overlapping raw schedule variants; not asserted to be contradictory because the source frequency legend is absent
ix-leg-91498027f4b1d4737f35,ix-variant-4a1d4590345b2cc6697d,ix-variant-d48b64f1bb5c6040e346,2026-03-30,2026-04-04,"['raw_frequency', 'arrival_clock', 'departure_clock']",overlapping raw schedule variants; not asserted to be contradictory because the source frequency legend is absent
ix-leg-91498027f4b1d4737f35,ix-variant-4a1d4590345b2cc6697d,ix-variant-ec14c385fc43172d0484,2026-04-19,2026-04-25,"['raw_frequency', 'arrival_clock', 'departure_clock']",overlapping raw schedule variants; not asserted to be contradictory because the source frequency legend is absent
ix-leg-91498027f4b1d4737f35,ix-variant-4a1d4590345b2cc6697d,ix-variant-57b59ac4221f753ec2c8,2026-04-26,2026-05-02,"['raw_frequency', 'arrival_clock', 'departure_clock']",overlapping raw schedule variants; not asserted to be contradictory because the source frequency legend is absent
ix-leg-91498027f4b1d4737f35,ix-variant-4a1d4590345b2cc6697d,ix-variant-493dee981a6777c79cba,2026-05-03,2026-05-09,"['raw_frequency', 'arrival_clock', 'departure_clock']",overlapping raw schedule variants; not asserted to be contradictory because the source frequency legend is absent
ix-leg-91498027f4b1d4737f35,ix-variant-4a1d4590345b2cc6697d,ix-variant-c597ad200df4c00cb9d6,2026-05-17,2026-05-23,"['raw_frequency', 'arrival_clock', 'departure_clock']",overlapping raw schedule variants; not asserted to be contradictory because the source frequency legend is absent
ix-leg-91498027f4b1d4737f35,ix-variant-4a1d4590345b2cc6697d,ix-variant-48d2e59202c0c08d7a8b,2026-05-31,2026-06-06,"['raw_frequency', 'arrival_clock', 'departure_clock']",overlapping raw schedule variants; not asserted to be contradictory because the source frequency legend is absent
ix-leg-91498027f4b1d4737f35,ix-variant-4a1d4590345b2cc6697d,ix-variant-434f30b6ac0362afef2d,2026-06-07,2026-06-13,"['raw_frequency', 'arrival_clock', 'departure_clock']",overlapping raw schedule variants; not asserted to be contradictory because the source frequency legend is absent
ix-leg-91498027f4b1d4737f35,ix-variant-4a1d4590345b2cc6697d,ix-variant-5044dae6e232379ee40c,2026-06-14,2026-06-20,"['raw_frequency', 'arrival_clock', 'departure_clock']",overlapping raw schedule variants; not asserted to be contradictory because the source frequency legend is absent
ix-leg-91498027f4b1d4737f35,ix-variant-4a1d4590345b2cc6697d,ix-variant-696ac91ba8a1783be1bc,2026-06-28,2026-07-04,"['raw_frequency', 'arrival_clock', 'departure_clock']",overlapping raw schedule variants; not asserted to be contradictory because the source frequency legend is absent
ix-leg-91498027f4b1d4737f35,ix-variant-4a1d4590345b2cc6697d,ix-variant-540d8711d977c1f31f14,2026-07-12,2026-07-18,"['raw_frequency', 'arrival_clock', 'departure_clock']",overlapping raw schedule variants; not asserted to be contradictory because the source frequency legend is absent
ix-leg-91498027f4b1d4737f35,ix-variant-4a1d4590345b2cc6697d,ix-variant-cf70e66280369f3f4ffe,2026-07-19,2026-07-25,"['raw_frequency', 'arrival_clock', 'departure_clock']",overlapping raw schedule variants; not asserted to be contradictory because the source frequency legend is absent
ix-leg-91498027f4b1d4737f35,ix-variant-4a1d4590345b2cc6697d,ix-variant-a5d8a5907181b8305ce7,2026-07-26,2026-08-01,"['raw_frequency', 'arrival_clock', 'departure_clock']",overlapping raw schedule variants; not asserted to be contradictory because the source frequency legend is absent
ix-leg-91498027f4b1d4737f35,ix-variant-4a1d4590345b2cc6697d,ix-variant-f744588c0a5758f01fe7,2026-08-09,2026-08-15,"['raw_frequency', 'arrival_clock', 'departure_clock']",overlapping raw schedule variants; not asserted to be contradictory because the source frequency legend is absent
ix-leg-91498027f4b1d4737f35,ix-variant-4a1d4590345b2cc6697d,ix-variant-2e8f5b788e02094948a2,2026-08-23,2026-08-29,"['raw_frequency', 'arrival_clock', 'departure_clock']",overlapping raw schedule variants; not asserted to be contradictory because the source frequency legend is absent
ix-leg-91498027f4b1d4737f35,ix-variant-4a1d4590345b2cc6697d,ix-variant-28ad45884f04a7798cd7,2026-08-30,2026-09-05,"['raw_frequency', 'arrival_clock', 'departure_clock']",overlapping raw schedule variants; not asserted to be contradictory because the source frequency legend is absent
ix-leg-91498027f4b1d4737f35,ix-variant-4a1d4590345b2cc6697d,ix-variant-4ac0fe449b38093857b8,2026-09-06,2026-09-12,"['raw_frequency', 'arrival_clock', 'departure_clock']",overlapping raw schedule variants; not asserted to be contradictory because the source frequency legend is absent
ix-leg-91498027f4b1d4737f35,ix-variant-4a1d4590345b2cc6697d,ix-variant-564b77e7e90becd1e29e,2026-09-20,2026-09-26,"['raw_frequency', 'arrival_clock', 'departure_clock']",overlapping raw schedule variants; not asserted to be contradictory because the source frequency legend is absent
ix-leg-91498027f4b1d4737f35,ix-variant-4a1d4590345b2cc6697d,ix-variant-8caa731ce90d4e3e7466,2026-10-04,2026-10-10,"['raw_frequency', 'arrival_clock', 'departure_clock']",overlapping raw schedule variants; not asserted to be contradictory because the source frequency legend is absent
ix-leg-91498027f4b1d4737f35,ix-variant-4a1d4590345b2cc6697d,ix-variant-3a98096c8f7260c55e5d,2026-10-11,2026-10-17,"['raw_frequency', 'arrival_clock', 'departure_clock']",overlapping raw schedule variants; not asserted to be contradictory because the source frequency legend is absent
ix-leg-91498027f4b1d4737f35,ix-variant-4a1d4590345b2cc6697d,ix-variant-d1ed033b760137a43d13,2026-04-17,2026-04-17,"['raw_frequency', 'arrival_clock', 'departure_clock']",overlapping raw schedule variants; not asserted to be contradictory because the source frequency legend is absent
ix-leg-91498027f4b1d4737f35,ix-variant-4a1d4590345b2cc6697d,ix-variant-948f2611da2076814f84,2026-04-18,2026-04-18,"['raw_frequency', 'arrival_clock', 'departure_clock']",overlapping raw schedule variants; not asserted to be contradictory because the source frequency legend is absent
ix-leg-91498027f4b1d4737f35,ix-variant-4a1d4590345b2cc6697d,ix-variant-2428869ea5c6412e0e01,2026-10-24,2026-10-24,"['raw_frequency', 'arrival_clock', 'departure_clock']",overlapping raw schedule variants; not asserted to be contradictory because the source frequency legend is absent
ix-leg-91498027f4b1d4737f35,ix-variant-bbc39fe19e6655551af0,ix-variant-56ea78f3eada42baa061,2026-04-08,2026-04-13,"['raw_frequency', 'arrival_clock', 'departure_clock']",overlapping raw schedule variants; not asserted to be contradictory because the source frequency legend is absent
ix-leg-91498027f4b1d4737f35,ix-variant-bbc39fe19e6655551af0,ix-variant-bdf1a4f43805c05e5e7e,2026-04-08,2026-04-13,['raw_frequency'],overlapping raw schedule variants; not asserted to be contradictory because the source frequency legend is absent
ix-leg-91498027f4b1d4737f35,ix-variant-bbc39fe19e6655551af0,ix-variant-3b8c83a363702cfd76ec,2026-04-10,2026-04-13,['raw_frequency'],overlapping raw schedule variants; not asserted to be contradictory because the source frequency legend is absent
ix-leg-91498027f4b1d4737f35,ix-variant-dc5f96401fe080fcaaf8,ix-variant-ffd5f20250be21528b5b,2026-05-13,2026-05-15,['raw_frequency'],overlapping raw schedule variants; not asserted to be contradictory because the source frequency legend is absent
ix-leg-91498027f4b1d4737f35,ix-variant-dc5f96401fe080fcaaf8,ix-variant-56ea78f3eada42baa061,2026-05-13,2026-05-18,"['raw_frequency', 'arrival_clock', 'departure_clock']",overlapping raw schedule variants; not asserted to be contradictory because the source frequency legend is absent
ix-leg-91498027f4b1d4737f35,ix-variant-dc5f96401fe080fcaaf8,ix-variant-d7c84ef2a9976d2ee009,2026-05-13,2026-05-18,['raw_frequency'],overlapping raw schedule variants; not asserted to be contradictory because the source frequency legend is absent
ix-leg-91498027f4b1d4737f35,ix-variant-dc5f96401fe080fcaaf8,ix-variant-c597ad200df4c00cb9d6,2026-05-17,2026-05-18,['raw_frequency'],overlapping raw schedule variants; not asserted to be contradictory because the source frequency legend is absent
ix-leg-91498027f4b1d4737f35,ix-variant-a12679360f0c36358cf4,ix-variant-4bd1778e1bf6ca17ed0f,2026-06-24,2026-06-26,['raw_frequency'],overlapping raw schedule variants; not asserted to be contradictory because the source frequency legend is absent
ix-leg-91498027f4b1d4737f35,ix-variant-a12679360f0c36358cf4,ix-variant-56ea78f3eada42baa061,2026-06-24,2026-06-29,"['raw_frequency', 'arrival_clock', 'departure_clock']",overlapping raw schedule variants; not asserted to be contradictory because the source frequency legend is absent
ix-leg-91498027f4b1d4737f35,ix-variant-a12679360f0c36358cf4,ix-variant-d7c84ef2a9976d2ee009,2026-06-24,2026-06-29,['raw_frequency'],overlapping raw schedule variants; not asserted to be contradictory because the source frequency legend is absent
ix-leg-91498027f4b1d4737f35,ix-variant-a12679360f0c36358cf4,ix-variant-696ac91ba8a1783be1bc,2026-06-28,2026-06-29,['raw_frequency'],overlapping raw schedule variants; not asserted to be contradictory because the source frequency legend is absent
ix-leg-91498027f4b1d4737f35,ix-variant-6c5e5e12e8051fad6979,ix-variant-55090f1aad3e797729d6,2026-08-05,2026-08-07,['raw_frequency'],overlapping raw schedule variants; not asserted to be contradictory because the source frequency legend is absent
ix-leg-91498027f4b1d4737f35,ix-variant-6c5e5e12e8051fad6979,ix-variant-56ea78f3eada42baa061,2026-08-05,2026-08-10,"['raw_frequency', 'arrival_clock', 'departure_clock']",overlapping raw schedule variants; not asserted to be contradictory because the source frequency legend is absent
ix-leg-91498027f4b1d4737f35,ix-variant-6c5e5e12e8051fad6979,ix-variant-d7c84ef2a9976d2ee009,2026-08-05,2026-08-10,['raw_frequency'],overlapping raw schedule variants; not asserted to be contradictory because the source frequency legend is absent
ix-leg-91498027f4b1d4737f35,ix-variant-6c5e5e12e8051fad6979,ix-variant-f744588c0a5758f01fe7,2026-08-09,2026-08-10,['raw_frequency'],overlapping raw schedule variants; not asserted to be contradictory because the source frequency legend is absent
ix-leg-91498027f4b1d4737f35,ix-variant-24ee34a2e7c1ec001ea1,ix-variant-4a1742770af1040cbe40,2026-09-16,2026-09-18,['raw_frequency'],overlapping raw schedule variants; not asserted to be contradictory because the source frequency legend is absent
ix-leg-91498027f4b1d4737f35,ix-variant-24ee34a2e7c1ec001ea1,ix-variant-56ea78f3eada42baa061,2026-09-16,2026-09-21,"['raw_frequency', 'arrival_clock', 'departure_clock']",overlapping raw schedule variants; not asserted to be contradictory because the source frequency legend is absent
ix-leg-91498027f4b1d4737f35,ix-variant-24ee34a2e7c1ec001ea1,ix-variant-d7c84ef2a9976d2ee009,2026-09-16,2026-09-21,['raw_frequency'],overlapping raw schedule variants; not asserted to be contradictory because the source frequency legend is absent
ix-leg-91498027f4b1d4737f35,ix-variant-24ee34a2e7c1ec001ea1,ix-variant-564b77e7e90becd1e29e,2026-09-20,2026-09-21,['raw_frequency'],overlapping raw schedule variants; not asserted to be contradictory because the source frequency legend is absent
ix-leg-91498027f4b1d4737f35,ix-variant-324ccc57086582882239,ix-variant-56ea78f3eada42baa061,2026-04-20,2026-04-24,"['raw_frequency', 'arrival_clock', 'departure_clock']",overlapping raw schedule variants; not asserted to be contradictory because the source frequency legend is absent
ix-leg-91498027f4b1d4737f35,ix-variant-324ccc57086582882239,ix-variant-d7c84ef2a9976d2ee009,2026-04-21,2026-04-24,['raw_frequency'],overlapping raw schedule variants; not asserted to be contradictory because the source frequency legend is absent
ix-leg-91498027f4b1d4737f35,ix-variant-324ccc57086582882239,ix-variant-ec14c385fc43172d0484,2026-04-20,2026-04-24,['raw_frequency'],overlapping raw schedule variants; not asserted to be contradictory because the source frequency legend is absent
ix-leg-91498027f4b1d4737f35,ix-variant-8103d7ed976a08a53fed,ix-variant-56ea78f3eada42baa061,2026-04-27,2026-05-01,"['raw_frequency', 'arrival_clock', 'departure_clock']",overlapping raw schedule variants; not asserted to be contradictory because the source frequency legend is absent
ix-leg-91498027f4b1d4737f35,ix-variant-8103d7ed976a08a53fed,ix-variant-d7c84ef2a9976d2ee009,2026-04-27,2026-05-01,['raw_frequency'],overlapping raw schedule variants; not asserted to be contradictory because the source frequency legend is absent
ix-leg-91498027f4b1d4737f35,ix-variant-8103d7ed976a08a53fed,ix-variant-57b59ac4221f753ec2c8,2026-04-27,2026-05-01,['raw_frequency'],overlapping raw schedule variants; not asserted to be contradictory because the source frequency legend is absent
ix-leg-91498027f4b1d4737f35,ix-variant-ffd5f20250be21528b5b,ix-variant-56ea78f3eada42baa061,2026-05-11,2026-05-15,"['raw_frequency', 'arrival_clock', 'departure_clock']",overlapping raw schedule variants; not asserted to be contradictory because the source frequency legend is absent
ix-leg-91498027f4b1d4737f35,ix-variant-ffd5f20250be21528b5b,ix-variant-d7c84ef2a9976d2ee009,2026-05-11,2026-05-15,['raw_frequency'],overlapping raw schedule variants; not asserted to be contradictory because the source frequency legend is absent
ix-leg-91498027f4b1d4737f35,ix-variant-ac5b1b44a66bf06c5f49,ix-variant-56ea78f3eada42baa061,2026-05-25,2026-05-29,"['raw_frequency', 'arrival_clock', 'departure_clock']",overlapping raw schedule variants; not asserted to be contradictory because the source frequency legend is absent
ix-leg-91498027f4b1d4737f35,ix-variant-ac5b1b44a66bf06c5f49,ix-variant-d7c84ef2a9976d2ee009,2026-05-25,2026-05-29,['raw_frequency'],overlapping raw schedule variants; not asserted to be contradictory because the source frequency legend is absent
ix-leg-91498027f4b1d4737f35,ix-variant-ac5b1b44a66bf06c5f49,ix-variant-1e721314c66d116f7307,2026-05-25,2026-05-27,['raw_frequency'],overlapping raw schedule variants; not asserted to be contradictory because the source frequency legend is absent
ix-leg-91498027f4b1d4737f35,ix-variant-a07178150db6f39b2e9c,ix-variant-56ea78f3eada42baa061,2026-06-08,2026-06-12,"['raw_frequency', 'arrival_clock', 'departure_clock']",overlapping raw schedule variants; not asserted to be contradictory because the source frequency legend is absent
ix-leg-91498027f4b1d4737f35,ix-variant-a07178150db6f39b2e9c,ix-variant-d7c84ef2a9976d2ee009,2026-06-08,2026-06-12,['raw_frequency'],overlapping raw schedule variants; not asserted to be contradictory because the source frequency legend is absent
ix-leg-91498027f4b1d4737f35,ix-variant-a07178150db6f39b2e9c,ix-variant-434f30b6ac0362afef2d,2026-06-08,2026-06-12,['raw_frequency'],overlapping raw schedule variants; not asserted to be contradictory because the source frequency legend is absent
ix-leg-91498027f4b1d4737f35,ix-variant-4bd1778e1bf6ca17ed0f,ix-variant-56ea78f3eada42baa061,2026-06-22,2026-06-26,"['raw_frequency', 'arrival_clock', 'departure_clock']",overlapping raw schedule variants; not asserted to be contradictory because the source frequency legend is absent
ix-leg-91498027f4b1d4737f35,ix-variant-4bd1778e1bf6ca17ed0f,ix-variant-d7c84ef2a9976d2ee009,2026-06-22,2026-06-26,['raw_frequency'],overlapping raw schedule variants; not asserted to be contradictory because the source frequency legend is absent
ix-leg-91498027f4b1d4737f35,ix-variant-14bab8a1015c2238adc7,ix-variant-56ea78f3eada42baa061,2026-07-06,2026-07-10,"['raw_frequency', 'arrival_clock', 'departure_clock']",overlapping raw schedule variants; not asserted to be contradictory because the source frequency legend is absent
ix-leg-91498027f4b1d4737f35,ix-variant-14bab8a1015c2238adc7,ix-variant-d7c84ef2a9976d2ee009,2026-07-06,2026-07-10,['raw_frequency'],overlapping raw schedule variants; not asserted to be contradictory because the source frequency legend is absent
ix-leg-91498027f4b1d4737f35,ix-variant-14bab8a1015c2238adc7,ix-variant-4bbad7a819a7c88e4a5e,2026-07-06,2026-07-08,['raw_frequency'],overlapping raw schedule variants; not asserted to be contradictory because the source frequency legend is absent
ix-leg-91498027f4b1d4737f35,ix-variant-f9644aa8e20d73de4f54,ix-variant-56ea78f3eada42baa061,2026-07-20,2026-07-24,"['raw_frequency', 'arrival_clock', 'departure_clock']",overlapping raw schedule variants; not asserted to be contradictory because the source frequency legend is absent
ix-leg-91498027f4b1d4737f35,ix-variant-f9644aa8e20d73de4f54,ix-variant-d7c84ef2a9976d2ee009,2026-07-20,2026-07-24,['raw_frequency'],overlapping raw schedule variants; not asserted to be contradictory because the source frequency legend is absent
ix-leg-91498027f4b1d4737f35,ix-variant-f9644aa8e20d73de4f54,ix-variant-cf70e66280369f3f4ffe,2026-07-20,2026-07-24,['raw_frequency'],overlapping raw schedule variants; not asserted to be contradictory because the source frequency legend is absent
ix-leg-91498027f4b1d4737f35,ix-variant-55090f1aad3e797729d6,ix-variant-56ea78f3eada42baa061,2026-08-03,2026-08-07,"['raw_frequency', 'arrival_clock', 'departure_clock']",overlapping raw schedule variants; not asserted to be contradictory because the source frequency legend is absent
ix-leg-91498027f4b1d4737f35,ix-variant-55090f1aad3e797729d6,ix-variant-d7c84ef2a9976d2ee009,2026-08-03,2026-08-07,['raw_frequency'],overlapping raw schedule variants; not asserted to be contradictory because the source frequency legend is absent
ix-leg-91498027f4b1d4737f35,ix-variant-c6484e7a683573cbc67c,ix-variant-56ea78f3eada42baa061,2026-08-17,2026-08-21,"['raw_frequency', 'arrival_clock', 'departure_clock']",overlapping raw schedule variants; not asserted to be contradictory because the source frequency legend is absent
ix-leg-91498027f4b1d4737f35,ix-variant-c6484e7a683573cbc67c,ix-variant-d7c84ef2a9976d2ee009,2026-08-17,2026-08-21,['raw_frequency'],overlapping raw schedule variants; not asserted to be contradictory because the source frequency legend is absent
ix-leg-91498027f4b1d4737f35,ix-variant-c6484e7a683573cbc67c,ix-variant-0bcdb1ce24193190aed6,2026-08-17,2026-08-19,['raw_frequency'],overlapping raw schedule variants; not asserted to be contradictory because the source frequency legend is absent
ix-leg-91498027f4b1d4737f35,ix-variant-2e98cff6165e8c30cffc,ix-variant-56ea78f3eada42baa061,2026-08-31,2026-09-04,"['raw_frequency', 'arrival_clock', 'departure_clock']",overlapping raw schedule variants; not asserted to be contradictory because the source frequency legend is absent
ix-leg-91498027f4b1d4737f35,ix-variant-2e98cff6165e8c30cffc,ix-variant-d7c84ef2a9976d2ee009,2026-08-31,2026-09-04,['raw_frequency'],overlapping raw schedule variants; not asserted to be contradictory because the source frequency legend is absent
ix-leg-91498027f4b1d4737f35,ix-variant-2e98cff6165e8c30cffc,ix-variant-28ad45884f04a7798cd7,2026-08-31,2026-09-04,['raw_frequency'],overlapping raw schedule variants; not asserted to be contradictory because the source frequency legend is absent
ix-leg-91498027f4b1d4737f35,ix-variant-4a1742770af1040cbe40,ix-variant-56ea78f3eada42baa061,2026-09-14,2026-09-18,"['raw_frequency', 'arrival_clock', 'departure_clock']",overlapping raw schedule variants; not asserted to be contradictory because the source frequency legend is absent
ix-leg-91498027f4b1d4737f35,ix-variant-4a1742770af1040cbe40,ix-variant-d7c84ef2a9976d2ee009,2026-09-14,2026-09-18,['raw_frequency'],overlapping raw schedule variants; not asserted to be contradictory because the source frequency legend is absent
ix-leg-91498027f4b1d4737f35,ix-variant-1477a4cccf05beff46e7,ix-variant-56ea78f3eada42baa061,2026-09-28,2026-10-02,"['raw_frequency', 'arrival_clock', 'departure_clock']",overlapping raw schedule variants; not asserted to be contradictory because the source frequency legend is absent
ix-leg-91498027f4b1d4737f35,ix-variant-1477a4cccf05beff46e7,ix-variant-d7c84ef2a9976d2ee009,2026-09-28,2026-10-02,['raw_frequency'],overlapping raw schedule variants; not asserted to be contradictory because the source frequency legend is absent
ix-leg-91498027f4b1d4737f35,ix-variant-1477a4cccf05beff46e7,ix-variant-0e147d6f1ff6b25cd45d,2026-09-28,2026-09-30,['raw_frequency'],overlapping raw schedule variants; not asserted to be contradictory because the source frequency legend is absent
ix-leg-91498027f4b1d4737f35,ix-variant-86ca1e7ba6d3964d0f24,ix-variant-56ea78f3eada42baa061,2026-10-19,2026-10-20,"['raw_frequency', 'arrival_clock', 'departure_clock']",overlapping raw schedule variants; not asserted to be contradictory because the source frequency legend is absent
ix-leg-91498027f4b1d4737f35,ix-variant-86ca1e7ba6d3964d0f24,ix-variant-d7c84ef2a9976d2ee009,2026-10-19,2026-10-22,['raw_frequency'],overlapping raw schedule variants; not asserted to be contradictory because the source frequency legend is absent
ix-leg-91498027f4b1d4737f35,ix-variant-86ca1e7ba6d3964d0f24,ix-variant-f6832436e5b0f989cf3c,2026-10-19,2026-10-21,['raw_frequency'],overlapping raw schedule variants; not asserted to be contradictory because the source frequency legend is absent
ix-leg-91498027f4b1d4737f35,ix-variant-fcedeb723951bcc584e2,ix-variant-56ea78f3eada42baa061,2026-05-30,2026-06-05,"['raw_frequency', 'arrival_clock', 'departure_clock']",overlapping raw schedule variants; not asserted to be contradictory because the source frequency legend is absent
ix-leg-91498027f4b1d4737f35,ix-variant-fcedeb723951bcc584e2,ix-variant-d7c84ef2a9976d2ee009,2026-05-30,2026-06-05,['raw_frequency'],overlapping raw schedule variants; not asserted to be contradictory because the source frequency legend is absent
ix-leg-91498027f4b1d4737f35,ix-variant-fcedeb723951bcc584e2,ix-variant-48d2e59202c0c08d7a8b,2026-05-31,2026-06-05,['raw_frequency'],overlapping raw schedule variants; not asserted to be contradictory because the source frequency legend is absent
ix-leg-91498027f4b1d4737f35,ix-variant-cd2679c349de96d7a3ac,ix-variant-56ea78f3eada42baa061,2026-07-11,2026-07-17,"['raw_frequency', 'arrival_clock', 'departure_clock']",overlapping raw schedule variants; not asserted to be contradictory because the source frequency legend is absent
ix-leg-91498027f4b1d4737f35,ix-variant-cd2679c349de96d7a3ac,ix-variant-d7c84ef2a9976d2ee009,2026-07-11,2026-07-17,['raw_frequency'],overlapping raw schedule variants; not asserted to be contradictory because the source frequency legend is absent
ix-leg-91498027f4b1d4737f35,ix-variant-cd2679c349de96d7a3ac,ix-variant-540d8711d977c1f31f14,2026-07-12,2026-07-17,['raw_frequency'],overlapping raw schedule variants; not asserted to be contradictory because the source frequency legend is absent
ix-leg-91498027f4b1d4737f35,ix-variant-47925d6d63ae28b1baf5,ix-variant-56ea78f3eada42baa061,2026-08-22,2026-08-28,"['raw_frequency', 'arrival_clock', 'departure_clock']",overlapping raw schedule variants; not asserted to be contradictory because the source frequency legend is absent
ix-leg-91498027f4b1d4737f35,ix-variant-47925d6d63ae28b1baf5,ix-variant-d7c84ef2a9976d2ee009,2026-08-22,2026-08-28,['raw_frequency'],overlapping raw schedule variants; not asserted to be contradictory because the source frequency legend is absent
ix-leg-91498027f4b1d4737f35,ix-variant-47925d6d63ae28b1baf5,ix-variant-2e8f5b788e02094948a2,2026-08-23,2026-08-28,['raw_frequency'],overlapping raw schedule variants; not asserted to be contradictory because the source frequency legend is absent
ix-leg-91498027f4b1d4737f35,ix-variant-431e1ce61f197bff2a0c,ix-variant-56ea78f3eada42baa061,2026-10-03,2026-10-09,"['raw_frequency', 'arrival_clock', 'departure_clock']",overlapping raw schedule variants; not asserted to be contradictory because the source frequency legend is absent
ix-leg-91498027f4b1d4737f35,ix-variant-431e1ce61f197bff2a0c,ix-variant-d7c84ef2a9976d2ee009,2026-10-03,2026-10-09,['raw_frequency'],overlapping raw schedule variants; not asserted to be contradictory because the source frequency legend is absent
ix-leg-91498027f4b1d4737f35,ix-variant-431e1ce61f197bff2a0c,ix-variant-8caa731ce90d4e3e7466,2026-10-04,2026-10-09,['raw_frequency'],overlapping raw schedule variants; not asserted to be contradictory because the source frequency legend is absent
ix-leg-91498027f4b1d4737f35,ix-variant-f43dfd97a3eabb0701ff,ix-variant-98d1668d0f4975d565ae,2026-03-31,2026-03-31,"['raw_frequency', 'arrival_clock', 'departure_clock']",overlapping raw schedule variants; not asserted to be contradictory because the source frequency legend is absent
ix-leg-91498027f4b1d4737f35,ix-variant-f43dfd97a3eabb0701ff,ix-variant-bdf1a4f43805c05e5e7e,2026-03-31,2026-04-05,['raw_frequency'],overlapping raw schedule variants; not asserted to be contradictory because the source frequency legend is absent
ix-leg-91498027f4b1d4737f35,ix-variant-f43dfd97a3eabb0701ff,ix-variant-d48b64f1bb5c6040e346,2026-03-30,2026-04-04,['raw_frequency'],overlapping raw schedule variants; not asserted to be contradictory because the source frequency legend is absent
ix-leg-91498027f4b1d4737f35,ix-variant-411429b4384bf3fa0ee9,ix-variant-56ea78f3eada42baa061,2026-05-04,2026-05-10,"['raw_frequency', 'arrival_clock', 'departure_clock']",overlapping raw schedule variants; not asserted to be contradictory because the source frequency legend is absent
ix-leg-91498027f4b1d4737f35,ix-variant-411429b4384bf3fa0ee9,ix-variant-d7c84ef2a9976d2ee009,2026-05-04,2026-05-10,['raw_frequency'],overlapping raw schedule variants; not asserted to be contradictory because the source frequency legend is absent
ix-leg-91498027f4b1d4737f35,ix-variant-411429b4384bf3fa0ee9,ix-variant-493dee981a6777c79cba,2026-05-04,2026-05-09,['raw_frequency'],overlapping raw schedule variants; not asserted to be contradictory because the source frequency legend is absent
ix-leg-91498027f4b1d4737f35,ix-variant-b0279e3fdfc3a9d965b7,ix-variant-56ea78f3eada42baa061,2026-06-15,2026-06-21,"['raw_frequency', 'arrival_clock', 'departure_clock']",overlapping raw schedule variants; not asserted to be contradictory because the source frequency legend is absent
ix-leg-91498027f4b1d4737f35,ix-variant-b0279e3fdfc3a9d965b7,ix-variant-d7c84ef2a9976d2ee009,2026-06-15,2026-06-21,['raw_frequency'],overlapping raw schedule variants; not asserted to be contradictory because the source frequency legend is absent
ix-leg-91498027f4b1d4737f35,ix-variant-b0279e3fdfc3a9d965b7,ix-variant-5044dae6e232379ee40c,2026-06-15,2026-06-20,['raw_frequency'],overlapping raw schedule variants; not asserted to be contradictory because the source frequency legend is absent
ix-leg-91498027f4b1d4737f35,ix-variant-824fb156dd6d590f31c1,ix-variant-56ea78f3eada42baa061,2026-07-27,2026-08-02,"['raw_frequency', 'arrival_clock', 'departure_clock']",overlapping raw schedule variants; not asserted to be contradictory because the source frequency legend is absent
ix-leg-91498027f4b1d4737f35,ix-variant-824fb156dd6d590f31c1,ix-variant-d7c84ef2a9976d2ee009,2026-07-27,2026-08-02,['raw_frequency'],overlapping raw schedule variants; not asserted to be contradictory because the source frequency legend is absent
ix-leg-91498027f4b1d4737f35,ix-variant-824fb156dd6d590f31c1,ix-variant-a5d8a5907181b8305ce7,2026-07-27,2026-08-01,['raw_frequency'],overlapping raw schedule variants; not asserted to be contradictory because the source frequency legend is absent
ix-leg-91498027f4b1d4737f35,ix-variant-2b9b3edae34c8993be49,ix-variant-56ea78f3eada42baa061,2026-09-07,2026-09-13,"['raw_frequency', 'arrival_clock', 'departure_clock']",overlapping raw schedule variants; not asserted to be contradictory because the source frequency legend is absent
ix-leg-91498027f4b1d4737f35,ix-variant-2b9b3edae34c8993be49,ix-variant-d7c84ef2a9976d2ee009,2026-09-07,2026-09-13,['raw_frequency'],overlapping raw schedule variants; not asserted to be contradictory because the source frequency legend is absent
ix-leg-91498027f4b1d4737f35,ix-variant-2b9b3edae34c8993be49,ix-variant-4ac0fe449b38093857b8,2026-09-07,2026-09-12,['raw_frequency'],overlapping raw schedule variants; not asserted to be contradictory because the source frequency legend is absent
ix-leg-91498027f4b1d4737f35,ix-variant-98d1668d0f4975d565ae,ix-variant-bdf1a4f43805c05e5e7e,2026-03-31,2026-03-31,"['raw_frequency', 'arrival_clock', 'departure_clock']",overlapping raw schedule variants; not asserted to be contradictory because the source frequency legend is absent
ix-leg-91498027f4b1d4737f35,ix-variant-98d1668d0f4975d565ae,ix-variant-d48b64f1bb5c6040e346,2026-03-31,2026-03-31,"['raw_frequency', 'arrival_clock', 'departure_clock']",overlapping raw schedule variants; not asserted to be contradictory because the source frequency legend is absent
ix-leg-91498027f4b1d4737f35,ix-variant-56ea78f3eada42baa061,ix-variant-bdf1a4f43805c05e5e7e,2026-04-07,2026-04-16,"['raw_frequency', 'arrival_clock', 'departure_clock']",overlapping raw schedule variants; not asserted to be contradictory because the source frequency legend is absent
ix-leg-91498027f4b1d4737f35,ix-variant-56ea78f3eada42baa061,ix-variant-d7c84ef2a9976d2ee009,2026-04-21,2026-10-20,"['raw_frequency', 'arrival_clock', 'departure_clock']",overlapping raw schedule variants; not asserted to be contradictory because the source frequency legend is absent
ix-leg-91498027f4b1d4737f35,ix-variant-56ea78f3eada42baa061,ix-variant-3b8c83a363702cfd76ec,2026-04-10,2026-04-15,"['raw_frequency', 'arrival_clock', 'departure_clock']",overlapping raw schedule variants; not asserted to be contradictory because the source frequency legend is absent
ix-leg-91498027f4b1d4737f35,ix-variant-56ea78f3eada42baa061,ix-variant-1e721314c66d116f7307,2026-05-22,2026-05-27,"['raw_frequency', 'arrival_clock', 'departure_clock']",overlapping raw schedule variants; not asserted to be contradictory because the source frequency legend is absent
ix-leg-91498027f4b1d4737f35,ix-variant-56ea78f3eada42baa061,ix-variant-4bbad7a819a7c88e4a5e,2026-07-03,2026-07-08,"['raw_frequency', 'arrival_clock', 'departure_clock']",overlapping raw schedule variants; not asserted to be contradictory because the source frequency legend is absent
ix-leg-91498027f4b1d4737f35,ix-variant-56ea78f3eada42baa061,ix-variant-0bcdb1ce24193190aed6,2026-08-14,2026-08-19,"['raw_frequency', 'arrival_clock', 'departure_clock']",overlapping raw schedule variants; not asserted to be contradictory because the source frequency legend is absent
ix-leg-91498027f4b1d4737f35,ix-variant-56ea78f3eada42baa061,ix-variant-0e147d6f1ff6b25cd45d,2026-09-25,2026-09-30,"['raw_frequency', 'arrival_clock', 'departure_clock']",overlapping raw schedule variants; not asserted to be contradictory because the source frequency legend is absent
ix-leg-91498027f4b1d4737f35,ix-variant-56ea78f3eada42baa061,ix-variant-f6832436e5b0f989cf3c,2026-10-16,2026-10-20,"['raw_frequency', 'arrival_clock', 'departure_clock']",overlapping raw schedule variants; not asserted to be contradictory because the source frequency legend is absent
ix-leg-91498027f4b1d4737f35,ix-variant-56ea78f3eada42baa061,ix-variant-ec14c385fc43172d0484,2026-04-19,2026-04-25,"['raw_frequency', 'arrival_clock', 'departure_clock']",overlapping raw schedule variants; not asserted to be contradictory because the source frequency legend is absent
ix-leg-91498027f4b1d4737f35,ix-variant-56ea78f3eada42baa061,ix-variant-57b59ac4221f753ec2c8,2026-04-26,2026-05-02,"['raw_frequency', 'arrival_clock', 'departure_clock']",overlapping raw schedule variants; not asserted to be contradictory because the source frequency legend is absent
ix-leg-91498027f4b1d4737f35,ix-variant-56ea78f3eada42baa061,ix-variant-493dee981a6777c79cba,2026-05-03,2026-05-09,"['raw_frequency', 'arrival_clock', 'departure_clock']",overlapping raw schedule variants; not asserted to be contradictory because the source frequency legend is absent
ix-leg-91498027f4b1d4737f35,ix-variant-56ea78f3eada42baa061,ix-variant-c597ad200df4c00cb9d6,2026-05-17,2026-05-23,"['raw_frequency', 'arrival_clock', 'departure_clock']",overlapping raw schedule variants; not asserted to be contradictory because the source frequency legend is absent
ix-leg-91498027f4b1d4737f35,ix-variant-56ea78f3eada42baa061,ix-variant-48d2e59202c0c08d7a8b,2026-05-31,2026-06-06,"['raw_frequency', 'arrival_clock', 'departure_clock']",overlapping raw schedule variants; not asserted to be contradictory because the source frequency legend is absent
ix-leg-91498027f4b1d4737f35,ix-variant-56ea78f3eada42baa061,ix-variant-434f30b6ac0362afef2d,2026-06-07,2026-06-13,"['raw_frequency', 'arrival_clock', 'departure_clock']",overlapping raw schedule variants; not asserted to be contradictory because the source frequency legend is absent
ix-leg-91498027f4b1d4737f35,ix-variant-56ea78f3eada42baa061,ix-variant-5044dae6e232379ee40c,2026-06-14,2026-06-20,"['raw_frequency', 'arrival_clock', 'departure_clock']",overlapping raw schedule variants; not asserted to be contradictory because the source frequency legend is absent
ix-leg-91498027f4b1d4737f35,ix-variant-56ea78f3eada42baa061,ix-variant-696ac91ba8a1783be1bc,2026-06-28,2026-07-04,"['raw_frequency', 'arrival_clock', 'departure_clock']",overlapping raw schedule variants; not asserted to be contradictory because the source frequency legend is absent
ix-leg-91498027f4b1d4737f35,ix-variant-56ea78f3eada42baa061,ix-variant-540d8711d977c1f31f14,2026-07-12,2026-07-18,"['raw_frequency', 'arrival_clock', 'departure_clock']",overlapping raw schedule variants; not asserted to be contradictory because the source frequency legend is absent
ix-leg-91498027f4b1d4737f35,ix-variant-56ea78f3eada42baa061,ix-variant-cf70e66280369f3f4ffe,2026-07-19,2026-07-25,"['raw_frequency', 'arrival_clock', 'departure_clock']",overlapping raw schedule variants; not asserted to be contradictory because the source frequency legend is absent
ix-leg-91498027f4b1d4737f35,ix-variant-56ea78f3eada42baa061,ix-variant-a5d8a5907181b8305ce7,2026-07-26,2026-08-01,"['raw_frequency', 'arrival_clock', 'departure_clock']",overlapping raw schedule variants; not asserted to be contradictory because the source frequency legend is absent
ix-leg-91498027f4b1d4737f35,ix-variant-56ea78f3eada42baa061,ix-variant-f744588c0a5758f01fe7,2026-08-09,2026-08-15,"['raw_frequency', 'arrival_clock', 'departure_clock']",overlapping raw schedule variants; not asserted to be contradictory because the source frequency legend is absent
ix-leg-91498027f4b1d4737f35,ix-variant-56ea78f3eada42baa061,ix-variant-2e8f5b788e02094948a2,2026-08-23,2026-08-29,"['raw_frequency', 'arrival_clock', 'departure_clock']",overlapping raw schedule variants; not asserted to be contradictory because the source frequency legend is absent
ix-leg-91498027f4b1d4737f35,ix-variant-56ea78f3eada42baa061,ix-variant-28ad45884f04a7798cd7,2026-08-30,2026-09-05,"['raw_frequency', 'arrival_clock', 'departure_clock']",overlapping raw schedule variants; not asserted to be contradictory because the source frequency legend is absent
ix-leg-91498027f4b1d4737f35,ix-variant-56ea78f3eada42baa061,ix-variant-4ac0fe449b38093857b8,2026-09-06,2026-09-12,"['raw_frequency', 'arrival_clock', 'departure_clock']",overlapping raw schedule variants; not asserted to be contradictory because the source frequency legend is absent
ix-leg-91498027f4b1d4737f35,ix-variant-56ea78f3eada42baa061,ix-variant-564b77e7e90becd1e29e,2026-09-20,2026-09-26,"['raw_frequency', 'arrival_clock', 'departure_clock']",overlapping raw schedule variants; not asserted to be contradictory because the source frequency legend is absent
ix-leg-91498027f4b1d4737f35,ix-variant-56ea78f3eada42baa061,ix-variant-8caa731ce90d4e3e7466,2026-10-04,2026-10-10,"['raw_frequency', 'arrival_clock', 'departure_clock']",overlapping raw schedule variants; not asserted to be contradictory because the source frequency legend is absent
ix-leg-91498027f4b1d4737f35,ix-variant-56ea78f3eada42baa061,ix-variant-3a98096c8f7260c55e5d,2026-10-11,2026-10-17,"['raw_frequency', 'arrival_clock', 'departure_clock']",overlapping raw schedule variants; not asserted to be contradictory because the source frequency legend is absent
ix-leg-91498027f4b1d4737f35,ix-variant-56ea78f3eada42baa061,ix-variant-d1ed033b760137a43d13,2026-04-17,2026-04-17,"['raw_frequency', 'arrival_clock', 'departure_clock']",overlapping raw schedule variants; not asserted to be contradictory because the source frequency legend is absent
ix-leg-91498027f4b1d4737f35,ix-variant-56ea78f3eada42baa061,ix-variant-948f2611da2076814f84,2026-04-18,2026-04-18,"['raw_frequency', 'arrival_clock', 'departure_clock']",overlapping raw schedule variants; not asserted to be contradictory because the source frequency legend is absent
ix-leg-91498027f4b1d4737f35,ix-variant-bdf1a4f43805c05e5e7e,ix-variant-3b8c83a363702cfd76ec,2026-04-10,2026-04-15,['raw_frequency'],overlapping raw schedule variants; not asserted to be contradictory because the source frequency legend is absent
ix-leg-91498027f4b1d4737f35,ix-variant-bdf1a4f43805c05e5e7e,ix-variant-d48b64f1bb5c6040e346,2026-03-31,2026-04-04,['raw_frequency'],overlapping raw schedule variants; not asserted to be contradictory because the source frequency legend is absent
ix-leg-91498027f4b1d4737f35,ix-variant-d7c84ef2a9976d2ee009,ix-variant-1e721314c66d116f7307,2026-05-22,2026-05-27,['raw_frequency'],overlapping raw schedule variants; not asserted to be contradictory because the source frequency legend is absent
ix-leg-91498027f4b1d4737f35,ix-variant-d7c84ef2a9976d2ee009,ix-variant-4bbad7a819a7c88e4a5e,2026-07-03,2026-07-08,['raw_frequency'],overlapping raw schedule variants; not asserted to be contradictory because the source frequency legend is absent
ix-leg-91498027f4b1d4737f35,ix-variant-d7c84ef2a9976d2ee009,ix-variant-0bcdb1ce24193190aed6,2026-08-14,2026-08-19,['raw_frequency'],overlapping raw schedule variants; not asserted to be contradictory because the source frequency legend is absent
ix-leg-91498027f4b1d4737f35,ix-variant-d7c84ef2a9976d2ee009,ix-variant-0e147d6f1ff6b25cd45d,2026-09-25,2026-09-30,['raw_frequency'],overlapping raw schedule variants; not asserted to be contradictory because the source frequency legend is absent
ix-leg-91498027f4b1d4737f35,ix-variant-d7c84ef2a9976d2ee009,ix-variant-f6832436e5b0f989cf3c,2026-10-16,2026-10-21,['raw_frequency'],overlapping raw schedule variants; not asserted to be contradictory because the source frequency legend is absent
ix-leg-91498027f4b1d4737f35,ix-variant-d7c84ef2a9976d2ee009,ix-variant-ec14c385fc43172d0484,2026-04-21,2026-04-25,['raw_frequency'],overlapping raw schedule variants; not asserted to be contradictory because the source frequency legend is absent
ix-leg-91498027f4b1d4737f35,ix-variant-d7c84ef2a9976d2ee009,ix-variant-57b59ac4221f753ec2c8,2026-04-26,2026-05-02,['raw_frequency'],overlapping raw schedule variants; not asserted to be contradictory because the source frequency legend is absent
ix-leg-91498027f4b1d4737f35,ix-variant-d7c84ef2a9976d2ee009,ix-variant-493dee981a6777c79cba,2026-05-03,2026-05-09,['raw_frequency'],overlapping raw schedule variants; not asserted to be contradictory because the source frequency legend is absent
ix-leg-91498027f4b1d4737f35,ix-variant-d7c84ef2a9976d2ee009,ix-variant-c597ad200df4c00cb9d6,2026-05-17,2026-05-23,['raw_frequency'],overlapping raw schedule variants; not asserted to be contradictory because the source frequency legend is absent
ix-leg-91498027f4b1d4737f35,ix-variant-d7c84ef2a9976d2ee009,ix-variant-48d2e59202c0c08d7a8b,2026-05-31,2026-06-06,['raw_frequency'],overlapping raw schedule variants; not asserted to be contradictory because the source frequency legend is absent
ix-leg-91498027f4b1d4737f35,ix-variant-d7c84ef2a9976d2ee009,ix-variant-434f30b6ac0362afef2d,2026-06-07,2026-06-13,['raw_frequency'],overlapping raw schedule variants; not asserted to be contradictory because the source frequency legend is absent
ix-leg-91498027f4b1d4737f35,ix-variant-d7c84ef2a9976d2ee009,ix-variant-5044dae6e232379ee40c,2026-06-14,2026-06-20,['raw_frequency'],overlapping raw schedule variants; not asserted to be contradictory because the source frequency legend is absent
ix-leg-91498027f4b1d4737f35,ix-variant-d7c84ef2a9976d2ee009,ix-variant-696ac91ba8a1783be1bc,2026-06-28,2026-07-04,['raw_frequency'],overlapping raw schedule variants; not asserted to be contradictory because the source frequency legend is absent
ix-leg-91498027f4b1d4737f35,ix-variant-d7c84ef2a9976d2ee009,ix-variant-540d8711d977c1f31f14,2026-07-12,2026-07-18,['raw_frequency'],overlapping raw schedule variants; not asserted to be contradictory because the source frequency legend is absent
ix-leg-91498027f4b1d4737f35,ix-variant-d7c84ef2a9976d2ee009,ix-variant-cf70e66280369f3f4ffe,2026-07-19,2026-07-25,['raw_frequency'],overlapping raw schedule variants; not asserted to be contradictory because the source frequency legend is absent
ix-leg-91498027f4b1d4737f35,ix-variant-d7c84ef2a9976d2ee009,ix-variant-a5d8a5907181b8305ce7,2026-07-26,2026-08-01,['raw_frequency'],overlapping raw schedule variants; not asserted to be contradictory because the source frequency legend is absent
ix-leg-91498027f4b1d4737f35,ix-variant-d7c84ef2a9976d2ee009,ix-variant-f744588c0a5758f01fe7,2026-08-09,2026-08-15,['raw_frequency'],overlapping raw schedule variants; not asserted to be contradictory because the source frequency legend is absent
ix-leg-91498027f4b1d4737f35,ix-variant-d7c84ef2a9976d2ee009,ix-variant-2e8f5b788e02094948a2,2026-08-23,2026-08-29,['raw_frequency'],overlapping raw schedule variants; not asserted to be contradictory because the source frequency legend is absent
ix-leg-91498027f4b1d4737f35,ix-variant-d7c84ef2a9976d2ee009,ix-variant-28ad45884f04a7798cd7,2026-08-30,2026-09-05,['raw_frequency'],overlapping raw schedule variants; not asserted to be contradictory because the source frequency legend is absent
ix-leg-91498027f4b1d4737f35,ix-variant-d7c84ef2a9976d2ee009,ix-variant-4ac0fe449b38093857b8,2026-09-06,2026-09-12,['raw_frequency'],overlapping raw schedule variants; not asserted to be contradictory because the source frequency legend is absent
ix-leg-91498027f4b1d4737f35,ix-variant-d7c84ef2a9976d2ee009,ix-variant-564b77e7e90becd1e29e,2026-09-20,2026-09-26,['raw_frequency'],overlapping raw schedule variants; not asserted to be contradictory because the source frequency legend is absent
ix-leg-91498027f4b1d4737f35,ix-variant-d7c84ef2a9976d2ee009,ix-variant-8caa731ce90d4e3e7466,2026-10-04,2026-10-10,['raw_frequency'],overlapping raw schedule variants; not asserted to be contradictory because the source frequency legend is absent
ix-leg-91498027f4b1d4737f35,ix-variant-d7c84ef2a9976d2ee009,ix-variant-3a98096c8f7260c55e5d,2026-10-11,2026-10-17,['raw_frequency'],overlapping raw schedule variants; not asserted to be contradictory because the source frequency legend is absent
ix-leg-91498027f4b1d4737f35,ix-variant-1e721314c66d116f7307,ix-variant-c597ad200df4c00cb9d6,2026-05-22,2026-05-23,['raw_frequency'],overlapping raw schedule variants; not asserted to be contradictory because the source frequency legend is absent
ix-leg-91498027f4b1d4737f35,ix-variant-4bbad7a819a7c88e4a5e,ix-variant-696ac91ba8a1783be1bc,2026-07-03,2026-07-04,['raw_frequency'],overlapping raw schedule variants; not asserted to be contradictory because the source frequency legend is absent
ix-leg-91498027f4b1d4737f35,ix-variant-0bcdb1ce24193190aed6,ix-variant-f744588c0a5758f01fe7,2026-08-14,2026-08-15,['raw_frequency'],overlapping raw schedule variants; not asserted to be contradictory because the source frequency legend is absent
ix-leg-91498027f4b1d4737f35,ix-variant-0e147d6f1ff6b25cd45d,ix-variant-564b77e7e90becd1e29e,2026-09-25,2026-09-26,['raw_frequency'],overlapping raw schedule variants; not asserted to be contradictory because the source frequency legend is absent
ix-leg-91498027f4b1d4737f35,ix-variant-f6832436e5b0f989cf3c,ix-variant-3a98096c8f7260c55e5d,2026-10-16,2026-10-17,['raw_frequency'],overlapping raw schedule variants; not asserted to be contradictory because the source frequency legend is absent
ix-leg-91498027f4b1d4737f35,ix-variant-d48b64f1bb5c6040e346,ix-variant-1712b07defd8045feab1,2026-03-29,2026-03-29,"['raw_frequency', 'arrival_clock', 'departure_clock']",overlapping raw schedule variants; not asserted to be contradictory because the source frequency legend is absent
ix-leg-95ce26c96da0c3529624,ix-variant-0f374a97e21e5b34b155,ix-variant-0cdaa15bab0662006aea,2026-04-06,2026-07-13,"['raw_frequency', 'arrival_clock', 'departure_clock']",overlapping raw schedule variants; not asserted to be contradictory because the source frequency legend is absent
ix-leg-95ce26c96da0c3529624,ix-variant-0f374a97e21e5b34b155,ix-variant-f7dc1d7dfdb8614ce57e,2026-04-06,2026-04-14,['raw_frequency'],overlapping raw schedule variants; not asserted to be contradictory because the source frequency legend is absent
ix-leg-95ce26c96da0c3529624,ix-variant-0f374a97e21e5b34b155,ix-variant-c311aed7ad21f7092513,2026-04-06,2026-07-13,"['raw_frequency', 'arrival_clock', 'departure_clock']",overlapping raw schedule variants; not asserted to be contradictory because the source frequency legend is absent
ix-leg-95ce26c96da0c3529624,ix-variant-0f374a97e21e5b34b155,ix-variant-16d0526d8e3d1bc1d521,2026-04-16,2026-07-13,['raw_frequency'],overlapping raw schedule variants; not asserted to be contradictory because the source frequency legend is absent
ix-leg-95ce26c96da0c3529624,ix-variant-0f374a97e21e5b34b155,ix-variant-b3e8eb79389c90ff49f1,2026-04-06,2026-07-13,['raw_frequency'],overlapping raw schedule variants; not asserted to be contradictory because the source frequency legend is absent
ix-leg-95ce26c96da0c3529624,ix-variant-d1f759440e884616b76e,ix-variant-0cdaa15bab0662006aea,2026-07-20,2026-07-20,"['raw_frequency', 'arrival_clock', 'departure_clock']",overlapping raw schedule variants; not asserted to be contradictory because the source frequency legend is absent
ix-leg-95ce26c96da0c3529624,ix-variant-d1f759440e884616b76e,ix-variant-c311aed7ad21f7092513,2026-07-20,2026-07-20,"['raw_frequency', 'arrival_clock', 'departure_clock']",overlapping raw schedule variants; not asserted to be contradictory because the source frequency legend is absent
ix-leg-95ce26c96da0c3529624,ix-variant-d1f759440e884616b76e,ix-variant-16d0526d8e3d1bc1d521,2026-07-20,2026-07-20,['raw_frequency'],overlapping raw schedule variants; not asserted to be contradictory because the source frequency legend is absent
ix-leg-95ce26c96da0c3529624,ix-variant-d1f759440e884616b76e,ix-variant-b3e8eb79389c90ff49f1,2026-07-20,2026-07-20,['raw_frequency'],overlapping raw schedule variants; not asserted to be contradictory because the source frequency legend is absent
ix-leg-95ce26c96da0c3529624,ix-variant-81882518686e4fbe86a2,ix-variant-0cdaa15bab0662006aea,2026-07-27,2026-10-19,"['raw_frequency', 'arrival_clock', 'departure_clock']",overlapping raw schedule variants; not asserted to be contradictory because the source frequency legend is absent
ix-leg-95ce26c96da0c3529624,ix-variant-81882518686e4fbe86a2,ix-variant-c311aed7ad21f7092513,2026-07-27,2026-10-17,"['raw_frequency', 'arrival_clock', 'departure_clock']",overlapping raw schedule variants; not asserted to be contradictory because the source frequency legend is absent
ix-leg-95ce26c96da0c3529624,ix-variant-81882518686e4fbe86a2,ix-variant-16d0526d8e3d1bc1d521,2026-07-27,2026-10-17,['raw_frequency'],overlapping raw schedule variants; not asserted to be contradictory because the source frequency legend is absent
ix-leg-95ce26c96da0c3529624,ix-variant-81882518686e4fbe86a2,ix-variant-b3e8eb79389c90ff49f1,2026-07-27,2026-10-18,['raw_frequency'],overlapping raw schedule variants; not asserted to be contradictory because the source frequency legend is absent
ix-leg-95ce26c96da0c3529624,ix-variant-2e8a628319d75f1ba40f,ix-variant-0cdaa15bab0662006aea,2026-03-29,2026-04-03,"['arrival_clock', 'departure_clock']",overlapping raw schedule variants; not asserted to be contradictory because the source frequency legend is absent
ix-leg-95ce26c96da0c3529624,ix-variant-2e8a628319d75f1ba40f,ix-variant-f7dc1d7dfdb8614ce57e,2026-03-31,2026-04-03,['raw_frequency'],overlapping raw schedule variants; not asserted to be contradictory because the source frequency legend is absent
ix-leg-95ce26c96da0c3529624,ix-variant-2e8a628319d75f1ba40f,ix-variant-c311aed7ad21f7092513,2026-03-31,2026-04-03,"['raw_frequency', 'arrival_clock', 'departure_clock']",overlapping raw schedule variants; not asserted to be contradictory because the source frequency legend is absent
ix-leg-95ce26c96da0c3529624,ix-variant-0cdaa15bab0662006aea,ix-variant-f7dc1d7dfdb8614ce57e,2026-03-31,2026-04-14,"['raw_frequency', 'arrival_clock', 'departure_clock']",overlapping raw schedule variants; not asserted to be contradictory because the source frequency legend is absent
ix-leg-95ce26c96da0c3529624,ix-variant-0cdaa15bab0662006aea,ix-variant-c311aed7ad21f7092513,2026-03-31,2026-10-17,['raw_frequency'],overlapping raw schedule variants; not asserted to be contradictory because the source frequency legend is absent
ix-leg-95ce26c96da0c3529624,ix-variant-0cdaa15bab0662006aea,ix-variant-16d0526d8e3d1bc1d521,2026-04-16,2026-10-17,"['raw_frequency', 'arrival_clock', 'departure_clock']",overlapping raw schedule variants; not asserted to be contradictory because the source frequency legend is absent
ix-leg-95ce26c96da0c3529624,ix-variant-0cdaa15bab0662006aea,ix-variant-b3e8eb79389c90ff49f1,2026-04-05,2026-10-18,"['raw_frequency', 'arrival_clock', 'departure_clock']",overlapping raw schedule variants; not asserted to be contradictory because the source frequency legend is absent
ix-leg-95ce26c96da0c3529624,ix-variant-07f551172dc3a17b2659,ix-variant-a463d3258218b60dfca9,2026-10-20,2026-10-20,"['raw_frequency', 'arrival_clock', 'departure_clock']",overlapping raw schedule variants; not asserted to be contradictory because the source frequency legend is absent
ix-leg-95ce26c96da0c3529624,ix-variant-a463d3258218b60dfca9,ix-variant-354bab5f47c74ffaa90c,2026-10-21,2026-10-23,"['raw_frequency', 'arrival_clock', 'departure_clock']",overlapping raw schedule variants; not asserted to be contradictory because the source frequency legend is absent
ix-leg-95ce26c96da0c3529624,ix-variant-a463d3258218b60dfca9,ix-variant-7ee06da1a62bf6bc64a2,2026-10-22,2026-10-22,"['raw_frequency', 'arrival_clock']",overlapping raw schedule variants; not asserted to be contradictory because the source frequency legend is absent
ix-leg-95ce26c96da0c3529624,ix-variant-a463d3258218b60dfca9,ix-variant-3dd5f84131f12fd7cbc5,2026-10-24,2026-10-24,"['raw_frequency', 'arrival_clock', 'departure_clock']",overlapping raw schedule variants; not asserted to be contradictory because the source frequency legend is absent
ix-leg-95ce26c96da0c3529624,ix-variant-f7dc1d7dfdb8614ce57e,ix-variant-c311aed7ad21f7092513,2026-03-31,2026-04-14,"['arrival_clock', 'departure_clock']",overlapping raw schedule variants; not asserted to be contradictory because the source frequency legend is absent
ix-leg-95ce26c96da0c3529624,ix-variant-f7dc1d7dfdb8614ce57e,ix-variant-b3e8eb79389c90ff49f1,2026-04-05,2026-04-14,['raw_frequency'],overlapping raw schedule variants; not asserted to be contradictory because the source frequency legend is absent
ix-leg-95ce26c96da0c3529624,ix-variant-c311aed7ad21f7092513,ix-variant-16d0526d8e3d1bc1d521,2026-04-16,2026-10-17,"['arrival_clock', 'departure_clock']",overlapping raw schedule variants; not asserted to be contradictory because the source frequency legend is absent
ix-leg-95ce26c96da0c3529624,ix-variant-c311aed7ad21f7092513,ix-variant-b3e8eb79389c90ff49f1,2026-04-05,2026-10-17,"['raw_frequency', 'arrival_clock', 'departure_clock']",overlapping raw schedule variants; not asserted to be contradictory because the source frequency legend is absent
ix-leg-95ce26c96da0c3529624,ix-variant-16d0526d8e3d1bc1d521,ix-variant-b3e8eb79389c90ff49f1,2026-04-16,2026-10-17,['raw_frequency'],overlapping raw schedule variants; not asserted to be contradictory because the source frequency legend is absent
ix-leg-95ce26c96da0c3529624,ix-variant-354bab5f47c74ffaa90c,ix-variant-7ee06da1a62bf6bc64a2,2026-10-22,2026-10-22,"['raw_frequency', 'departure_clock']",overlapping raw schedule variants; not asserted to be contradictory because the source frequency legend is absent
ix-leg-701558dc242aa5bf6af3,ix-variant-3a2053268daef74f20a0,ix-variant-862484fcef1798f42afc,2026-03-29,2026-10-23,"['aircraft', 'raw_frequency', 'arrival_clock', 'departure_clock']",overlapping raw schedule variants; not asserted to be contradictory because the source frequency legend is absent
ix-leg-701558dc242aa5bf6af3,ix-variant-3a2053268daef74f20a0,ix-variant-c8ffab4717f8d2f75501,2026-04-01,2026-10-21,"['aircraft', 'raw_frequency', 'arrival_clock', 'departure_clock']",overlapping raw schedule variants; not asserted to be contradictory because the source frequency legend is absent
ix-leg-701558dc242aa5bf6af3,ix-variant-d482d3c384b276fd792b,ix-variant-862484fcef1798f42afc,2026-10-24,2026-10-24,"['aircraft', 'raw_frequency', 'arrival_clock', 'departure_clock']",overlapping raw schedule variants; not asserted to be contradictory because the source frequency legend is absent
ix-leg-701558dc242aa5bf6af3,ix-variant-862484fcef1798f42afc,ix-variant-c8ffab4717f8d2f75501,2026-04-01,2026-10-21,"['raw_frequency', 'departure_clock']",overlapping raw schedule variants; not asserted to be contradictory because the source frequency legend is absent
ix-leg-6c5d93141a11f8ade549,ix-variant-3cfe953f1e127b14c120,ix-variant-bee26569f986725e41af,2026-04-01,2026-10-21,"['aircraft', 'raw_frequency', 'arrival_clock']",overlapping raw schedule variants; not asserted to be contradictory because the source frequency legend is absent
ix-leg-3701f7af42c3d306669f,ix-variant-fc52b56af783ed9ca37a,ix-variant-0c63d7d036653c91935b,2026-03-29,2026-10-23,"['arrival_clock', 'departure_clock']",overlapping raw schedule variants; not asserted to be contradictory because the source frequency legend is absent
ix-leg-3701f7af42c3d306669f,ix-variant-0c63d7d036653c91935b,ix-variant-96c0b1ddcc314b33ab6c,2026-10-24,2026-10-24,"['raw_frequency', 'arrival_clock', 'departure_clock']",overlapping raw schedule variants; not asserted to be contradictory because the source frequency legend is absent
ix-leg-a191e5e1cfb371b03834,ix-variant-8a15d1155c6ee5ca160d,ix-variant-c2c0b47cbebc65bcad6a,2026-03-29,2026-04-03,"['raw_frequency', 'arrival_clock', 'departure_clock']",overlapping raw schedule variants; not asserted to be contradictory because the source frequency legend is absent
ix-leg-a191e5e1cfb371b03834,ix-variant-8a15d1155c6ee5ca160d,ix-variant-321ce03a6f94386cb031,2026-04-05,2026-10-19,"['raw_frequency', 'arrival_clock', 'departure_clock']",overlapping raw schedule variants; not asserted to be contradictory because the source frequency legend is absent
ix-leg-a191e5e1cfb371b03834,ix-variant-8a15d1155c6ee5ca160d,ix-variant-8398e304598c32a562a6,2026-10-20,2026-10-23,"['raw_frequency', 'arrival_clock', 'departure_clock']",overlapping raw schedule variants; not asserted to be contradictory because the source frequency legend is absent
ix-leg-a191e5e1cfb371b03834,ix-variant-8a15d1155c6ee5ca160d,ix-variant-e6488c34807173816eaf,2026-03-31,2026-10-17,"['raw_frequency', 'arrival_clock', 'departure_clock']",overlapping raw schedule variants; not asserted to be contradictory because the source frequency legend is absent
ix-leg-a191e5e1cfb371b03834,ix-variant-8a15d1155c6ee5ca160d,ix-variant-ba1e032a294104d008ae,2026-10-22,2026-10-22,"['raw_frequency', 'arrival_clock', 'departure_clock']",overlapping raw schedule variants; not asserted to be contradictory because the source frequency legend is absent
ix-leg-a191e5e1cfb371b03834,ix-variant-8a15d1155c6ee5ca160d,ix-variant-2596d6cfe158099c5007,2026-10-24,2026-10-24,"['raw_frequency', 'arrival_clock', 'departure_clock']",overlapping raw schedule variants; not asserted to be contradictory because the source frequency legend is absent
ix-leg-a191e5e1cfb371b03834,ix-variant-c2c0b47cbebc65bcad6a,ix-variant-e6488c34807173816eaf,2026-03-31,2026-04-03,"['raw_frequency', 'arrival_clock']",overlapping raw schedule variants; not asserted to be contradictory because the source frequency legend is absent
ix-leg-a191e5e1cfb371b03834,ix-variant-321ce03a6f94386cb031,ix-variant-e6488c34807173816eaf,2026-04-05,2026-10-17,['raw_frequency'],overlapping raw schedule variants; not asserted to be contradictory because the source frequency legend is absent
ix-leg-a191e5e1cfb371b03834,ix-variant-8398e304598c32a562a6,ix-variant-ba1e032a294104d008ae,2026-10-22,2026-10-22,['raw_frequency'],overlapping raw schedule variants; not asserted to be contradictory because the source frequency legend is absent
ix-leg-ef616141bf3c111e3794,ix-variant-825bc373caec911f0bcc,ix-variant-b0b0618236b36678048b,2026-03-29,2026-10-23,"['arrival_clock', 'departure_clock']",overlapping raw schedule variants; not asserted to be contradictory because the source frequency legend is absent
ix-leg-ef616141bf3c111e3794,ix-variant-b0b0618236b36678048b,ix-variant-03dfcd000f79d0dd5a0e,2026-10-24,2026-10-24,"['raw_frequency', 'arrival_clock', 'departure_clock']",overlapping raw schedule variants; not asserted to be contradictory because the source frequency legend is absent
ix-leg-a6d31734c452fee7527e,ix-variant-0b4433d86974573590ba,ix-variant-42d927677b82328cb864,2026-03-29,2026-10-23,"['aircraft', 'arrival_clock', 'departure_clock']",overlapping raw schedule variants; not asserted to be contradictory because the source frequency legend is absent
ix-leg-a6d31734c452fee7527e,ix-variant-42d927677b82328cb864,ix-variant-118b06b4b2d0a97de0ad,2026-10-24,2026-10-24,"['raw_frequency', 'arrival_clock', 'departure_clock']",overlapping raw schedule variants; not asserted to be contradictory because the source frequency legend is absent
ix-leg-4ffcf161215f4fd97f7e,ix-variant-aacee45127a5cc84db4f,ix-variant-7cd6ffcaba66e648018e,2026-04-01,2026-10-21,"['raw_frequency', 'arrival_clock', 'departure_clock']",overlapping raw schedule variants; not asserted to be contradictory because the source frequency legend is absent
ix-leg-d51c4028ae1777045b26,ix-variant-41c605f2f2774c1d3469,ix-variant-f8e24c3d3dd88a57b076,2026-03-30,2026-04-06,"['arrival_clock', 'departure_clock']",overlapping raw schedule variants; not asserted to be contradictory because the source frequency legend is absent
ix-leg-d51c4028ae1777045b26,ix-variant-41c605f2f2774c1d3469,ix-variant-e400d42b87206dd82230,2026-04-07,2026-04-13,"['arrival_clock', 'departure_clock']",overlapping raw schedule variants; not asserted to be contradictory because the source frequency legend is absent
ix-leg-d51c4028ae1777045b26,ix-variant-41c605f2f2774c1d3469,ix-variant-4d2d05f65879cf7fef6a,2026-04-14,2026-10-24,"['arrival_clock', 'departure_clock']",overlapping raw schedule variants; not asserted to be contradictory because the source frequency legend is absent
ix-leg-a78bd51d7dfc596c31ee,ix-variant-cc8b9103b53ef311b4cc,ix-variant-4a582a495bb6113c8a1d,2026-04-02,2026-10-19,['raw_frequency'],overlapping raw schedule variants; not asserted to be contradictory because the source frequency legend is absent
ix-leg-a78bd51d7dfc596c31ee,ix-variant-cc8b9103b53ef311b4cc,ix-variant-2d51b35abe88396a8d16,2026-04-04,2026-10-19,['raw_frequency'],overlapping raw schedule variants; not asserted to be contradictory because the source frequency legend is absent
ix-leg-a78bd51d7dfc596c31ee,ix-variant-cc8b9103b53ef311b4cc,ix-variant-34173e7d42d851a469cd,2026-03-30,2026-10-19,"['aircraft', 'raw_frequency', 'arrival_clock', 'departure_clock']",overlapping raw schedule variants; not asserted to be contradictory because the source frequency legend is absent
ix-leg-a78bd51d7dfc596c31ee,ix-variant-4a582a495bb6113c8a1d,ix-variant-2d51b35abe88396a8d16,2026-04-04,2026-10-22,['raw_frequency'],overlapping raw schedule variants; not asserted to be contradictory because the source frequency legend is absent
ix-leg-a78bd51d7dfc596c31ee,ix-variant-4a582a495bb6113c8a1d,ix-variant-34173e7d42d851a469cd,2026-04-02,2026-10-22,"['aircraft', 'raw_frequency', 'arrival_clock', 'departure_clock']",overlapping raw schedule variants; not asserted to be contradictory because the source frequency legend is absent
ix-leg-a78bd51d7dfc596c31ee,ix-variant-2d51b35abe88396a8d16,ix-variant-34173e7d42d851a469cd,2026-04-04,2026-10-24,"['aircraft', 'raw_frequency', 'arrival_clock', 'departure_clock']",overlapping raw schedule variants; not asserted to be contradictory because the source frequency legend is absent
ix-leg-fa986c72ee94cc8988f0,ix-variant-0fcfcc20cbd0f7dd3256,ix-variant-78bf15bf47da8c9ac44a,2026-08-03,2026-10-15,"['raw_frequency', 'arrival_clock', 'departure_clock']",overlapping raw schedule variants; not asserted to be contradictory because the source frequency legend is absent
ix-leg-fa986c72ee94cc8988f0,ix-variant-6e28bf2c31aefa018460,ix-variant-78bf15bf47da8c9ac44a,2026-03-29,2026-07-31,"['arrival_clock', 'departure_clock']",overlapping raw schedule variants; not asserted to be contradictory because the source frequency legend is absent
ix-leg-f37471cd42403c811c89,ix-variant-a99ff58db9f31912c343,ix-variant-b5c9b957bed9ab52e373,2026-03-30,2026-03-30,"['raw_frequency', 'arrival_clock', 'departure_clock']",overlapping raw schedule variants; not asserted to be contradictory because the source frequency legend is absent
ix-leg-f37471cd42403c811c89,ix-variant-a99ff58db9f31912c343,ix-variant-40a927af063d72958ac7,2026-03-30,2026-03-30,"['raw_frequency', 'arrival_clock', 'departure_clock']",overlapping raw schedule variants; not asserted to be contradictory because the source frequency legend is absent
ix-leg-f37471cd42403c811c89,ix-variant-685fc76dde8262e570cc,ix-variant-b5c9b957bed9ab52e373,2026-04-06,2026-04-13,"['raw_frequency', 'arrival_clock', 'departure_clock']",overlapping raw schedule variants; not asserted to be contradictory because the source frequency legend is absent
ix-leg-f37471cd42403c811c89,ix-variant-685fc76dde8262e570cc,ix-variant-5a1f9396b445b300d5af,2026-04-06,2026-04-13,['raw_frequency'],overlapping raw schedule variants; not asserted to be contradictory because the source frequency legend is absent
ix-leg-f37471cd42403c811c89,ix-variant-685fc76dde8262e570cc,ix-variant-40a927af063d72958ac7,2026-04-06,2026-04-13,"['raw_frequency', 'arrival_clock', 'departure_clock']",overlapping raw schedule variants; not asserted to be contradictory because the source frequency legend is absent
ix-leg-f37471cd42403c811c89,ix-variant-2bc4d5e4c12e9f28cbbe,ix-variant-ab5be9f42ecff21fda9b,2026-04-17,2026-10-19,"['raw_frequency', 'arrival_clock', 'departure_clock']",overlapping raw schedule variants; not asserted to be contradictory because the source frequency legend is absent
ix-leg-f37471cd42403c811c89,ix-variant-2bc4d5e4c12e9f28cbbe,ix-variant-8e1ab0e7c6e1a3368fba,2026-10-20,2026-10-23,"['raw_frequency', 'arrival_clock', 'departure_clock']",overlapping raw schedule variants; not asserted to be contradictory because the source frequency legend is absent
ix-leg-f37471cd42403c811c89,ix-variant-2bc4d5e4c12e9f28cbbe,ix-variant-5a1f9396b445b300d5af,2026-04-17,2026-10-17,"['raw_frequency', 'arrival_clock', 'departure_clock']",overlapping raw schedule variants; not asserted to be contradictory because the source frequency legend is absent
ix-leg-f37471cd42403c811c89,ix-variant-2bc4d5e4c12e9f28cbbe,ix-variant-f1a4d1a9627803f81c1c,2026-10-22,2026-10-22,"['raw_frequency', 'arrival_clock', 'departure_clock']",overlapping raw schedule variants; not asserted to be contradictory because the source frequency legend is absent
ix-leg-f37471cd42403c811c89,ix-variant-b5c9b957bed9ab52e373,ix-variant-5a1f9396b445b300d5af,2026-03-31,2026-04-16,"['raw_frequency', 'arrival_clock', 'departure_clock']",overlapping raw schedule variants; not asserted to be contradictory because the source frequency legend is absent
ix-leg-f37471cd42403c811c89,ix-variant-b5c9b957bed9ab52e373,ix-variant-40a927af063d72958ac7,2026-03-30,2026-04-15,"['raw_frequency', 'departure_clock']",overlapping raw schedule variants; not asserted to be contradictory because the source frequency legend is absent
ix-leg-f37471cd42403c811c89,ix-variant-ab5be9f42ecff21fda9b,ix-variant-5a1f9396b445b300d5af,2026-04-17,2026-10-17,['raw_frequency'],overlapping raw schedule variants; not asserted to be contradictory because the source frequency legend is absent
ix-leg-f37471cd42403c811c89,ix-variant-8e1ab0e7c6e1a3368fba,ix-variant-f1a4d1a9627803f81c1c,2026-10-22,2026-10-22,['raw_frequency'],overlapping raw schedule variants; not asserted to be contradictory because the source frequency legend is absent
ix-leg-f37471cd42403c811c89,ix-variant-5a1f9396b445b300d5af,ix-variant-40a927af063d72958ac7,2026-03-31,2026-04-15,"['raw_frequency', 'arrival_clock', 'departure_clock']",overlapping raw schedule variants; not asserted to be contradictory because the source frequency legend is absent
ix-leg-4606c86c6252b277b400,ix-variant-8a3431a1decbf5d6fe5c,ix-variant-67459d3f8d56d2561be0,2026-03-30,2026-10-24,"['raw_frequency', 'arrival_clock', 'departure_clock']",overlapping raw schedule variants; not asserted to be contradictory because the source frequency legend is absent
ix-leg-4606c86c6252b277b400,ix-variant-8a3431a1decbf5d6fe5c,ix-variant-61b028f1997d05ce0192,2026-03-30,2026-10-18,['raw_frequency'],overlapping raw schedule variants; not asserted to be contradictory because the source frequency legend is absent
ix-leg-4606c86c6252b277b400,ix-variant-67459d3f8d56d2561be0,ix-variant-61b028f1997d05ce0192,2026-03-29,2026-10-18,"['raw_frequency', 'arrival_clock', 'departure_clock']",overlapping raw schedule variants; not asserted to be contradictory because the source frequency legend is absent
ix-leg-5329c284af1eb6b6aacc,ix-variant-9528c6eb98f1ee16b36c,ix-variant-f4ca955d0cf42e93285d,2026-03-30,2026-10-24,"['aircraft', 'raw_frequency', 'arrival_clock', 'departure_clock']",overlapping raw schedule variants; not asserted to be contradictory because the source frequency legend is absent
ix-leg-0fb1ca8a8606dd0b79a7,ix-variant-92e42d6381f03529941f,ix-variant-2312640525342335ae63,2026-03-30,2026-10-23,"['raw_frequency', 'arrival_clock', 'departure_clock']",overlapping raw schedule variants; not asserted to be contradictory because the source frequency legend is absent
ix-leg-b0fcd6a91262caffce70,ix-variant-168af7015bc4f7757614,ix-variant-6f4c4d5205c91369184d,2026-03-31,2026-10-22,"['aircraft', 'arrival_clock', 'departure_clock']",overlapping raw schedule variants; not asserted to be contradictory because the source frequency legend is absent
ix-leg-b0fcd6a91262caffce70,ix-variant-e709a461f04a9f103b5a,ix-variant-6f4c4d5205c91369184d,2026-10-24,2026-10-24,"['aircraft', 'raw_frequency', 'arrival_clock', 'departure_clock']",overlapping raw schedule variants; not asserted to be contradictory because the source frequency legend is absent
ix-leg-3eebf78603a0bc4b218b,ix-variant-9762a33399b644618882,ix-variant-178f32351e2c07ec75a8,2026-04-01,2026-07-29,"['arrival_clock', 'departure_clock']",overlapping raw schedule variants; not asserted to be contradictory because the source frequency legend is absent
ix-leg-3eebf78603a0bc4b218b,ix-variant-178f32351e2c07ec75a8,ix-variant-bcc4016b553442b26baf,2026-08-05,2026-10-14,"['arrival_clock', 'departure_clock']",overlapping raw schedule variants; not asserted to be contradictory because the source frequency legend is absent
ix-leg-2ce69d9e9fbda3491360,ix-variant-fbf945dce8032cbfd0ce,ix-variant-b6b5d008d1d3d16a65ed,2026-04-01,2026-10-20,"['arrival_clock', 'departure_clock']",overlapping raw schedule variants; not asserted to be contradictory because the source frequency legend is absent
ix-leg-d3a032e890e8ad3fafc6,ix-variant-a7393d5f21be3ea8bbd1,ix-variant-f8c9a3bb25eb07483b57,2026-07-02,2026-10-22,"['raw_frequency', 'arrival_clock', 'departure_clock']",overlapping raw schedule variants; not asserted to be contradictory because the source frequency legend is absent
ix-leg-d3a032e890e8ad3fafc6,ix-variant-a7393d5f21be3ea8bbd1,ix-variant-99f00861aef98d9a1431,2026-03-30,2026-06-30,"['aircraft', 'raw_frequency', 'arrival_clock', 'departure_clock']",overlapping raw schedule variants; not asserted to be contradictory because the source frequency legend is absent
ix-leg-d3a032e890e8ad3fafc6,ix-variant-a7393d5f21be3ea8bbd1,ix-variant-e3a03f382b359620758e,2026-07-06,2026-10-20,"['aircraft', 'raw_frequency', 'arrival_clock', 'departure_clock']",overlapping raw schedule variants; not asserted to be contradictory because the source frequency legend is absent
ix-leg-d3a032e890e8ad3fafc6,ix-variant-a7393d5f21be3ea8bbd1,ix-variant-0fd4655d2ce6ac412433,2026-03-29,2026-06-24,"['aircraft', 'raw_frequency', 'arrival_clock', 'departure_clock']",overlapping raw schedule variants; not asserted to be contradictory because the source frequency legend is absent
ix-leg-d3a032e890e8ad3fafc6,ix-variant-a7393d5f21be3ea8bbd1,ix-variant-77ef926df29d4d5b04a7,2026-06-26,2026-07-01,"['aircraft', 'raw_frequency', 'arrival_clock', 'departure_clock']",overlapping raw schedule variants; not asserted to be contradictory because the source frequency legend is absent
ix-leg-d3a032e890e8ad3fafc6,ix-variant-a7393d5f21be3ea8bbd1,ix-variant-6c7688fd08bd30152864,2026-07-03,2026-10-24,"['aircraft', 'raw_frequency', 'arrival_clock', 'departure_clock']",overlapping raw schedule variants; not asserted to be contradictory because the source frequency legend is absent
ix-leg-d3a032e890e8ad3fafc6,ix-variant-a7393d5f21be3ea8bbd1,ix-variant-99df0404d7327ad8e6e8,2026-04-02,2026-06-25,"['aircraft', 'raw_frequency', 'arrival_clock', 'departure_clock']",overlapping raw schedule variants; not asserted to be contradictory because the source frequency legend is absent
ix-leg-d3a032e890e8ad3fafc6,ix-variant-f8c9a3bb25eb07483b57,ix-variant-e3a03f382b359620758e,2026-07-06,2026-10-20,"['aircraft', 'raw_frequency', 'departure_clock']",overlapping raw schedule variants; not asserted to be contradictory because the source frequency legend is absent
ix-leg-d3a032e890e8ad3fafc6,ix-variant-f8c9a3bb25eb07483b57,ix-variant-6c7688fd08bd30152864,2026-07-03,2026-10-22,"['aircraft', 'raw_frequency']",overlapping raw schedule variants; not asserted to be contradictory because the source frequency legend is absent
ix-leg-d3a032e890e8ad3fafc6,ix-variant-99f00861aef98d9a1431,ix-variant-0fd4655d2ce6ac412433,2026-03-30,2026-06-24,"['raw_frequency', 'departure_clock']",overlapping raw schedule variants; not asserted to be contradictory because the source frequency legend is absent
ix-leg-d3a032e890e8ad3fafc6,ix-variant-99f00861aef98d9a1431,ix-variant-77ef926df29d4d5b04a7,2026-06-26,2026-06-30,"['raw_frequency', 'departure_clock']",overlapping raw schedule variants; not asserted to be contradictory because the source frequency legend is absent
ix-leg-d3a032e890e8ad3fafc6,ix-variant-99f00861aef98d9a1431,ix-variant-99df0404d7327ad8e6e8,2026-04-02,2026-06-25,"['raw_frequency', 'departure_clock']",overlapping raw schedule variants; not asserted to be contradictory because the source frequency legend is absent
ix-leg-d3a032e890e8ad3fafc6,ix-variant-e3a03f382b359620758e,ix-variant-6c7688fd08bd30152864,2026-07-06,2026-10-20,"['raw_frequency', 'departure_clock']",overlapping raw schedule variants; not asserted to be contradictory because the source frequency legend is absent
ix-leg-d3a032e890e8ad3fafc6,ix-variant-0fd4655d2ce6ac412433,ix-variant-99df0404d7327ad8e6e8,2026-04-02,2026-06-24,['raw_frequency'],overlapping raw schedule variants; not asserted to be contradictory because the source frequency legend is absent
ix-leg-b7e198e13c63a6c613bf,ix-variant-47a2c0c91185877210aa,ix-variant-1fd87189a5f79ef58b2e,2026-03-30,2026-10-19,"['raw_frequency', 'arrival_clock', 'departure_clock']",overlapping raw schedule variants; not asserted to be contradictory because the source frequency legend is absent
ix-leg-b7e198e13c63a6c613bf,ix-variant-47a2c0c91185877210aa,ix-variant-c032e04d8d789e58252e,2026-03-30,2026-10-19,"['raw_frequency', 'arrival_clock']",overlapping raw schedule variants; not asserted to be contradictory because the source frequency legend is absent
ix-leg-b7e198e13c63a6c613bf,ix-variant-1fd87189a5f79ef58b2e,ix-variant-c032e04d8d789e58252e,2026-03-29,2026-10-24,"['raw_frequency', 'arrival_clock', 'departure_clock']",overlapping raw schedule variants; not asserted to be contradictory because the source frequency legend is absent
ix-leg-a2b1636bf0be7e08a52a,ix-variant-e2a6f41d8d1c888b9a61,ix-variant-8194644496b0da7eb133,2026-03-30,2026-10-24,"['aircraft', 'arrival_clock', 'departure_clock']",overlapping raw schedule variants; not asserted to be contradictory because the source frequency legend is absent
ix-leg-a2b1636bf0be7e08a52a,ix-variant-e2a6f41d8d1c888b9a61,ix-variant-d4473428b4e62a513c49,2026-03-29,2026-03-29,"['aircraft', 'raw_frequency', 'arrival_clock', 'departure_clock']",overlapping raw schedule variants; not asserted to be contradictory because the source frequency legend is absent
ix-leg-e3de2e237468a9d775e0,ix-variant-0ea526c64646b0bdc090,ix-variant-6a359ea1e405267e2a68,2026-03-29,2026-10-23,"['arrival_clock', 'departure_clock']",overlapping raw schedule variants; not asserted to be contradictory because the source frequency legend is absent
ix-leg-e3de2e237468a9d775e0,ix-variant-0ea526c64646b0bdc090,ix-variant-7271ac05b07c8b705780,2026-03-29,2026-03-29,['raw_frequency'],overlapping raw schedule variants; not asserted to be contradictory because the source frequency legend is absent
ix-leg-e3de2e237468a9d775e0,ix-variant-6a359ea1e405267e2a68,ix-variant-7271ac05b07c8b705780,2026-03-29,2026-03-29,"['raw_frequency', 'arrival_clock', 'departure_clock']",overlapping raw schedule variants; not asserted to be contradictory because the source frequency legend is absent
ix-leg-2baa48478909477b0a61,ix-variant-443e2ae0b28f50f65d20,ix-variant-5b7c5b6519cee69d405a,2026-03-30,2026-10-23,"['aircraft', 'raw_frequency', 'arrival_clock', 'departure_clock']",overlapping raw schedule variants; not asserted to be contradictory because the source frequency legend is absent
ix-leg-2baa48478909477b0a61,ix-variant-443e2ae0b28f50f65d20,ix-variant-80853299207a6a33ece6,2026-03-31,2026-10-24,"['aircraft', 'raw_frequency', 'arrival_clock', 'departure_clock']",overlapping raw schedule variants; not asserted to be contradictory because the source frequency legend is absent
ix-leg-2baa48478909477b0a61,ix-variant-5b7c5b6519cee69d405a,ix-variant-80853299207a6a33ece6,2026-03-31,2026-10-23,"['raw_frequency', 'departure_clock']",overlapping raw schedule variants; not asserted to be contradictory because the source frequency legend is absent
ix-leg-63e37b251523f863bf4c,ix-variant-98f5d012c7e48913fb89,ix-variant-f30875bf6cc502194b04,2026-03-29,2026-10-23,"['arrival_clock', 'departure_clock']",overlapping raw schedule variants; not asserted to be contradictory because the source frequency legend is absent
ix-leg-63e37b251523f863bf4c,ix-variant-98f5d012c7e48913fb89,ix-variant-929f51598764b602c9f3,2026-03-29,2026-03-29,['raw_frequency'],overlapping raw schedule variants; not asserted to be contradictory because the source frequency legend is absent
ix-leg-63e37b251523f863bf4c,ix-variant-f30875bf6cc502194b04,ix-variant-929f51598764b602c9f3,2026-03-29,2026-03-29,"['raw_frequency', 'arrival_clock', 'departure_clock']",overlapping raw schedule variants; not asserted to be contradictory because the source frequency legend is absent
ix-leg-1c6e40162dadbee97883,ix-variant-17bd9dd1ad2b1d0668c2,ix-variant-a5a456e844c97b7f84d0,2026-03-30,2026-10-24,"['raw_frequency', 'arrival_clock', 'departure_clock']",overlapping raw schedule variants; not asserted to be contradictory because the source frequency legend is absent
ix-leg-1c6e40162dadbee97883,ix-variant-17bd9dd1ad2b1d0668c2,ix-variant-f306ee37b8c5944dfab4,2026-04-03,2026-10-23,"['raw_frequency', 'arrival_clock', 'departure_clock']",overlapping raw schedule variants; not asserted to be contradictory because the source frequency legend is absent
ix-leg-1c6e40162dadbee97883,ix-variant-a5a456e844c97b7f84d0,ix-variant-f306ee37b8c5944dfab4,2026-04-03,2026-10-23,['raw_frequency'],overlapping raw schedule variants; not asserted to be contradictory because the source frequency legend is absent
ix-leg-1c6e40162dadbee97883,ix-variant-a5a456e844c97b7f84d0,ix-variant-b5cdf655aa3bd52ba464,2026-03-29,2026-03-29,"['raw_frequency', 'arrival_clock', 'departure_clock']",overlapping raw schedule variants; not asserted to be contradictory because the source frequency legend is absent
ix-leg-fec4f9ec713bdddaa624,ix-variant-aa7e244ec93ed8f96247,ix-variant-feef4f19116c91dfb820,2026-03-29,2026-10-23,"['arrival_clock', 'departure_clock']",overlapping raw schedule variants; not asserted to be contradictory because the source frequency legend is absent
ix-leg-fec4f9ec713bdddaa624,ix-variant-aa7e244ec93ed8f96247,ix-variant-61bb3c8b474e06a30c02,2026-03-29,2026-03-29,['raw_frequency'],overlapping raw schedule variants; not asserted to be contradictory because the source frequency legend is absent
ix-leg-fec4f9ec713bdddaa624,ix-variant-feef4f19116c91dfb820,ix-variant-61bb3c8b474e06a30c02,2026-03-29,2026-03-29,"['raw_frequency', 'arrival_clock', 'departure_clock']",overlapping raw schedule variants; not asserted to be contradictory because the source frequency legend is absent
ix-leg-5cd977dd1f47f1b58333,ix-variant-24c7e2419ed9a524cec4,ix-variant-16ac0be487496e73cdc9,2026-03-29,2026-10-24,"['aircraft', 'arrival_clock', 'departure_clock']",overlapping raw schedule variants; not asserted to be contradictory because the source frequency legend is absent
ix-leg-9a313de80bcbdaf2fd5b,ix-variant-082b5d0da7c181beb48a,ix-variant-d3568e7208cc52555a7d,2026-03-29,2026-04-04,"['arrival_clock', 'departure_clock']",overlapping raw schedule variants; not asserted to be contradictory because the source frequency legend is absent
ix-leg-9a313de80bcbdaf2fd5b,ix-variant-d3568e7208cc52555a7d,ix-variant-7c741fa3875dd8b018d3,2026-04-05,2026-10-24,"['arrival_clock', 'departure_clock']",overlapping raw schedule variants; not asserted to be contradictory because the source frequency legend is absent
ix-leg-537b3c61a1fa4269dc4d,ix-variant-653ca446a6d2086a9bed,ix-variant-685d32d75ab2fdf54cee,2026-03-30,2026-10-23,"['raw_frequency', 'arrival_clock', 'departure_clock']",overlapping raw schedule variants; not asserted to be contradictory because the source frequency legend is absent
ix-leg-537b3c61a1fa4269dc4d,ix-variant-653ca446a6d2086a9bed,ix-variant-34b6c7b29b01fc23642c,2026-03-31,2026-10-24,"['raw_frequency', 'arrival_clock', 'departure_clock']",overlapping raw schedule variants; not asserted to be contradictory because the source frequency legend is absent
ix-leg-537b3c61a1fa4269dc4d,ix-variant-653ca446a6d2086a9bed,ix-variant-4f82421c3f7fb656581b,2026-04-03,2026-10-23,['raw_frequency'],overlapping raw schedule variants; not asserted to be contradictory because the source frequency legend is absent
ix-leg-537b3c61a1fa4269dc4d,ix-variant-653ca446a6d2086a9bed,ix-variant-6bdf370c8e8e98f4a167,2026-03-29,2026-03-29,"['raw_frequency', 'arrival_clock', 'departure_clock']",overlapping raw schedule variants; not asserted to be contradictory because the source frequency legend is absent
ix-leg-537b3c61a1fa4269dc4d,ix-variant-685d32d75ab2fdf54cee,ix-variant-34b6c7b29b01fc23642c,2026-03-31,2026-10-23,['raw_frequency'],overlapping raw schedule variants; not asserted to be contradictory because the source frequency legend is absent
ix-leg-537b3c61a1fa4269dc4d,ix-variant-685d32d75ab2fdf54cee,ix-variant-4f82421c3f7fb656581b,2026-04-03,2026-10-23,"['raw_frequency', 'arrival_clock', 'departure_clock']",overlapping raw schedule variants; not asserted to be contradictory because the source frequency legend is absent
ix-leg-537b3c61a1fa4269dc4d,ix-variant-34b6c7b29b01fc23642c,ix-variant-4f82421c3f7fb656581b,2026-04-03,2026-10-23,"['raw_frequency', 'arrival_clock', 'departure_clock']",overlapping raw schedule variants; not asserted to be contradictory because the source frequency legend is absent
ix-leg-e01ba5175f4421494976,ix-variant-22496024dc5f3f0918fa,ix-variant-b233cc86ffc01ed73f01,2026-04-05,2026-06-30,"['raw_frequency', 'arrival_clock', 'departure_clock']",overlapping raw schedule variants; not asserted to be contradictory because the source frequency legend is absent
ix-leg-e01ba5175f4421494976,ix-variant-22496024dc5f3f0918fa,ix-variant-b4960c1e8b31d5882b2d,2026-03-30,2026-04-03,"['raw_frequency', 'arrival_clock', 'departure_clock']",overlapping raw schedule variants; not asserted to be contradictory because the source frequency legend is absent
ix-leg-e01ba5175f4421494976,ix-variant-22496024dc5f3f0918fa,ix-variant-7c759ffcb22d2b26469d,2026-03-31,2026-04-04,"['raw_frequency', 'arrival_clock', 'departure_clock']",overlapping raw schedule variants; not asserted to be contradictory because the source frequency legend is absent
ix-leg-e01ba5175f4421494976,ix-variant-22496024dc5f3f0918fa,ix-variant-4d9d03f3f9a20dd04ac5,2026-03-30,2026-06-28,['raw_frequency'],overlapping raw schedule variants; not asserted to be contradictory because the source frequency legend is absent
ix-leg-e01ba5175f4421494976,ix-variant-b233cc86ffc01ed73f01,ix-variant-4d9d03f3f9a20dd04ac5,2026-04-05,2026-06-28,"['raw_frequency', 'arrival_clock', 'departure_clock']",overlapping raw schedule variants; not asserted to be contradictory because the source frequency legend is absent
ix-leg-e01ba5175f4421494976,ix-variant-4e36c5e84a07640d2c30,ix-variant-18cf73eb7c044b5fbeea,2026-07-02,2026-10-22,"['raw_frequency', 'arrival_clock', 'departure_clock']",overlapping raw schedule variants; not asserted to be contradictory because the source frequency legend is absent
ix-leg-e01ba5175f4421494976,ix-variant-4e36c5e84a07640d2c30,ix-variant-3f438093f6bebd06580f,2026-07-01,2026-10-23,"['raw_frequency', 'arrival_clock', 'departure_clock']",overlapping raw schedule variants; not asserted to be contradictory because the source frequency legend is absent
ix-leg-e01ba5175f4421494976,ix-variant-b4960c1e8b31d5882b2d,ix-variant-7c759ffcb22d2b26469d,2026-03-31,2026-04-03,"['raw_frequency', 'departure_clock']",overlapping raw schedule variants; not asserted to be contradictory because the source frequency legend is absent
ix-leg-e01ba5175f4421494976,ix-variant-b4960c1e8b31d5882b2d,ix-variant-4d9d03f3f9a20dd04ac5,2026-03-29,2026-04-03,"['raw_frequency', 'arrival_clock', 'departure_clock']",overlapping raw schedule variants; not asserted to be contradictory because the source frequency legend is absent
ix-leg-e01ba5175f4421494976,ix-variant-18cf73eb7c044b5fbeea,ix-variant-3f438093f6bebd06580f,2026-07-02,2026-10-22,['raw_frequency'],overlapping raw schedule variants; not asserted to be contradictory because the source frequency legend is absent
ix-leg-e01ba5175f4421494976,ix-variant-3f438093f6bebd06580f,ix-variant-8b7174374e73d7242f5b,2026-10-24,2026-10-24,"['raw_frequency', 'arrival_clock', 'departure_clock']",overlapping raw schedule variants; not asserted to be contradictory because the source frequency legend is absent
ix-leg-e01ba5175f4421494976,ix-variant-7c759ffcb22d2b26469d,ix-variant-4d9d03f3f9a20dd04ac5,2026-03-31,2026-04-04,"['raw_frequency', 'arrival_clock', 'departure_clock']",overlapping raw schedule variants; not asserted to be contradictory because the source frequency legend is absent
ix-leg-bd41cc0945351296e188,ix-variant-933838bd6c74279de316,ix-variant-2772e19f50a62a5aa352,2026-03-30,2026-06-30,"['aircraft', 'raw_frequency', 'arrival_clock', 'departure_clock']",overlapping raw schedule variants; not asserted to be contradictory because the source frequency legend is absent
ix-leg-bd41cc0945351296e188,ix-variant-933838bd6c74279de316,ix-variant-8742bf169b34d461e426,2026-07-06,2026-10-20,"['aircraft', 'raw_frequency', 'arrival_clock', 'departure_clock']",overlapping raw schedule variants; not asserted to be contradictory because the source frequency legend is absent
ix-leg-bd41cc0945351296e188,ix-variant-933838bd6c74279de316,ix-variant-cd568c336e3f1772376e,2026-03-29,2026-06-24,"['aircraft', 'raw_frequency', 'arrival_clock', 'departure_clock']",overlapping raw schedule variants; not asserted to be contradictory because the source frequency legend is absent
ix-leg-bd41cc0945351296e188,ix-variant-933838bd6c74279de316,ix-variant-019014b72038fe650d91,2026-06-26,2026-07-01,"['aircraft', 'raw_frequency', 'arrival_clock', 'departure_clock']",overlapping raw schedule variants; not asserted to be contradictory because the source frequency legend is absent
ix-leg-bd41cc0945351296e188,ix-variant-933838bd6c74279de316,ix-variant-e0e66036d8bb4707c91e,2026-07-03,2026-10-24,"['aircraft', 'raw_frequency', 'arrival_clock', 'departure_clock']",overlapping raw schedule variants; not asserted to be contradictory because the source frequency legend is absent
ix-leg-bd41cc0945351296e188,ix-variant-933838bd6c74279de316,ix-variant-f773efb7647f74adba33,2026-04-02,2026-06-25,"['aircraft', 'raw_frequency', 'arrival_clock', 'departure_clock']",overlapping raw schedule variants; not asserted to be contradictory because the source frequency legend is absent
ix-leg-bd41cc0945351296e188,ix-variant-933838bd6c74279de316,ix-variant-21259dab1c61c5e3c315,2026-07-02,2026-10-22,"['aircraft', 'raw_frequency', 'arrival_clock', 'departure_clock']",overlapping raw schedule variants; not asserted to be contradictory because the source frequency legend is absent
ix-leg-bd41cc0945351296e188,ix-variant-2772e19f50a62a5aa352,ix-variant-cd568c336e3f1772376e,2026-03-30,2026-06-24,['raw_frequency'],overlapping raw schedule variants; not asserted to be contradictory because the source frequency legend is absent
ix-leg-bd41cc0945351296e188,ix-variant-2772e19f50a62a5aa352,ix-variant-019014b72038fe650d91,2026-06-26,2026-06-30,['raw_frequency'],overlapping raw schedule variants; not asserted to be contradictory because the source frequency legend is absent
ix-leg-bd41cc0945351296e188,ix-variant-2772e19f50a62a5aa352,ix-variant-f773efb7647f74adba33,2026-04-02,2026-06-25,['raw_frequency'],overlapping raw schedule variants; not asserted to be contradictory because the source frequency legend is absent
ix-leg-bd41cc0945351296e188,ix-variant-8742bf169b34d461e426,ix-variant-e0e66036d8bb4707c91e,2026-07-06,2026-10-20,['raw_frequency'],overlapping raw schedule variants; not asserted to be contradictory because the source frequency legend is absent
ix-leg-bd41cc0945351296e188,ix-variant-8742bf169b34d461e426,ix-variant-21259dab1c61c5e3c315,2026-07-06,2026-10-20,['raw_frequency'],overlapping raw schedule variants; not asserted to be contradictory because the source frequency legend is absent
ix-leg-bd41cc0945351296e188,ix-variant-cd568c336e3f1772376e,ix-variant-f773efb7647f74adba33,2026-04-02,2026-06-24,['raw_frequency'],overlapping raw schedule variants; not asserted to be contradictory because the source frequency legend is absent
ix-leg-bd41cc0945351296e188,ix-variant-e0e66036d8bb4707c91e,ix-variant-21259dab1c61c5e3c315,2026-07-03,2026-10-22,['raw_frequency'],overlapping raw schedule variants; not asserted to be contradictory because the source frequency legend is absent
ix-leg-62802eb865ae64d6acc9,ix-variant-97468bd6f821c5497d65,ix-variant-8c9cfed4fd58ae97da73,2026-07-05,2026-07-10,"['aircraft', 'raw_frequency', 'arrival_clock', 'departure_clock']",overlapping raw schedule variants; not asserted to be contradictory because the source frequency legend is absent
ix-leg-62802eb865ae64d6acc9,ix-variant-97468bd6f821c5497d65,ix-variant-86b57901e3b3f6fc441a,2026-07-05,2026-07-10,"['aircraft', 'raw_frequency']",overlapping raw schedule variants; not asserted to be contradictory because the source frequency legend is absent
ix-leg-62802eb865ae64d6acc9,ix-variant-97468bd6f821c5497d65,ix-variant-71330d64702ec1c4a982,2026-07-05,2026-07-10,"['aircraft', 'raw_frequency']",overlapping raw schedule variants; not asserted to be contradictory because the source frequency legend is absent
ix-leg-62802eb865ae64d6acc9,ix-variant-c77d5449504782df3bab,ix-variant-8c9cfed4fd58ae97da73,2026-07-14,2026-07-24,"['aircraft', 'raw_frequency', 'arrival_clock', 'departure_clock']",overlapping raw schedule variants; not asserted to be contradictory because the source frequency legend is absent
ix-leg-62802eb865ae64d6acc9,ix-variant-c77d5449504782df3bab,ix-variant-86b57901e3b3f6fc441a,2026-07-14,2026-07-24,"['aircraft', 'raw_frequency']",overlapping raw schedule variants; not asserted to be contradictory because the source frequency legend is absent
ix-leg-62802eb865ae64d6acc9,ix-variant-c77d5449504782df3bab,ix-variant-71330d64702ec1c4a982,2026-07-14,2026-07-24,"['aircraft', 'raw_frequency']",overlapping raw schedule variants; not asserted to be contradictory because the source frequency legend is absent
ix-leg-62802eb865ae64d6acc9,ix-variant-42967ff5d9ae764fb6ae,ix-variant-8c9cfed4fd58ae97da73,2026-07-28,2026-08-07,"['aircraft', 'raw_frequency', 'arrival_clock', 'departure_clock']",overlapping raw schedule variants; not asserted to be contradictory because the source frequency legend is absent
ix-leg-62802eb865ae64d6acc9,ix-variant-42967ff5d9ae764fb6ae,ix-variant-86b57901e3b3f6fc441a,2026-07-28,2026-08-07,"['aircraft', 'raw_frequency']",overlapping raw schedule variants; not asserted to be contradictory because the source frequency legend is absent
ix-leg-62802eb865ae64d6acc9,ix-variant-42967ff5d9ae764fb6ae,ix-variant-71330d64702ec1c4a982,2026-07-28,2026-08-07,"['aircraft', 'raw_frequency']",overlapping raw schedule variants; not asserted to be contradictory because the source frequency legend is absent
ix-leg-62802eb865ae64d6acc9,ix-variant-2cde33327960d31e22e5,ix-variant-8c9cfed4fd58ae97da73,2026-08-11,2026-08-21,"['aircraft', 'raw_frequency', 'arrival_clock', 'departure_clock']",overlapping raw schedule variants; not asserted to be contradictory because the source frequency legend is absent
ix-leg-62802eb865ae64d6acc9,ix-variant-2cde33327960d31e22e5,ix-variant-86b57901e3b3f6fc441a,2026-08-11,2026-08-21,"['aircraft', 'raw_frequency']",overlapping raw schedule variants; not asserted to be contradictory because the source frequency legend is absent
ix-leg-62802eb865ae64d6acc9,ix-variant-2cde33327960d31e22e5,ix-variant-71330d64702ec1c4a982,2026-08-11,2026-08-21,"['aircraft', 'raw_frequency']",overlapping raw schedule variants; not asserted to be contradictory because the source frequency legend is absent
ix-leg-62802eb865ae64d6acc9,ix-variant-ce428374f19c57e2913a,ix-variant-8c9cfed4fd58ae97da73,2026-08-25,2026-09-04,"['aircraft', 'raw_frequency', 'arrival_clock', 'departure_clock']",overlapping raw schedule variants; not asserted to be contradictory because the source frequency legend is absent
ix-leg-62802eb865ae64d6acc9,ix-variant-ce428374f19c57e2913a,ix-variant-86b57901e3b3f6fc441a,2026-08-25,2026-09-04,"['aircraft', 'raw_frequency']",overlapping raw schedule variants; not asserted to be contradictory because the source frequency legend is absent
ix-leg-62802eb865ae64d6acc9,ix-variant-ce428374f19c57e2913a,ix-variant-71330d64702ec1c4a982,2026-08-25,2026-09-04,"['aircraft', 'raw_frequency']",overlapping raw schedule variants; not asserted to be contradictory because the source frequency legend is absent
ix-leg-62802eb865ae64d6acc9,ix-variant-17058add13ed7b899237,ix-variant-8c9cfed4fd58ae97da73,2026-09-08,2026-09-18,"['aircraft', 'raw_frequency', 'arrival_clock', 'departure_clock']",overlapping raw schedule variants; not asserted to be contradictory because the source frequency legend is absent
ix-leg-62802eb865ae64d6acc9,ix-variant-17058add13ed7b899237,ix-variant-86b57901e3b3f6fc441a,2026-09-08,2026-09-18,"['aircraft', 'raw_frequency']",overlapping raw schedule variants; not asserted to be contradictory because the source frequency legend is absent
ix-leg-62802eb865ae64d6acc9,ix-variant-17058add13ed7b899237,ix-variant-71330d64702ec1c4a982,2026-09-08,2026-09-18,"['aircraft', 'raw_frequency']",overlapping raw schedule variants; not asserted to be contradictory because the source frequency legend is absent
ix-leg-62802eb865ae64d6acc9,ix-variant-095b85f911bb67ea0c48,ix-variant-8c9cfed4fd58ae97da73,2026-09-22,2026-10-02,"['aircraft', 'raw_frequency', 'arrival_clock', 'departure_clock']",overlapping raw schedule variants; not asserted to be contradictory because the source frequency legend is absent
ix-leg-62802eb865ae64d6acc9,ix-variant-095b85f911bb67ea0c48,ix-variant-86b57901e3b3f6fc441a,2026-09-22,2026-10-02,"['aircraft', 'raw_frequency']",overlapping raw schedule variants; not asserted to be contradictory because the source frequency legend is absent
ix-leg-62802eb865ae64d6acc9,ix-variant-095b85f911bb67ea0c48,ix-variant-71330d64702ec1c4a982,2026-09-22,2026-10-02,"['aircraft', 'raw_frequency']",overlapping raw schedule variants; not asserted to be contradictory because the source frequency legend is absent
ix-leg-62802eb865ae64d6acc9,ix-variant-a9fe9d48eef018015e69,ix-variant-8c9cfed4fd58ae97da73,2026-10-06,2026-10-16,"['aircraft', 'raw_frequency', 'arrival_clock', 'departure_clock']",overlapping raw schedule variants; not asserted to be contradictory because the source frequency legend is absent
ix-leg-62802eb865ae64d6acc9,ix-variant-a9fe9d48eef018015e69,ix-variant-86b57901e3b3f6fc441a,2026-10-06,2026-10-16,"['aircraft', 'raw_frequency']",overlapping raw schedule variants; not asserted to be contradictory because the source frequency legend is absent
ix-leg-62802eb865ae64d6acc9,ix-variant-a9fe9d48eef018015e69,ix-variant-71330d64702ec1c4a982,2026-10-06,2026-10-16,"['aircraft', 'raw_frequency']",overlapping raw schedule variants; not asserted to be contradictory because the source frequency legend is absent
ix-leg-62802eb865ae64d6acc9,ix-variant-48a70a2eaaa33f4fcd69,ix-variant-8c9cfed4fd58ae97da73,2026-10-20,2026-10-23,"['aircraft', 'raw_frequency', 'arrival_clock', 'departure_clock']",overlapping raw schedule variants; not asserted to be contradictory because the source frequency legend is absent
ix-leg-62802eb865ae64d6acc9,ix-variant-48a70a2eaaa33f4fcd69,ix-variant-86b57901e3b3f6fc441a,2026-10-20,2026-10-22,"['aircraft', 'raw_frequency']",overlapping raw schedule variants; not asserted to be contradictory because the source frequency legend is absent
ix-leg-62802eb865ae64d6acc9,ix-variant-638c72689c917328666f,ix-variant-d6216bc67b94a9e955ab,2026-04-01,2026-04-08,"['aircraft', 'raw_frequency']",overlapping raw schedule variants; not asserted to be contradictory because the source frequency legend is absent
ix-leg-62802eb865ae64d6acc9,ix-variant-638c72689c917328666f,ix-variant-8c9cfed4fd58ae97da73,2026-04-01,2026-04-08,"['aircraft', 'raw_frequency', 'arrival_clock', 'departure_clock']",overlapping raw schedule variants; not asserted to be contradictory because the source frequency legend is absent
ix-leg-62802eb865ae64d6acc9,ix-variant-638c72689c917328666f,ix-variant-429b353aec7e98a51dfe,2026-04-02,2026-04-02,"['aircraft', 'raw_frequency']",overlapping raw schedule variants; not asserted to be contradictory because the source frequency legend is absent
ix-leg-62802eb865ae64d6acc9,ix-variant-638c72689c917328666f,ix-variant-ef39569e870e6c787e54,2026-04-04,2026-04-08,"['aircraft', 'raw_frequency']",overlapping raw schedule variants; not asserted to be contradictory because the source frequency legend is absent
ix-leg-62802eb865ae64d6acc9,ix-variant-28cf4f15f2d310e4828b,ix-variant-d6216bc67b94a9e955ab,2026-05-01,2026-05-06,"['aircraft', 'raw_frequency']",overlapping raw schedule variants; not asserted to be contradictory because the source frequency legend is absent
ix-leg-62802eb865ae64d6acc9,ix-variant-28cf4f15f2d310e4828b,ix-variant-8c9cfed4fd58ae97da73,2026-05-01,2026-05-06,"['aircraft', 'raw_frequency', 'arrival_clock', 'departure_clock']",overlapping raw schedule variants; not asserted to be contradictory because the source frequency legend is absent
ix-leg-62802eb865ae64d6acc9,ix-variant-28cf4f15f2d310e4828b,ix-variant-383f37137ddde8ce0ec6,2026-05-02,2026-05-06,"['aircraft', 'raw_frequency']",overlapping raw schedule variants; not asserted to be contradictory because the source frequency legend is absent
ix-leg-62802eb865ae64d6acc9,ix-variant-8e8e5c12dffa37855a61,ix-variant-d6216bc67b94a9e955ab,2026-05-15,2026-05-20,"['aircraft', 'raw_frequency']",overlapping raw schedule variants; not asserted to be contradictory because the source frequency legend is absent
ix-leg-62802eb865ae64d6acc9,ix-variant-8e8e5c12dffa37855a61,ix-variant-8c9cfed4fd58ae97da73,2026-05-15,2026-05-20,"['aircraft', 'raw_frequency', 'arrival_clock', 'departure_clock']",overlapping raw schedule variants; not asserted to be contradictory because the source frequency legend is absent
ix-leg-62802eb865ae64d6acc9,ix-variant-8e8e5c12dffa37855a61,ix-variant-c025bb54c141b025e1bb,2026-05-20,2026-05-20,"['aircraft', 'raw_frequency']",overlapping raw schedule variants; not asserted to be contradictory because the source frequency legend is absent
ix-leg-62802eb865ae64d6acc9,ix-variant-8e8e5c12dffa37855a61,ix-variant-fca1201e8d494e128feb,2026-05-16,2026-05-16,"['aircraft', 'raw_frequency']",overlapping raw schedule variants; not asserted to be contradictory because the source frequency legend is absent
ix-leg-62802eb865ae64d6acc9,ix-variant-4763eb7b50cf603071cb,ix-variant-d6216bc67b94a9e955ab,2026-05-29,2026-06-03,"['aircraft', 'raw_frequency']",overlapping raw schedule variants; not asserted to be contradictory because the source frequency legend is absent
ix-leg-62802eb865ae64d6acc9,ix-variant-4763eb7b50cf603071cb,ix-variant-8c9cfed4fd58ae97da73,2026-05-29,2026-06-03,"['aircraft', 'raw_frequency', 'arrival_clock', 'departure_clock']",overlapping raw schedule variants; not asserted to be contradictory because the source frequency legend is absent
ix-leg-62802eb865ae64d6acc9,ix-variant-4763eb7b50cf603071cb,ix-variant-39a4ca5a10a827a687cb,2026-05-30,2026-06-03,"['aircraft', 'raw_frequency']",overlapping raw schedule variants; not asserted to be contradictory because the source frequency legend is absent
ix-leg-62802eb865ae64d6acc9,ix-variant-e430bf0f9b8413148803,ix-variant-d6216bc67b94a9e955ab,2026-06-12,2026-06-17,"['aircraft', 'raw_frequency']",overlapping raw schedule variants; not asserted to be contradictory because the source frequency legend is absent
ix-leg-62802eb865ae64d6acc9,ix-variant-e430bf0f9b8413148803,ix-variant-8c9cfed4fd58ae97da73,2026-06-12,2026-06-17,"['aircraft', 'raw_frequency', 'arrival_clock', 'departure_clock']",overlapping raw schedule variants; not asserted to be contradictory because the source frequency legend is absent
ix-leg-62802eb865ae64d6acc9,ix-variant-e430bf0f9b8413148803,ix-variant-e623d8968566a7771b95,2026-06-17,2026-06-17,"['aircraft', 'raw_frequency']",overlapping raw schedule variants; not asserted to be contradictory because the source frequency legend is absent
ix-leg-62802eb865ae64d6acc9,ix-variant-e430bf0f9b8413148803,ix-variant-cdd4344d91efd435db2c,2026-06-13,2026-06-13,"['aircraft', 'raw_frequency']",overlapping raw schedule variants; not asserted to be contradictory because the source frequency legend is absent
ix-leg-62802eb865ae64d6acc9,ix-variant-a94175f9c491c980fea6,ix-variant-d6216bc67b94a9e955ab,2026-06-26,2026-06-29,"['aircraft', 'raw_frequency']",overlapping raw schedule variants; not asserted to be contradictory because the source frequency legend is absent
ix-leg-62802eb865ae64d6acc9,ix-variant-a94175f9c491c980fea6,ix-variant-8c9cfed4fd58ae97da73,2026-06-26,2026-07-03,"['aircraft', 'raw_frequency', 'arrival_clock', 'departure_clock']",overlapping raw schedule variants; not asserted to be contradictory because the source frequency legend is absent
ix-leg-62802eb865ae64d6acc9,ix-variant-a94175f9c491c980fea6,ix-variant-86b57901e3b3f6fc441a,2026-06-26,2026-07-03,"['aircraft', 'raw_frequency']",overlapping raw schedule variants; not asserted to be contradictory because the source frequency legend is absent
ix-leg-62802eb865ae64d6acc9,ix-variant-a94175f9c491c980fea6,ix-variant-71330d64702ec1c4a982,2026-07-03,2026-07-03,"['aircraft', 'raw_frequency']",overlapping raw schedule variants; not asserted to be contradictory because the source frequency legend is absent
ix-leg-62802eb865ae64d6acc9,ix-variant-a94175f9c491c980fea6,ix-variant-cea333baa18c24719229,2026-06-27,2026-06-27,"['aircraft', 'raw_frequency']",overlapping raw schedule variants; not asserted to be contradictory because the source frequency legend is absent
ix-leg-62802eb865ae64d6acc9,ix-variant-9a4d24fae5788bc022a4,ix-variant-0999d99d9292f7993964,2026-04-17,2026-04-17,['raw_frequency'],overlapping raw schedule variants; not asserted to be contradictory because the source frequency legend is absent
ix-leg-62802eb865ae64d6acc9,ix-variant-9a4d24fae5788bc022a4,ix-variant-d6216bc67b94a9e955ab,2026-04-15,2026-04-21,"['aircraft', 'raw_frequency']",overlapping raw schedule variants; not asserted to be contradictory because the source frequency legend is absent
ix-leg-62802eb865ae64d6acc9,ix-variant-9a4d24fae5788bc022a4,ix-variant-8c9cfed4fd58ae97da73,2026-04-15,2026-04-21,"['aircraft', 'raw_frequency', 'arrival_clock', 'departure_clock']",overlapping raw schedule variants; not asserted to be contradictory because the source frequency legend is absent
ix-leg-62802eb865ae64d6acc9,ix-variant-9a4d24fae5788bc022a4,ix-variant-d76c534d9dd76833ec9a,2026-04-16,2026-04-16,"['aircraft', 'raw_frequency']",overlapping raw schedule variants; not asserted to be contradictory because the source frequency legend is absent
ix-leg-62802eb865ae64d6acc9,ix-variant-9a4d24fae5788bc022a4,ix-variant-421adacb73118da0e642,2026-04-19,2026-04-19,"['aircraft', 'raw_frequency']",overlapping raw schedule variants; not asserted to be contradictory because the source frequency legend is absent
ix-leg-62802eb865ae64d6acc9,ix-variant-d53720baba09434716b9,ix-variant-d6216bc67b94a9e955ab,2026-04-22,2026-04-22,"['aircraft', 'raw_frequency']",overlapping raw schedule variants; not asserted to be contradictory because the source frequency legend is absent
ix-leg-62802eb865ae64d6acc9,ix-variant-d53720baba09434716b9,ix-variant-8c9cfed4fd58ae97da73,2026-04-22,2026-04-22,"['aircraft', 'raw_frequency', 'arrival_clock', 'departure_clock']",overlapping raw schedule variants; not asserted to be contradictory because the source frequency legend is absent
ix-leg-62802eb865ae64d6acc9,ix-variant-d53720baba09434716b9,ix-variant-5c056f2f6a770c28d9cc,2026-04-22,2026-04-22,"['aircraft', 'raw_frequency']",overlapping raw schedule variants; not asserted to be contradictory because the source frequency legend is absent
ix-leg-62802eb865ae64d6acc9,ix-variant-5d1553d7c66ad631f82b,ix-variant-d6216bc67b94a9e955ab,2026-04-25,2026-04-29,"['aircraft', 'raw_frequency']",overlapping raw schedule variants; not asserted to be contradictory because the source frequency legend is absent
ix-leg-62802eb865ae64d6acc9,ix-variant-5d1553d7c66ad631f82b,ix-variant-8c9cfed4fd58ae97da73,2026-04-25,2026-04-29,"['aircraft', 'raw_frequency', 'arrival_clock', 'departure_clock']",overlapping raw schedule variants; not asserted to be contradictory because the source frequency legend is absent
ix-leg-62802eb865ae64d6acc9,ix-variant-5d1553d7c66ad631f82b,ix-variant-e748b8bfe6e36900be17,2026-04-28,2026-04-28,"['aircraft', 'raw_frequency']",overlapping raw schedule variants; not asserted to be contradictory because the source frequency legend is absent
ix-leg-62802eb865ae64d6acc9,ix-variant-76d9018cf3db5df5e8c0,ix-variant-d6216bc67b94a9e955ab,2026-05-09,2026-05-13,"['aircraft', 'raw_frequency']",overlapping raw schedule variants; not asserted to be contradictory because the source frequency legend is absent
ix-leg-62802eb865ae64d6acc9,ix-variant-76d9018cf3db5df5e8c0,ix-variant-8c9cfed4fd58ae97da73,2026-05-09,2026-05-13,"['aircraft', 'raw_frequency', 'arrival_clock', 'departure_clock']",overlapping raw schedule variants; not asserted to be contradictory because the source frequency legend is absent
ix-leg-62802eb865ae64d6acc9,ix-variant-76d9018cf3db5df5e8c0,ix-variant-2cfb3b2faa31b0271bb7,2026-05-12,2026-05-12,"['aircraft', 'raw_frequency']",overlapping raw schedule variants; not asserted to be contradictory because the source frequency legend is absent
ix-leg-62802eb865ae64d6acc9,ix-variant-0bd5b5029bc78c7103d3,ix-variant-d6216bc67b94a9e955ab,2026-05-23,2026-05-27,"['aircraft', 'raw_frequency']",overlapping raw schedule variants; not asserted to be contradictory because the source frequency legend is absent
ix-leg-62802eb865ae64d6acc9,ix-variant-0bd5b5029bc78c7103d3,ix-variant-8c9cfed4fd58ae97da73,2026-05-23,2026-05-27,"['aircraft', 'raw_frequency', 'arrival_clock', 'departure_clock']",overlapping raw schedule variants; not asserted to be contradictory because the source frequency legend is absent
ix-leg-62802eb865ae64d6acc9,ix-variant-0bd5b5029bc78c7103d3,ix-variant-38f6140125e4b0e1703c,2026-05-26,2026-05-26,"['aircraft', 'raw_frequency']",overlapping raw schedule variants; not asserted to be contradictory because the source frequency legend is absent
ix-leg-62802eb865ae64d6acc9,ix-variant-1458e6ade27bd4799ef9,ix-variant-d6216bc67b94a9e955ab,2026-06-06,2026-06-10,"['aircraft', 'raw_frequency']",overlapping raw schedule variants; not asserted to be contradictory because the source frequency legend is absent
ix-leg-62802eb865ae64d6acc9,ix-variant-1458e6ade27bd4799ef9,ix-variant-8c9cfed4fd58ae97da73,2026-06-06,2026-06-10,"['aircraft', 'raw_frequency', 'arrival_clock', 'departure_clock']",overlapping raw schedule variants; not asserted to be contradictory because the source frequency legend is absent
ix-leg-62802eb865ae64d6acc9,ix-variant-1458e6ade27bd4799ef9,ix-variant-723e658649f3132dde22,2026-06-09,2026-06-09,"['aircraft', 'raw_frequency']",overlapping raw schedule variants; not asserted to be contradictory because the source frequency legend is absent
ix-leg-62802eb865ae64d6acc9,ix-variant-441e5c95c57fa12d7bf8,ix-variant-d6216bc67b94a9e955ab,2026-06-20,2026-06-24,"['aircraft', 'raw_frequency']",overlapping raw schedule variants; not asserted to be contradictory because the source frequency legend is absent
ix-leg-62802eb865ae64d6acc9,ix-variant-441e5c95c57fa12d7bf8,ix-variant-8c9cfed4fd58ae97da73,2026-06-20,2026-06-24,"['aircraft', 'raw_frequency', 'arrival_clock', 'departure_clock']",overlapping raw schedule variants; not asserted to be contradictory because the source frequency legend is absent
ix-leg-62802eb865ae64d6acc9,ix-variant-441e5c95c57fa12d7bf8,ix-variant-df9ae8fab31b88dce4f6,2026-06-23,2026-06-23,"['aircraft', 'raw_frequency']",overlapping raw schedule variants; not asserted to be contradictory because the source frequency legend is absent
ix-leg-62802eb865ae64d6acc9,ix-variant-0999d99d9292f7993964,ix-variant-d6216bc67b94a9e955ab,2026-04-17,2026-04-17,"['aircraft', 'raw_frequency']",overlapping raw schedule variants; not asserted to be contradictory because the source frequency legend is absent
ix-leg-62802eb865ae64d6acc9,ix-variant-0999d99d9292f7993964,ix-variant-8c9cfed4fd58ae97da73,2026-04-17,2026-04-17,"['aircraft', 'raw_frequency', 'arrival_clock', 'departure_clock']",overlapping raw schedule variants; not asserted to be contradictory because the source frequency legend is absent
ix-leg-62802eb865ae64d6acc9,ix-variant-db2031c4b5b169a05bc0,ix-variant-d6216bc67b94a9e955ab,2026-04-11,2026-04-12,"['aircraft', 'raw_frequency']",overlapping raw schedule variants; not asserted to be contradictory because the source frequency legend is absent
ix-leg-62802eb865ae64d6acc9,ix-variant-db2031c4b5b169a05bc0,ix-variant-8c9cfed4fd58ae97da73,2026-04-11,2026-04-12,"['aircraft', 'raw_frequency', 'arrival_clock', 'departure_clock']",overlapping raw schedule variants; not asserted to be contradictory because the source frequency legend is absent
ix-leg-62802eb865ae64d6acc9,ix-variant-d6216bc67b94a9e955ab,ix-variant-8c9cfed4fd58ae97da73,2026-03-30,2026-06-29,"['raw_frequency', 'arrival_clock', 'departure_clock']",overlapping raw schedule variants; not asserted to be contradictory because the source frequency legend is absent
ix-leg-62802eb865ae64d6acc9,ix-variant-d6216bc67b94a9e955ab,ix-variant-7224bdb2a37eb4df967b,2026-03-31,2026-03-31,['raw_frequency'],overlapping raw schedule variants; not asserted to be contradictory because the source frequency legend is absent
ix-leg-62802eb865ae64d6acc9,ix-variant-d6216bc67b94a9e955ab,ix-variant-72d934259ac1d404e0e6,2026-04-14,2026-04-14,['raw_frequency'],overlapping raw schedule variants; not asserted to be contradictory because the source frequency legend is absent
ix-leg-62802eb865ae64d6acc9,ix-variant-d6216bc67b94a9e955ab,ix-variant-e748b8bfe6e36900be17,2026-04-28,2026-04-28,['raw_frequency'],overlapping raw schedule variants; not asserted to be contradictory because the source frequency legend is absent
ix-leg-62802eb865ae64d6acc9,ix-variant-d6216bc67b94a9e955ab,ix-variant-2cfb3b2faa31b0271bb7,2026-05-12,2026-05-12,['raw_frequency'],overlapping raw schedule variants; not asserted to be contradictory because the source frequency legend is absent
ix-leg-62802eb865ae64d6acc9,ix-variant-d6216bc67b94a9e955ab,ix-variant-38f6140125e4b0e1703c,2026-05-26,2026-05-26,['raw_frequency'],overlapping raw schedule variants; not asserted to be contradictory because the source frequency legend is absent
ix-leg-62802eb865ae64d6acc9,ix-variant-d6216bc67b94a9e955ab,ix-variant-723e658649f3132dde22,2026-06-09,2026-06-09,['raw_frequency'],overlapping raw schedule variants; not asserted to be contradictory because the source frequency legend is absent
ix-leg-62802eb865ae64d6acc9,ix-variant-d6216bc67b94a9e955ab,ix-variant-df9ae8fab31b88dce4f6,2026-06-23,2026-06-23,['raw_frequency'],overlapping raw schedule variants; not asserted to be contradictory because the source frequency legend is absent
ix-leg-62802eb865ae64d6acc9,ix-variant-d6216bc67b94a9e955ab,ix-variant-429b353aec7e98a51dfe,2026-04-02,2026-04-02,['raw_frequency'],overlapping raw schedule variants; not asserted to be contradictory because the source frequency legend is absent
ix-leg-62802eb865ae64d6acc9,ix-variant-d6216bc67b94a9e955ab,ix-variant-d76c534d9dd76833ec9a,2026-04-16,2026-04-16,['raw_frequency'],overlapping raw schedule variants; not asserted to be contradictory because the source frequency legend is absent
ix-leg-62802eb865ae64d6acc9,ix-variant-d6216bc67b94a9e955ab,ix-variant-5c056f2f6a770c28d9cc,2026-04-22,2026-04-22,['raw_frequency'],overlapping raw schedule variants; not asserted to be contradictory because the source frequency legend is absent
ix-leg-62802eb865ae64d6acc9,ix-variant-d6216bc67b94a9e955ab,ix-variant-eec001c3261327b2259d,2026-04-30,2026-04-30,['raw_frequency'],overlapping raw schedule variants; not asserted to be contradictory because the source frequency legend is absent
ix-leg-62802eb865ae64d6acc9,ix-variant-d6216bc67b94a9e955ab,ix-variant-961cfa395b6a53fdd72a,2026-05-14,2026-05-14,['raw_frequency'],overlapping raw schedule variants; not asserted to be contradictory because the source frequency legend is absent
ix-leg-62802eb865ae64d6acc9,ix-variant-d6216bc67b94a9e955ab,ix-variant-c025bb54c141b025e1bb,2026-05-20,2026-05-20,['raw_frequency'],overlapping raw schedule variants; not asserted to be contradictory because the source frequency legend is absent
ix-leg-62802eb865ae64d6acc9,ix-variant-d6216bc67b94a9e955ab,ix-variant-38c4a53eb8d3a2c5646f,2026-05-28,2026-05-28,['raw_frequency'],overlapping raw schedule variants; not asserted to be contradictory because the source frequency legend is absent
ix-leg-62802eb865ae64d6acc9,ix-variant-d6216bc67b94a9e955ab,ix-variant-53d0ceaf93757a039923,2026-06-11,2026-06-11,['raw_frequency'],overlapping raw schedule variants; not asserted to be contradictory because the source frequency legend is absent
ix-leg-62802eb865ae64d6acc9,ix-variant-d6216bc67b94a9e955ab,ix-variant-e623d8968566a7771b95,2026-06-17,2026-06-17,['raw_frequency'],overlapping raw schedule variants; not asserted to be contradictory because the source frequency legend is absent
ix-leg-62802eb865ae64d6acc9,ix-variant-d6216bc67b94a9e955ab,ix-variant-86b57901e3b3f6fc441a,2026-06-25,2026-06-29,['raw_frequency'],overlapping raw schedule variants; not asserted to be contradictory because the source frequency legend is absent
ix-leg-62802eb865ae64d6acc9,ix-variant-d6216bc67b94a9e955ab,ix-variant-ef39569e870e6c787e54,2026-04-04,2026-04-08,['raw_frequency'],overlapping raw schedule variants; not asserted to be contradictory because the source frequency legend is absent
ix-leg-62802eb865ae64d6acc9,ix-variant-d6216bc67b94a9e955ab,ix-variant-383f37137ddde8ce0ec6,2026-05-02,2026-05-06,['raw_frequency'],overlapping raw schedule variants; not asserted to be contradictory because the source frequency legend is absent
ix-leg-62802eb865ae64d6acc9,ix-variant-d6216bc67b94a9e955ab,ix-variant-39a4ca5a10a827a687cb,2026-05-30,2026-06-03,['raw_frequency'],overlapping raw schedule variants; not asserted to be contradictory because the source frequency legend is absent
ix-leg-62802eb865ae64d6acc9,ix-variant-d6216bc67b94a9e955ab,ix-variant-0daa1740e9194fcd0122,2026-04-10,2026-04-10,['raw_frequency'],overlapping raw schedule variants; not asserted to be contradictory because the source frequency legend is absent
ix-leg-62802eb865ae64d6acc9,ix-variant-d6216bc67b94a9e955ab,ix-variant-4af44530b95031fc0264,2026-04-24,2026-04-24,['raw_frequency'],overlapping raw schedule variants; not asserted to be contradictory because the source frequency legend is absent
ix-leg-62802eb865ae64d6acc9,ix-variant-d6216bc67b94a9e955ab,ix-variant-e7eb9fa7e3cc075c2dbb,2026-05-08,2026-05-08,['raw_frequency'],overlapping raw schedule variants; not asserted to be contradictory because the source frequency legend is absent
ix-leg-62802eb865ae64d6acc9,ix-variant-d6216bc67b94a9e955ab,ix-variant-b744755784431f69d801,2026-05-22,2026-05-22,['raw_frequency'],overlapping raw schedule variants; not asserted to be contradictory because the source frequency legend is absent
ix-leg-62802eb865ae64d6acc9,ix-variant-d6216bc67b94a9e955ab,ix-variant-8a752d40a7e24f2c80ef,2026-06-05,2026-06-05,['raw_frequency'],overlapping raw schedule variants; not asserted to be contradictory because the source frequency legend is absent
ix-leg-62802eb865ae64d6acc9,ix-variant-d6216bc67b94a9e955ab,ix-variant-957c7d86610422c2973b,2026-06-19,2026-06-19,['raw_frequency'],overlapping raw schedule variants; not asserted to be contradictory because the source frequency legend is absent
ix-leg-62802eb865ae64d6acc9,ix-variant-d6216bc67b94a9e955ab,ix-variant-421adacb73118da0e642,2026-04-19,2026-04-19,['raw_frequency'],overlapping raw schedule variants; not asserted to be contradictory because the source frequency legend is absent
ix-leg-62802eb865ae64d6acc9,ix-variant-d6216bc67b94a9e955ab,ix-variant-fca1201e8d494e128feb,2026-05-16,2026-05-16,['raw_frequency'],overlapping raw schedule variants; not asserted to be contradictory because the source frequency legend is absent
ix-leg-62802eb865ae64d6acc9,ix-variant-d6216bc67b94a9e955ab,ix-variant-cdd4344d91efd435db2c,2026-06-13,2026-06-13,['raw_frequency'],overlapping raw schedule variants; not asserted to be contradictory because the source frequency legend is absent
ix-leg-62802eb865ae64d6acc9,ix-variant-d6216bc67b94a9e955ab,ix-variant-cea333baa18c24719229,2026-06-27,2026-06-27,['raw_frequency'],overlapping raw schedule variants; not asserted to be contradictory because the source frequency legend is absent
ix-leg-62802eb865ae64d6acc9,ix-variant-72c3299f307a08c41f86,ix-variant-8c9cfed4fd58ae97da73,2026-07-13,2026-07-13,"['raw_frequency', 'arrival_clock', 'departure_clock']",overlapping raw schedule variants; not asserted to be contradictory because the source frequency legend is absent
ix-leg-62802eb865ae64d6acc9,ix-variant-72c3299f307a08c41f86,ix-variant-86b57901e3b3f6fc441a,2026-07-13,2026-07-13,['raw_frequency'],overlapping raw schedule variants; not asserted to be contradictory because the source frequency legend is absent
ix-leg-62802eb865ae64d6acc9,ix-variant-72c3299f307a08c41f86,ix-variant-71330d64702ec1c4a982,2026-07-13,2026-07-13,['raw_frequency'],overlapping raw schedule variants; not asserted to be contradictory because the source frequency legend is absent
ix-leg-62802eb865ae64d6acc9,ix-variant-ace767f2f5977bc97105,ix-variant-8c9cfed4fd58ae97da73,2026-07-27,2026-07-27,"['raw_frequency', 'arrival_clock', 'departure_clock']",overlapping raw schedule variants; not asserted to be contradictory because the source frequency legend is absent
ix-leg-62802eb865ae64d6acc9,ix-variant-ace767f2f5977bc97105,ix-variant-86b57901e3b3f6fc441a,2026-07-27,2026-07-27,['raw_frequency'],overlapping raw schedule variants; not asserted to be contradictory because the source frequency legend is absent
ix-leg-62802eb865ae64d6acc9,ix-variant-ace767f2f5977bc97105,ix-variant-71330d64702ec1c4a982,2026-07-27,2026-07-27,['raw_frequency'],overlapping raw schedule variants; not asserted to be contradictory because the source frequency legend is absent
ix-leg-62802eb865ae64d6acc9,ix-variant-5b64c1e283b7a9ccf36b,ix-variant-8c9cfed4fd58ae97da73,2026-08-10,2026-08-10,"['raw_frequency', 'arrival_clock', 'departure_clock']",overlapping raw schedule variants; not asserted to be contradictory because the source frequency legend is absent
ix-leg-62802eb865ae64d6acc9,ix-variant-5b64c1e283b7a9ccf36b,ix-variant-86b57901e3b3f6fc441a,2026-08-10,2026-08-10,['raw_frequency'],overlapping raw schedule variants; not asserted to be contradictory because the source frequency legend is absent
ix-leg-62802eb865ae64d6acc9,ix-variant-5b64c1e283b7a9ccf36b,ix-variant-71330d64702ec1c4a982,2026-08-10,2026-08-10,['raw_frequency'],overlapping raw schedule variants; not asserted to be contradictory because the source frequency legend is absent
ix-leg-62802eb865ae64d6acc9,ix-variant-87a1609a332cd23b1bc3,ix-variant-8c9cfed4fd58ae97da73,2026-08-24,2026-08-24,"['raw_frequency', 'arrival_clock', 'departure_clock']",overlapping raw schedule variants; not asserted to be contradictory because the source frequency legend is absent
ix-leg-62802eb865ae64d6acc9,ix-variant-87a1609a332cd23b1bc3,ix-variant-86b57901e3b3f6fc441a,2026-08-24,2026-08-24,['raw_frequency'],overlapping raw schedule variants; not asserted to be contradictory because the source frequency legend is absent
ix-leg-62802eb865ae64d6acc9,ix-variant-87a1609a332cd23b1bc3,ix-variant-71330d64702ec1c4a982,2026-08-24,2026-08-24,['raw_frequency'],overlapping raw schedule variants; not asserted to be contradictory because the source frequency legend is absent
ix-leg-62802eb865ae64d6acc9,ix-variant-aaa69b0c54b699661d76,ix-variant-8c9cfed4fd58ae97da73,2026-09-07,2026-09-07,"['raw_frequency', 'arrival_clock', 'departure_clock']",overlapping raw schedule variants; not asserted to be contradictory because the source frequency legend is absent
ix-leg-62802eb865ae64d6acc9,ix-variant-aaa69b0c54b699661d76,ix-variant-86b57901e3b3f6fc441a,2026-09-07,2026-09-07,['raw_frequency'],overlapping raw schedule variants; not asserted to be contradictory because the source frequency legend is absent
ix-leg-62802eb865ae64d6acc9,ix-variant-aaa69b0c54b699661d76,ix-variant-71330d64702ec1c4a982,2026-09-07,2026-09-07,['raw_frequency'],overlapping raw schedule variants; not asserted to be contradictory because the source frequency legend is absent
ix-leg-62802eb865ae64d6acc9,ix-variant-6092c7c3a57a265d373d,ix-variant-8c9cfed4fd58ae97da73,2026-09-21,2026-09-21,"['raw_frequency', 'arrival_clock', 'departure_clock']",overlapping raw schedule variants; not asserted to be contradictory because the source frequency legend is absent
ix-leg-62802eb865ae64d6acc9,ix-variant-6092c7c3a57a265d373d,ix-variant-86b57901e3b3f6fc441a,2026-09-21,2026-09-21,['raw_frequency'],overlapping raw schedule variants; not asserted to be contradictory because the source frequency legend is absent
ix-leg-62802eb865ae64d6acc9,ix-variant-6092c7c3a57a265d373d,ix-variant-71330d64702ec1c4a982,2026-09-21,2026-09-21,['raw_frequency'],overlapping raw schedule variants; not asserted to be contradictory because the source frequency legend is absent
ix-leg-62802eb865ae64d6acc9,ix-variant-ebf3087d3f3974e1b296,ix-variant-8c9cfed4fd58ae97da73,2026-10-05,2026-10-05,"['raw_frequency', 'arrival_clock', 'departure_clock']",overlapping raw schedule variants; not asserted to be contradictory because the source frequency legend is absent
ix-leg-62802eb865ae64d6acc9,ix-variant-ebf3087d3f3974e1b296,ix-variant-86b57901e3b3f6fc441a,2026-10-05,2026-10-05,['raw_frequency'],overlapping raw schedule variants; not asserted to be contradictory because the source frequency legend is absent
ix-leg-62802eb865ae64d6acc9,ix-variant-ebf3087d3f3974e1b296,ix-variant-71330d64702ec1c4a982,2026-10-05,2026-10-05,['raw_frequency'],overlapping raw schedule variants; not asserted to be contradictory because the source frequency legend is absent
ix-leg-62802eb865ae64d6acc9,ix-variant-135e19d1c9b66bb3e142,ix-variant-8c9cfed4fd58ae97da73,2026-10-19,2026-10-19,"['raw_frequency', 'arrival_clock', 'departure_clock']",overlapping raw schedule variants; not asserted to be contradictory because the source frequency legend is absent
ix-leg-62802eb865ae64d6acc9,ix-variant-135e19d1c9b66bb3e142,ix-variant-86b57901e3b3f6fc441a,2026-10-19,2026-10-19,['raw_frequency'],overlapping raw schedule variants; not asserted to be contradictory because the source frequency legend is absent
ix-leg-62802eb865ae64d6acc9,ix-variant-8c9cfed4fd58ae97da73,ix-variant-7224bdb2a37eb4df967b,2026-03-31,2026-03-31,"['raw_frequency', 'arrival_clock', 'departure_clock']",overlapping raw schedule variants; not asserted to be contradictory because the source frequency legend is absent
ix-leg-62802eb865ae64d6acc9,ix-variant-8c9cfed4fd58ae97da73,ix-variant-72d934259ac1d404e0e6,2026-04-14,2026-04-14,"['raw_frequency', 'arrival_clock', 'departure_clock']",overlapping raw schedule variants; not asserted to be contradictory because the source frequency legend is absent
ix-leg-62802eb865ae64d6acc9,ix-variant-8c9cfed4fd58ae97da73,ix-variant-e748b8bfe6e36900be17,2026-04-28,2026-04-28,"['raw_frequency', 'arrival_clock', 'departure_clock']",overlapping raw schedule variants; not asserted to be contradictory because the source frequency legend is absent
ix-leg-62802eb865ae64d6acc9,ix-variant-8c9cfed4fd58ae97da73,ix-variant-2cfb3b2faa31b0271bb7,2026-05-12,2026-05-12,"['raw_frequency', 'arrival_clock', 'departure_clock']",overlapping raw schedule variants; not asserted to be contradictory because the source frequency legend is absent
ix-leg-62802eb865ae64d6acc9,ix-variant-8c9cfed4fd58ae97da73,ix-variant-38f6140125e4b0e1703c,2026-05-26,2026-05-26,"['raw_frequency', 'arrival_clock', 'departure_clock']",overlapping raw schedule variants; not asserted to be contradictory because the source frequency legend is absent
ix-leg-62802eb865ae64d6acc9,ix-variant-8c9cfed4fd58ae97da73,ix-variant-723e658649f3132dde22,2026-06-09,2026-06-09,"['raw_frequency', 'arrival_clock', 'departure_clock']",overlapping raw schedule variants; not asserted to be contradictory because the source frequency legend is absent
ix-leg-62802eb865ae64d6acc9,ix-variant-8c9cfed4fd58ae97da73,ix-variant-df9ae8fab31b88dce4f6,2026-06-23,2026-06-23,"['raw_frequency', 'arrival_clock', 'departure_clock']",overlapping raw schedule variants; not asserted to be contradictory because the source frequency legend is absent
ix-leg-62802eb865ae64d6acc9,ix-variant-8c9cfed4fd58ae97da73,ix-variant-429b353aec7e98a51dfe,2026-04-02,2026-04-02,"['raw_frequency', 'arrival_clock', 'departure_clock']",overlapping raw schedule variants; not asserted to be contradictory because the source frequency legend is absent
ix-leg-62802eb865ae64d6acc9,ix-variant-8c9cfed4fd58ae97da73,ix-variant-d76c534d9dd76833ec9a,2026-04-16,2026-04-16,"['raw_frequency', 'arrival_clock', 'departure_clock']",overlapping raw schedule variants; not asserted to be contradictory because the source frequency legend is absent
ix-leg-62802eb865ae64d6acc9,ix-variant-8c9cfed4fd58ae97da73,ix-variant-5c056f2f6a770c28d9cc,2026-04-22,2026-04-22,"['raw_frequency', 'arrival_clock', 'departure_clock']",overlapping raw schedule variants; not asserted to be contradictory because the source frequency legend is absent
ix-leg-62802eb865ae64d6acc9,ix-variant-8c9cfed4fd58ae97da73,ix-variant-eec001c3261327b2259d,2026-04-30,2026-04-30,"['raw_frequency', 'arrival_clock', 'departure_clock']",overlapping raw schedule variants; not asserted to be contradictory because the source frequency legend is absent
ix-leg-62802eb865ae64d6acc9,ix-variant-8c9cfed4fd58ae97da73,ix-variant-961cfa395b6a53fdd72a,2026-05-14,2026-05-14,"['raw_frequency', 'arrival_clock', 'departure_clock']",overlapping raw schedule variants; not asserted to be contradictory because the source frequency legend is absent
ix-leg-62802eb865ae64d6acc9,ix-variant-8c9cfed4fd58ae97da73,ix-variant-c025bb54c141b025e1bb,2026-05-20,2026-05-20,"['raw_frequency', 'arrival_clock', 'departure_clock']",overlapping raw schedule variants; not asserted to be contradictory because the source frequency legend is absent
ix-leg-62802eb865ae64d6acc9,ix-variant-8c9cfed4fd58ae97da73,ix-variant-38c4a53eb8d3a2c5646f,2026-05-28,2026-05-28,"['raw_frequency', 'arrival_clock', 'departure_clock']",overlapping raw schedule variants; not asserted to be contradictory because the source frequency legend is absent
ix-leg-62802eb865ae64d6acc9,ix-variant-8c9cfed4fd58ae97da73,ix-variant-53d0ceaf93757a039923,2026-06-11,2026-06-11,"['raw_frequency', 'arrival_clock', 'departure_clock']",overlapping raw schedule variants; not asserted to be contradictory because the source frequency legend is absent
ix-leg-62802eb865ae64d6acc9,ix-variant-8c9cfed4fd58ae97da73,ix-variant-e623d8968566a7771b95,2026-06-17,2026-06-17,"['raw_frequency', 'arrival_clock', 'departure_clock']",overlapping raw schedule variants; not asserted to be contradictory because the source frequency legend is absent
ix-leg-62802eb865ae64d6acc9,ix-variant-8c9cfed4fd58ae97da73,ix-variant-86b57901e3b3f6fc441a,2026-06-25,2026-10-22,"['raw_frequency', 'arrival_clock', 'departure_clock']",overlapping raw schedule variants; not asserted to be contradictory because the source frequency legend is absent
ix-leg-62802eb865ae64d6acc9,ix-variant-8c9cfed4fd58ae97da73,ix-variant-ef39569e870e6c787e54,2026-04-04,2026-04-08,"['raw_frequency', 'arrival_clock', 'departure_clock']",overlapping raw schedule variants; not asserted to be contradictory because the source frequency legend is absent
ix-leg-62802eb865ae64d6acc9,ix-variant-8c9cfed4fd58ae97da73,ix-variant-383f37137ddde8ce0ec6,2026-05-02,2026-05-06,"['raw_frequency', 'arrival_clock', 'departure_clock']",overlapping raw schedule variants; not asserted to be contradictory because the source frequency legend is absent
ix-leg-62802eb865ae64d6acc9,ix-variant-8c9cfed4fd58ae97da73,ix-variant-39a4ca5a10a827a687cb,2026-05-30,2026-06-03,"['raw_frequency', 'arrival_clock', 'departure_clock']",overlapping raw schedule variants; not asserted to be contradictory because the source frequency legend is absent
ix-leg-62802eb865ae64d6acc9,ix-variant-8c9cfed4fd58ae97da73,ix-variant-0daa1740e9194fcd0122,2026-04-10,2026-04-10,"['raw_frequency', 'arrival_clock', 'departure_clock']",overlapping raw schedule variants; not asserted to be contradictory because the source frequency legend is absent
ix-leg-62802eb865ae64d6acc9,ix-variant-8c9cfed4fd58ae97da73,ix-variant-4af44530b95031fc0264,2026-04-24,2026-04-24,"['raw_frequency', 'arrival_clock', 'departure_clock']",overlapping raw schedule variants; not asserted to be contradictory because the source frequency legend is absent
ix-leg-62802eb865ae64d6acc9,ix-variant-8c9cfed4fd58ae97da73,ix-variant-e7eb9fa7e3cc075c2dbb,2026-05-08,2026-05-08,"['raw_frequency', 'arrival_clock', 'departure_clock']",overlapping raw schedule variants; not asserted to be contradictory because the source frequency legend is absent
ix-leg-62802eb865ae64d6acc9,ix-variant-8c9cfed4fd58ae97da73,ix-variant-b744755784431f69d801,2026-05-22,2026-05-22,"['raw_frequency', 'arrival_clock', 'departure_clock']",overlapping raw schedule variants; not asserted to be contradictory because the source frequency legend is absent
ix-leg-62802eb865ae64d6acc9,ix-variant-8c9cfed4fd58ae97da73,ix-variant-8a752d40a7e24f2c80ef,2026-06-05,2026-06-05,"['raw_frequency', 'arrival_clock', 'departure_clock']",overlapping raw schedule variants; not asserted to be contradictory because the source frequency legend is absent
ix-leg-62802eb865ae64d6acc9,ix-variant-8c9cfed4fd58ae97da73,ix-variant-957c7d86610422c2973b,2026-06-19,2026-06-19,"['raw_frequency', 'arrival_clock', 'departure_clock']",overlapping raw schedule variants; not asserted to be contradictory because the source frequency legend is absent
ix-leg-62802eb865ae64d6acc9,ix-variant-8c9cfed4fd58ae97da73,ix-variant-71330d64702ec1c4a982,2026-07-03,2026-10-16,"['raw_frequency', 'arrival_clock', 'departure_clock']",overlapping raw schedule variants; not asserted to be contradictory because the source frequency legend is absent
ix-leg-62802eb865ae64d6acc9,ix-variant-8c9cfed4fd58ae97da73,ix-variant-9585930474f97196cbc5,2026-10-24,2026-10-24,"['raw_frequency', 'arrival_clock', 'departure_clock']",overlapping raw schedule variants; not asserted to be contradictory because the source frequency legend is absent
ix-leg-62802eb865ae64d6acc9,ix-variant-8c9cfed4fd58ae97da73,ix-variant-61e8c22481ff7383481c,2026-03-29,2026-03-29,"['raw_frequency', 'arrival_clock', 'departure_clock']",overlapping raw schedule variants; not asserted to be contradictory because the source frequency legend is absent
ix-leg-62802eb865ae64d6acc9,ix-variant-8c9cfed4fd58ae97da73,ix-variant-421adacb73118da0e642,2026-04-19,2026-04-19,"['raw_frequency', 'arrival_clock', 'departure_clock']",overlapping raw schedule variants; not asserted to be contradictory because the source frequency legend is absent
ix-leg-62802eb865ae64d6acc9,ix-variant-8c9cfed4fd58ae97da73,ix-variant-fca1201e8d494e128feb,2026-05-16,2026-05-16,"['raw_frequency', 'arrival_clock', 'departure_clock']",overlapping raw schedule variants; not asserted to be contradictory because the source frequency legend is absent
ix-leg-62802eb865ae64d6acc9,ix-variant-8c9cfed4fd58ae97da73,ix-variant-cdd4344d91efd435db2c,2026-06-13,2026-06-13,"['raw_frequency', 'arrival_clock', 'departure_clock']",overlapping raw schedule variants; not asserted to be contradictory because the source frequency legend is absent
ix-leg-62802eb865ae64d6acc9,ix-variant-8c9cfed4fd58ae97da73,ix-variant-cea333baa18c24719229,2026-06-27,2026-06-27,"['raw_frequency', 'arrival_clock', 'departure_clock']",overlapping raw schedule variants; not asserted to be contradictory because the source frequency legend is absent
ix-leg-62802eb865ae64d6acc9,ix-variant-8c9cfed4fd58ae97da73,ix-variant-c93366a1952a17113a88,2026-07-12,2026-07-12,"['raw_frequency', 'arrival_clock', 'departure_clock']",overlapping raw schedule variants; not asserted to be contradictory because the source frequency legend is absent
ix-leg-62802eb865ae64d6acc9,ix-variant-8c9cfed4fd58ae97da73,ix-variant-fa184e3bc82d066826ff,2026-07-26,2026-07-26,"['raw_frequency', 'arrival_clock', 'departure_clock']",overlapping raw schedule variants; not asserted to be contradictory because the source frequency legend is absent
ix-leg-62802eb865ae64d6acc9,ix-variant-8c9cfed4fd58ae97da73,ix-variant-891c3de919cb321c4475,2026-08-09,2026-08-09,"['raw_frequency', 'arrival_clock', 'departure_clock']",overlapping raw schedule variants; not asserted to be contradictory because the source frequency legend is absent
ix-leg-62802eb865ae64d6acc9,ix-variant-8c9cfed4fd58ae97da73,ix-variant-e40386c531a4a4fc0bd4,2026-08-23,2026-08-23,"['raw_frequency', 'arrival_clock', 'departure_clock']",overlapping raw schedule variants; not asserted to be contradictory because the source frequency legend is absent
ix-leg-62802eb865ae64d6acc9,ix-variant-8c9cfed4fd58ae97da73,ix-variant-5c6db250186436bcf7b3,2026-09-06,2026-09-06,"['raw_frequency', 'arrival_clock', 'departure_clock']",overlapping raw schedule variants; not asserted to be contradictory because the source frequency legend is absent
ix-leg-62802eb865ae64d6acc9,ix-variant-8c9cfed4fd58ae97da73,ix-variant-38f09c6afca169c467db,2026-09-20,2026-09-20,"['raw_frequency', 'arrival_clock', 'departure_clock']",overlapping raw schedule variants; not asserted to be contradictory because the source frequency legend is absent
ix-leg-62802eb865ae64d6acc9,ix-variant-8c9cfed4fd58ae97da73,ix-variant-67455d7e267273343fef,2026-10-04,2026-10-04,"['raw_frequency', 'arrival_clock', 'departure_clock']",overlapping raw schedule variants; not asserted to be contradictory because the source frequency legend is absent
ix-leg-62802eb865ae64d6acc9,ix-variant-8c9cfed4fd58ae97da73,ix-variant-54aa63a2c533ee056feb,2026-10-18,2026-10-18,"['raw_frequency', 'arrival_clock', 'departure_clock']",overlapping raw schedule variants; not asserted to be contradictory because the source frequency legend is absent
ix-leg-62802eb865ae64d6acc9,ix-variant-86b57901e3b3f6fc441a,ix-variant-71330d64702ec1c4a982,2026-07-03,2026-10-16,['raw_frequency'],overlapping raw schedule variants; not asserted to be contradictory because the source frequency legend is absent
ix-leg-62802eb865ae64d6acc9,ix-variant-86b57901e3b3f6fc441a,ix-variant-cea333baa18c24719229,2026-06-27,2026-06-27,['raw_frequency'],overlapping raw schedule variants; not asserted to be contradictory because the source frequency legend is absent
ix-leg-62802eb865ae64d6acc9,ix-variant-86b57901e3b3f6fc441a,ix-variant-c93366a1952a17113a88,2026-07-12,2026-07-12,['raw_frequency'],overlapping raw schedule variants; not asserted to be contradictory because the source frequency legend is absent
ix-leg-62802eb865ae64d6acc9,ix-variant-86b57901e3b3f6fc441a,ix-variant-fa184e3bc82d066826ff,2026-07-26,2026-07-26,['raw_frequency'],overlapping raw schedule variants; not asserted to be contradictory because the source frequency legend is absent
ix-leg-62802eb865ae64d6acc9,ix-variant-86b57901e3b3f6fc441a,ix-variant-891c3de919cb321c4475,2026-08-09,2026-08-09,['raw_frequency'],overlapping raw schedule variants; not asserted to be contradictory because the source frequency legend is absent
ix-leg-62802eb865ae64d6acc9,ix-variant-86b57901e3b3f6fc441a,ix-variant-e40386c531a4a4fc0bd4,2026-08-23,2026-08-23,['raw_frequency'],overlapping raw schedule variants; not asserted to be contradictory because the source frequency legend is absent
ix-leg-62802eb865ae64d6acc9,ix-variant-86b57901e3b3f6fc441a,ix-variant-5c6db250186436bcf7b3,2026-09-06,2026-09-06,['raw_frequency'],overlapping raw schedule variants; not asserted to be contradictory because the source frequency legend is absent
ix-leg-62802eb865ae64d6acc9,ix-variant-86b57901e3b3f6fc441a,ix-variant-38f09c6afca169c467db,2026-09-20,2026-09-20,['raw_frequency'],overlapping raw schedule variants; not asserted to be contradictory because the source frequency legend is absent
ix-leg-62802eb865ae64d6acc9,ix-variant-86b57901e3b3f6fc441a,ix-variant-67455d7e267273343fef,2026-10-04,2026-10-04,['raw_frequency'],overlapping raw schedule variants; not asserted to be contradictory because the source frequency legend is absent
ix-leg-62802eb865ae64d6acc9,ix-variant-86b57901e3b3f6fc441a,ix-variant-54aa63a2c533ee056feb,2026-10-18,2026-10-18,['raw_frequency'],overlapping raw schedule variants; not asserted to be contradictory because the source frequency legend is absent
ix-leg-62802eb865ae64d6acc9,ix-variant-71330d64702ec1c4a982,ix-variant-c93366a1952a17113a88,2026-07-12,2026-07-12,['raw_frequency'],overlapping raw schedule variants; not asserted to be contradictory because the source frequency legend is absent
ix-leg-62802eb865ae64d6acc9,ix-variant-71330d64702ec1c4a982,ix-variant-fa184e3bc82d066826ff,2026-07-26,2026-07-26,['raw_frequency'],overlapping raw schedule variants; not asserted to be contradictory because the source frequency legend is absent
ix-leg-62802eb865ae64d6acc9,ix-variant-71330d64702ec1c4a982,ix-variant-891c3de919cb321c4475,2026-08-09,2026-08-09,['raw_frequency'],overlapping raw schedule variants; not asserted to be contradictory because the source frequency legend is absent
ix-leg-62802eb865ae64d6acc9,ix-variant-71330d64702ec1c4a982,ix-variant-e40386c531a4a4fc0bd4,2026-08-23,2026-08-23,['raw_frequency'],overlapping raw schedule variants; not asserted to be contradictory because the source frequency legend is absent
ix-leg-62802eb865ae64d6acc9,ix-variant-71330d64702ec1c4a982,ix-variant-5c6db250186436bcf7b3,2026-09-06,2026-09-06,['raw_frequency'],overlapping raw schedule variants; not asserted to be contradictory because the source frequency legend is absent
ix-leg-62802eb865ae64d6acc9,ix-variant-71330d64702ec1c4a982,ix-variant-38f09c6afca169c467db,2026-09-20,2026-09-20,['raw_frequency'],overlapping raw schedule variants; not asserted to be contradictory because the source frequency legend is absent
ix-leg-62802eb865ae64d6acc9,ix-variant-71330d64702ec1c4a982,ix-variant-67455d7e267273343fef,2026-10-04,2026-10-04,['raw_frequency'],overlapping raw schedule variants; not asserted to be contradictory because the source frequency legend is absent
ix-leg-d1d64115283ed3031673,ix-variant-d1931126ceee1086ce90,ix-variant-df8f52b86ee3f2dd2b35,2026-03-29,2026-04-04,"['arrival_clock', 'departure_clock']",overlapping raw schedule variants; not asserted to be contradictory because the source frequency legend is absent
ix-leg-d1d64115283ed3031673,ix-variant-df8f52b86ee3f2dd2b35,ix-variant-e7150d7f0f4ee9d0f9ea,2026-04-05,2026-10-24,"['arrival_clock', 'departure_clock']",overlapping raw schedule variants; not asserted to be contradictory because the source frequency legend is absent
ix-leg-abcb56668df187685fc4,ix-variant-71fbe19aef735022da4c,ix-variant-431b70b9726e88da5eff,2026-03-31,2026-04-04,['raw_frequency'],overlapping raw schedule variants; not asserted to be contradictory because the source frequency legend is absent
ix-leg-abcb56668df187685fc4,ix-variant-71fbe19aef735022da4c,ix-variant-08f599c260cc4fcc3e9a,2026-04-07,2026-10-17,['raw_frequency'],overlapping raw schedule variants; not asserted to be contradictory because the source frequency legend is absent
ix-leg-abcb56668df187685fc4,ix-variant-9b99496fb892d7c03c68,ix-variant-836d19989418ffb333f4,2026-10-21,2026-10-23,['raw_frequency'],overlapping raw schedule variants; not asserted to be contradictory because the source frequency legend is absent
ix-leg-abcb56668df187685fc4,ix-variant-9b99496fb892d7c03c68,ix-variant-d2f42a40c7d035b13eac,2026-10-22,2026-10-22,['raw_frequency'],overlapping raw schedule variants; not asserted to be contradictory because the source frequency legend is absent
ix-leg-abcb56668df187685fc4,ix-variant-836d19989418ffb333f4,ix-variant-d2f42a40c7d035b13eac,2026-10-22,2026-10-22,['raw_frequency'],overlapping raw schedule variants; not asserted to be contradictory because the source frequency legend is absent
ix-leg-186b3c1cba5aacda580e,ix-variant-05ced5b9a689e37edf3a,ix-variant-affc30d81c9ec5774392,2026-03-29,2026-10-24,"['raw_frequency', 'arrival_clock', 'departure_clock']",overlapping raw schedule variants; not asserted to be contradictory because the source frequency legend is absent
ix-leg-186b3c1cba5aacda580e,ix-variant-05ced5b9a689e37edf3a,ix-variant-bca0fd1c242b1cea132e,2026-04-01,2026-10-21,"['raw_frequency', 'arrival_clock', 'departure_clock']",overlapping raw schedule variants; not asserted to be contradictory because the source frequency legend is absent
ix-leg-186b3c1cba5aacda580e,ix-variant-affc30d81c9ec5774392,ix-variant-bca0fd1c242b1cea132e,2026-04-01,2026-10-21,['raw_frequency'],overlapping raw schedule variants; not asserted to be contradictory because the source frequency legend is absent
ix-leg-6a88ebf6c35a55b700e2,ix-variant-fbc3293ef8f3a07ce6ab,ix-variant-cf3ba678284d59e37a86,2026-03-29,2026-10-24,"['raw_frequency', 'arrival_clock', 'departure_clock']",overlapping raw schedule variants; not asserted to be contradictory because the source frequency legend is absent
ix-leg-6a88ebf6c35a55b700e2,ix-variant-fbc3293ef8f3a07ce6ab,ix-variant-3cbf9c1e6134345c791c,2026-04-01,2026-10-21,"['raw_frequency', 'arrival_clock', 'departure_clock']",overlapping raw schedule variants; not asserted to be contradictory because the source frequency legend is absent
ix-leg-6a88ebf6c35a55b700e2,ix-variant-cf3ba678284d59e37a86,ix-variant-3cbf9c1e6134345c791c,2026-04-01,2026-10-21,"['raw_frequency', 'departure_clock']",overlapping raw schedule variants; not asserted to be contradictory because the source frequency legend is absent
ix-leg-b5d99bf2d7c84ecbd265,ix-variant-5445bf5d946ebd64c57e,ix-variant-be618f19aeabe73ecdd4,2026-03-30,2026-10-24,"['raw_frequency', 'arrival_clock', 'departure_clock']",overlapping raw schedule variants; not asserted to be contradictory because the source frequency legend is absent
ix-leg-b5d99bf2d7c84ecbd265,ix-variant-5445bf5d946ebd64c57e,ix-variant-3fbdc9ac099dc6d17c2b,2026-03-30,2026-10-18,['raw_frequency'],overlapping raw schedule variants; not asserted to be contradictory because the source frequency legend is absent
ix-leg-b5d99bf2d7c84ecbd265,ix-variant-be618f19aeabe73ecdd4,ix-variant-3fbdc9ac099dc6d17c2b,2026-03-29,2026-10-18,"['raw_frequency', 'arrival_clock', 'departure_clock']",overlapping raw schedule variants; not asserted to be contradictory because the source frequency legend is absent
ix-leg-332eb3bf3b8fe823a511,ix-variant-e1b87a9413350afa324e,ix-variant-7eee5c3a578ce0d55546,2026-07-05,2026-10-18,"['raw_frequency', 'arrival_clock', 'departure_clock']",overlapping raw schedule variants; not asserted to be contradictory because the source frequency legend is absent
ix-leg-332eb3bf3b8fe823a511,ix-variant-e1b87a9413350afa324e,ix-variant-23de93f01fce761c3caf,2026-07-05,2026-10-18,"['raw_frequency', 'departure_clock']",overlapping raw schedule variants; not asserted to be contradictory because the source frequency legend is absent
ix-leg-332eb3bf3b8fe823a511,ix-variant-e1b87a9413350afa324e,ix-variant-d85d52dc9f3d9a287f36,2026-07-05,2026-10-18,"['raw_frequency', 'arrival_clock', 'departure_clock']",overlapping raw schedule variants; not asserted to be contradictory because the source frequency legend is absent
ix-leg-332eb3bf3b8fe823a511,ix-variant-e1b87a9413350afa324e,ix-variant-0ab3251aeda8cf3f36c9,2026-07-05,2026-10-18,"['raw_frequency', 'departure_clock']",overlapping raw schedule variants; not asserted to be contradictory because the source frequency legend is absent
ix-leg-332eb3bf3b8fe823a511,ix-variant-e1b87a9413350afa324e,ix-variant-f3488b4b472537460455,2026-07-05,2026-10-18,"['raw_frequency', 'departure_clock']",overlapping raw schedule variants; not asserted to be contradictory because the source frequency legend is absent
ix-leg-332eb3bf3b8fe823a511,ix-variant-d880612e6058c653b9f6,ix-variant-3a582e6df07bd69ee43f,2026-03-29,2026-06-28,"['raw_frequency', 'arrival_clock', 'departure_clock']",overlapping raw schedule variants; not asserted to be contradictory because the source frequency legend is absent
ix-leg-332eb3bf3b8fe823a511,ix-variant-d880612e6058c653b9f6,ix-variant-798c203f058b8f2339b3,2026-03-30,2026-06-29,"['raw_frequency', 'arrival_clock', 'departure_clock']",overlapping raw schedule variants; not asserted to be contradictory because the source frequency legend is absent
ix-leg-332eb3bf3b8fe823a511,ix-variant-d880612e6058c653b9f6,ix-variant-0ab3251aeda8cf3f36c9,2026-06-30,2026-06-30,"['raw_frequency', 'arrival_clock', 'departure_clock']",overlapping raw schedule variants; not asserted to be contradictory because the source frequency legend is absent
ix-leg-332eb3bf3b8fe823a511,ix-variant-d880612e6058c653b9f6,ix-variant-b37fc9da3727106f4298,2026-04-02,2026-06-25,"['raw_frequency', 'arrival_clock', 'departure_clock']",overlapping raw schedule variants; not asserted to be contradictory because the source frequency legend is absent
ix-leg-332eb3bf3b8fe823a511,ix-variant-d880612e6058c653b9f6,ix-variant-4a46b4dc0858fdbcdf45,2026-04-03,2026-06-26,"['raw_frequency', 'arrival_clock', 'departure_clock']",overlapping raw schedule variants; not asserted to be contradictory because the source frequency legend is absent
ix-leg-332eb3bf3b8fe823a511,ix-variant-d880612e6058c653b9f6,ix-variant-3f8ef619772b94f9c87e,2026-03-29,2026-03-29,"['raw_frequency', 'arrival_clock', 'departure_clock']",overlapping raw schedule variants; not asserted to be contradictory because the source frequency legend is absent
ix-leg-332eb3bf3b8fe823a511,ix-variant-7eee5c3a578ce0d55546,ix-variant-23de93f01fce761c3caf,2026-07-01,2026-10-23,"['raw_frequency', 'arrival_clock', 'departure_clock']",overlapping raw schedule variants; not asserted to be contradictory because the source frequency legend is absent
ix-leg-332eb3bf3b8fe823a511,ix-variant-7eee5c3a578ce0d55546,ix-variant-d85d52dc9f3d9a287f36,2026-07-02,2026-10-23,"['raw_frequency', 'arrival_clock']",overlapping raw schedule variants; not asserted to be contradictory because the source frequency legend is absent
ix-leg-332eb3bf3b8fe823a511,ix-variant-7eee5c3a578ce0d55546,ix-variant-0ab3251aeda8cf3f36c9,2026-07-01,2026-10-20,"['raw_frequency', 'arrival_clock', 'departure_clock']",overlapping raw schedule variants; not asserted to be contradictory because the source frequency legend is absent
ix-leg-332eb3bf3b8fe823a511,ix-variant-7eee5c3a578ce0d55546,ix-variant-f3488b4b472537460455,2026-07-02,2026-10-22,"['raw_frequency', 'arrival_clock', 'departure_clock']",overlapping raw schedule variants; not asserted to be contradictory because the source frequency legend is absent
ix-leg-332eb3bf3b8fe823a511,ix-variant-3a582e6df07bd69ee43f,ix-variant-798c203f058b8f2339b3,2026-03-30,2026-06-28,['raw_frequency'],overlapping raw schedule variants; not asserted to be contradictory because the source frequency legend is absent
ix-leg-332eb3bf3b8fe823a511,ix-variant-3a582e6df07bd69ee43f,ix-variant-b37fc9da3727106f4298,2026-04-02,2026-06-25,['raw_frequency'],overlapping raw schedule variants; not asserted to be contradictory because the source frequency legend is absent
ix-leg-332eb3bf3b8fe823a511,ix-variant-3a582e6df07bd69ee43f,ix-variant-4a46b4dc0858fdbcdf45,2026-04-03,2026-06-26,['raw_frequency'],overlapping raw schedule variants; not asserted to be contradictory because the source frequency legend is absent
ix-leg-332eb3bf3b8fe823a511,ix-variant-3a582e6df07bd69ee43f,ix-variant-3f8ef619772b94f9c87e,2026-03-29,2026-03-29,['raw_frequency'],overlapping raw schedule variants; not asserted to be contradictory because the source frequency legend is absent
ix-leg-332eb3bf3b8fe823a511,ix-variant-798c203f058b8f2339b3,ix-variant-b37fc9da3727106f4298,2026-04-02,2026-06-25,['raw_frequency'],overlapping raw schedule variants; not asserted to be contradictory because the source frequency legend is absent
ix-leg-332eb3bf3b8fe823a511,ix-variant-798c203f058b8f2339b3,ix-variant-4a46b4dc0858fdbcdf45,2026-04-03,2026-06-26,['raw_frequency'],overlapping raw schedule variants; not asserted to be contradictory because the source frequency legend is absent
ix-leg-332eb3bf3b8fe823a511,ix-variant-23de93f01fce761c3caf,ix-variant-d85d52dc9f3d9a287f36,2026-07-02,2026-10-23,"['arrival_clock', 'departure_clock']",overlapping raw schedule variants; not asserted to be contradictory because the source frequency legend is absent
ix-leg-332eb3bf3b8fe823a511,ix-variant-23de93f01fce761c3caf,ix-variant-0ab3251aeda8cf3f36c9,2026-07-01,2026-10-20,"['raw_frequency', 'departure_clock']",overlapping raw schedule variants; not asserted to be contradictory because the source frequency legend is absent
ix-leg-332eb3bf3b8fe823a511,ix-variant-23de93f01fce761c3caf,ix-variant-f3488b4b472537460455,2026-07-02,2026-10-22,"['raw_frequency', 'departure_clock']",overlapping raw schedule variants; not asserted to be contradictory because the source frequency legend is absent
ix-leg-332eb3bf3b8fe823a511,ix-variant-d85d52dc9f3d9a287f36,ix-variant-0ab3251aeda8cf3f36c9,2026-07-02,2026-10-20,"['raw_frequency', 'arrival_clock', 'departure_clock']",overlapping raw schedule variants; not asserted to be contradictory because the source frequency legend is absent
ix-leg-332eb3bf3b8fe823a511,ix-variant-d85d52dc9f3d9a287f36,ix-variant-f3488b4b472537460455,2026-07-02,2026-10-22,"['raw_frequency', 'arrival_clock', 'departure_clock']",overlapping raw schedule variants; not asserted to be contradictory because the source frequency legend is absent
ix-leg-332eb3bf3b8fe823a511,ix-variant-0ab3251aeda8cf3f36c9,ix-variant-f3488b4b472537460455,2026-07-02,2026-10-20,['raw_frequency'],overlapping raw schedule variants; not asserted to be contradictory because the source frequency legend is absent
ix-leg-332eb3bf3b8fe823a511,ix-variant-b37fc9da3727106f4298,ix-variant-4a46b4dc0858fdbcdf45,2026-04-03,2026-06-25,['raw_frequency'],overlapping raw schedule variants; not asserted to be contradictory because the source frequency legend is absent
ix-leg-ed1b5b938fed633e2c52,ix-variant-dfedd593b19b9a9b0fc1,ix-variant-85ac613676a1c613e9d5,2026-03-30,2026-06-30,"['raw_frequency', 'arrival_clock', 'departure_clock']",overlapping raw schedule variants; not asserted to be contradictory because the source frequency legend is absent
ix-leg-ed1b5b938fed633e2c52,ix-variant-dfedd593b19b9a9b0fc1,ix-variant-a3700d78bce7f977727a,2026-03-29,2026-06-28,"['raw_frequency', 'arrival_clock', 'departure_clock']",overlapping raw schedule variants; not asserted to be contradictory because the source frequency legend is absent
ix-leg-ed1b5b938fed633e2c52,ix-variant-dfedd593b19b9a9b0fc1,ix-variant-e0fb2b0071cd76c62d99,2026-04-02,2026-06-30,"['raw_frequency', 'arrival_clock', 'departure_clock']",overlapping raw schedule variants; not asserted to be contradictory because the source frequency legend is absent
ix-leg-ed1b5b938fed633e2c52,ix-variant-dfedd593b19b9a9b0fc1,ix-variant-d6c71e392e74886fbb32,2026-04-03,2026-06-26,"['raw_frequency', 'arrival_clock', 'departure_clock']",overlapping raw schedule variants; not asserted to be contradictory because the source frequency legend is absent
ix-leg-ed1b5b938fed633e2c52,ix-variant-85ac613676a1c613e9d5,ix-variant-0a64b9262504e666440b,2026-07-01,2026-07-04,"['raw_frequency', 'arrival_clock']",overlapping raw schedule variants; not asserted to be contradictory because the source frequency legend is absent
ix-leg-ed1b5b938fed633e2c52,ix-variant-85ac613676a1c613e9d5,ix-variant-df1d57e95a3a72eec0b2,2026-07-01,2026-07-04,"['raw_frequency', 'arrival_clock', 'departure_clock']",overlapping raw schedule variants; not asserted to be contradictory because the source frequency legend is absent
ix-leg-ed1b5b938fed633e2c52,ix-variant-85ac613676a1c613e9d5,ix-variant-4945ab2ce6eae7b775cd,2026-07-02,2026-07-04,"['raw_frequency', 'arrival_clock', 'departure_clock']",overlapping raw schedule variants; not asserted to be contradictory because the source frequency legend is absent
ix-leg-ed1b5b938fed633e2c52,ix-variant-85ac613676a1c613e9d5,ix-variant-a3700d78bce7f977727a,2026-03-30,2026-06-28,['raw_frequency'],overlapping raw schedule variants; not asserted to be contradictory because the source frequency legend is absent
ix-leg-ed1b5b938fed633e2c52,ix-variant-85ac613676a1c613e9d5,ix-variant-e0fb2b0071cd76c62d99,2026-04-02,2026-07-04,['raw_frequency'],overlapping raw schedule variants; not asserted to be contradictory because the source frequency legend is absent
ix-leg-ed1b5b938fed633e2c52,ix-variant-85ac613676a1c613e9d5,ix-variant-d6c71e392e74886fbb32,2026-04-03,2026-06-26,['raw_frequency'],overlapping raw schedule variants; not asserted to be contradictory because the source frequency legend is absent
ix-leg-ed1b5b938fed633e2c52,ix-variant-0a64b9262504e666440b,ix-variant-df1d57e95a3a72eec0b2,2026-07-01,2026-10-23,"['raw_frequency', 'arrival_clock', 'departure_clock']",overlapping raw schedule variants; not asserted to be contradictory because the source frequency legend is absent
ix-leg-ed1b5b938fed633e2c52,ix-variant-0a64b9262504e666440b,ix-variant-4945ab2ce6eae7b775cd,2026-07-02,2026-10-23,"['raw_frequency', 'arrival_clock', 'departure_clock']",overlapping raw schedule variants; not asserted to be contradictory because the source frequency legend is absent
ix-leg-ed1b5b938fed633e2c52,ix-variant-0a64b9262504e666440b,ix-variant-a5651540299b614465c4,2026-07-07,2026-10-23,"['raw_frequency', 'arrival_clock']",overlapping raw schedule variants; not asserted to be contradictory because the source frequency legend is absent
ix-leg-ed1b5b938fed633e2c52,ix-variant-0a64b9262504e666440b,ix-variant-e0fb2b0071cd76c62d99,2026-07-01,2026-10-22,"['raw_frequency', 'arrival_clock']",overlapping raw schedule variants; not asserted to be contradictory because the source frequency legend is absent
ix-leg-ed1b5b938fed633e2c52,ix-variant-0a64b9262504e666440b,ix-variant-75457f69489abf5025a7,2026-07-05,2026-10-18,['raw_frequency'],overlapping raw schedule variants; not asserted to be contradictory because the source frequency legend is absent
ix-leg-ed1b5b938fed633e2c52,ix-variant-df1d57e95a3a72eec0b2,ix-variant-4945ab2ce6eae7b775cd,2026-07-02,2026-10-23,"['raw_frequency', 'departure_clock']",overlapping raw schedule variants; not asserted to be contradictory because the source frequency legend is absent
ix-leg-ed1b5b938fed633e2c52,ix-variant-df1d57e95a3a72eec0b2,ix-variant-a5651540299b614465c4,2026-07-07,2026-10-23,"['raw_frequency', 'arrival_clock', 'departure_clock']",overlapping raw schedule variants; not asserted to be contradictory because the source frequency legend is absent
ix-leg-ed1b5b938fed633e2c52,ix-variant-df1d57e95a3a72eec0b2,ix-variant-e0fb2b0071cd76c62d99,2026-07-01,2026-10-22,"['raw_frequency', 'arrival_clock', 'departure_clock']",overlapping raw schedule variants; not asserted to be contradictory because the source frequency legend is absent
ix-leg-ed1b5b938fed633e2c52,ix-variant-df1d57e95a3a72eec0b2,ix-variant-75457f69489abf5025a7,2026-07-05,2026-10-18,"['raw_frequency', 'arrival_clock', 'departure_clock']",overlapping raw schedule variants; not asserted to be contradictory because the source frequency legend is absent
ix-leg-ed1b5b938fed633e2c52,ix-variant-4945ab2ce6eae7b775cd,ix-variant-a5651540299b614465c4,2026-07-07,2026-10-24,"['raw_frequency', 'arrival_clock', 'departure_clock']",overlapping raw schedule variants; not asserted to be contradictory because the source frequency legend is absent
ix-leg-ed1b5b938fed633e2c52,ix-variant-4945ab2ce6eae7b775cd,ix-variant-e0fb2b0071cd76c62d99,2026-07-02,2026-10-22,"['raw_frequency', 'arrival_clock', 'departure_clock']",overlapping raw schedule variants; not asserted to be contradictory because the source frequency legend is absent
ix-leg-ed1b5b938fed633e2c52,ix-variant-4945ab2ce6eae7b775cd,ix-variant-75457f69489abf5025a7,2026-07-05,2026-10-18,"['raw_frequency', 'arrival_clock', 'departure_clock']",overlapping raw schedule variants; not asserted to be contradictory because the source frequency legend is absent
ix-leg-ed1b5b938fed633e2c52,ix-variant-a5651540299b614465c4,ix-variant-e0fb2b0071cd76c62d99,2026-07-07,2026-10-22,['raw_frequency'],overlapping raw schedule variants; not asserted to be contradictory because the source frequency legend is absent
ix-leg-ed1b5b938fed633e2c52,ix-variant-a5651540299b614465c4,ix-variant-75457f69489abf5025a7,2026-07-07,2026-10-18,"['raw_frequency', 'arrival_clock']",overlapping raw schedule variants; not asserted to be contradictory because the source frequency legend is absent
ix-leg-ed1b5b938fed633e2c52,ix-variant-a3700d78bce7f977727a,ix-variant-e0fb2b0071cd76c62d99,2026-04-02,2026-06-28,['raw_frequency'],overlapping raw schedule variants; not asserted to be contradictory because the source frequency legend is absent
ix-leg-ed1b5b938fed633e2c52,ix-variant-a3700d78bce7f977727a,ix-variant-d6c71e392e74886fbb32,2026-04-03,2026-06-26,['raw_frequency'],overlapping raw schedule variants; not asserted to be contradictory because the source frequency legend is absent
ix-leg-ed1b5b938fed633e2c52,ix-variant-e0fb2b0071cd76c62d99,ix-variant-d6c71e392e74886fbb32,2026-04-03,2026-06-26,['raw_frequency'],overlapping raw schedule variants; not asserted to be contradictory because the source frequency legend is absent
ix-leg-ed1b5b938fed633e2c52,ix-variant-e0fb2b0071cd76c62d99,ix-variant-75457f69489abf5025a7,2026-07-05,2026-10-18,"['raw_frequency', 'arrival_clock']",overlapping raw schedule variants; not asserted to be contradictory because the source frequency legend is absent
ix-leg-5b01f4a7b757f58b2f2c,ix-variant-5c97812aeee5e70c34aa,ix-variant-79ddccd0e390c1e59b62,2026-03-29,2026-10-24,"['raw_frequency', 'arrival_clock', 'departure_clock']",overlapping raw schedule variants; not asserted to be contradictory because the source frequency legend is absent
ix-leg-5b01f4a7b757f58b2f2c,ix-variant-5c97812aeee5e70c34aa,ix-variant-e547f4922700266574d9,2026-04-01,2026-10-21,"['raw_frequency', 'arrival_clock', 'departure_clock']",overlapping raw schedule variants; not asserted to be contradictory because the source frequency legend is absent
ix-leg-5b01f4a7b757f58b2f2c,ix-variant-79ddccd0e390c1e59b62,ix-variant-e547f4922700266574d9,2026-04-01,2026-10-21,['raw_frequency'],overlapping raw schedule variants; not asserted to be contradictory because the source frequency legend is absent
ix-leg-34e47c737accc1336001,ix-variant-056f053e434d58376187,ix-variant-b6ba1c6a949c382b5ff2,2026-03-29,2026-10-23,"['raw_frequency', 'arrival_clock', 'departure_clock']",overlapping raw schedule variants; not asserted to be contradictory because the source frequency legend is absent
ix-leg-34e47c737accc1336001,ix-variant-056f053e434d58376187,ix-variant-df5c42b8a9bb9bda2c27,2026-04-01,2026-10-21,"['raw_frequency', 'arrival_clock', 'departure_clock']",overlapping raw schedule variants; not asserted to be contradictory because the source frequency legend is absent
ix-leg-34e47c737accc1336001,ix-variant-056f053e434d58376187,ix-variant-2d9a64eb3e08573c45a7,2026-04-04,2026-10-23,['raw_frequency'],overlapping raw schedule variants; not asserted to be contradictory because the source frequency legend is absent
ix-leg-34e47c737accc1336001,ix-variant-b6ba1c6a949c382b5ff2,ix-variant-df5c42b8a9bb9bda2c27,2026-04-01,2026-10-21,['raw_frequency'],overlapping raw schedule variants; not asserted to be contradictory because the source frequency legend is absent
ix-leg-34e47c737accc1336001,ix-variant-b6ba1c6a949c382b5ff2,ix-variant-2d9a64eb3e08573c45a7,2026-04-04,2026-10-24,"['raw_frequency', 'arrival_clock', 'departure_clock']",overlapping raw schedule variants; not asserted to be contradictory because the source frequency legend is absent
ix-leg-34e47c737accc1336001,ix-variant-df5c42b8a9bb9bda2c27,ix-variant-2d9a64eb3e08573c45a7,2026-04-04,2026-10-21,"['raw_frequency', 'arrival_clock', 'departure_clock']",overlapping raw schedule variants; not asserted to be contradictory because the source frequency legend is absent
ix-leg-be2cf569508606b3048c,ix-variant-3dd547e6f34c13239197,ix-variant-26f558aa5815fd90f60c,2026-03-29,2026-10-24,"['aircraft', 'raw_frequency', 'arrival_clock', 'departure_clock']",overlapping raw schedule variants; not asserted to be contradictory because the source frequency legend is absent
ix-leg-be2cf569508606b3048c,ix-variant-3dd547e6f34c13239197,ix-variant-d829305d6c0f85193d47,2026-04-01,2026-10-21,"['aircraft', 'raw_frequency', 'arrival_clock', 'departure_clock']",overlapping raw schedule variants; not asserted to be contradictory because the source frequency legend is absent
ix-leg-be2cf569508606b3048c,ix-variant-26f558aa5815fd90f60c,ix-variant-d829305d6c0f85193d47,2026-04-01,2026-10-21,"['raw_frequency', 'arrival_clock']",overlapping raw schedule variants; not asserted to be contradictory because the source frequency legend is absent
ix-leg-86d25b416880e11ef97b,ix-variant-754568375466f384bd91,ix-variant-79c16893d1f13d1bc3af,2026-04-01,2026-10-21,"['aircraft', 'raw_frequency', 'departure_clock']",overlapping raw schedule variants; not asserted to be contradictory because the source frequency legend is absent
ix-leg-d2138dbf63ece566821a,ix-variant-a90cc8e6ad03cabfc227,ix-variant-2bbe81f09885fe3aacf0,2026-03-30,2026-10-24,"['aircraft', 'arrival_clock', 'departure_clock']",overlapping raw schedule variants; not asserted to be contradictory because the source frequency legend is absent
ix-leg-5933f55272e5e100ff42,ix-variant-35e2caf08b32cde9a919,ix-variant-9b442f40d4cc5c47782e,2026-03-30,2026-10-24,"['aircraft', 'arrival_clock', 'departure_clock']",overlapping raw schedule variants; not asserted to be contradictory because the source frequency legend is absent
ix-leg-5933f55272e5e100ff42,ix-variant-35e2caf08b32cde9a919,ix-variant-5e2af4cd657c0f731602,2026-03-29,2026-03-29,"['aircraft', 'raw_frequency', 'arrival_clock', 'departure_clock']",overlapping raw schedule variants; not asserted to be contradictory because the source frequency legend is absent
ix-leg-42072f85d3e1c84cde9b,ix-variant-a806cdba88c401aa9465,ix-variant-a3029ec572b4c124ee0a,2026-03-29,2026-10-24,"['aircraft', 'arrival_clock', 'departure_clock']",overlapping raw schedule variants; not asserted to be contradictory because the source frequency legend is absent
ix-leg-25c9fa13565701b26b68,ix-variant-4691c618afae3cd1a1b6,ix-variant-8fd384890f6d3701bdcb,2026-03-29,2026-05-31,"['raw_frequency', 'arrival_clock', 'departure_clock']",overlapping raw schedule variants; not asserted to be contradictory because the source frequency legend is absent
ix-leg-25c9fa13565701b26b68,ix-variant-8cb7eb1efc1f95bdc23b,ix-variant-8fd384890f6d3701bdcb,2026-06-01,2026-06-20,"['raw_frequency', 'arrival_clock', 'departure_clock']",overlapping raw schedule variants; not asserted to be contradictory because the source frequency legend is absent
ix-leg-25c9fa13565701b26b68,ix-variant-e8ed2d000490bb57d04c,ix-variant-8fd384890f6d3701bdcb,2026-06-21,2026-10-24,"['raw_frequency', 'arrival_clock', 'departure_clock']",overlapping raw schedule variants; not asserted to be contradictory because the source frequency legend is absent
ix-leg-7ef7b66b0142cf5718a1,ix-variant-00feb1bddfe0d7708da5,ix-variant-fa1f1835e47efbb4c46a,2026-03-30,2026-10-24,"['arrival_clock', 'departure_clock']",overlapping raw schedule variants; not asserted to be contradictory because the source frequency legend is absent
ix-leg-b786656a7773365a32e0,ix-variant-e47c187ebea4ba2d1dc8,ix-variant-da952250fab69d78d11f,2026-03-29,2026-03-30,"['raw_frequency', 'arrival_clock', 'departure_clock']",overlapping raw schedule variants; not asserted to be contradictory because the source frequency legend is absent
ix-leg-b786656a7773365a32e0,ix-variant-e47c187ebea4ba2d1dc8,ix-variant-a5fa13bd0e6be921a717,2026-03-29,2026-03-29,['raw_frequency'],overlapping raw schedule variants; not asserted to be contradictory because the source frequency legend is absent
ix-leg-b786656a7773365a32e0,ix-variant-da952250fab69d78d11f,ix-variant-4df4bb00bbbaffc6b6ec,2026-04-01,2026-10-24,"['arrival_clock', 'departure_clock']",overlapping raw schedule variants; not asserted to be contradictory because the source frequency legend is absent
ix-leg-b786656a7773365a32e0,ix-variant-da952250fab69d78d11f,ix-variant-a5fa13bd0e6be921a717,2026-03-29,2026-03-29,"['raw_frequency', 'arrival_clock', 'departure_clock']",overlapping raw schedule variants; not asserted to be contradictory because the source frequency legend is absent
ix-leg-04d972ea92b3c921b838,ix-variant-579908fafb23075817fd,ix-variant-a8189ecdc4e65042e202,2026-03-30,2026-10-20,"['raw_frequency', 'arrival_clock', 'departure_clock']",overlapping raw schedule variants; not asserted to be contradictory because the source frequency legend is absent
ix-leg-04d972ea92b3c921b838,ix-variant-579908fafb23075817fd,ix-variant-b49d69dd04c9882c6634,2026-03-30,2026-10-20,['raw_frequency'],overlapping raw schedule variants; not asserted to be contradictory because the source frequency legend is absent
ix-leg-04d972ea92b3c921b838,ix-variant-a8189ecdc4e65042e202,ix-variant-b49d69dd04c9882c6634,2026-03-29,2026-10-23,"['raw_frequency', 'arrival_clock', 'departure_clock']",overlapping raw schedule variants; not asserted to be contradictory because the source frequency legend is absent
ix-leg-04d972ea92b3c921b838,ix-variant-b49d69dd04c9882c6634,ix-variant-47c9a272b3752e2bcf8d,2026-10-24,2026-10-24,"['raw_frequency', 'arrival_clock', 'departure_clock']",overlapping raw schedule variants; not asserted to be contradictory because the source frequency legend is absent
ix-leg-6a457722ebc8b59db65f,ix-variant-609750c077dc56ba666d,ix-variant-a26a92da42aa1ef54565,2026-03-29,2026-04-04,"['arrival_clock', 'departure_clock']",overlapping raw schedule variants; not asserted to be contradictory because the source frequency legend is absent
ix-leg-6a457722ebc8b59db65f,ix-variant-a26a92da42aa1ef54565,ix-variant-12c83397e1066cf96d29,2026-04-05,2026-10-24,"['arrival_clock', 'departure_clock']",overlapping raw schedule variants; not asserted to be contradictory because the source frequency legend is absent
ix-leg-a14521338d7985e68d5e,ix-variant-97c6ef94d35729bf4e3b,ix-variant-ddb53acfbde006be9cc1,2026-03-29,2026-04-04,"['arrival_clock', 'departure_clock']",overlapping raw schedule variants; not asserted to be contradictory because the source frequency legend is absent
ix-leg-a14521338d7985e68d5e,ix-variant-ddb53acfbde006be9cc1,ix-variant-3b09747510d5651e0f2e,2026-04-05,2026-10-24,"['arrival_clock', 'departure_clock']",overlapping raw schedule variants; not asserted to be contradictory because the source frequency legend is absent
ix-leg-d40c3685778e719ef4e1,ix-variant-9d58bd29254a91438b89,ix-variant-3502c3dff5563fbb47d0,2026-04-05,2026-10-18,['raw_frequency'],overlapping raw schedule variants; not asserted to be contradictory because the source frequency legend is absent
ix-leg-d40c3685778e719ef4e1,ix-variant-9d58bd29254a91438b89,ix-variant-d896fd13f420f93a3a3c,2026-04-01,2026-10-23,"['aircraft', 'raw_frequency', 'arrival_clock', 'departure_clock']",overlapping raw schedule variants; not asserted to be contradictory because the source frequency legend is absent
ix-leg-d40c3685778e719ef4e1,ix-variant-cdbc5a7318cea7db58bd,ix-variant-d896fd13f420f93a3a3c,2026-03-29,2026-03-29,"['aircraft', 'raw_frequency', 'arrival_clock', 'departure_clock']",overlapping raw schedule variants; not asserted to be contradictory because the source frequency legend is absent
ix-leg-d40c3685778e719ef4e1,ix-variant-3502c3dff5563fbb47d0,ix-variant-d896fd13f420f93a3a3c,2026-04-05,2026-10-18,"['aircraft', 'raw_frequency', 'arrival_clock', 'departure_clock']",overlapping raw schedule variants; not asserted to be contradictory because the source frequency legend is absent
ix-leg-de1b46f2f236fd4627c1,ix-variant-9a82b1ea3207504190a2,ix-variant-7c862bbe9c5de2e7c824,2026-03-30,2026-10-24,"['arrival_clock', 'departure_clock']",overlapping raw schedule variants; not asserted to be contradictory because the source frequency legend is absent
ix-leg-de1b46f2f236fd4627c1,ix-variant-9a82b1ea3207504190a2,ix-variant-e0478a4bf79290e04d54,2026-03-29,2026-03-29,"['raw_frequency', 'arrival_clock', 'departure_clock']",overlapping raw schedule variants; not asserted to be contradictory because the source frequency legend is absent
ix-leg-7821e04436f0ca058e5f,ix-variant-00188207598d7bd603f5,ix-variant-56e23da5eab27ff7aac6,2026-03-30,2026-10-23,"['raw_frequency', 'arrival_clock', 'departure_clock']",overlapping raw schedule variants; not asserted to be contradictory because the source frequency legend is absent
ix-leg-7821e04436f0ca058e5f,ix-variant-00188207598d7bd603f5,ix-variant-2635366cb3ef40c42d21,2026-03-31,2026-10-24,"['raw_frequency', 'arrival_clock', 'departure_clock']",overlapping raw schedule variants; not asserted to be contradictory because the source frequency legend is absent
ix-leg-7821e04436f0ca058e5f,ix-variant-56e23da5eab27ff7aac6,ix-variant-2635366cb3ef40c42d21,2026-03-31,2026-10-23,['raw_frequency'],overlapping raw schedule variants; not asserted to be contradictory because the source frequency legend is absent
ix-leg-4581b17fba44204c5c6d,ix-variant-534b8efd7290267ba15d,ix-variant-de451f76386d66c2b14b,2026-03-31,2026-10-24,"['raw_frequency', 'arrival_clock', 'departure_clock']",overlapping raw schedule variants; not asserted to be contradictory because the source frequency legend is absent
ix-leg-4581b17fba44204c5c6d,ix-variant-534b8efd7290267ba15d,ix-variant-4728602767db71cf4468,2026-04-02,2026-04-23,"['raw_frequency', 'arrival_clock', 'departure_clock']",overlapping raw schedule variants; not asserted to be contradictory because the source frequency legend is absent
ix-leg-4581b17fba44204c5c6d,ix-variant-534b8efd7290267ba15d,ix-variant-57447d6fddcf6142250f,2026-04-30,2026-10-22,"['raw_frequency', 'arrival_clock', 'departure_clock']",overlapping raw schedule variants; not asserted to be contradictory because the source frequency legend is absent
ix-leg-4581b17fba44204c5c6d,ix-variant-de451f76386d66c2b14b,ix-variant-4728602767db71cf4468,2026-04-02,2026-04-23,['raw_frequency'],overlapping raw schedule variants; not asserted to be contradictory because the source frequency legend is absent
ix-leg-4581b17fba44204c5c6d,ix-variant-de451f76386d66c2b14b,ix-variant-57447d6fddcf6142250f,2026-04-30,2026-10-22,['raw_frequency'],overlapping raw schedule variants; not asserted to be contradictory because the source frequency legend is absent
ix-leg-5a25150648f02091d9bc,ix-variant-06addd643a69c5b5f475,ix-variant-ab8197aa926f24ae0c7c,2026-04-26,2026-05-03,"['aircraft', 'raw_frequency', 'arrival_clock', 'departure_clock']",overlapping raw schedule variants; not asserted to be contradictory because the source frequency legend is absent
ix-leg-5a25150648f02091d9bc,ix-variant-06addd643a69c5b5f475,ix-variant-bf6199dd8f3457d7e17f,2026-04-26,2026-04-29,"['aircraft', 'raw_frequency']",overlapping raw schedule variants; not asserted to be contradictory because the source frequency legend is absent
ix-leg-5a25150648f02091d9bc,ix-variant-06addd643a69c5b5f475,ix-variant-e1ce8526a9d3d8e0838f,2026-04-26,2026-05-03,"['aircraft', 'raw_frequency']",overlapping raw schedule variants; not asserted to be contradictory because the source frequency legend is absent
ix-leg-5a25150648f02091d9bc,ix-variant-275223eb6f7b4d5f060b,ix-variant-6fe75be8779106d221ac,2026-05-06,2026-05-06,"['aircraft', 'raw_frequency']",overlapping raw schedule variants; not asserted to be contradictory because the source frequency legend is absent
ix-leg-5a25150648f02091d9bc,ix-variant-275223eb6f7b4d5f060b,ix-variant-ab8197aa926f24ae0c7c,2026-05-06,2026-05-06,"['aircraft', 'raw_frequency', 'arrival_clock', 'departure_clock']",overlapping raw schedule variants; not asserted to be contradictory because the source frequency legend is absent
ix-leg-5a25150648f02091d9bc,ix-variant-275223eb6f7b4d5f060b,ix-variant-e1ce8526a9d3d8e0838f,2026-05-06,2026-05-06,"['aircraft', 'raw_frequency']",overlapping raw schedule variants; not asserted to be contradictory because the source frequency legend is absent
ix-leg-5a25150648f02091d9bc,ix-variant-1a1c946c7f5009c8d41a,ix-variant-6fe75be8779106d221ac,2026-06-06,2026-06-07,"['aircraft', 'raw_frequency']",overlapping raw schedule variants; not asserted to be contradictory because the source frequency legend is absent
ix-leg-5a25150648f02091d9bc,ix-variant-1a1c946c7f5009c8d41a,ix-variant-ab8197aa926f24ae0c7c,2026-06-06,2026-06-07,"['aircraft', 'raw_frequency', 'arrival_clock', 'departure_clock']",overlapping raw schedule variants; not asserted to be contradictory because the source frequency legend is absent
ix-leg-5a25150648f02091d9bc,ix-variant-1a1c946c7f5009c8d41a,ix-variant-23787bd3a437e5b91288,2026-06-06,2026-06-07,"['aircraft', 'raw_frequency']",overlapping raw schedule variants; not asserted to be contradictory because the source frequency legend is absent
ix-leg-5a25150648f02091d9bc,ix-variant-1a1c946c7f5009c8d41a,ix-variant-e1ce8526a9d3d8e0838f,2026-06-06,2026-06-07,"['aircraft', 'raw_frequency']",overlapping raw schedule variants; not asserted to be contradictory because the source frequency legend is absent
ix-leg-5a25150648f02091d9bc,ix-variant-6fe75be8779106d221ac,ix-variant-ab8197aa926f24ae0c7c,2026-05-04,2026-10-20,"['raw_frequency', 'arrival_clock', 'departure_clock']",overlapping raw schedule variants; not asserted to be contradictory because the source frequency legend is absent
ix-leg-5a25150648f02091d9bc,ix-variant-6fe75be8779106d221ac,ix-variant-23787bd3a437e5b91288,2026-05-13,2026-10-20,['raw_frequency'],overlapping raw schedule variants; not asserted to be contradictory because the source frequency legend is absent
ix-leg-5a25150648f02091d9bc,ix-variant-6fe75be8779106d221ac,ix-variant-e1ce8526a9d3d8e0838f,2026-05-04,2026-10-20,['raw_frequency'],overlapping raw schedule variants; not asserted to be contradictory because the source frequency legend is absent
ix-leg-5a25150648f02091d9bc,ix-variant-6fe75be8779106d221ac,ix-variant-5986acfd02f49386b4f6,2026-05-09,2026-05-31,['raw_frequency'],overlapping raw schedule variants; not asserted to be contradictory because the source frequency legend is absent
ix-leg-5a25150648f02091d9bc,ix-variant-6fe75be8779106d221ac,ix-variant-560cbed03dcff3608978,2026-06-13,2026-10-20,['raw_frequency'],overlapping raw schedule variants; not asserted to be contradictory because the source frequency legend is absent
ix-leg-5a25150648f02091d9bc,ix-variant-ab8197aa926f24ae0c7c,ix-variant-1651974d1fe7c9e23486,2026-03-29,2026-04-21,"['raw_frequency', 'arrival_clock', 'departure_clock']",overlapping raw schedule variants; not asserted to be contradictory because the source frequency legend is absent
ix-leg-5a25150648f02091d9bc,ix-variant-ab8197aa926f24ae0c7c,ix-variant-23787bd3a437e5b91288,2026-05-13,2026-10-21,"['raw_frequency', 'arrival_clock', 'departure_clock']",overlapping raw schedule variants; not asserted to be contradictory because the source frequency legend is absent
ix-leg-5a25150648f02091d9bc,ix-variant-ab8197aa926f24ae0c7c,ix-variant-bf6199dd8f3457d7e17f,2026-04-01,2026-04-29,"['raw_frequency', 'arrival_clock', 'departure_clock']",overlapping raw schedule variants; not asserted to be contradictory because the source frequency legend is absent
ix-leg-5a25150648f02091d9bc,ix-variant-ab8197aa926f24ae0c7c,ix-variant-e1ce8526a9d3d8e0838f,2026-04-02,2026-10-23,"['raw_frequency', 'arrival_clock', 'departure_clock']",overlapping raw schedule variants; not asserted to be contradictory because the source frequency legend is absent
ix-leg-5a25150648f02091d9bc,ix-variant-ab8197aa926f24ae0c7c,ix-variant-5986acfd02f49386b4f6,2026-05-09,2026-05-31,"['raw_frequency', 'arrival_clock', 'departure_clock']",overlapping raw schedule variants; not asserted to be contradictory because the source frequency legend is absent
ix-leg-5a25150648f02091d9bc,ix-variant-ab8197aa926f24ae0c7c,ix-variant-560cbed03dcff3608978,2026-06-13,2026-10-24,"['raw_frequency', 'arrival_clock', 'departure_clock']",overlapping raw schedule variants; not asserted to be contradictory because the source frequency legend is absent
ix-leg-5a25150648f02091d9bc,ix-variant-1651974d1fe7c9e23486,ix-variant-bf6199dd8f3457d7e17f,2026-04-01,2026-04-21,['raw_frequency'],overlapping raw schedule variants; not asserted to be contradictory because the source frequency legend is absent
ix-leg-5a25150648f02091d9bc,ix-variant-1651974d1fe7c9e23486,ix-variant-e1ce8526a9d3d8e0838f,2026-04-02,2026-04-21,['raw_frequency'],overlapping raw schedule variants; not asserted to be contradictory because the source frequency legend is absent
ix-leg-5a25150648f02091d9bc,ix-variant-23787bd3a437e5b91288,ix-variant-e1ce8526a9d3d8e0838f,2026-05-13,2026-10-21,['raw_frequency'],overlapping raw schedule variants; not asserted to be contradictory because the source frequency legend is absent
ix-leg-5a25150648f02091d9bc,ix-variant-23787bd3a437e5b91288,ix-variant-5986acfd02f49386b4f6,2026-05-13,2026-05-31,['raw_frequency'],overlapping raw schedule variants; not asserted to be contradictory because the source frequency legend is absent
ix-leg-5a25150648f02091d9bc,ix-variant-23787bd3a437e5b91288,ix-variant-560cbed03dcff3608978,2026-06-13,2026-10-21,['raw_frequency'],overlapping raw schedule variants; not asserted to be contradictory because the source frequency legend is absent
ix-leg-5a25150648f02091d9bc,ix-variant-bf6199dd8f3457d7e17f,ix-variant-e1ce8526a9d3d8e0838f,2026-04-02,2026-04-29,['raw_frequency'],overlapping raw schedule variants; not asserted to be contradictory because the source frequency legend is absent
ix-leg-5a25150648f02091d9bc,ix-variant-e1ce8526a9d3d8e0838f,ix-variant-5986acfd02f49386b4f6,2026-05-09,2026-05-31,['raw_frequency'],overlapping raw schedule variants; not asserted to be contradictory because the source frequency legend is absent
ix-leg-5a25150648f02091d9bc,ix-variant-e1ce8526a9d3d8e0838f,ix-variant-560cbed03dcff3608978,2026-06-13,2026-10-23,['raw_frequency'],overlapping raw schedule variants; not asserted to be contradictory because the source frequency legend is absent
ix-leg-de2b8933b6b7b6e481ed,ix-variant-4e4fbea809a06e42610c,ix-variant-236f7e23b43da823e082,2026-04-26,2026-05-04,"['arrival_clock', 'departure_clock']",overlapping raw schedule variants; not asserted to be contradictory because the source frequency legend is absent
ix-leg-de2b8933b6b7b6e481ed,ix-variant-4e4fbea809a06e42610c,ix-variant-43cd85474addc5a5c766,2026-03-29,2026-04-25,"['raw_frequency', 'arrival_clock', 'departure_clock']",overlapping raw schedule variants; not asserted to be contradictory because the source frequency legend is absent
ix-leg-de2b8933b6b7b6e481ed,ix-variant-4e4fbea809a06e42610c,ix-variant-9dd65831e6f5cb5cbfbd,2026-05-06,2026-10-24,"['raw_frequency', 'arrival_clock', 'departure_clock']",overlapping raw schedule variants; not asserted to be contradictory because the source frequency legend is absent
ix-leg-de2b8933b6b7b6e481ed,ix-variant-4e4fbea809a06e42610c,ix-variant-15ff3b80d27c4de05441,2026-03-31,2026-04-21,"['raw_frequency', 'arrival_clock', 'departure_clock']",overlapping raw schedule variants; not asserted to be contradictory because the source frequency legend is absent
ix-leg-de2b8933b6b7b6e481ed,ix-variant-4e4fbea809a06e42610c,ix-variant-9323e8157d1374f1197a,2026-05-05,2026-10-20,"['raw_frequency', 'arrival_clock', 'departure_clock']",overlapping raw schedule variants; not asserted to be contradictory because the source frequency legend is absent
ix-leg-de2b8933b6b7b6e481ed,ix-variant-43cd85474addc5a5c766,ix-variant-15ff3b80d27c4de05441,2026-03-31,2026-04-21,['raw_frequency'],overlapping raw schedule variants; not asserted to be contradictory because the source frequency legend is absent
ix-leg-de2b8933b6b7b6e481ed,ix-variant-9dd65831e6f5cb5cbfbd,ix-variant-9323e8157d1374f1197a,2026-05-06,2026-10-20,['raw_frequency'],overlapping raw schedule variants; not asserted to be contradictory because the source frequency legend is absent
ix-leg-fe418e26c40969c1d1c3,ix-variant-aeebd2ec4656369c792c,ix-variant-050bcf4a19c905dd0d05,2026-03-29,2026-10-23,"['raw_frequency', 'arrival_clock', 'departure_clock']",overlapping raw schedule variants; not asserted to be contradictory because the source frequency legend is absent
ix-leg-fe418e26c40969c1d1c3,ix-variant-aeebd2ec4656369c792c,ix-variant-031cc70671e1827ad7cf,2026-04-02,2026-10-24,"['raw_frequency', 'arrival_clock', 'departure_clock']",overlapping raw schedule variants; not asserted to be contradictory because the source frequency legend is absent
ix-leg-fe418e26c40969c1d1c3,ix-variant-050bcf4a19c905dd0d05,ix-variant-031cc70671e1827ad7cf,2026-04-02,2026-10-23,"['raw_frequency', 'arrival_clock']",overlapping raw schedule variants; not asserted to be contradictory because the source frequency legend is absent
ix-leg-2555a27aeaab9df06b5d,ix-variant-5ad97e7d50248a80b2e8,ix-variant-ad9dc6d4b0e01c0bc5dc,2026-03-29,2026-10-23,"['raw_frequency', 'arrival_clock', 'departure_clock']",overlapping raw schedule variants; not asserted to be contradictory because the source frequency legend is absent
ix-leg-2555a27aeaab9df06b5d,ix-variant-5ad97e7d50248a80b2e8,ix-variant-d3b47d5e57e47a506e44,2026-04-02,2026-10-24,"['raw_frequency', 'arrival_clock', 'departure_clock']",overlapping raw schedule variants; not asserted to be contradictory because the source frequency legend is absent
ix-leg-2555a27aeaab9df06b5d,ix-variant-ad9dc6d4b0e01c0bc5dc,ix-variant-d3b47d5e57e47a506e44,2026-04-02,2026-10-23,"['raw_frequency', 'departure_clock']",overlapping raw schedule variants; not asserted to be contradictory because the source frequency legend is absent
ix-leg-06c81daf81ef6d69b559,ix-variant-8cf403f7bbd65a10cccb,ix-variant-2f8046de6d2ea58dba14,2026-03-29,2026-10-23,"['arrival_clock', 'departure_clock']",overlapping raw schedule variants; not asserted to be contradictory because the source frequency legend is absent
ix-leg-06c81daf81ef6d69b559,ix-variant-2f8046de6d2ea58dba14,ix-variant-bf93366ff5b65b0be5bd,2026-10-24,2026-10-24,"['raw_frequency', 'arrival_clock', 'departure_clock']",overlapping raw schedule variants; not asserted to be contradictory because the source frequency legend is absent
ix-leg-aae7efc9cf62da8fcade,ix-variant-3264073f3c9cb6a967c5,ix-variant-e38695ca7d50cdd0f411,2026-03-30,2026-10-23,"['arrival_clock', 'departure_clock']",overlapping raw schedule variants; not asserted to be contradictory because the source frequency legend is absent
ix-leg-d557693a197804b88970,ix-variant-e618d696ef6b65329699,ix-variant-976fc778098cba1de4a3,2026-03-30,2026-10-23,"['arrival_clock', 'departure_clock']",overlapping raw schedule variants; not asserted to be contradictory because the source frequency legend is absent
ix-leg-d557693a197804b88970,ix-variant-e618d696ef6b65329699,ix-variant-18bbe726d89308143bba,2026-10-24,2026-10-24,"['raw_frequency', 'arrival_clock', 'departure_clock']",overlapping raw schedule variants; not asserted to be contradictory because the source frequency legend is absent
ix-leg-b67a8664916dba5de7d6,ix-variant-398af4b15d1b8a4e4f36,ix-variant-1e0a44da62c44574e50b,2026-07-04,2026-10-19,"['aircraft', 'raw_frequency']",overlapping raw schedule variants; not asserted to be contradictory because the source frequency legend is absent
ix-leg-b67a8664916dba5de7d6,ix-variant-398af4b15d1b8a4e4f36,ix-variant-23e09234a4fe394d1c46,2026-07-04,2026-10-21,"['aircraft', 'raw_frequency', 'arrival_clock', 'departure_clock']",overlapping raw schedule variants; not asserted to be contradictory because the source frequency legend is absent
ix-leg-b67a8664916dba5de7d6,ix-variant-398af4b15d1b8a4e4f36,ix-variant-9c4fbbc6b6b81cd4f360,2026-07-04,2026-10-21,"['aircraft', 'raw_frequency']",overlapping raw schedule variants; not asserted to be contradictory because the source frequency legend is absent
ix-leg-b67a8664916dba5de7d6,ix-variant-398af4b15d1b8a4e4f36,ix-variant-6354e7c14d0a44f93551,2026-07-04,2026-10-16,"['aircraft', 'raw_frequency']",overlapping raw schedule variants; not asserted to be contradictory because the source frequency legend is absent
ix-leg-b67a8664916dba5de7d6,ix-variant-398af4b15d1b8a4e4f36,ix-variant-833abc1490d253ec9487,2026-07-04,2026-10-18,"['aircraft', 'raw_frequency']",overlapping raw schedule variants; not asserted to be contradictory because the source frequency legend is absent
ix-leg-b67a8664916dba5de7d6,ix-variant-1e0a44da62c44574e50b,ix-variant-23e09234a4fe394d1c46,2026-03-30,2026-10-19,"['raw_frequency', 'arrival_clock', 'departure_clock']",overlapping raw schedule variants; not asserted to be contradictory because the source frequency legend is absent
ix-leg-b67a8664916dba5de7d6,ix-variant-1e0a44da62c44574e50b,ix-variant-d06418c109d3eb8164eb,2026-03-31,2026-04-11,['raw_frequency'],overlapping raw schedule variants; not asserted to be contradictory because the source frequency legend is absent
ix-leg-b67a8664916dba5de7d6,ix-variant-1e0a44da62c44574e50b,ix-variant-d7f254a5324623fc5fa2,2026-04-14,2026-06-13,['raw_frequency'],overlapping raw schedule variants; not asserted to be contradictory because the source frequency legend is absent
ix-leg-b67a8664916dba5de7d6,ix-variant-1e0a44da62c44574e50b,ix-variant-407cf6d18c2920a6678a,2026-06-16,2026-07-01,['raw_frequency'],overlapping raw schedule variants; not asserted to be contradictory because the source frequency legend is absent
ix-leg-b67a8664916dba5de7d6,ix-variant-1e0a44da62c44574e50b,ix-variant-02b6b6faa1fd7db3dae8,2026-04-02,2026-04-02,['raw_frequency'],overlapping raw schedule variants; not asserted to be contradictory because the source frequency legend is absent
ix-leg-b67a8664916dba5de7d6,ix-variant-1e0a44da62c44574e50b,ix-variant-deaa712fdcdf611e85bc,2026-04-09,2026-04-09,['raw_frequency'],overlapping raw schedule variants; not asserted to be contradictory because the source frequency legend is absent
ix-leg-b67a8664916dba5de7d6,ix-variant-1e0a44da62c44574e50b,ix-variant-4a72f1488a638e8c8596,2026-04-16,2026-04-16,['raw_frequency'],overlapping raw schedule variants; not asserted to be contradictory because the source frequency legend is absent
ix-leg-b67a8664916dba5de7d6,ix-variant-1e0a44da62c44574e50b,ix-variant-e88012f063879c7ffee1,2026-04-23,2026-04-23,['raw_frequency'],overlapping raw schedule variants; not asserted to be contradictory because the source frequency legend is absent
ix-leg-b67a8664916dba5de7d6,ix-variant-1e0a44da62c44574e50b,ix-variant-12984df1cff2feba47c3,2026-04-30,2026-04-30,['raw_frequency'],overlapping raw schedule variants; not asserted to be contradictory because the source frequency legend is absent
ix-leg-b67a8664916dba5de7d6,ix-variant-1e0a44da62c44574e50b,ix-variant-ab35a033c45df06d1688,2026-05-07,2026-05-07,['raw_frequency'],overlapping raw schedule variants; not asserted to be contradictory because the source frequency legend is absent
ix-leg-b67a8664916dba5de7d6,ix-variant-1e0a44da62c44574e50b,ix-variant-eee0cbe989db6f2bf7c2,2026-05-14,2026-05-14,['raw_frequency'],overlapping raw schedule variants; not asserted to be contradictory because the source frequency legend is absent
ix-leg-b67a8664916dba5de7d6,ix-variant-1e0a44da62c44574e50b,ix-variant-3737d5d8b79c762053e7,2026-05-21,2026-05-21,['raw_frequency'],overlapping raw schedule variants; not asserted to be contradictory because the source frequency legend is absent
ix-leg-b67a8664916dba5de7d6,ix-variant-1e0a44da62c44574e50b,ix-variant-827892a02d1326400310,2026-05-28,2026-05-28,['raw_frequency'],overlapping raw schedule variants; not asserted to be contradictory because the source frequency legend is absent
ix-leg-b67a8664916dba5de7d6,ix-variant-1e0a44da62c44574e50b,ix-variant-7b2ebc229bec63681241,2026-06-04,2026-06-04,['raw_frequency'],overlapping raw schedule variants; not asserted to be contradictory because the source frequency legend is absent
ix-leg-b67a8664916dba5de7d6,ix-variant-1e0a44da62c44574e50b,ix-variant-e9cb5e9375393f850104,2026-06-11,2026-06-11,['raw_frequency'],overlapping raw schedule variants; not asserted to be contradictory because the source frequency legend is absent
ix-leg-b67a8664916dba5de7d6,ix-variant-1e0a44da62c44574e50b,ix-variant-214596504c0c5abf4242,2026-06-18,2026-06-18,['raw_frequency'],overlapping raw schedule variants; not asserted to be contradictory because the source frequency legend is absent
ix-leg-b67a8664916dba5de7d6,ix-variant-1e0a44da62c44574e50b,ix-variant-9c4fbbc6b6b81cd4f360,2026-06-25,2026-10-19,['raw_frequency'],overlapping raw schedule variants; not asserted to be contradictory because the source frequency legend is absent
ix-leg-b67a8664916dba5de7d6,ix-variant-1e0a44da62c44574e50b,ix-variant-6354e7c14d0a44f93551,2026-07-03,2026-10-16,['raw_frequency'],overlapping raw schedule variants; not asserted to be contradictory because the source frequency legend is absent
ix-leg-b67a8664916dba5de7d6,ix-variant-1e0a44da62c44574e50b,ix-variant-833abc1490d253ec9487,2026-04-05,2026-10-18,['raw_frequency'],overlapping raw schedule variants; not asserted to be contradictory because the source frequency legend is absent
ix-leg-b67a8664916dba5de7d6,ix-variant-23e09234a4fe394d1c46,ix-variant-d06418c109d3eb8164eb,2026-03-31,2026-04-11,"['raw_frequency', 'arrival_clock', 'departure_clock']",overlapping raw schedule variants; not asserted to be contradictory because the source frequency legend is absent
ix-leg-b67a8664916dba5de7d6,ix-variant-23e09234a4fe394d1c46,ix-variant-d7f254a5324623fc5fa2,2026-04-14,2026-06-13,"['raw_frequency', 'arrival_clock', 'departure_clock']",overlapping raw schedule variants; not asserted to be contradictory because the source frequency legend is absent
ix-leg-b67a8664916dba5de7d6,ix-variant-23e09234a4fe394d1c46,ix-variant-407cf6d18c2920a6678a,2026-06-16,2026-07-01,"['raw_frequency', 'arrival_clock', 'departure_clock']",overlapping raw schedule variants; not asserted to be contradictory because the source frequency legend is absent
ix-leg-b67a8664916dba5de7d6,ix-variant-23e09234a4fe394d1c46,ix-variant-02b6b6faa1fd7db3dae8,2026-04-02,2026-04-02,"['raw_frequency', 'arrival_clock', 'departure_clock']",overlapping raw schedule variants; not asserted to be contradictory because the source frequency legend is absent
ix-leg-b67a8664916dba5de7d6,ix-variant-23e09234a4fe394d1c46,ix-variant-deaa712fdcdf611e85bc,2026-04-09,2026-04-09,"['raw_frequency', 'arrival_clock', 'departure_clock']",overlapping raw schedule variants; not asserted to be contradictory because the source frequency legend is absent
ix-leg-b67a8664916dba5de7d6,ix-variant-23e09234a4fe394d1c46,ix-variant-4a72f1488a638e8c8596,2026-04-16,2026-04-16,"['raw_frequency', 'arrival_clock', 'departure_clock']",overlapping raw schedule variants; not asserted to be contradictory because the source frequency legend is absent
ix-leg-b67a8664916dba5de7d6,ix-variant-23e09234a4fe394d1c46,ix-variant-e88012f063879c7ffee1,2026-04-23,2026-04-23,"['raw_frequency', 'arrival_clock', 'departure_clock']",overlapping raw schedule variants; not asserted to be contradictory because the source frequency legend is absent
ix-leg-b67a8664916dba5de7d6,ix-variant-23e09234a4fe394d1c46,ix-variant-12984df1cff2feba47c3,2026-04-30,2026-04-30,"['raw_frequency', 'arrival_clock', 'departure_clock']",overlapping raw schedule variants; not asserted to be contradictory because the source frequency legend is absent
ix-leg-b67a8664916dba5de7d6,ix-variant-23e09234a4fe394d1c46,ix-variant-ab35a033c45df06d1688,2026-05-07,2026-05-07,"['raw_frequency', 'arrival_clock', 'departure_clock']",overlapping raw schedule variants; not asserted to be contradictory because the source frequency legend is absent
ix-leg-b67a8664916dba5de7d6,ix-variant-23e09234a4fe394d1c46,ix-variant-eee0cbe989db6f2bf7c2,2026-05-14,2026-05-14,"['raw_frequency', 'arrival_clock', 'departure_clock']",overlapping raw schedule variants; not asserted to be contradictory because the source frequency legend is absent
ix-leg-b67a8664916dba5de7d6,ix-variant-23e09234a4fe394d1c46,ix-variant-3737d5d8b79c762053e7,2026-05-21,2026-05-21,"['raw_frequency', 'arrival_clock', 'departure_clock']",overlapping raw schedule variants; not asserted to be contradictory because the source frequency legend is absent
ix-leg-b67a8664916dba5de7d6,ix-variant-23e09234a4fe394d1c46,ix-variant-827892a02d1326400310,2026-05-28,2026-05-28,"['raw_frequency', 'arrival_clock', 'departure_clock']",overlapping raw schedule variants; not asserted to be contradictory because the source frequency legend is absent
ix-leg-b67a8664916dba5de7d6,ix-variant-23e09234a4fe394d1c46,ix-variant-7b2ebc229bec63681241,2026-06-04,2026-06-04,"['raw_frequency', 'arrival_clock', 'departure_clock']",overlapping raw schedule variants; not asserted to be contradictory because the source frequency legend is absent
ix-leg-b67a8664916dba5de7d6,ix-variant-23e09234a4fe394d1c46,ix-variant-e9cb5e9375393f850104,2026-06-11,2026-06-11,"['raw_frequency', 'arrival_clock', 'departure_clock']",overlapping raw schedule variants; not asserted to be contradictory because the source frequency legend is absent
ix-leg-b67a8664916dba5de7d6,ix-variant-23e09234a4fe394d1c46,ix-variant-214596504c0c5abf4242,2026-06-18,2026-06-18,"['raw_frequency', 'arrival_clock', 'departure_clock']",overlapping raw schedule variants; not asserted to be contradictory because the source frequency legend is absent
ix-leg-b67a8664916dba5de7d6,ix-variant-23e09234a4fe394d1c46,ix-variant-9c4fbbc6b6b81cd4f360,2026-06-25,2026-10-22,"['raw_frequency', 'arrival_clock', 'departure_clock']",overlapping raw schedule variants; not asserted to be contradictory because the source frequency legend is absent
ix-leg-b67a8664916dba5de7d6,ix-variant-23e09234a4fe394d1c46,ix-variant-6354e7c14d0a44f93551,2026-07-03,2026-10-16,"['raw_frequency', 'arrival_clock', 'departure_clock']",overlapping raw schedule variants; not asserted to be contradictory because the source frequency legend is absent
ix-leg-b67a8664916dba5de7d6,ix-variant-23e09234a4fe394d1c46,ix-variant-c0e1803572e998688b28,2026-10-23,2026-10-24,"['raw_frequency', 'arrival_clock', 'departure_clock']",overlapping raw schedule variants; not asserted to be contradictory because the source frequency legend is absent
ix-leg-b67a8664916dba5de7d6,ix-variant-23e09234a4fe394d1c46,ix-variant-de7b1db802bc2dd581df,2026-03-29,2026-03-29,"['raw_frequency', 'arrival_clock', 'departure_clock']",overlapping raw schedule variants; not asserted to be contradictory because the source frequency legend is absent
ix-leg-b67a8664916dba5de7d6,ix-variant-23e09234a4fe394d1c46,ix-variant-833abc1490d253ec9487,2026-04-05,2026-10-18,"['raw_frequency', 'arrival_clock', 'departure_clock']",overlapping raw schedule variants; not asserted to be contradictory because the source frequency legend is absent
ix-leg-b67a8664916dba5de7d6,ix-variant-d06418c109d3eb8164eb,ix-variant-02b6b6faa1fd7db3dae8,2026-04-02,2026-04-02,['raw_frequency'],overlapping raw schedule variants; not asserted to be contradictory because the source frequency legend is absent
ix-leg-b67a8664916dba5de7d6,ix-variant-d06418c109d3eb8164eb,ix-variant-deaa712fdcdf611e85bc,2026-04-09,2026-04-09,['raw_frequency'],overlapping raw schedule variants; not asserted to be contradictory because the source frequency legend is absent
ix-leg-b67a8664916dba5de7d6,ix-variant-d06418c109d3eb8164eb,ix-variant-833abc1490d253ec9487,2026-04-05,2026-04-11,['raw_frequency'],overlapping raw schedule variants; not asserted to be contradictory because the source frequency legend is absent
ix-leg-b67a8664916dba5de7d6,ix-variant-d7f254a5324623fc5fa2,ix-variant-4a72f1488a638e8c8596,2026-04-16,2026-04-16,['raw_frequency'],overlapping raw schedule variants; not asserted to be contradictory because the source frequency legend is absent
ix-leg-b67a8664916dba5de7d6,ix-variant-d7f254a5324623fc5fa2,ix-variant-e88012f063879c7ffee1,2026-04-23,2026-04-23,['raw_frequency'],overlapping raw schedule variants; not asserted to be contradictory because the source frequency legend is absent
ix-leg-b67a8664916dba5de7d6,ix-variant-d7f254a5324623fc5fa2,ix-variant-12984df1cff2feba47c3,2026-04-30,2026-04-30,['raw_frequency'],overlapping raw schedule variants; not asserted to be contradictory because the source frequency legend is absent
ix-leg-b67a8664916dba5de7d6,ix-variant-d7f254a5324623fc5fa2,ix-variant-ab35a033c45df06d1688,2026-05-07,2026-05-07,['raw_frequency'],overlapping raw schedule variants; not asserted to be contradictory because the source frequency legend is absent
ix-leg-b67a8664916dba5de7d6,ix-variant-d7f254a5324623fc5fa2,ix-variant-eee0cbe989db6f2bf7c2,2026-05-14,2026-05-14,['raw_frequency'],overlapping raw schedule variants; not asserted to be contradictory because the source frequency legend is absent
ix-leg-b67a8664916dba5de7d6,ix-variant-d7f254a5324623fc5fa2,ix-variant-3737d5d8b79c762053e7,2026-05-21,2026-05-21,['raw_frequency'],overlapping raw schedule variants; not asserted to be contradictory because the source frequency legend is absent
ix-leg-b67a8664916dba5de7d6,ix-variant-d7f254a5324623fc5fa2,ix-variant-827892a02d1326400310,2026-05-28,2026-05-28,['raw_frequency'],overlapping raw schedule variants; not asserted to be contradictory because the source frequency legend is absent
ix-leg-b67a8664916dba5de7d6,ix-variant-d7f254a5324623fc5fa2,ix-variant-7b2ebc229bec63681241,2026-06-04,2026-06-04,['raw_frequency'],overlapping raw schedule variants; not asserted to be contradictory because the source frequency legend is absent
ix-leg-b67a8664916dba5de7d6,ix-variant-d7f254a5324623fc5fa2,ix-variant-e9cb5e9375393f850104,2026-06-11,2026-06-11,['raw_frequency'],overlapping raw schedule variants; not asserted to be contradictory because the source frequency legend is absent
ix-leg-b67a8664916dba5de7d6,ix-variant-d7f254a5324623fc5fa2,ix-variant-833abc1490d253ec9487,2026-04-14,2026-06-13,['raw_frequency'],overlapping raw schedule variants; not asserted to be contradictory because the source frequency legend is absent
ix-leg-b67a8664916dba5de7d6,ix-variant-407cf6d18c2920a6678a,ix-variant-214596504c0c5abf4242,2026-06-18,2026-06-18,['raw_frequency'],overlapping raw schedule variants; not asserted to be contradictory because the source frequency legend is absent
ix-leg-b67a8664916dba5de7d6,ix-variant-407cf6d18c2920a6678a,ix-variant-9c4fbbc6b6b81cd4f360,2026-06-25,2026-07-01,['raw_frequency'],overlapping raw schedule variants; not asserted to be contradictory because the source frequency legend is absent
ix-leg-b67a8664916dba5de7d6,ix-variant-407cf6d18c2920a6678a,ix-variant-833abc1490d253ec9487,2026-06-16,2026-07-01,['raw_frequency'],overlapping raw schedule variants; not asserted to be contradictory because the source frequency legend is absent
ix-leg-b67a8664916dba5de7d6,ix-variant-deaa712fdcdf611e85bc,ix-variant-833abc1490d253ec9487,2026-04-09,2026-04-09,['raw_frequency'],overlapping raw schedule variants; not asserted to be contradictory because the source frequency legend is absent
ix-leg-b67a8664916dba5de7d6,ix-variant-4a72f1488a638e8c8596,ix-variant-833abc1490d253ec9487,2026-04-16,2026-04-16,['raw_frequency'],overlapping raw schedule variants; not asserted to be contradictory because the source frequency legend is absent
ix-leg-b67a8664916dba5de7d6,ix-variant-e88012f063879c7ffee1,ix-variant-833abc1490d253ec9487,2026-04-23,2026-04-23,['raw_frequency'],overlapping raw schedule variants; not asserted to be contradictory because the source frequency legend is absent
ix-leg-b67a8664916dba5de7d6,ix-variant-12984df1cff2feba47c3,ix-variant-833abc1490d253ec9487,2026-04-30,2026-04-30,['raw_frequency'],overlapping raw schedule variants; not asserted to be contradictory because the source frequency legend is absent
ix-leg-b67a8664916dba5de7d6,ix-variant-ab35a033c45df06d1688,ix-variant-833abc1490d253ec9487,2026-05-07,2026-05-07,['raw_frequency'],overlapping raw schedule variants; not asserted to be contradictory because the source frequency legend is absent
ix-leg-b67a8664916dba5de7d6,ix-variant-eee0cbe989db6f2bf7c2,ix-variant-833abc1490d253ec9487,2026-05-14,2026-05-14,['raw_frequency'],overlapping raw schedule variants; not asserted to be contradictory because the source frequency legend is absent
ix-leg-b67a8664916dba5de7d6,ix-variant-3737d5d8b79c762053e7,ix-variant-833abc1490d253ec9487,2026-05-21,2026-05-21,['raw_frequency'],overlapping raw schedule variants; not asserted to be contradictory because the source frequency legend is absent
ix-leg-b67a8664916dba5de7d6,ix-variant-827892a02d1326400310,ix-variant-833abc1490d253ec9487,2026-05-28,2026-05-28,['raw_frequency'],overlapping raw schedule variants; not asserted to be contradictory because the source frequency legend is absent
ix-leg-b67a8664916dba5de7d6,ix-variant-7b2ebc229bec63681241,ix-variant-833abc1490d253ec9487,2026-06-04,2026-06-04,['raw_frequency'],overlapping raw schedule variants; not asserted to be contradictory because the source frequency legend is absent
ix-leg-b67a8664916dba5de7d6,ix-variant-e9cb5e9375393f850104,ix-variant-833abc1490d253ec9487,2026-06-11,2026-06-11,['raw_frequency'],overlapping raw schedule variants; not asserted to be contradictory because the source frequency legend is absent
ix-leg-b67a8664916dba5de7d6,ix-variant-214596504c0c5abf4242,ix-variant-833abc1490d253ec9487,2026-06-18,2026-06-18,['raw_frequency'],overlapping raw schedule variants; not asserted to be contradictory because the source frequency legend is absent
ix-leg-b67a8664916dba5de7d6,ix-variant-9c4fbbc6b6b81cd4f360,ix-variant-6354e7c14d0a44f93551,2026-07-03,2026-10-16,['raw_frequency'],overlapping raw schedule variants; not asserted to be contradictory because the source frequency legend is absent
ix-leg-b67a8664916dba5de7d6,ix-variant-9c4fbbc6b6b81cd4f360,ix-variant-833abc1490d253ec9487,2026-06-25,2026-10-18,['raw_frequency'],overlapping raw schedule variants; not asserted to be contradictory because the source frequency legend is absent
ix-leg-b67a8664916dba5de7d6,ix-variant-6354e7c14d0a44f93551,ix-variant-833abc1490d253ec9487,2026-07-03,2026-10-16,['raw_frequency'],overlapping raw schedule variants; not asserted to be contradictory because the source frequency legend is absent
ix-leg-87066fae0113b6a30160,ix-variant-f3cc09d2fda96fccd892,ix-variant-86b1b9d0e522b4f10af8,2026-04-04,2026-10-23,['raw_frequency'],overlapping raw schedule variants; not asserted to be contradictory because the source frequency legend is absent
ix-leg-87066fae0113b6a30160,ix-variant-f3cc09d2fda96fccd892,ix-variant-1fcdab3c9041ab04519d,2026-03-30,2026-10-23,"['aircraft', 'raw_frequency', 'arrival_clock', 'departure_clock']",overlapping raw schedule variants; not asserted to be contradictory because the source frequency legend is absent
ix-leg-87066fae0113b6a30160,ix-variant-f3cc09d2fda96fccd892,ix-variant-d234408dd3a6d25b0386,2026-03-29,2026-03-29,"['aircraft', 'raw_frequency', 'arrival_clock', 'departure_clock']",overlapping raw schedule variants; not asserted to be contradictory because the source frequency legend is absent
ix-leg-87066fae0113b6a30160,ix-variant-86b1b9d0e522b4f10af8,ix-variant-1fcdab3c9041ab04519d,2026-04-04,2026-10-24,"['aircraft', 'raw_frequency', 'arrival_clock', 'departure_clock']",overlapping raw schedule variants; not asserted to be contradictory because the source frequency legend is absent
ix-leg-a5c7d2026f454466969d,ix-variant-ef0721afdc3987a852f5,ix-variant-9b0854ce53d92bd6c17d,2026-04-04,2026-10-23,"['raw_frequency', 'arrival_clock', 'departure_clock']",overlapping raw schedule variants; not asserted to be contradictory because the source frequency legend is absent
ix-leg-a5c7d2026f454466969d,ix-variant-ef0721afdc3987a852f5,ix-variant-1c8f891f309682fc50a9,2026-04-04,2026-10-23,"['aircraft', 'raw_frequency', 'arrival_clock', 'departure_clock']",overlapping raw schedule variants; not asserted to be contradictory because the source frequency legend is absent
ix-leg-a5c7d2026f454466969d,ix-variant-9b0854ce53d92bd6c17d,ix-variant-1c8f891f309682fc50a9,2026-04-04,2026-10-24,"['aircraft', 'arrival_clock', 'departure_clock']",overlapping raw schedule variants; not asserted to be contradictory because the source frequency legend is absent
ix-leg-a3a3c589ada50c0bbfa6,ix-variant-07588cdc5967645d4fcc,ix-variant-a4216a8fcd355850f2fd,2026-03-29,2026-04-15,"['raw_frequency', 'arrival_clock', 'departure_clock']",overlapping raw schedule variants; not asserted to be contradictory because the source frequency legend is absent
ix-leg-1d3daaefd155a13f16a8,ix-variant-5fa38315c29d620ae007,ix-variant-4215ca564f65aaa02b94,2026-03-31,2026-10-23,"['arrival_clock', 'departure_clock']",overlapping raw schedule variants; not asserted to be contradictory because the source frequency legend is absent
ix-leg-1d3daaefd155a13f16a8,ix-variant-5fa38315c29d620ae007,ix-variant-2063aff7b9ccf6afc6b0,2026-03-29,2026-03-30,"['raw_frequency', 'arrival_clock', 'departure_clock']",overlapping raw schedule variants; not asserted to be contradictory because the source frequency legend is absent
ix-leg-1d3daaefd155a13f16a8,ix-variant-5fa38315c29d620ae007,ix-variant-56715f8446b56ff89a27,2026-10-24,2026-10-24,"['raw_frequency', 'arrival_clock', 'departure_clock']",overlapping raw schedule variants; not asserted to be contradictory because the source frequency legend is absent
ix-leg-ff482982429c16805ebf,ix-variant-7f09064d525e1bb60489,ix-variant-4ee2d41a4c41312b70a0,2026-03-29,2026-04-05,"['raw_frequency', 'arrival_clock', 'departure_clock']",overlapping raw schedule variants; not asserted to be contradictory because the source frequency legend is absent
ix-leg-ff482982429c16805ebf,ix-variant-7f09064d525e1bb60489,ix-variant-c747ac84ed640652d388,2026-04-01,2026-04-05,"['raw_frequency', 'arrival_clock', 'departure_clock']",overlapping raw schedule variants; not asserted to be contradictory because the source frequency legend is absent
ix-leg-ff482982429c16805ebf,ix-variant-2aa558e5bbb1d05730a0,ix-variant-9b5d9479baec563a03b6,2026-04-06,2026-10-24,"['raw_frequency', 'arrival_clock', 'departure_clock']",overlapping raw schedule variants; not asserted to be contradictory because the source frequency legend is absent
ix-leg-ff482982429c16805ebf,ix-variant-2aa558e5bbb1d05730a0,ix-variant-c747ac84ed640652d388,2026-04-06,2026-10-21,"['raw_frequency', 'arrival_clock', 'departure_clock']",overlapping raw schedule variants; not asserted to be contradictory because the source frequency legend is absent
ix-leg-ff482982429c16805ebf,ix-variant-9b5d9479baec563a03b6,ix-variant-c747ac84ed640652d388,2026-04-06,2026-10-21,"['raw_frequency', 'departure_clock']",overlapping raw schedule variants; not asserted to be contradictory because the source frequency legend is absent
ix-leg-ff482982429c16805ebf,ix-variant-4ee2d41a4c41312b70a0,ix-variant-c747ac84ed640652d388,2026-04-01,2026-04-05,"['raw_frequency', 'departure_clock']",overlapping raw schedule variants; not asserted to be contradictory because the source frequency legend is absent
ix-leg-ae7811d5ac2d5bddf21b,ix-variant-0fe541ce79c626467811,ix-variant-ffd3d323b221363b86db,2026-03-31,2026-10-19,"['raw_frequency', 'arrival_clock', 'departure_clock']",overlapping raw schedule variants; not asserted to be contradictory because the source frequency legend is absent
ix-leg-ae7811d5ac2d5bddf21b,ix-variant-0fe541ce79c626467811,ix-variant-1c198d7106d591fdf897,2026-03-31,2026-10-19,"['aircraft', 'raw_frequency', 'departure_clock']",overlapping raw schedule variants; not asserted to be contradictory because the source frequency legend is absent
ix-leg-ae7811d5ac2d5bddf21b,ix-variant-ffd3d323b221363b86db,ix-variant-1c198d7106d591fdf897,2026-03-31,2026-10-24,"['aircraft', 'arrival_clock', 'departure_clock']",overlapping raw schedule variants; not asserted to be contradictory because the source frequency legend is absent
ix-leg-7965fea3f7354d153752,ix-variant-1f795c3fdc3aa2f074c5,ix-variant-b77936ee03ec1394ac6c,2026-03-30,2026-10-24,"['aircraft', 'raw_frequency', 'arrival_clock', 'departure_clock']",overlapping raw schedule variants; not asserted to be contradictory because the source frequency legend is absent
ix-leg-230f28b54a0e5c9ae552,ix-variant-805dd215a2243b328ac8,ix-variant-7b0713cea5726dd7eb0c,2026-03-30,2026-10-19,"['raw_frequency', 'arrival_clock', 'departure_clock']",overlapping raw schedule variants; not asserted to be contradictory because the source frequency legend is absent
ix-leg-230f28b54a0e5c9ae552,ix-variant-805dd215a2243b328ac8,ix-variant-ab2ac0654f2a2e087ff9,2026-03-31,2026-10-19,['raw_frequency'],overlapping raw schedule variants; not asserted to be contradictory because the source frequency legend is absent
ix-leg-230f28b54a0e5c9ae552,ix-variant-805dd215a2243b328ac8,ix-variant-a22a642d17ad0e200eee,2026-04-01,2026-10-14,['raw_frequency'],overlapping raw schedule variants; not asserted to be contradictory because the source frequency legend is absent
ix-leg-230f28b54a0e5c9ae552,ix-variant-805dd215a2243b328ac8,ix-variant-dd96a370fe2458de4436,2026-04-02,2026-04-02,['raw_frequency'],overlapping raw schedule variants; not asserted to be contradictory because the source frequency legend is absent
ix-leg-230f28b54a0e5c9ae552,ix-variant-805dd215a2243b328ac8,ix-variant-f82969e9f95b11932ea6,2026-04-03,2026-10-19,['raw_frequency'],overlapping raw schedule variants; not asserted to be contradictory because the source frequency legend is absent
ix-leg-230f28b54a0e5c9ae552,ix-variant-805dd215a2243b328ac8,ix-variant-891afc99eaa8776ef924,2026-04-04,2026-10-17,['raw_frequency'],overlapping raw schedule variants; not asserted to be contradictory because the source frequency legend is absent
ix-leg-230f28b54a0e5c9ae552,ix-variant-805dd215a2243b328ac8,ix-variant-7dda7d3b0f62923c1842,2026-04-05,2026-10-18,['raw_frequency'],overlapping raw schedule variants; not asserted to be contradictory because the source frequency legend is absent
ix-leg-230f28b54a0e5c9ae552,ix-variant-7b0713cea5726dd7eb0c,ix-variant-ab2ac0654f2a2e087ff9,2026-03-31,2026-10-20,"['raw_frequency', 'arrival_clock', 'departure_clock']",overlapping raw schedule variants; not asserted to be contradictory because the source frequency legend is absent
ix-leg-230f28b54a0e5c9ae552,ix-variant-7b0713cea5726dd7eb0c,ix-variant-a22a642d17ad0e200eee,2026-04-01,2026-10-14,"['raw_frequency', 'arrival_clock', 'departure_clock']",overlapping raw schedule variants; not asserted to be contradictory because the source frequency legend is absent
ix-leg-230f28b54a0e5c9ae552,ix-variant-7b0713cea5726dd7eb0c,ix-variant-9bf16217c4a5e28dce02,2026-10-21,2026-10-21,"['raw_frequency', 'arrival_clock', 'departure_clock']",overlapping raw schedule variants; not asserted to be contradictory because the source frequency legend is absent
ix-leg-230f28b54a0e5c9ae552,ix-variant-7b0713cea5726dd7eb0c,ix-variant-dd96a370fe2458de4436,2026-04-02,2026-04-02,"['raw_frequency', 'arrival_clock', 'departure_clock']",overlapping raw schedule variants; not asserted to be contradictory because the source frequency legend is absent
ix-leg-230f28b54a0e5c9ae552,ix-variant-7b0713cea5726dd7eb0c,ix-variant-f82969e9f95b11932ea6,2026-04-03,2026-10-23,"['raw_frequency', 'arrival_clock', 'departure_clock']",overlapping raw schedule variants; not asserted to be contradictory because the source frequency legend is absent
ix-leg-230f28b54a0e5c9ae552,ix-variant-7b0713cea5726dd7eb0c,ix-variant-891afc99eaa8776ef924,2026-04-04,2026-10-17,"['raw_frequency', 'arrival_clock', 'departure_clock']",overlapping raw schedule variants; not asserted to be contradictory because the source frequency legend is absent
ix-leg-230f28b54a0e5c9ae552,ix-variant-7b0713cea5726dd7eb0c,ix-variant-d1e2dc47ee928e7cf894,2026-10-24,2026-10-24,"['raw_frequency', 'arrival_clock', 'departure_clock']",overlapping raw schedule variants; not asserted to be contradictory because the source frequency legend is absent
ix-leg-230f28b54a0e5c9ae552,ix-variant-7b0713cea5726dd7eb0c,ix-variant-b5ec85dbc9b9dca61255,2026-03-29,2026-03-29,"['raw_frequency', 'arrival_clock', 'departure_clock']",overlapping raw schedule variants; not asserted to be contradictory because the source frequency legend is absent
ix-leg-230f28b54a0e5c9ae552,ix-variant-7b0713cea5726dd7eb0c,ix-variant-7dda7d3b0f62923c1842,2026-04-05,2026-10-18,"['raw_frequency', 'arrival_clock', 'departure_clock']",overlapping raw schedule variants; not asserted to be contradictory because the source frequency legend is absent
ix-leg-230f28b54a0e5c9ae552,ix-variant-ab2ac0654f2a2e087ff9,ix-variant-a22a642d17ad0e200eee,2026-04-01,2026-10-14,['raw_frequency'],overlapping raw schedule variants; not asserted to be contradictory because the source frequency legend is absent
ix-leg-230f28b54a0e5c9ae552,ix-variant-ab2ac0654f2a2e087ff9,ix-variant-dd96a370fe2458de4436,2026-04-02,2026-04-02,['raw_frequency'],overlapping raw schedule variants; not asserted to be contradictory because the source frequency legend is absent
ix-leg-230f28b54a0e5c9ae552,ix-variant-ab2ac0654f2a2e087ff9,ix-variant-f82969e9f95b11932ea6,2026-04-03,2026-10-20,['raw_frequency'],overlapping raw schedule variants; not asserted to be contradictory because the source frequency legend is absent
ix-leg-230f28b54a0e5c9ae552,ix-variant-ab2ac0654f2a2e087ff9,ix-variant-891afc99eaa8776ef924,2026-04-04,2026-10-17,['raw_frequency'],overlapping raw schedule variants; not asserted to be contradictory because the source frequency legend is absent
ix-leg-230f28b54a0e5c9ae552,ix-variant-ab2ac0654f2a2e087ff9,ix-variant-7dda7d3b0f62923c1842,2026-04-05,2026-10-18,['raw_frequency'],overlapping raw schedule variants; not asserted to be contradictory because the source frequency legend is absent
ix-leg-230f28b54a0e5c9ae552,ix-variant-a22a642d17ad0e200eee,ix-variant-dd96a370fe2458de4436,2026-04-02,2026-04-02,['raw_frequency'],overlapping raw schedule variants; not asserted to be contradictory because the source frequency legend is absent
ix-leg-230f28b54a0e5c9ae552,ix-variant-a22a642d17ad0e200eee,ix-variant-f82969e9f95b11932ea6,2026-04-03,2026-10-14,['raw_frequency'],overlapping raw schedule variants; not asserted to be contradictory because the source frequency legend is absent
ix-leg-230f28b54a0e5c9ae552,ix-variant-a22a642d17ad0e200eee,ix-variant-891afc99eaa8776ef924,2026-04-04,2026-10-14,['raw_frequency'],overlapping raw schedule variants; not asserted to be contradictory because the source frequency legend is absent
ix-leg-230f28b54a0e5c9ae552,ix-variant-a22a642d17ad0e200eee,ix-variant-7dda7d3b0f62923c1842,2026-04-05,2026-10-14,['raw_frequency'],overlapping raw schedule variants; not asserted to be contradictory because the source frequency legend is absent
ix-leg-230f28b54a0e5c9ae552,ix-variant-9bf16217c4a5e28dce02,ix-variant-f82969e9f95b11932ea6,2026-10-21,2026-10-21,['raw_frequency'],overlapping raw schedule variants; not asserted to be contradictory because the source frequency legend is absent
ix-leg-230f28b54a0e5c9ae552,ix-variant-f82969e9f95b11932ea6,ix-variant-891afc99eaa8776ef924,2026-04-04,2026-10-17,['raw_frequency'],overlapping raw schedule variants; not asserted to be contradictory because the source frequency legend is absent
ix-leg-230f28b54a0e5c9ae552,ix-variant-f82969e9f95b11932ea6,ix-variant-7dda7d3b0f62923c1842,2026-04-05,2026-10-18,['raw_frequency'],overlapping raw schedule variants; not asserted to be contradictory because the source frequency legend is absent
ix-leg-230f28b54a0e5c9ae552,ix-variant-891afc99eaa8776ef924,ix-variant-7dda7d3b0f62923c1842,2026-04-05,2026-10-17,['raw_frequency'],overlapping raw schedule variants; not asserted to be contradictory because the source frequency legend is absent
ix-leg-9fcd33057716affc7fdf,ix-variant-3d31eca44043230e9d6d,ix-variant-ac13c977b8ee1017818b,2026-03-30,2026-10-19,"['raw_frequency', 'arrival_clock', 'departure_clock']",overlapping raw schedule variants; not asserted to be contradictory because the source frequency legend is absent
ix-leg-9fcd33057716affc7fdf,ix-variant-3d31eca44043230e9d6d,ix-variant-80b7338d1eb9c46e36bb,2026-03-31,2026-10-19,['raw_frequency'],overlapping raw schedule variants; not asserted to be contradictory because the source frequency legend is absent
ix-leg-9fcd33057716affc7fdf,ix-variant-3d31eca44043230e9d6d,ix-variant-13cd1d4cdb215498744e,2026-04-01,2026-10-14,['raw_frequency'],overlapping raw schedule variants; not asserted to be contradictory because the source frequency legend is absent
ix-leg-9fcd33057716affc7fdf,ix-variant-3d31eca44043230e9d6d,ix-variant-11e672e904310fcfe2df,2026-04-02,2026-10-19,['raw_frequency'],overlapping raw schedule variants; not asserted to be contradictory because the source frequency legend is absent
ix-leg-9fcd33057716affc7fdf,ix-variant-3d31eca44043230e9d6d,ix-variant-c1ac48238b77c4214241,2026-04-05,2026-10-18,['raw_frequency'],overlapping raw schedule variants; not asserted to be contradictory because the source frequency legend is absent
ix-leg-9fcd33057716affc7fdf,ix-variant-ac13c977b8ee1017818b,ix-variant-80b7338d1eb9c46e36bb,2026-03-31,2026-10-20,"['raw_frequency', 'arrival_clock', 'departure_clock']",overlapping raw schedule variants; not asserted to be contradictory because the source frequency legend is absent
ix-leg-9fcd33057716affc7fdf,ix-variant-ac13c977b8ee1017818b,ix-variant-13cd1d4cdb215498744e,2026-04-01,2026-10-14,"['raw_frequency', 'arrival_clock', 'departure_clock']",overlapping raw schedule variants; not asserted to be contradictory because the source frequency legend is absent
ix-leg-9fcd33057716affc7fdf,ix-variant-ac13c977b8ee1017818b,ix-variant-3d718fdbac9d9835145e,2026-10-21,2026-10-21,"['raw_frequency', 'arrival_clock', 'departure_clock']",overlapping raw schedule variants; not asserted to be contradictory because the source frequency legend is absent
ix-leg-9fcd33057716affc7fdf,ix-variant-ac13c977b8ee1017818b,ix-variant-11e672e904310fcfe2df,2026-04-02,2026-10-23,"['raw_frequency', 'arrival_clock', 'departure_clock']",overlapping raw schedule variants; not asserted to be contradictory because the source frequency legend is absent
ix-leg-9fcd33057716affc7fdf,ix-variant-ac13c977b8ee1017818b,ix-variant-049ce35de7595eebd12c,2026-10-24,2026-10-24,"['raw_frequency', 'arrival_clock', 'departure_clock']",overlapping raw schedule variants; not asserted to be contradictory because the source frequency legend is absent
ix-leg-9fcd33057716affc7fdf,ix-variant-ac13c977b8ee1017818b,ix-variant-bf1c5e89e515cc224056,2026-03-29,2026-03-29,"['raw_frequency', 'arrival_clock', 'departure_clock']",overlapping raw schedule variants; not asserted to be contradictory because the source frequency legend is absent
ix-leg-9fcd33057716affc7fdf,ix-variant-ac13c977b8ee1017818b,ix-variant-c1ac48238b77c4214241,2026-04-05,2026-10-18,"['raw_frequency', 'arrival_clock', 'departure_clock']",overlapping raw schedule variants; not asserted to be contradictory because the source frequency legend is absent
ix-leg-9fcd33057716affc7fdf,ix-variant-80b7338d1eb9c46e36bb,ix-variant-13cd1d4cdb215498744e,2026-04-01,2026-10-14,['raw_frequency'],overlapping raw schedule variants; not asserted to be contradictory because the source frequency legend is absent
ix-leg-9fcd33057716affc7fdf,ix-variant-80b7338d1eb9c46e36bb,ix-variant-11e672e904310fcfe2df,2026-04-02,2026-10-20,['raw_frequency'],overlapping raw schedule variants; not asserted to be contradictory because the source frequency legend is absent
ix-leg-9fcd33057716affc7fdf,ix-variant-80b7338d1eb9c46e36bb,ix-variant-c1ac48238b77c4214241,2026-04-05,2026-10-18,['raw_frequency'],overlapping raw schedule variants; not asserted to be contradictory because the source frequency legend is absent
ix-leg-9fcd33057716affc7fdf,ix-variant-13cd1d4cdb215498744e,ix-variant-11e672e904310fcfe2df,2026-04-02,2026-10-14,['raw_frequency'],overlapping raw schedule variants; not asserted to be contradictory because the source frequency legend is absent
ix-leg-9fcd33057716affc7fdf,ix-variant-13cd1d4cdb215498744e,ix-variant-c1ac48238b77c4214241,2026-04-05,2026-10-14,['raw_frequency'],overlapping raw schedule variants; not asserted to be contradictory because the source frequency legend is absent
ix-leg-9fcd33057716affc7fdf,ix-variant-3d718fdbac9d9835145e,ix-variant-11e672e904310fcfe2df,2026-10-21,2026-10-21,['raw_frequency'],overlapping raw schedule variants; not asserted to be contradictory because the source frequency legend is absent
ix-leg-9fcd33057716affc7fdf,ix-variant-11e672e904310fcfe2df,ix-variant-c1ac48238b77c4214241,2026-04-05,2026-10-18,['raw_frequency'],overlapping raw schedule variants; not asserted to be contradictory because the source frequency legend is absent
ix-leg-810140ea737cd849a195,ix-variant-1e437cf44c27b5bfa9c1,ix-variant-021d2dc555866520c22f,2026-03-29,2026-04-04,"['arrival_clock', 'departure_clock']",overlapping raw schedule variants; not asserted to be contradictory because the source frequency legend is absent
ix-leg-810140ea737cd849a195,ix-variant-021d2dc555866520c22f,ix-variant-a15cf19a59d6abe24ca3,2026-04-05,2026-10-24,"['arrival_clock', 'departure_clock']",overlapping raw schedule variants; not asserted to be contradictory because the source frequency legend is absent
ix-leg-1f111cb922ee2f477b9c,ix-variant-7815c205c6f55373f221,ix-variant-3d95ad93a1e3a761272e,2026-04-05,2026-10-18,"['aircraft', 'raw_frequency', 'arrival_clock', 'departure_clock']",overlapping raw schedule variants; not asserted to be contradictory because the source frequency legend is absent
ix-leg-1f111cb922ee2f477b9c,ix-variant-7815c205c6f55373f221,ix-variant-87b385254a739e74a6e6,2026-04-05,2026-10-18,"['aircraft', 'raw_frequency']",overlapping raw schedule variants; not asserted to be contradictory because the source frequency legend is absent
ix-leg-1f111cb922ee2f477b9c,ix-variant-7815c205c6f55373f221,ix-variant-befe5875f8cbf8479854,2026-04-05,2026-10-18,"['aircraft', 'raw_frequency']",overlapping raw schedule variants; not asserted to be contradictory because the source frequency legend is absent
ix-leg-1f111cb922ee2f477b9c,ix-variant-7815c205c6f55373f221,ix-variant-2f88c627e300fc295fd2,2026-04-05,2026-10-18,"['aircraft', 'raw_frequency']",overlapping raw schedule variants; not asserted to be contradictory because the source frequency legend is absent
ix-leg-1f111cb922ee2f477b9c,ix-variant-3d95ad93a1e3a761272e,ix-variant-87b385254a739e74a6e6,2026-03-30,2026-10-24,"['raw_frequency', 'arrival_clock', 'departure_clock']",overlapping raw schedule variants; not asserted to be contradictory because the source frequency legend is absent
ix-leg-1f111cb922ee2f477b9c,ix-variant-3d95ad93a1e3a761272e,ix-variant-befe5875f8cbf8479854,2026-04-01,2026-10-21,"['raw_frequency', 'arrival_clock', 'departure_clock']",overlapping raw schedule variants; not asserted to be contradictory because the source frequency legend is absent
ix-leg-1f111cb922ee2f477b9c,ix-variant-3d95ad93a1e3a761272e,ix-variant-2f88c627e300fc295fd2,2026-04-03,2026-10-23,"['raw_frequency', 'arrival_clock', 'departure_clock']",overlapping raw schedule variants; not asserted to be contradictory because the source frequency legend is absent
ix-leg-1f111cb922ee2f477b9c,ix-variant-3d95ad93a1e3a761272e,ix-variant-425897046c4b2648c640,2026-03-29,2026-03-29,"['raw_frequency', 'arrival_clock', 'departure_clock']",overlapping raw schedule variants; not asserted to be contradictory because the source frequency legend is absent
ix-leg-1f111cb922ee2f477b9c,ix-variant-87b385254a739e74a6e6,ix-variant-befe5875f8cbf8479854,2026-04-01,2026-10-21,['raw_frequency'],overlapping raw schedule variants; not asserted to be contradictory because the source frequency legend is absent
ix-leg-1f111cb922ee2f477b9c,ix-variant-87b385254a739e74a6e6,ix-variant-2f88c627e300fc295fd2,2026-04-03,2026-10-23,['raw_frequency'],overlapping raw schedule variants; not asserted to be contradictory because the source frequency legend is absent
ix-leg-1f111cb922ee2f477b9c,ix-variant-befe5875f8cbf8479854,ix-variant-2f88c627e300fc295fd2,2026-04-03,2026-10-21,['raw_frequency'],overlapping raw schedule variants; not asserted to be contradictory because the source frequency legend is absent
ix-leg-1950d6d3d6fe4ed5adbd,ix-variant-f32b2640342928954ba6,ix-variant-27c5005f1392658eeb82,2026-03-29,2026-03-29,"['aircraft', 'raw_frequency', 'arrival_clock', 'departure_clock']",overlapping raw schedule variants; not asserted to be contradictory because the source frequency legend is absent
ix-leg-1950d6d3d6fe4ed5adbd,ix-variant-65f7224ca407a0f4068e,ix-variant-27c5005f1392658eeb82,2026-04-05,2026-10-18,"['aircraft', 'raw_frequency', 'arrival_clock', 'departure_clock']",overlapping raw schedule variants; not asserted to be contradictory because the source frequency legend is absent
ix-leg-1950d6d3d6fe4ed5adbd,ix-variant-65f7224ca407a0f4068e,ix-variant-c5ebaa9acc50e01faa0d,2026-04-06,2026-10-18,"['aircraft', 'raw_frequency']",overlapping raw schedule variants; not asserted to be contradictory because the source frequency legend is absent
ix-leg-1950d6d3d6fe4ed5adbd,ix-variant-65f7224ca407a0f4068e,ix-variant-0712c693429f44149822,2026-04-08,2026-10-18,"['aircraft', 'raw_frequency']",overlapping raw schedule variants; not asserted to be contradictory because the source frequency legend is absent
ix-leg-1950d6d3d6fe4ed5adbd,ix-variant-65f7224ca407a0f4068e,ix-variant-631b115fd7fc3e0d0192,2026-04-09,2026-10-18,"['aircraft', 'raw_frequency']",overlapping raw schedule variants; not asserted to be contradictory because the source frequency legend is absent
ix-leg-1950d6d3d6fe4ed5adbd,ix-variant-27c5005f1392658eeb82,ix-variant-2918abdfc182715f6166,2026-03-30,2026-04-04,"['raw_frequency', 'arrival_clock', 'departure_clock']",overlapping raw schedule variants; not asserted to be contradictory because the source frequency legend is absent
ix-leg-1950d6d3d6fe4ed5adbd,ix-variant-27c5005f1392658eeb82,ix-variant-c5ebaa9acc50e01faa0d,2026-04-06,2026-10-24,"['raw_frequency', 'arrival_clock', 'departure_clock']",overlapping raw schedule variants; not asserted to be contradictory because the source frequency legend is absent
ix-leg-1950d6d3d6fe4ed5adbd,ix-variant-27c5005f1392658eeb82,ix-variant-7e62b2aed7a6b628bcb9,2026-04-01,2026-04-01,"['raw_frequency', 'arrival_clock', 'departure_clock']",overlapping raw schedule variants; not asserted to be contradictory because the source frequency legend is absent
ix-leg-1950d6d3d6fe4ed5adbd,ix-variant-27c5005f1392658eeb82,ix-variant-0712c693429f44149822,2026-04-08,2026-10-21,"['raw_frequency', 'arrival_clock', 'departure_clock']",overlapping raw schedule variants; not asserted to be contradictory because the source frequency legend is absent
ix-leg-1950d6d3d6fe4ed5adbd,ix-variant-27c5005f1392658eeb82,ix-variant-9a91403492bdfb954b89,2026-04-02,2026-04-02,"['raw_frequency', 'arrival_clock', 'departure_clock']",overlapping raw schedule variants; not asserted to be contradictory because the source frequency legend is absent
ix-leg-1950d6d3d6fe4ed5adbd,ix-variant-27c5005f1392658eeb82,ix-variant-631b115fd7fc3e0d0192,2026-04-09,2026-10-22,"['raw_frequency', 'arrival_clock', 'departure_clock']",overlapping raw schedule variants; not asserted to be contradictory because the source frequency legend is absent
ix-leg-1950d6d3d6fe4ed5adbd,ix-variant-2918abdfc182715f6166,ix-variant-7e62b2aed7a6b628bcb9,2026-04-01,2026-04-01,['raw_frequency'],overlapping raw schedule variants; not asserted to be contradictory because the source frequency legend is absent
ix-leg-1950d6d3d6fe4ed5adbd,ix-variant-2918abdfc182715f6166,ix-variant-9a91403492bdfb954b89,2026-04-02,2026-04-02,['raw_frequency'],overlapping raw schedule variants; not asserted to be contradictory because the source frequency legend is absent
ix-leg-1950d6d3d6fe4ed5adbd,ix-variant-c5ebaa9acc50e01faa0d,ix-variant-0712c693429f44149822,2026-04-08,2026-10-21,['raw_frequency'],overlapping raw schedule variants; not asserted to be contradictory because the source frequency legend is absent
ix-leg-1950d6d3d6fe4ed5adbd,ix-variant-c5ebaa9acc50e01faa0d,ix-variant-631b115fd7fc3e0d0192,2026-04-09,2026-10-22,['raw_frequency'],overlapping raw schedule variants; not asserted to be contradictory because the source frequency legend is absent
ix-leg-1950d6d3d6fe4ed5adbd,ix-variant-0712c693429f44149822,ix-variant-631b115fd7fc3e0d0192,2026-04-09,2026-10-21,['raw_frequency'],overlapping raw schedule variants; not asserted to be contradictory because the source frequency legend is absent
ix-leg-653bf42dd95637861bb0,ix-variant-35dad1d09eda498b810a,ix-variant-196bc40849b627156186,2026-03-29,2026-10-23,"['raw_frequency', 'arrival_clock', 'departure_clock']",overlapping raw schedule variants; not asserted to be contradictory because the source frequency legend is absent
ix-leg-653bf42dd95637861bb0,ix-variant-35dad1d09eda498b810a,ix-variant-f6b16446008be5f1f07a,2026-03-31,2026-10-20,"['raw_frequency', 'arrival_clock', 'departure_clock']",overlapping raw schedule variants; not asserted to be contradictory because the source frequency legend is absent
ix-leg-653bf42dd95637861bb0,ix-variant-35dad1d09eda498b810a,ix-variant-97dd1cac08b69a7c624f,2026-10-24,2026-10-24,"['raw_frequency', 'arrival_clock', 'departure_clock']",overlapping raw schedule variants; not asserted to be contradictory because the source frequency legend is absent
ix-leg-653bf42dd95637861bb0,ix-variant-196bc40849b627156186,ix-variant-f6b16446008be5f1f07a,2026-03-31,2026-10-20,['raw_frequency'],overlapping raw schedule variants; not asserted to be contradictory because the source frequency legend is absent
ix-leg-c01bfc2b06bf0c78bb12,ix-variant-5403cd37999fe41550d5,ix-variant-b9e09f376fd3a021af69,2026-03-29,2026-03-29,"['raw_frequency', 'arrival_clock', 'departure_clock']",overlapping raw schedule variants; not asserted to be contradictory because the source frequency legend is absent
ix-leg-c01bfc2b06bf0c78bb12,ix-variant-5403cd37999fe41550d5,ix-variant-6b464f6dc76fb766b422,2026-03-29,2026-03-29,['raw_frequency'],overlapping raw schedule variants; not asserted to be contradictory because the source frequency legend is absent
ix-leg-c01bfc2b06bf0c78bb12,ix-variant-b9e09f376fd3a021af69,ix-variant-b593097fe968d720d6dc,2026-04-01,2026-10-23,"['arrival_clock', 'departure_clock']",overlapping raw schedule variants; not asserted to be contradictory because the source frequency legend is absent
ix-leg-c01bfc2b06bf0c78bb12,ix-variant-b9e09f376fd3a021af69,ix-variant-8eb3d2622a5eae939da7,2026-03-30,2026-03-31,"['raw_frequency', 'arrival_clock', 'departure_clock']",overlapping raw schedule variants; not asserted to be contradictory because the source frequency legend is absent
ix-leg-c01bfc2b06bf0c78bb12,ix-variant-b9e09f376fd3a021af69,ix-variant-6b464f6dc76fb766b422,2026-03-29,2026-03-29,"['raw_frequency', 'arrival_clock', 'departure_clock']",overlapping raw schedule variants; not asserted to be contradictory because the source frequency legend is absent
ix-leg-588642ac3e6e4aecd791,ix-variant-731681e98478af08699e,ix-variant-4b7be2a0c6ccbd0bc17d,2026-03-29,2026-04-04,"['arrival_clock', 'departure_clock']",overlapping raw schedule variants; not asserted to be contradictory because the source frequency legend is absent
ix-leg-588642ac3e6e4aecd791,ix-variant-4b7be2a0c6ccbd0bc17d,ix-variant-f9b787de9a74d11a3213,2026-04-05,2026-06-30,"['arrival_clock', 'departure_clock']",overlapping raw schedule variants; not asserted to be contradictory because the source frequency legend is absent
ix-leg-588642ac3e6e4aecd791,ix-variant-4b7be2a0c6ccbd0bc17d,ix-variant-0549c4656aef90c1c4f6,2026-07-01,2026-10-24,"['arrival_clock', 'departure_clock']",overlapping raw schedule variants; not asserted to be contradictory because the source frequency legend is absent
ix-leg-8c0f414eb5d84fb1d3b0,ix-variant-e0c593e351bb2e1d5473,ix-variant-09d552a219efdced03ed,2026-03-31,2026-10-20,"['raw_frequency', 'arrival_clock', 'departure_clock']",overlapping raw schedule variants; not asserted to be contradictory because the source frequency legend is absent
ix-leg-8c0f414eb5d84fb1d3b0,ix-variant-e0c593e351bb2e1d5473,ix-variant-44e628a2b6fc4ed52ab1,2026-04-02,2026-10-22,"['raw_frequency', 'arrival_clock', 'departure_clock']",overlapping raw schedule variants; not asserted to be contradictory because the source frequency legend is absent
ix-leg-8c0f414eb5d84fb1d3b0,ix-variant-e0c593e351bb2e1d5473,ix-variant-68243010c44e19ca4673,2026-03-29,2026-10-23,"['aircraft', 'raw_frequency', 'arrival_clock', 'departure_clock']",overlapping raw schedule variants; not asserted to be contradictory because the source frequency legend is absent
ix-leg-8c0f414eb5d84fb1d3b0,ix-variant-09d552a219efdced03ed,ix-variant-44e628a2b6fc4ed52ab1,2026-04-02,2026-10-20,['raw_frequency'],overlapping raw schedule variants; not asserted to be contradictory because the source frequency legend is absent
ix-leg-8c0f414eb5d84fb1d3b0,ix-variant-09d552a219efdced03ed,ix-variant-68243010c44e19ca4673,2026-03-31,2026-10-20,"['aircraft', 'raw_frequency']",overlapping raw schedule variants; not asserted to be contradictory because the source frequency legend is absent
ix-leg-8c0f414eb5d84fb1d3b0,ix-variant-44e628a2b6fc4ed52ab1,ix-variant-68243010c44e19ca4673,2026-04-02,2026-10-22,"['aircraft', 'raw_frequency']",overlapping raw schedule variants; not asserted to be contradictory because the source frequency legend is absent
ix-leg-284c5ac27b49c8dada58,ix-variant-ce10b5bbcaccbca33c6d,ix-variant-2fadd86554f3697a3d4f,2026-08-03,2026-10-15,"['raw_frequency', 'arrival_clock', 'departure_clock']",overlapping raw schedule variants; not asserted to be contradictory because the source frequency legend is absent
ix-leg-284c5ac27b49c8dada58,ix-variant-d1f440e669907312b78f,ix-variant-2fadd86554f3697a3d4f,2026-03-29,2026-07-31,"['arrival_clock', 'departure_clock']",overlapping raw schedule variants; not asserted to be contradictory because the source frequency legend is absent
ix-leg-a19e1115b89e779b1402,ix-variant-78701a7a8e99f45f4834,ix-variant-4d706617d4236ee7d3a1,2026-03-30,2026-10-20,['raw_frequency'],overlapping raw schedule variants; not asserted to be contradictory because the source frequency legend is absent
ix-leg-a19e1115b89e779b1402,ix-variant-78701a7a8e99f45f4834,ix-variant-621bfb0fe696b4a1d6e7,2026-03-30,2026-10-20,"['aircraft', 'raw_frequency', 'arrival_clock', 'departure_clock']",overlapping raw schedule variants; not asserted to be contradictory because the source frequency legend is absent
ix-leg-a19e1115b89e779b1402,ix-variant-4d706617d4236ee7d3a1,ix-variant-621bfb0fe696b4a1d6e7,2026-03-29,2026-10-24,"['aircraft', 'raw_frequency', 'arrival_clock', 'departure_clock']",overlapping raw schedule variants; not asserted to be contradictory because the source frequency legend is absent
ix-leg-982f045b200e06140d85,ix-variant-990adea9d343f6461bb5,ix-variant-cbc8b70a10bbf8a7aa1f,2026-03-29,2026-10-23,"['arrival_clock', 'departure_clock']",overlapping raw schedule variants; not asserted to be contradictory because the source frequency legend is absent
ix-leg-982f045b200e06140d85,ix-variant-cbc8b70a10bbf8a7aa1f,ix-variant-7e62c8ee3f245c4267c1,2026-10-24,2026-10-24,"['raw_frequency', 'arrival_clock', 'departure_clock']",overlapping raw schedule variants; not asserted to be contradictory because the source frequency legend is absent
ix-leg-d548aa26d768d66984d4,ix-variant-77cd329014ad4470fde5,ix-variant-9720fb76e36469617c17,2026-03-29,2026-10-24,"['raw_frequency', 'arrival_clock', 'departure_clock']",overlapping raw schedule variants; not asserted to be contradictory because the source frequency legend is absent
ix-leg-d548aa26d768d66984d4,ix-variant-77cd329014ad4470fde5,ix-variant-ed864a79e908380741e5,2026-04-01,2026-10-21,"['raw_frequency', 'arrival_clock', 'departure_clock']",overlapping raw schedule variants; not asserted to be contradictory because the source frequency legend is absent
ix-leg-d548aa26d768d66984d4,ix-variant-9720fb76e36469617c17,ix-variant-ed864a79e908380741e5,2026-04-01,2026-10-21,['raw_frequency'],overlapping raw schedule variants; not asserted to be contradictory because the source frequency legend is absent
ix-leg-f182750d59786975e3ee,ix-variant-e8547207726303596d01,ix-variant-c336c9ddb637df1ba993,2026-03-29,2026-10-19,"['raw_frequency', 'arrival_clock', 'departure_clock']",overlapping raw schedule variants; not asserted to be contradictory because the source frequency legend is absent
ix-leg-f182750d59786975e3ee,ix-variant-e8547207726303596d01,ix-variant-12c90626dc6dd8f161fc,2026-10-20,2026-10-24,"['raw_frequency', 'arrival_clock', 'departure_clock']",overlapping raw schedule variants; not asserted to be contradictory because the source frequency legend is absent
ix-leg-f182750d59786975e3ee,ix-variant-e8547207726303596d01,ix-variant-ba3e02ec56c93f5a3b0e,2026-03-31,2026-10-17,"['raw_frequency', 'arrival_clock', 'departure_clock']",overlapping raw schedule variants; not asserted to be contradictory because the source frequency legend is absent
ix-leg-f182750d59786975e3ee,ix-variant-e8547207726303596d01,ix-variant-f9ccebd98589b17865ad,2026-10-22,2026-10-22,"['raw_frequency', 'arrival_clock', 'departure_clock']",overlapping raw schedule variants; not asserted to be contradictory because the source frequency legend is absent
ix-leg-f182750d59786975e3ee,ix-variant-c336c9ddb637df1ba993,ix-variant-ba3e02ec56c93f5a3b0e,2026-03-31,2026-10-17,['raw_frequency'],overlapping raw schedule variants; not asserted to be contradictory because the source frequency legend is absent
ix-leg-f182750d59786975e3ee,ix-variant-12c90626dc6dd8f161fc,ix-variant-f9ccebd98589b17865ad,2026-10-22,2026-10-22,['raw_frequency'],overlapping raw schedule variants; not asserted to be contradictory because the source frequency legend is absent
ix-leg-9c8cfbb39f16ea14d6ce,ix-variant-a03561594045bc1ad715,ix-variant-83010e0ac720dd45600b,2026-03-29,2026-10-23,"['arrival_clock', 'departure_clock']",overlapping raw schedule variants; not asserted to be contradictory because the source frequency legend is absent
ix-leg-9c8cfbb39f16ea14d6ce,ix-variant-83010e0ac720dd45600b,ix-variant-c9600d5ddc84e33abe85,2026-10-24,2026-10-24,"['raw_frequency', 'arrival_clock', 'departure_clock']",overlapping raw schedule variants; not asserted to be contradictory because the source frequency legend is absent
ix-leg-897ce12cd0ebe07e3ab6,ix-variant-710dbd53514a0725cdac,ix-variant-391d11bec16f96502bae,2026-03-30,2026-10-24,"['arrival_clock', 'departure_clock']",overlapping raw schedule variants; not asserted to be contradictory because the source frequency legend is absent
ix-leg-897ce12cd0ebe07e3ab6,ix-variant-710dbd53514a0725cdac,ix-variant-00684ec7b8cd9b0855bd,2026-03-29,2026-03-29,"['raw_frequency', 'arrival_clock', 'departure_clock']",overlapping raw schedule variants; not asserted to be contradictory because the source frequency legend is absent
ix-leg-ca4bd5c9513cabf53a6d,ix-variant-159da4164f586857487f,ix-variant-2edb6dc31480bf1973fd,2026-03-29,2026-06-30,"['arrival_clock', 'departure_clock']",overlapping raw schedule variants; not asserted to be contradictory because the source frequency legend is absent
ix-leg-ca4bd5c9513cabf53a6d,ix-variant-2edb6dc31480bf1973fd,ix-variant-cfc2cb3143f21615d894,2026-07-02,2026-10-22,"['raw_frequency', 'arrival_clock', 'departure_clock']",overlapping raw schedule variants; not asserted to be contradictory because the source frequency legend is absent
ix-leg-ca4bd5c9513cabf53a6d,ix-variant-2edb6dc31480bf1973fd,ix-variant-652833c5be21c64070f7,2026-07-01,2026-10-24,"['raw_frequency', 'arrival_clock', 'departure_clock']",overlapping raw schedule variants; not asserted to be contradictory because the source frequency legend is absent
ix-leg-ca4bd5c9513cabf53a6d,ix-variant-cfc2cb3143f21615d894,ix-variant-652833c5be21c64070f7,2026-07-02,2026-10-22,['raw_frequency'],overlapping raw schedule variants; not asserted to be contradictory because the source frequency legend is absent
ix-leg-ecfaf2d8a6c40fc6e4e6,ix-variant-2fb199e4dff4e0472110,ix-variant-d58c0de39ebfc72b9049,2026-04-17,2026-10-23,"['arrival_clock', 'departure_clock']",overlapping raw schedule variants; not asserted to be contradictory because the source frequency legend is absent
ix-leg-ecfaf2d8a6c40fc6e4e6,ix-variant-0c2b815e616782538a2b,ix-variant-5bc27f21934262476b12,2026-03-30,2026-04-15,['raw_frequency'],overlapping raw schedule variants; not asserted to be contradictory because the source frequency legend is absent
ix-leg-df41abc313dbafa55a78,ix-variant-be546649740fc93085f5,ix-variant-6b50b3643ff2e18318f7,2026-04-17,2026-10-23,"['arrival_clock', 'departure_clock']",overlapping raw schedule variants; not asserted to be contradictory because the source frequency legend is absent
ix-leg-df41abc313dbafa55a78,ix-variant-d84a338599e582758acb,ix-variant-f07bb7f1af9e70216453,2026-03-30,2026-04-15,"['raw_frequency', 'arrival_clock']",overlapping raw schedule variants; not asserted to be contradictory because the source frequency legend is absent
ix-leg-a80d2a925c86f8aab538,ix-variant-36aad107e382938b49b5,ix-variant-1a3229a6e0f1f7bc4ee6,2026-03-29,2026-10-24,"['aircraft', 'arrival_clock', 'departure_clock']",overlapping raw schedule variants; not asserted to be contradictory because the source frequency legend is absent
ix-leg-bed0bcab58cd85a0ea41,ix-variant-42b72f00c889024358e5,ix-variant-0baef701fb12cfccd520,2026-03-30,2026-10-19,"['aircraft', 'raw_frequency']",overlapping raw schedule variants; not asserted to be contradictory because the source frequency legend is absent
ix-leg-be7f509b70ee92f2c81c,ix-variant-9217fbf8ef920bc40975,ix-variant-b2809cd12e5b07940934,2026-04-17,2026-10-19,"['raw_frequency', 'arrival_clock', 'departure_clock']",overlapping raw schedule variants; not asserted to be contradictory because the source frequency legend is absent
ix-leg-be7f509b70ee92f2c81c,ix-variant-9217fbf8ef920bc40975,ix-variant-c4d262ff91a00b40d3aa,2026-10-20,2026-10-23,"['raw_frequency', 'arrival_clock', 'departure_clock']",overlapping raw schedule variants; not asserted to be contradictory because the source frequency legend is absent
ix-leg-be7f509b70ee92f2c81c,ix-variant-9217fbf8ef920bc40975,ix-variant-3de97eee21ca0ef7d537,2026-04-17,2026-10-17,"['raw_frequency', 'arrival_clock', 'departure_clock']",overlapping raw schedule variants; not asserted to be contradictory because the source frequency legend is absent
ix-leg-be7f509b70ee92f2c81c,ix-variant-9217fbf8ef920bc40975,ix-variant-6aa4381ff1403df9519f,2026-10-22,2026-10-22,"['raw_frequency', 'arrival_clock', 'departure_clock']",overlapping raw schedule variants; not asserted to be contradictory because the source frequency legend is absent
ix-leg-be7f509b70ee92f2c81c,ix-variant-a628079a15f23a995df3,ix-variant-22865d1266c39c6c0e7a,2026-03-30,2026-04-03,"['arrival_clock', 'departure_clock']",overlapping raw schedule variants; not asserted to be contradictory because the source frequency legend is absent
ix-leg-be7f509b70ee92f2c81c,ix-variant-a628079a15f23a995df3,ix-variant-ddc15720bcb7bf983162,2026-03-29,2026-04-03,"['raw_frequency', 'arrival_clock', 'departure_clock']",overlapping raw schedule variants; not asserted to be contradictory because the source frequency legend is absent
ix-leg-be7f509b70ee92f2c81c,ix-variant-a628079a15f23a995df3,ix-variant-af507c6cea9bc6a11bb1,2026-03-31,2026-04-03,['raw_frequency'],overlapping raw schedule variants; not asserted to be contradictory because the source frequency legend is absent
ix-leg-be7f509b70ee92f2c81c,ix-variant-a628079a15f23a995df3,ix-variant-9d532ceb26cac29d15bc,2026-03-29,2026-03-29,['raw_frequency'],overlapping raw schedule variants; not asserted to be contradictory because the source frequency legend is absent
ix-leg-be7f509b70ee92f2c81c,ix-variant-22865d1266c39c6c0e7a,ix-variant-b2809cd12e5b07940934,2026-04-05,2026-04-16,"['arrival_clock', 'departure_clock']",overlapping raw schedule variants; not asserted to be contradictory because the source frequency legend is absent
ix-leg-be7f509b70ee92f2c81c,ix-variant-22865d1266c39c6c0e7a,ix-variant-ddc15720bcb7bf983162,2026-03-30,2026-04-15,['raw_frequency'],overlapping raw schedule variants; not asserted to be contradictory because the source frequency legend is absent
ix-leg-be7f509b70ee92f2c81c,ix-variant-22865d1266c39c6c0e7a,ix-variant-af507c6cea9bc6a11bb1,2026-03-31,2026-04-14,"['raw_frequency', 'arrival_clock', 'departure_clock']",overlapping raw schedule variants; not asserted to be contradictory because the source frequency legend is absent
ix-leg-be7f509b70ee92f2c81c,ix-variant-22865d1266c39c6c0e7a,ix-variant-3de97eee21ca0ef7d537,2026-04-16,2026-04-16,"['raw_frequency', 'arrival_clock', 'departure_clock']",overlapping raw schedule variants; not asserted to be contradictory because the source frequency legend is absent
ix-leg-be7f509b70ee92f2c81c,ix-variant-b2809cd12e5b07940934,ix-variant-ddc15720bcb7bf983162,2026-04-05,2026-04-15,"['raw_frequency', 'arrival_clock', 'departure_clock']",overlapping raw schedule variants; not asserted to be contradictory because the source frequency legend is absent
ix-leg-be7f509b70ee92f2c81c,ix-variant-b2809cd12e5b07940934,ix-variant-af507c6cea9bc6a11bb1,2026-04-05,2026-04-14,['raw_frequency'],overlapping raw schedule variants; not asserted to be contradictory because the source frequency legend is absent
ix-leg-be7f509b70ee92f2c81c,ix-variant-b2809cd12e5b07940934,ix-variant-3de97eee21ca0ef7d537,2026-04-16,2026-10-17,['raw_frequency'],overlapping raw schedule variants; not asserted to be contradictory because the source frequency legend is absent
ix-leg-be7f509b70ee92f2c81c,ix-variant-c4d262ff91a00b40d3aa,ix-variant-6aa4381ff1403df9519f,2026-10-22,2026-10-22,['raw_frequency'],overlapping raw schedule variants; not asserted to be contradictory because the source frequency legend is absent
ix-leg-be7f509b70ee92f2c81c,ix-variant-ddc15720bcb7bf983162,ix-variant-af507c6cea9bc6a11bb1,2026-03-31,2026-04-14,"['arrival_clock', 'departure_clock']",overlapping raw schedule variants; not asserted to be contradictory because the source frequency legend is absent
ix-leg-be7f509b70ee92f2c81c,ix-variant-ddc15720bcb7bf983162,ix-variant-9d532ceb26cac29d15bc,2026-03-29,2026-03-29,"['raw_frequency', 'arrival_clock', 'departure_clock']",overlapping raw schedule variants; not asserted to be contradictory because the source frequency legend is absent
ix-leg-a3df892d378d275e7afa,ix-variant-6f05cc5c9626656a0d12,ix-variant-3160ad2c4d3af80f0fbd,2026-03-30,2026-03-30,"['raw_frequency', 'arrival_clock', 'departure_clock']",overlapping raw schedule variants; not asserted to be contradictory because the source frequency legend is absent
ix-leg-a3df892d378d275e7afa,ix-variant-6f05cc5c9626656a0d12,ix-variant-c1f7701408e3612bb738,2026-03-30,2026-03-30,"['raw_frequency', 'arrival_clock', 'departure_clock']",overlapping raw schedule variants; not asserted to be contradictory because the source frequency legend is absent
ix-leg-a3df892d378d275e7afa,ix-variant-84b32907abb3c4d9152b,ix-variant-3160ad2c4d3af80f0fbd,2026-04-06,2026-04-13,"['raw_frequency', 'arrival_clock', 'departure_clock']",overlapping raw schedule variants; not asserted to be contradictory because the source frequency legend is absent
ix-leg-a3df892d378d275e7afa,ix-variant-84b32907abb3c4d9152b,ix-variant-73d8d9798afa19384215,2026-04-07,2026-04-13,['raw_frequency'],overlapping raw schedule variants; not asserted to be contradictory because the source frequency legend is absent
ix-leg-a3df892d378d275e7afa,ix-variant-84b32907abb3c4d9152b,ix-variant-c1f7701408e3612bb738,2026-04-06,2026-04-13,"['raw_frequency', 'arrival_clock', 'departure_clock']",overlapping raw schedule variants; not asserted to be contradictory because the source frequency legend is absent
ix-leg-a3df892d378d275e7afa,ix-variant-96a2045a6543190ad05c,ix-variant-7e78b3f35c7e44fcd03b,2026-04-17,2026-10-19,"['raw_frequency', 'arrival_clock', 'departure_clock']",overlapping raw schedule variants; not asserted to be contradictory because the source frequency legend is absent
ix-leg-a3df892d378d275e7afa,ix-variant-96a2045a6543190ad05c,ix-variant-88ec76715bb18dce9c7f,2026-10-20,2026-10-24,"['raw_frequency', 'arrival_clock', 'departure_clock']",overlapping raw schedule variants; not asserted to be contradictory because the source frequency legend is absent
ix-leg-a3df892d378d275e7afa,ix-variant-96a2045a6543190ad05c,ix-variant-73d8d9798afa19384215,2026-04-17,2026-10-17,"['raw_frequency', 'arrival_clock', 'departure_clock']",overlapping raw schedule variants; not asserted to be contradictory because the source frequency legend is absent
ix-leg-a3df892d378d275e7afa,ix-variant-96a2045a6543190ad05c,ix-variant-ad3e593bb1dda17b28ec,2026-10-22,2026-10-22,"['raw_frequency', 'arrival_clock', 'departure_clock']",overlapping raw schedule variants; not asserted to be contradictory because the source frequency legend is absent
ix-leg-a3df892d378d275e7afa,ix-variant-3160ad2c4d3af80f0fbd,ix-variant-7b88607dcc9a7c1567b3,2026-03-31,2026-04-04,"['raw_frequency', 'arrival_clock', 'departure_clock']",overlapping raw schedule variants; not asserted to be contradictory because the source frequency legend is absent
ix-leg-a3df892d378d275e7afa,ix-variant-3160ad2c4d3af80f0fbd,ix-variant-73d8d9798afa19384215,2026-04-07,2026-04-16,"['raw_frequency', 'arrival_clock', 'departure_clock']",overlapping raw schedule variants; not asserted to be contradictory because the source frequency legend is absent
ix-leg-a3df892d378d275e7afa,ix-variant-3160ad2c4d3af80f0fbd,ix-variant-c1f7701408e3612bb738,2026-03-30,2026-04-15,"['raw_frequency', 'arrival_clock', 'departure_clock']",overlapping raw schedule variants; not asserted to be contradictory because the source frequency legend is absent
ix-leg-a3df892d378d275e7afa,ix-variant-7e78b3f35c7e44fcd03b,ix-variant-73d8d9798afa19384215,2026-04-17,2026-10-17,['raw_frequency'],overlapping raw schedule variants; not asserted to be contradictory because the source frequency legend is absent
ix-leg-a3df892d378d275e7afa,ix-variant-88ec76715bb18dce9c7f,ix-variant-ad3e593bb1dda17b28ec,2026-10-22,2026-10-22,['raw_frequency'],overlapping raw schedule variants; not asserted to be contradictory because the source frequency legend is absent
ix-leg-a3df892d378d275e7afa,ix-variant-7b88607dcc9a7c1567b3,ix-variant-c1f7701408e3612bb738,2026-03-31,2026-04-04,"['raw_frequency', 'arrival_clock', 'departure_clock']",overlapping raw schedule variants; not asserted to be contradictory because the source frequency legend is absent
ix-leg-a3df892d378d275e7afa,ix-variant-73d8d9798afa19384215,ix-variant-c1f7701408e3612bb738,2026-04-07,2026-04-15,"['raw_frequency', 'arrival_clock', 'departure_clock']",overlapping raw schedule variants; not asserted to be contradictory because the source frequency legend is absent
ix-leg-c21235d20515beabdb64,ix-variant-1a80021dc23007729edf,ix-variant-b5a6a6432702dc552a94,2026-03-30,2026-06-30,"['arrival_clock', 'departure_clock']",overlapping raw schedule variants; not asserted to be contradictory because the source frequency legend is absent
ix-leg-c21235d20515beabdb64,ix-variant-1a80021dc23007729edf,ix-variant-cf5342c91b786f89b52f,2026-03-29,2026-03-29,"['raw_frequency', 'arrival_clock', 'departure_clock']",overlapping raw schedule variants; not asserted to be contradictory because the source frequency legend is absent
ix-leg-c21235d20515beabdb64,ix-variant-b5a6a6432702dc552a94,ix-variant-258b7955c30b4e3eea94,2026-07-01,2026-10-24,"['arrival_clock', 'departure_clock']",overlapping raw schedule variants; not asserted to be contradictory because the source frequency legend is absent
ix-leg-15fe2ec790d107f851cc,ix-variant-8ef06c7e05a0705ff576,ix-variant-a72f79a7ba2be4718e7c,2026-04-13,2026-04-24,['raw_frequency'],overlapping raw schedule variants; not asserted to be contradictory because the source frequency legend is absent
ix-leg-15fe2ec790d107f851cc,ix-variant-8ef06c7e05a0705ff576,ix-variant-d930987f7e30b7f17b46,2026-04-22,2026-04-22,['raw_frequency'],overlapping raw schedule variants; not asserted to be contradictory because the source frequency legend is absent
ix-leg-15fe2ec790d107f851cc,ix-variant-8ef06c7e05a0705ff576,ix-variant-ce7c74b80ae5fd0ac9d3,2026-04-13,2026-04-15,['raw_frequency'],overlapping raw schedule variants; not asserted to be contradictory because the source frequency legend is absent
ix-leg-15fe2ec790d107f851cc,ix-variant-8ef06c7e05a0705ff576,ix-variant-62939ccf9b2cfb61033a,2026-04-18,2026-04-18,['raw_frequency'],overlapping raw schedule variants; not asserted to be contradictory because the source frequency legend is absent
ix-leg-15fe2ec790d107f851cc,ix-variant-cdfbecbe9daa0880aba2,ix-variant-a72f79a7ba2be4718e7c,2026-07-06,2026-10-23,['raw_frequency'],overlapping raw schedule variants; not asserted to be contradictory because the source frequency legend is absent
ix-leg-15fe2ec790d107f851cc,ix-variant-cdfbecbe9daa0880aba2,ix-variant-9cb7129e40282fe1f7c8,2026-07-06,2026-10-21,['raw_frequency'],overlapping raw schedule variants; not asserted to be contradictory because the source frequency legend is absent
ix-leg-15fe2ec790d107f851cc,ix-variant-cdfbecbe9daa0880aba2,ix-variant-711c18ef533c2a9c5d84,2026-07-11,2026-10-10,['raw_frequency'],overlapping raw schedule variants; not asserted to be contradictory because the source frequency legend is absent
ix-leg-15fe2ec790d107f851cc,ix-variant-cdfbecbe9daa0880aba2,ix-variant-e8f22d63e2b0df7e8e26,2026-10-17,2026-10-17,['raw_frequency'],overlapping raw schedule variants; not asserted to be contradictory because the source frequency legend is absent
ix-leg-15fe2ec790d107f851cc,ix-variant-f14a0b3589a2fad44014,ix-variant-a72f79a7ba2be4718e7c,2026-03-31,2026-04-10,['raw_frequency'],overlapping raw schedule variants; not asserted to be contradictory because the source frequency legend is absent
ix-leg-15fe2ec790d107f851cc,ix-variant-f14a0b3589a2fad44014,ix-variant-fd233b591e20b8cd600d,2026-04-01,2026-04-01,['raw_frequency'],overlapping raw schedule variants; not asserted to be contradictory because the source frequency legend is absent
ix-leg-15fe2ec790d107f851cc,ix-variant-f14a0b3589a2fad44014,ix-variant-aa18843320b9041c05a8,2026-04-08,2026-04-08,['raw_frequency'],overlapping raw schedule variants; not asserted to be contradictory because the source frequency legend is absent
ix-leg-15fe2ec790d107f851cc,ix-variant-1fc7ee163de4ca8784a7,ix-variant-a72f79a7ba2be4718e7c,2026-04-27,2026-05-08,['raw_frequency'],overlapping raw schedule variants; not asserted to be contradictory because the source frequency legend is absent
ix-leg-15fe2ec790d107f851cc,ix-variant-1fc7ee163de4ca8784a7,ix-variant-9cb7129e40282fe1f7c8,2026-04-29,2026-05-08,['raw_frequency'],overlapping raw schedule variants; not asserted to be contradictory because the source frequency legend is absent
ix-leg-15fe2ec790d107f851cc,ix-variant-eb848442fee7b112fa32,ix-variant-a72f79a7ba2be4718e7c,2026-05-11,2026-05-22,['raw_frequency'],overlapping raw schedule variants; not asserted to be contradictory because the source frequency legend is absent
ix-leg-15fe2ec790d107f851cc,ix-variant-eb848442fee7b112fa32,ix-variant-9cb7129e40282fe1f7c8,2026-05-11,2026-05-22,['raw_frequency'],overlapping raw schedule variants; not asserted to be contradictory because the source frequency legend is absent
ix-leg-15fe2ec790d107f851cc,ix-variant-ef5c927668264637caf3,ix-variant-a72f79a7ba2be4718e7c,2026-05-25,2026-06-05,['raw_frequency'],overlapping raw schedule variants; not asserted to be contradictory because the source frequency legend is absent
ix-leg-15fe2ec790d107f851cc,ix-variant-ef5c927668264637caf3,ix-variant-9cb7129e40282fe1f7c8,2026-05-25,2026-06-05,['raw_frequency'],overlapping raw schedule variants; not asserted to be contradictory because the source frequency legend is absent
ix-leg-15fe2ec790d107f851cc,ix-variant-562a2ca360118778489b,ix-variant-a72f79a7ba2be4718e7c,2026-06-08,2026-06-19,['raw_frequency'],overlapping raw schedule variants; not asserted to be contradictory because the source frequency legend is absent
ix-leg-15fe2ec790d107f851cc,ix-variant-562a2ca360118778489b,ix-variant-9cb7129e40282fe1f7c8,2026-06-08,2026-06-19,['raw_frequency'],overlapping raw schedule variants; not asserted to be contradictory because the source frequency legend is absent
ix-leg-15fe2ec790d107f851cc,ix-variant-2556a6306787328b33db,ix-variant-a72f79a7ba2be4718e7c,2026-06-22,2026-07-03,['raw_frequency'],overlapping raw schedule variants; not asserted to be contradictory because the source frequency legend is absent
ix-leg-15fe2ec790d107f851cc,ix-variant-2556a6306787328b33db,ix-variant-9cb7129e40282fe1f7c8,2026-06-22,2026-07-03,['raw_frequency'],overlapping raw schedule variants; not asserted to be contradictory because the source frequency legend is absent
ix-leg-15fe2ec790d107f851cc,ix-variant-a72f79a7ba2be4718e7c,ix-variant-fd233b591e20b8cd600d,2026-04-01,2026-04-01,['raw_frequency'],overlapping raw schedule variants; not asserted to be contradictory because the source frequency legend is absent
ix-leg-15fe2ec790d107f851cc,ix-variant-a72f79a7ba2be4718e7c,ix-variant-aa18843320b9041c05a8,2026-04-08,2026-04-08,['raw_frequency'],overlapping raw schedule variants; not asserted to be contradictory because the source frequency legend is absent
ix-leg-15fe2ec790d107f851cc,ix-variant-a72f79a7ba2be4718e7c,ix-variant-d930987f7e30b7f17b46,2026-04-22,2026-04-22,['raw_frequency'],overlapping raw schedule variants; not asserted to be contradictory because the source frequency legend is absent
ix-leg-15fe2ec790d107f851cc,ix-variant-a72f79a7ba2be4718e7c,ix-variant-9cb7129e40282fe1f7c8,2026-04-29,2026-10-21,['raw_frequency'],overlapping raw schedule variants; not asserted to be contradictory because the source frequency legend is absent
ix-leg-15fe2ec790d107f851cc,ix-variant-a72f79a7ba2be4718e7c,ix-variant-ce7c74b80ae5fd0ac9d3,2026-04-11,2026-04-15,['raw_frequency'],overlapping raw schedule variants; not asserted to be contradictory because the source frequency legend is absent
ix-leg-15fe2ec790d107f851cc,ix-variant-a72f79a7ba2be4718e7c,ix-variant-62939ccf9b2cfb61033a,2026-04-18,2026-04-18,['raw_frequency'],overlapping raw schedule variants; not asserted to be contradictory because the source frequency legend is absent
ix-leg-15fe2ec790d107f851cc,ix-variant-a72f79a7ba2be4718e7c,ix-variant-925acbfdc0ddb86d53ec,2026-04-25,2026-04-25,['raw_frequency'],overlapping raw schedule variants; not asserted to be contradictory because the source frequency legend is absent
ix-leg-15fe2ec790d107f851cc,ix-variant-a72f79a7ba2be4718e7c,ix-variant-029d560fbfcf6d856620,2026-05-09,2026-05-09,['raw_frequency'],overlapping raw schedule variants; not asserted to be contradictory because the source frequency legend is absent
ix-leg-15fe2ec790d107f851cc,ix-variant-a72f79a7ba2be4718e7c,ix-variant-740f54012b6a56f4f6de,2026-05-23,2026-05-23,['raw_frequency'],overlapping raw schedule variants; not asserted to be contradictory because the source frequency legend is absent
ix-leg-15fe2ec790d107f851cc,ix-variant-a72f79a7ba2be4718e7c,ix-variant-1f7c8f31118bac7dee30,2026-06-06,2026-06-06,['raw_frequency'],overlapping raw schedule variants; not asserted to be contradictory because the source frequency legend is absent
ix-leg-15fe2ec790d107f851cc,ix-variant-a72f79a7ba2be4718e7c,ix-variant-d2afa2cf5888b1558a16,2026-06-21,2026-06-21,['raw_frequency'],overlapping raw schedule variants; not asserted to be contradictory because the source frequency legend is absent
ix-leg-15fe2ec790d107f851cc,ix-variant-a72f79a7ba2be4718e7c,ix-variant-6529caf935777b746df6,2026-07-04,2026-07-04,['raw_frequency'],overlapping raw schedule variants; not asserted to be contradictory because the source frequency legend is absent
ix-leg-15fe2ec790d107f851cc,ix-variant-a72f79a7ba2be4718e7c,ix-variant-711c18ef533c2a9c5d84,2026-07-11,2026-10-10,['raw_frequency'],overlapping raw schedule variants; not asserted to be contradictory because the source frequency legend is absent
ix-leg-15fe2ec790d107f851cc,ix-variant-a72f79a7ba2be4718e7c,ix-variant-e8f22d63e2b0df7e8e26,2026-10-17,2026-10-17,['raw_frequency'],overlapping raw schedule variants; not asserted to be contradictory because the source frequency legend is absent
ix-leg-15fe2ec790d107f851cc,ix-variant-9cb7129e40282fe1f7c8,ix-variant-029d560fbfcf6d856620,2026-05-09,2026-05-09,['raw_frequency'],overlapping raw schedule variants; not asserted to be contradictory because the source frequency legend is absent
ix-leg-15fe2ec790d107f851cc,ix-variant-9cb7129e40282fe1f7c8,ix-variant-740f54012b6a56f4f6de,2026-05-23,2026-05-23,['raw_frequency'],overlapping raw schedule variants; not asserted to be contradictory because the source frequency legend is absent
ix-leg-15fe2ec790d107f851cc,ix-variant-9cb7129e40282fe1f7c8,ix-variant-1f7c8f31118bac7dee30,2026-06-06,2026-06-06,['raw_frequency'],overlapping raw schedule variants; not asserted to be contradictory because the source frequency legend is absent
ix-leg-15fe2ec790d107f851cc,ix-variant-9cb7129e40282fe1f7c8,ix-variant-d2afa2cf5888b1558a16,2026-06-21,2026-06-21,['raw_frequency'],overlapping raw schedule variants; not asserted to be contradictory because the source frequency legend is absent
ix-leg-15fe2ec790d107f851cc,ix-variant-9cb7129e40282fe1f7c8,ix-variant-6529caf935777b746df6,2026-07-04,2026-07-04,['raw_frequency'],overlapping raw schedule variants; not asserted to be contradictory because the source frequency legend is absent
ix-leg-15fe2ec790d107f851cc,ix-variant-9cb7129e40282fe1f7c8,ix-variant-711c18ef533c2a9c5d84,2026-07-11,2026-10-10,['raw_frequency'],overlapping raw schedule variants; not asserted to be contradictory because the source frequency legend is absent
ix-leg-15fe2ec790d107f851cc,ix-variant-9cb7129e40282fe1f7c8,ix-variant-e8f22d63e2b0df7e8e26,2026-10-17,2026-10-17,['raw_frequency'],overlapping raw schedule variants; not asserted to be contradictory because the source frequency legend is absent
ix-leg-ae8669cb76842032fa06,ix-variant-2cfdf5750df00bf02570,ix-variant-63143e47acdc7d78a176,2026-03-30,2026-10-19,['raw_frequency'],overlapping raw schedule variants; not asserted to be contradictory because the source frequency legend is absent
ix-leg-9a322e76ee938f0601ce,ix-variant-e255d8071fa05110dec0,ix-variant-0a6a36665e6d6e7da22b,2026-03-29,2026-10-24,"['raw_frequency', 'arrival_clock', 'departure_clock']",overlapping raw schedule variants; not asserted to be contradictory because the source frequency legend is absent
ix-leg-9a322e76ee938f0601ce,ix-variant-e255d8071fa05110dec0,ix-variant-f78514a37cf1715a6d0f,2026-03-29,2026-10-24,"['raw_frequency', 'arrival_clock', 'departure_clock']",overlapping raw schedule variants; not asserted to be contradictory because the source frequency legend is absent
ix-leg-9a322e76ee938f0601ce,ix-variant-0a6a36665e6d6e7da22b,ix-variant-f78514a37cf1715a6d0f,2026-03-29,2026-10-24,['raw_frequency'],overlapping raw schedule variants; not asserted to be contradictory because the source frequency legend is absent
ix-leg-bc204a3ec3351501b430,ix-variant-71a697929e0e8123dc4d,ix-variant-67951c7ef3db6face232,2026-03-30,2026-10-23,"['arrival_clock', 'departure_clock']",overlapping raw schedule variants; not asserted to be contradictory because the source frequency legend is absent
ix-leg-bc204a3ec3351501b430,ix-variant-71a697929e0e8123dc4d,ix-variant-bca2433384cf91ff05a0,2026-03-29,2026-03-29,"['raw_frequency', 'arrival_clock', 'departure_clock']",overlapping raw schedule variants; not asserted to be contradictory because the source frequency legend is absent
ix-leg-bc204a3ec3351501b430,ix-variant-67951c7ef3db6face232,ix-variant-93aea7c7b5744e2e9678,2026-10-24,2026-10-24,"['raw_frequency', 'arrival_clock', 'departure_clock']",overlapping raw schedule variants; not asserted to be contradictory because the source frequency legend is absent
ix-leg-7084133aa86e9f972c9e,ix-variant-232abea5805fd9e33fd4,ix-variant-7579a81967502f3ee6ce,2026-03-31,2026-10-20,"['raw_frequency', 'arrival_clock', 'departure_clock']",overlapping raw schedule variants; not asserted to be contradictory because the source frequency legend is absent
ix-leg-7084133aa86e9f972c9e,ix-variant-232abea5805fd9e33fd4,ix-variant-d7da93de1d69b459caf1,2026-04-02,2026-10-20,['raw_frequency'],overlapping raw schedule variants; not asserted to be contradictory because the source frequency legend is absent
ix-leg-7084133aa86e9f972c9e,ix-variant-232abea5805fd9e33fd4,ix-variant-f60e28788b7d896381d6,2026-04-04,2026-10-17,['raw_frequency'],overlapping raw schedule variants; not asserted to be contradictory because the source frequency legend is absent
ix-leg-7084133aa86e9f972c9e,ix-variant-7579a81967502f3ee6ce,ix-variant-d7da93de1d69b459caf1,2026-04-02,2026-10-22,"['raw_frequency', 'arrival_clock', 'departure_clock']",overlapping raw schedule variants; not asserted to be contradictory because the source frequency legend is absent
ix-leg-7084133aa86e9f972c9e,ix-variant-7579a81967502f3ee6ce,ix-variant-f60e28788b7d896381d6,2026-04-04,2026-10-17,"['raw_frequency', 'arrival_clock', 'departure_clock']",overlapping raw schedule variants; not asserted to be contradictory because the source frequency legend is absent
ix-leg-7084133aa86e9f972c9e,ix-variant-7579a81967502f3ee6ce,ix-variant-230bd3cbaa9e69376c0c,2026-10-24,2026-10-24,"['raw_frequency', 'arrival_clock', 'departure_clock']",overlapping raw schedule variants; not asserted to be contradictory because the source frequency legend is absent
ix-leg-7084133aa86e9f972c9e,ix-variant-d7da93de1d69b459caf1,ix-variant-f60e28788b7d896381d6,2026-04-04,2026-10-17,['raw_frequency'],overlapping raw schedule variants; not asserted to be contradictory because the source frequency legend is absent
ix-leg-d9de3c257911ca1a3de8,ix-variant-9be706cecb1797e7ec02,ix-variant-accf094b26c33883d0bc,2026-03-30,2026-03-30,"['arrival_clock', 'departure_clock']",overlapping raw schedule variants; not asserted to be contradictory because the source frequency legend is absent
ix-leg-d9de3c257911ca1a3de8,ix-variant-9be706cecb1797e7ec02,ix-variant-1844e9afdd0f4abff645,2026-03-30,2026-03-30,"['aircraft', 'raw_frequency', 'arrival_clock', 'departure_clock']",overlapping raw schedule variants; not asserted to be contradictory because the source frequency legend is absent
ix-leg-d9de3c257911ca1a3de8,ix-variant-9be706cecb1797e7ec02,ix-variant-a437a30f9a4ea986b33d,2026-03-30,2026-03-30,"['aircraft', 'raw_frequency']",overlapping raw schedule variants; not asserted to be contradictory because the source frequency legend is absent
ix-leg-d9de3c257911ca1a3de8,ix-variant-accf094b26c33883d0bc,ix-variant-23f7b721a59bf69bca0d,2026-04-06,2026-10-19,"['arrival_clock', 'departure_clock']",overlapping raw schedule variants; not asserted to be contradictory because the source frequency legend is absent
ix-leg-d9de3c257911ca1a3de8,ix-variant-accf094b26c33883d0bc,ix-variant-1844e9afdd0f4abff645,2026-03-30,2026-10-19,"['aircraft', 'raw_frequency']",overlapping raw schedule variants; not asserted to be contradictory because the source frequency legend is absent
ix-leg-d9de3c257911ca1a3de8,ix-variant-accf094b26c33883d0bc,ix-variant-f0c1125c805723c185e5,2026-03-31,2026-04-03,"['aircraft', 'raw_frequency', 'arrival_clock', 'departure_clock']",overlapping raw schedule variants; not asserted to be contradictory because the source frequency legend is absent
ix-leg-d9de3c257911ca1a3de8,ix-variant-accf094b26c33883d0bc,ix-variant-dc94ac4d5a22e0dbce4a,2026-04-07,2026-10-19,"['aircraft', 'raw_frequency', 'arrival_clock', 'departure_clock']",overlapping raw schedule variants; not asserted to be contradictory because the source frequency legend is absent
ix-leg-d9de3c257911ca1a3de8,ix-variant-accf094b26c33883d0bc,ix-variant-208ba90916126e8f5032,2026-04-01,2026-04-01,"['aircraft', 'raw_frequency', 'arrival_clock', 'departure_clock']",overlapping raw schedule variants; not asserted to be contradictory because the source frequency legend is absent
ix-leg-d9de3c257911ca1a3de8,ix-variant-accf094b26c33883d0bc,ix-variant-628f8ea75b8f825b2b05,2026-04-08,2026-04-08,"['aircraft', 'raw_frequency', 'arrival_clock', 'departure_clock']",overlapping raw schedule variants; not asserted to be contradictory because the source frequency legend is absent
ix-leg-d9de3c257911ca1a3de8,ix-variant-accf094b26c33883d0bc,ix-variant-e2fbc3f334a4e9030bcf,2026-04-22,2026-04-22,"['aircraft', 'raw_frequency', 'arrival_clock', 'departure_clock']",overlapping raw schedule variants; not asserted to be contradictory because the source frequency legend is absent
ix-leg-d9de3c257911ca1a3de8,ix-variant-accf094b26c33883d0bc,ix-variant-b77736d78a9957b3e72d,2026-04-29,2026-10-19,"['aircraft', 'raw_frequency', 'arrival_clock', 'departure_clock']",overlapping raw schedule variants; not asserted to be contradictory because the source frequency legend is absent
ix-leg-d9de3c257911ca1a3de8,ix-variant-accf094b26c33883d0bc,ix-variant-a197ba00648a3de0f1d8,2026-04-11,2026-04-15,"['aircraft', 'raw_frequency', 'arrival_clock', 'departure_clock']",overlapping raw schedule variants; not asserted to be contradictory because the source frequency legend is absent
ix-leg-d9de3c257911ca1a3de8,ix-variant-accf094b26c33883d0bc,ix-variant-a437a30f9a4ea986b33d,2026-03-30,2026-04-04,"['aircraft', 'raw_frequency', 'arrival_clock', 'departure_clock']",overlapping raw schedule variants; not asserted to be contradictory because the source frequency legend is absent
ix-leg-d9de3c257911ca1a3de8,ix-variant-accf094b26c33883d0bc,ix-variant-0801fbafa6bb6de81916,2026-04-05,2026-10-19,"['aircraft', 'raw_frequency', 'arrival_clock', 'departure_clock']",overlapping raw schedule variants; not asserted to be contradictory because the source frequency legend is absent
ix-leg-d9de3c257911ca1a3de8,ix-variant-accf094b26c33883d0bc,ix-variant-babacdd3092322ee4584,2026-04-18,2026-04-18,"['aircraft', 'raw_frequency', 'arrival_clock', 'departure_clock']",overlapping raw schedule variants; not asserted to be contradictory because the source frequency legend is absent
ix-leg-d9de3c257911ca1a3de8,ix-variant-accf094b26c33883d0bc,ix-variant-c9016b98367ba2ba60f1,2026-04-25,2026-04-25,"['aircraft', 'raw_frequency', 'arrival_clock', 'departure_clock']",overlapping raw schedule variants; not asserted to be contradictory because the source frequency legend is absent
ix-leg-d9de3c257911ca1a3de8,ix-variant-accf094b26c33883d0bc,ix-variant-de144545caae4292ae6c,2026-05-02,2026-05-02,"['aircraft', 'raw_frequency', 'arrival_clock', 'departure_clock']",overlapping raw schedule variants; not asserted to be contradictory because the source frequency legend is absent
ix-leg-d9de3c257911ca1a3de8,ix-variant-accf094b26c33883d0bc,ix-variant-ab492bb42e1979d4a071,2026-05-09,2026-05-09,"['aircraft', 'raw_frequency', 'arrival_clock', 'departure_clock']",overlapping raw schedule variants; not asserted to be contradictory because the source frequency legend is absent
ix-leg-d9de3c257911ca1a3de8,ix-variant-accf094b26c33883d0bc,ix-variant-8073c3edcff793ac887a,2026-05-16,2026-05-16,"['aircraft', 'raw_frequency', 'arrival_clock', 'departure_clock']",overlapping raw schedule variants; not asserted to be contradictory because the source frequency legend is absent
ix-leg-d9de3c257911ca1a3de8,ix-variant-accf094b26c33883d0bc,ix-variant-1bc6d502a3ee828844ec,2026-05-23,2026-05-23,"['aircraft', 'raw_frequency', 'arrival_clock', 'departure_clock']",overlapping raw schedule variants; not asserted to be contradictory because the source frequency legend is absent
ix-leg-d9de3c257911ca1a3de8,ix-variant-accf094b26c33883d0bc,ix-variant-b626f709a7e8993de867,2026-05-30,2026-05-30,"['aircraft', 'raw_frequency', 'arrival_clock', 'departure_clock']",overlapping raw schedule variants; not asserted to be contradictory because the source frequency legend is absent
ix-leg-d9de3c257911ca1a3de8,ix-variant-accf094b26c33883d0bc,ix-variant-4cb13fcacacf228f784e,2026-06-06,2026-06-06,"['aircraft', 'raw_frequency', 'arrival_clock', 'departure_clock']",overlapping raw schedule variants; not asserted to be contradictory because the source frequency legend is absent
ix-leg-d9de3c257911ca1a3de8,ix-variant-accf094b26c33883d0bc,ix-variant-01ab0b9c3c45e776762a,2026-06-13,2026-06-13,"['aircraft', 'raw_frequency', 'arrival_clock', 'departure_clock']",overlapping raw schedule variants; not asserted to be contradictory because the source frequency legend is absent
ix-leg-d9de3c257911ca1a3de8,ix-variant-accf094b26c33883d0bc,ix-variant-f03801f5aea077c4553b,2026-06-20,2026-06-27,"['aircraft', 'raw_frequency', 'arrival_clock', 'departure_clock']",overlapping raw schedule variants; not asserted to be contradictory because the source frequency legend is absent
ix-leg-d9de3c257911ca1a3de8,ix-variant-accf094b26c33883d0bc,ix-variant-38089d3acfe8ee35cd20,2026-07-04,2026-07-04,"['aircraft', 'raw_frequency', 'arrival_clock', 'departure_clock']",overlapping raw schedule variants; not asserted to be contradictory because the source frequency legend is absent
ix-leg-d9de3c257911ca1a3de8,ix-variant-accf094b26c33883d0bc,ix-variant-8f0c8c2e9dc35a635b7d,2026-07-11,2026-10-10,"['aircraft', 'raw_frequency', 'arrival_clock', 'departure_clock']",overlapping raw schedule variants; not asserted to be contradictory because the source frequency legend is absent
ix-leg-d9de3c257911ca1a3de8,ix-variant-accf094b26c33883d0bc,ix-variant-3590dae0877854d94f4f,2026-10-17,2026-10-17,"['aircraft', 'raw_frequency', 'arrival_clock', 'departure_clock']",overlapping raw schedule variants; not asserted to be contradictory because the source frequency legend is absent
ix-leg-d9de3c257911ca1a3de8,ix-variant-23f7b721a59bf69bca0d,ix-variant-1844e9afdd0f4abff645,2026-04-06,2026-10-19,"['aircraft', 'raw_frequency', 'arrival_clock', 'departure_clock']",overlapping raw schedule variants; not asserted to be contradictory because the source frequency legend is absent
ix-leg-d9de3c257911ca1a3de8,ix-variant-23f7b721a59bf69bca0d,ix-variant-dc94ac4d5a22e0dbce4a,2026-04-07,2026-10-19,"['aircraft', 'raw_frequency']",overlapping raw schedule variants; not asserted to be contradictory because the source frequency legend is absent
ix-leg-d9de3c257911ca1a3de8,ix-variant-23f7b721a59bf69bca0d,ix-variant-628f8ea75b8f825b2b05,2026-04-08,2026-04-08,"['aircraft', 'raw_frequency']",overlapping raw schedule variants; not asserted to be contradictory because the source frequency legend is absent
ix-leg-d9de3c257911ca1a3de8,ix-variant-23f7b721a59bf69bca0d,ix-variant-e2fbc3f334a4e9030bcf,2026-04-22,2026-04-22,"['aircraft', 'raw_frequency']",overlapping raw schedule variants; not asserted to be contradictory because the source frequency legend is absent
ix-leg-d9de3c257911ca1a3de8,ix-variant-23f7b721a59bf69bca0d,ix-variant-b77736d78a9957b3e72d,2026-04-29,2026-10-19,"['aircraft', 'raw_frequency']",overlapping raw schedule variants; not asserted to be contradictory because the source frequency legend is absent
ix-leg-d9de3c257911ca1a3de8,ix-variant-23f7b721a59bf69bca0d,ix-variant-a197ba00648a3de0f1d8,2026-04-11,2026-04-15,"['aircraft', 'raw_frequency']",overlapping raw schedule variants; not asserted to be contradictory because the source frequency legend is absent
ix-leg-d9de3c257911ca1a3de8,ix-variant-23f7b721a59bf69bca0d,ix-variant-0801fbafa6bb6de81916,2026-04-06,2026-10-19,"['aircraft', 'raw_frequency']",overlapping raw schedule variants; not asserted to be contradictory because the source frequency legend is absent
ix-leg-d9de3c257911ca1a3de8,ix-variant-23f7b721a59bf69bca0d,ix-variant-babacdd3092322ee4584,2026-04-18,2026-04-18,"['aircraft', 'raw_frequency']",overlapping raw schedule variants; not asserted to be contradictory because the source frequency legend is absent
ix-leg-d9de3c257911ca1a3de8,ix-variant-23f7b721a59bf69bca0d,ix-variant-c9016b98367ba2ba60f1,2026-04-25,2026-04-25,"['aircraft', 'raw_frequency']",overlapping raw schedule variants; not asserted to be contradictory because the source frequency legend is absent
ix-leg-d9de3c257911ca1a3de8,ix-variant-23f7b721a59bf69bca0d,ix-variant-de144545caae4292ae6c,2026-05-02,2026-05-02,"['aircraft', 'raw_frequency']",overlapping raw schedule variants; not asserted to be contradictory because the source frequency legend is absent
ix-leg-d9de3c257911ca1a3de8,ix-variant-23f7b721a59bf69bca0d,ix-variant-ab492bb42e1979d4a071,2026-05-09,2026-05-09,"['aircraft', 'raw_frequency']",overlapping raw schedule variants; not asserted to be contradictory because the source frequency legend is absent
ix-leg-d9de3c257911ca1a3de8,ix-variant-23f7b721a59bf69bca0d,ix-variant-8073c3edcff793ac887a,2026-05-16,2026-05-16,"['aircraft', 'raw_frequency']",overlapping raw schedule variants; not asserted to be contradictory because the source frequency legend is absent
ix-leg-d9de3c257911ca1a3de8,ix-variant-23f7b721a59bf69bca0d,ix-variant-1bc6d502a3ee828844ec,2026-05-23,2026-05-23,"['aircraft', 'raw_frequency']",overlapping raw schedule variants; not asserted to be contradictory because the source frequency legend is absent
ix-leg-d9de3c257911ca1a3de8,ix-variant-23f7b721a59bf69bca0d,ix-variant-b626f709a7e8993de867,2026-05-30,2026-05-30,"['aircraft', 'raw_frequency']",overlapping raw schedule variants; not asserted to be contradictory because the source frequency legend is absent
ix-leg-d9de3c257911ca1a3de8,ix-variant-23f7b721a59bf69bca0d,ix-variant-4cb13fcacacf228f784e,2026-06-06,2026-06-06,"['aircraft', 'raw_frequency']",overlapping raw schedule variants; not asserted to be contradictory because the source frequency legend is absent
ix-leg-d9de3c257911ca1a3de8,ix-variant-23f7b721a59bf69bca0d,ix-variant-01ab0b9c3c45e776762a,2026-06-13,2026-06-13,"['aircraft', 'raw_frequency']",overlapping raw schedule variants; not asserted to be contradictory because the source frequency legend is absent
ix-leg-d9de3c257911ca1a3de8,ix-variant-23f7b721a59bf69bca0d,ix-variant-f03801f5aea077c4553b,2026-06-20,2026-06-27,"['aircraft', 'raw_frequency']",overlapping raw schedule variants; not asserted to be contradictory because the source frequency legend is absent
ix-leg-d9de3c257911ca1a3de8,ix-variant-23f7b721a59bf69bca0d,ix-variant-38089d3acfe8ee35cd20,2026-07-04,2026-07-04,"['aircraft', 'raw_frequency']",overlapping raw schedule variants; not asserted to be contradictory because the source frequency legend is absent
ix-leg-d9de3c257911ca1a3de8,ix-variant-23f7b721a59bf69bca0d,ix-variant-8f0c8c2e9dc35a635b7d,2026-07-11,2026-10-10,"['aircraft', 'raw_frequency']",overlapping raw schedule variants; not asserted to be contradictory because the source frequency legend is absent
ix-leg-d9de3c257911ca1a3de8,ix-variant-23f7b721a59bf69bca0d,ix-variant-3590dae0877854d94f4f,2026-10-17,2026-10-17,"['aircraft', 'raw_frequency']",overlapping raw schedule variants; not asserted to be contradictory because the source frequency legend is absent
ix-leg-d9de3c257911ca1a3de8,ix-variant-1844e9afdd0f4abff645,ix-variant-f0c1125c805723c185e5,2026-03-31,2026-04-03,"['raw_frequency', 'arrival_clock', 'departure_clock']",overlapping raw schedule variants; not asserted to be contradictory because the source frequency legend is absent
ix-leg-d9de3c257911ca1a3de8,ix-variant-1844e9afdd0f4abff645,ix-variant-dc94ac4d5a22e0dbce4a,2026-04-07,2026-10-23,"['raw_frequency', 'arrival_clock', 'departure_clock']",overlapping raw schedule variants; not asserted to be contradictory because the source frequency legend is absent
ix-leg-d9de3c257911ca1a3de8,ix-variant-1844e9afdd0f4abff645,ix-variant-208ba90916126e8f5032,2026-04-01,2026-04-01,"['raw_frequency', 'arrival_clock', 'departure_clock']",overlapping raw schedule variants; not asserted to be contradictory because the source frequency legend is absent
ix-leg-d9de3c257911ca1a3de8,ix-variant-1844e9afdd0f4abff645,ix-variant-628f8ea75b8f825b2b05,2026-04-08,2026-04-08,"['raw_frequency', 'arrival_clock', 'departure_clock']",overlapping raw schedule variants; not asserted to be contradictory because the source frequency legend is absent
ix-leg-d9de3c257911ca1a3de8,ix-variant-1844e9afdd0f4abff645,ix-variant-e2fbc3f334a4e9030bcf,2026-04-22,2026-04-22,"['raw_frequency', 'arrival_clock', 'departure_clock']",overlapping raw schedule variants; not asserted to be contradictory because the source frequency legend is absent
ix-leg-d9de3c257911ca1a3de8,ix-variant-1844e9afdd0f4abff645,ix-variant-b77736d78a9957b3e72d,2026-04-29,2026-10-21,"['raw_frequency', 'arrival_clock', 'departure_clock']",overlapping raw schedule variants; not asserted to be contradictory because the source frequency legend is absent
ix-leg-d9de3c257911ca1a3de8,ix-variant-1844e9afdd0f4abff645,ix-variant-a197ba00648a3de0f1d8,2026-04-11,2026-04-15,"['raw_frequency', 'arrival_clock', 'departure_clock']",overlapping raw schedule variants; not asserted to be contradictory because the source frequency legend is absent
ix-leg-d9de3c257911ca1a3de8,ix-variant-1844e9afdd0f4abff645,ix-variant-a437a30f9a4ea986b33d,2026-03-29,2026-04-04,"['raw_frequency', 'arrival_clock', 'departure_clock']",overlapping raw schedule variants; not asserted to be contradictory because the source frequency legend is absent
ix-leg-d9de3c257911ca1a3de8,ix-variant-1844e9afdd0f4abff645,ix-variant-0801fbafa6bb6de81916,2026-04-05,2026-10-22,"['raw_frequency', 'arrival_clock', 'departure_clock']",overlapping raw schedule variants; not asserted to be contradictory because the source frequency legend is absent
ix-leg-d9de3c257911ca1a3de8,ix-variant-1844e9afdd0f4abff645,ix-variant-babacdd3092322ee4584,2026-04-18,2026-04-18,"['raw_frequency', 'arrival_clock', 'departure_clock']",overlapping raw schedule variants; not asserted to be contradictory because the source frequency legend is absent
ix-leg-d9de3c257911ca1a3de8,ix-variant-1844e9afdd0f4abff645,ix-variant-c9016b98367ba2ba60f1,2026-04-25,2026-04-25,"['raw_frequency', 'arrival_clock', 'departure_clock']",overlapping raw schedule variants; not asserted to be contradictory because the source frequency legend is absent
ix-leg-d9de3c257911ca1a3de8,ix-variant-1844e9afdd0f4abff645,ix-variant-de144545caae4292ae6c,2026-05-02,2026-05-02,"['raw_frequency', 'arrival_clock', 'departure_clock']",overlapping raw schedule variants; not asserted to be contradictory because the source frequency legend is absent
ix-leg-d9de3c257911ca1a3de8,ix-variant-1844e9afdd0f4abff645,ix-variant-ab492bb42e1979d4a071,2026-05-09,2026-05-09,"['raw_frequency', 'arrival_clock', 'departure_clock']",overlapping raw schedule variants; not asserted to be contradictory because the source frequency legend is absent
ix-leg-d9de3c257911ca1a3de8,ix-variant-1844e9afdd0f4abff645,ix-variant-8073c3edcff793ac887a,2026-05-16,2026-05-16,"['raw_frequency', 'arrival_clock', 'departure_clock']",overlapping raw schedule variants; not asserted to be contradictory because the source frequency legend is absent
ix-leg-d9de3c257911ca1a3de8,ix-variant-1844e9afdd0f4abff645,ix-variant-1bc6d502a3ee828844ec,2026-05-23,2026-05-23,"['raw_frequency', 'arrival_clock', 'departure_clock']",overlapping raw schedule variants; not asserted to be contradictory because the source frequency legend is absent
ix-leg-d9de3c257911ca1a3de8,ix-variant-1844e9afdd0f4abff645,ix-variant-b626f709a7e8993de867,2026-05-30,2026-05-30,"['raw_frequency', 'arrival_clock', 'departure_clock']",overlapping raw schedule variants; not asserted to be contradictory because the source frequency legend is absent
ix-leg-d9de3c257911ca1a3de8,ix-variant-1844e9afdd0f4abff645,ix-variant-4cb13fcacacf228f784e,2026-06-06,2026-06-06,"['raw_frequency', 'arrival_clock', 'departure_clock']",overlapping raw schedule variants; not asserted to be contradictory because the source frequency legend is absent
ix-leg-d9de3c257911ca1a3de8,ix-variant-1844e9afdd0f4abff645,ix-variant-01ab0b9c3c45e776762a,2026-06-13,2026-06-13,"['raw_frequency', 'arrival_clock', 'departure_clock']",overlapping raw schedule variants; not asserted to be contradictory because the source frequency legend is absent
ix-leg-d9de3c257911ca1a3de8,ix-variant-1844e9afdd0f4abff645,ix-variant-f03801f5aea077c4553b,2026-06-20,2026-06-27,"['raw_frequency', 'arrival_clock', 'departure_clock']",overlapping raw schedule variants; not asserted to be contradictory because the source frequency legend is absent
ix-leg-d9de3c257911ca1a3de8,ix-variant-1844e9afdd0f4abff645,ix-variant-38089d3acfe8ee35cd20,2026-07-04,2026-07-04,"['raw_frequency', 'arrival_clock', 'departure_clock']",overlapping raw schedule variants; not asserted to be contradictory because the source frequency legend is absent
ix-leg-d9de3c257911ca1a3de8,ix-variant-1844e9afdd0f4abff645,ix-variant-8f0c8c2e9dc35a635b7d,2026-07-11,2026-10-10,"['raw_frequency', 'arrival_clock', 'departure_clock']",overlapping raw schedule variants; not asserted to be contradictory because the source frequency legend is absent
ix-leg-d9de3c257911ca1a3de8,ix-variant-1844e9afdd0f4abff645,ix-variant-3590dae0877854d94f4f,2026-10-17,2026-10-17,"['raw_frequency', 'arrival_clock', 'departure_clock']",overlapping raw schedule variants; not asserted to be contradictory because the source frequency legend is absent
ix-leg-d9de3c257911ca1a3de8,ix-variant-1844e9afdd0f4abff645,ix-variant-23cb724c965df628c913,2026-10-24,2026-10-24,"['raw_frequency', 'arrival_clock', 'departure_clock']",overlapping raw schedule variants; not asserted to be contradictory because the source frequency legend is absent
ix-leg-d9de3c257911ca1a3de8,ix-variant-f0c1125c805723c185e5,ix-variant-208ba90916126e8f5032,2026-04-01,2026-04-01,['raw_frequency'],overlapping raw schedule variants; not asserted to be contradictory because the source frequency legend is absent
ix-leg-d9de3c257911ca1a3de8,ix-variant-f0c1125c805723c185e5,ix-variant-a437a30f9a4ea986b33d,2026-03-31,2026-04-03,['raw_frequency'],overlapping raw schedule variants; not asserted to be contradictory because the source frequency legend is absent
ix-leg-d9de3c257911ca1a3de8,ix-variant-dc94ac4d5a22e0dbce4a,ix-variant-628f8ea75b8f825b2b05,2026-04-08,2026-04-08,['raw_frequency'],overlapping raw schedule variants; not asserted to be contradictory because the source frequency legend is absent
ix-leg-d9de3c257911ca1a3de8,ix-variant-dc94ac4d5a22e0dbce4a,ix-variant-e2fbc3f334a4e9030bcf,2026-04-22,2026-04-22,['raw_frequency'],overlapping raw schedule variants; not asserted to be contradictory because the source frequency legend is absent
ix-leg-d9de3c257911ca1a3de8,ix-variant-dc94ac4d5a22e0dbce4a,ix-variant-b77736d78a9957b3e72d,2026-04-29,2026-10-21,['raw_frequency'],overlapping raw schedule variants; not asserted to be contradictory because the source frequency legend is absent
ix-leg-d9de3c257911ca1a3de8,ix-variant-dc94ac4d5a22e0dbce4a,ix-variant-a197ba00648a3de0f1d8,2026-04-11,2026-04-15,['raw_frequency'],overlapping raw schedule variants; not asserted to be contradictory because the source frequency legend is absent
ix-leg-d9de3c257911ca1a3de8,ix-variant-dc94ac4d5a22e0dbce4a,ix-variant-0801fbafa6bb6de81916,2026-04-07,2026-10-22,['raw_frequency'],overlapping raw schedule variants; not asserted to be contradictory because the source frequency legend is absent
ix-leg-d9de3c257911ca1a3de8,ix-variant-dc94ac4d5a22e0dbce4a,ix-variant-babacdd3092322ee4584,2026-04-18,2026-04-18,['raw_frequency'],overlapping raw schedule variants; not asserted to be contradictory because the source frequency legend is absent
ix-leg-d9de3c257911ca1a3de8,ix-variant-dc94ac4d5a22e0dbce4a,ix-variant-c9016b98367ba2ba60f1,2026-04-25,2026-04-25,['raw_frequency'],overlapping raw schedule variants; not asserted to be contradictory because the source frequency legend is absent
ix-leg-d9de3c257911ca1a3de8,ix-variant-dc94ac4d5a22e0dbce4a,ix-variant-de144545caae4292ae6c,2026-05-02,2026-05-02,['raw_frequency'],overlapping raw schedule variants; not asserted to be contradictory because the source frequency legend is absent
ix-leg-d9de3c257911ca1a3de8,ix-variant-dc94ac4d5a22e0dbce4a,ix-variant-ab492bb42e1979d4a071,2026-05-09,2026-05-09,['raw_frequency'],overlapping raw schedule variants; not asserted to be contradictory because the source frequency legend is absent
ix-leg-d9de3c257911ca1a3de8,ix-variant-dc94ac4d5a22e0dbce4a,ix-variant-8073c3edcff793ac887a,2026-05-16,2026-05-16,['raw_frequency'],overlapping raw schedule variants; not asserted to be contradictory because the source frequency legend is absent
ix-leg-d9de3c257911ca1a3de8,ix-variant-dc94ac4d5a22e0dbce4a,ix-variant-1bc6d502a3ee828844ec,2026-05-23,2026-05-23,['raw_frequency'],overlapping raw schedule variants; not asserted to be contradictory because the source frequency legend is absent
ix-leg-d9de3c257911ca1a3de8,ix-variant-dc94ac4d5a22e0dbce4a,ix-variant-b626f709a7e8993de867,2026-05-30,2026-05-30,['raw_frequency'],overlapping raw schedule variants; not asserted to be contradictory because the source frequency legend is absent
ix-leg-d9de3c257911ca1a3de8,ix-variant-dc94ac4d5a22e0dbce4a,ix-variant-4cb13fcacacf228f784e,2026-06-06,2026-06-06,['raw_frequency'],overlapping raw schedule variants; not asserted to be contradictory because the source frequency legend is absent
ix-leg-d9de3c257911ca1a3de8,ix-variant-dc94ac4d5a22e0dbce4a,ix-variant-01ab0b9c3c45e776762a,2026-06-13,2026-06-13,['raw_frequency'],overlapping raw schedule variants; not asserted to be contradictory because the source frequency legend is absent
ix-leg-d9de3c257911ca1a3de8,ix-variant-dc94ac4d5a22e0dbce4a,ix-variant-f03801f5aea077c4553b,2026-06-20,2026-06-27,['raw_frequency'],overlapping raw schedule variants; not asserted to be contradictory because the source frequency legend is absent
ix-leg-d9de3c257911ca1a3de8,ix-variant-dc94ac4d5a22e0dbce4a,ix-variant-38089d3acfe8ee35cd20,2026-07-04,2026-07-04,['raw_frequency'],overlapping raw schedule variants; not asserted to be contradictory because the source frequency legend is absent
ix-leg-d9de3c257911ca1a3de8,ix-variant-dc94ac4d5a22e0dbce4a,ix-variant-8f0c8c2e9dc35a635b7d,2026-07-11,2026-10-10,['raw_frequency'],overlapping raw schedule variants; not asserted to be contradictory because the source frequency legend is absent
ix-leg-d9de3c257911ca1a3de8,ix-variant-dc94ac4d5a22e0dbce4a,ix-variant-3590dae0877854d94f4f,2026-10-17,2026-10-17,['raw_frequency'],overlapping raw schedule variants; not asserted to be contradictory because the source frequency legend is absent
ix-leg-d9de3c257911ca1a3de8,ix-variant-208ba90916126e8f5032,ix-variant-a437a30f9a4ea986b33d,2026-04-01,2026-04-01,['raw_frequency'],overlapping raw schedule variants; not asserted to be contradictory because the source frequency legend is absent
ix-leg-d9de3c257911ca1a3de8,ix-variant-628f8ea75b8f825b2b05,ix-variant-0801fbafa6bb6de81916,2026-04-08,2026-04-08,['raw_frequency'],overlapping raw schedule variants; not asserted to be contradictory because the source frequency legend is absent
ix-leg-d9de3c257911ca1a3de8,ix-variant-e2fbc3f334a4e9030bcf,ix-variant-0801fbafa6bb6de81916,2026-04-22,2026-04-22,['raw_frequency'],overlapping raw schedule variants; not asserted to be contradictory because the source frequency legend is absent
ix-leg-d9de3c257911ca1a3de8,ix-variant-b77736d78a9957b3e72d,ix-variant-0801fbafa6bb6de81916,2026-04-29,2026-10-21,['raw_frequency'],overlapping raw schedule variants; not asserted to be contradictory because the source frequency legend is absent
ix-leg-d9de3c257911ca1a3de8,ix-variant-b77736d78a9957b3e72d,ix-variant-de144545caae4292ae6c,2026-05-02,2026-05-02,['raw_frequency'],overlapping raw schedule variants; not asserted to be contradictory because the source frequency legend is absent
ix-leg-d9de3c257911ca1a3de8,ix-variant-b77736d78a9957b3e72d,ix-variant-ab492bb42e1979d4a071,2026-05-09,2026-05-09,['raw_frequency'],overlapping raw schedule variants; not asserted to be contradictory because the source frequency legend is absent
ix-leg-d9de3c257911ca1a3de8,ix-variant-b77736d78a9957b3e72d,ix-variant-8073c3edcff793ac887a,2026-05-16,2026-05-16,['raw_frequency'],overlapping raw schedule variants; not asserted to be contradictory because the source frequency legend is absent
ix-leg-d9de3c257911ca1a3de8,ix-variant-b77736d78a9957b3e72d,ix-variant-1bc6d502a3ee828844ec,2026-05-23,2026-05-23,['raw_frequency'],overlapping raw schedule variants; not asserted to be contradictory because the source frequency legend is absent
ix-leg-d9de3c257911ca1a3de8,ix-variant-b77736d78a9957b3e72d,ix-variant-b626f709a7e8993de867,2026-05-30,2026-05-30,['raw_frequency'],overlapping raw schedule variants; not asserted to be contradictory because the source frequency legend is absent
ix-leg-d9de3c257911ca1a3de8,ix-variant-b77736d78a9957b3e72d,ix-variant-4cb13fcacacf228f784e,2026-06-06,2026-06-06,['raw_frequency'],overlapping raw schedule variants; not asserted to be contradictory because the source frequency legend is absent
ix-leg-d9de3c257911ca1a3de8,ix-variant-b77736d78a9957b3e72d,ix-variant-01ab0b9c3c45e776762a,2026-06-13,2026-06-13,['raw_frequency'],overlapping raw schedule variants; not asserted to be contradictory because the source frequency legend is absent
ix-leg-d9de3c257911ca1a3de8,ix-variant-b77736d78a9957b3e72d,ix-variant-f03801f5aea077c4553b,2026-06-20,2026-06-27,['raw_frequency'],overlapping raw schedule variants; not asserted to be contradictory because the source frequency legend is absent
ix-leg-d9de3c257911ca1a3de8,ix-variant-b77736d78a9957b3e72d,ix-variant-38089d3acfe8ee35cd20,2026-07-04,2026-07-04,['raw_frequency'],overlapping raw schedule variants; not asserted to be contradictory because the source frequency legend is absent
ix-leg-d9de3c257911ca1a3de8,ix-variant-b77736d78a9957b3e72d,ix-variant-8f0c8c2e9dc35a635b7d,2026-07-11,2026-10-10,['raw_frequency'],overlapping raw schedule variants; not asserted to be contradictory because the source frequency legend is absent
ix-leg-d9de3c257911ca1a3de8,ix-variant-b77736d78a9957b3e72d,ix-variant-3590dae0877854d94f4f,2026-10-17,2026-10-17,['raw_frequency'],overlapping raw schedule variants; not asserted to be contradictory because the source frequency legend is absent
ix-leg-d9de3c257911ca1a3de8,ix-variant-a197ba00648a3de0f1d8,ix-variant-0801fbafa6bb6de81916,2026-04-11,2026-04-15,['raw_frequency'],overlapping raw schedule variants; not asserted to be contradictory because the source frequency legend is absent
ix-leg-d9de3c257911ca1a3de8,ix-variant-0801fbafa6bb6de81916,ix-variant-babacdd3092322ee4584,2026-04-18,2026-04-18,['raw_frequency'],overlapping raw schedule variants; not asserted to be contradictory because the source frequency legend is absent
ix-leg-d9de3c257911ca1a3de8,ix-variant-0801fbafa6bb6de81916,ix-variant-c9016b98367ba2ba60f1,2026-04-25,2026-04-25,['raw_frequency'],overlapping raw schedule variants; not asserted to be contradictory because the source frequency legend is absent
ix-leg-d9de3c257911ca1a3de8,ix-variant-0801fbafa6bb6de81916,ix-variant-de144545caae4292ae6c,2026-05-02,2026-05-02,['raw_frequency'],overlapping raw schedule variants; not asserted to be contradictory because the source frequency legend is absent
ix-leg-d9de3c257911ca1a3de8,ix-variant-0801fbafa6bb6de81916,ix-variant-ab492bb42e1979d4a071,2026-05-09,2026-05-09,['raw_frequency'],overlapping raw schedule variants; not asserted to be contradictory because the source frequency legend is absent
ix-leg-d9de3c257911ca1a3de8,ix-variant-0801fbafa6bb6de81916,ix-variant-8073c3edcff793ac887a,2026-05-16,2026-05-16,['raw_frequency'],overlapping raw schedule variants; not asserted to be contradictory because the source frequency legend is absent
ix-leg-d9de3c257911ca1a3de8,ix-variant-0801fbafa6bb6de81916,ix-variant-1bc6d502a3ee828844ec,2026-05-23,2026-05-23,['raw_frequency'],overlapping raw schedule variants; not asserted to be contradictory because the source frequency legend is absent
ix-leg-d9de3c257911ca1a3de8,ix-variant-0801fbafa6bb6de81916,ix-variant-b626f709a7e8993de867,2026-05-30,2026-05-30,['raw_frequency'],overlapping raw schedule variants; not asserted to be contradictory because the source frequency legend is absent
ix-leg-d9de3c257911ca1a3de8,ix-variant-0801fbafa6bb6de81916,ix-variant-4cb13fcacacf228f784e,2026-06-06,2026-06-06,['raw_frequency'],overlapping raw schedule variants; not asserted to be contradictory because the source frequency legend is absent
ix-leg-d9de3c257911ca1a3de8,ix-variant-0801fbafa6bb6de81916,ix-variant-01ab0b9c3c45e776762a,2026-06-13,2026-06-13,['raw_frequency'],overlapping raw schedule variants; not asserted to be contradictory because the source frequency legend is absent
ix-leg-d9de3c257911ca1a3de8,ix-variant-0801fbafa6bb6de81916,ix-variant-f03801f5aea077c4553b,2026-06-20,2026-06-27,['raw_frequency'],overlapping raw schedule variants; not asserted to be contradictory because the source frequency legend is absent
ix-leg-d9de3c257911ca1a3de8,ix-variant-0801fbafa6bb6de81916,ix-variant-38089d3acfe8ee35cd20,2026-07-04,2026-07-04,['raw_frequency'],overlapping raw schedule variants; not asserted to be contradictory because the source frequency legend is absent
ix-leg-d9de3c257911ca1a3de8,ix-variant-0801fbafa6bb6de81916,ix-variant-8f0c8c2e9dc35a635b7d,2026-07-11,2026-10-10,['raw_frequency'],overlapping raw schedule variants; not asserted to be contradictory because the source frequency legend is absent
ix-leg-d9de3c257911ca1a3de8,ix-variant-0801fbafa6bb6de81916,ix-variant-3590dae0877854d94f4f,2026-10-17,2026-10-17,['raw_frequency'],overlapping raw schedule variants; not asserted to be contradictory because the source frequency legend is absent
ix-leg-c52d1d500652dd3808b5,ix-variant-4de3317ad20f509255fe,ix-variant-1f76c6feab3e699bb5b7,2026-04-23,2026-04-29,"['aircraft', 'raw_frequency']",overlapping raw schedule variants; not asserted to be contradictory because the source frequency legend is absent
ix-leg-c52d1d500652dd3808b5,ix-variant-a2d86e6806f1901923d5,ix-variant-6472c995a9116eda464f,2026-05-02,2026-05-06,"['aircraft', 'raw_frequency']",overlapping raw schedule variants; not asserted to be contradictory because the source frequency legend is absent
ix-leg-c52d1d500652dd3808b5,ix-variant-076c4433da59d2e5344c,ix-variant-6472c995a9116eda464f,2026-06-06,2026-06-06,"['aircraft', 'raw_frequency']",overlapping raw schedule variants; not asserted to be contradictory because the source frequency legend is absent
ix-leg-c52d1d500652dd3808b5,ix-variant-076c4433da59d2e5344c,ix-variant-382c36bfa1bff7bc5a2d,2026-06-06,2026-06-06,"['aircraft', 'raw_frequency']",overlapping raw schedule variants; not asserted to be contradictory because the source frequency legend is absent
ix-leg-c52d1d500652dd3808b5,ix-variant-35ce6ceb4a7044cafe02,ix-variant-1f76c6feab3e699bb5b7,2026-04-01,2026-04-21,['raw_frequency'],overlapping raw schedule variants; not asserted to be contradictory because the source frequency legend is absent
ix-leg-c52d1d500652dd3808b5,ix-variant-6472c995a9116eda464f,ix-variant-382c36bfa1bff7bc5a2d,2026-05-07,2026-10-22,['raw_frequency'],overlapping raw schedule variants; not asserted to be contradictory because the source frequency legend is absent
ix-leg-c52d1d500652dd3808b5,ix-variant-6472c995a9116eda464f,ix-variant-bf49bc056640828a37df,2026-05-09,2026-05-30,['raw_frequency'],overlapping raw schedule variants; not asserted to be contradictory because the source frequency legend is absent
ix-leg-c52d1d500652dd3808b5,ix-variant-6472c995a9116eda464f,ix-variant-42a2d43529b9a8be7f0f,2026-06-13,2026-10-23,['raw_frequency'],overlapping raw schedule variants; not asserted to be contradictory because the source frequency legend is absent
ix-leg-c52d1d500652dd3808b5,ix-variant-382c36bfa1bff7bc5a2d,ix-variant-bf49bc056640828a37df,2026-05-09,2026-05-30,['raw_frequency'],overlapping raw schedule variants; not asserted to be contradictory because the source frequency legend is absent
ix-leg-c52d1d500652dd3808b5,ix-variant-382c36bfa1bff7bc5a2d,ix-variant-42a2d43529b9a8be7f0f,2026-06-13,2026-10-22,['raw_frequency'],overlapping raw schedule variants; not asserted to be contradictory because the source frequency legend is absent
ix-leg-3ff1b0bb916f302a0f0e,ix-variant-c97de6ba69b226de2a9e,ix-variant-2cd007853985caed1a09,2026-04-23,2026-04-29,"['aircraft', 'raw_frequency']",overlapping raw schedule variants; not asserted to be contradictory because the source frequency legend is absent
ix-leg-3ff1b0bb916f302a0f0e,ix-variant-514ddfebb70cda3cf255,ix-variant-d4da310e7a8e911832af,2026-05-02,2026-05-06,"['aircraft', 'raw_frequency']",overlapping raw schedule variants; not asserted to be contradictory because the source frequency legend is absent
ix-leg-3ff1b0bb916f302a0f0e,ix-variant-7a4d09b2f74c263fbd49,ix-variant-d4da310e7a8e911832af,2026-06-06,2026-06-06,"['aircraft', 'raw_frequency']",overlapping raw schedule variants; not asserted to be contradictory because the source frequency legend is absent
ix-leg-3ff1b0bb916f302a0f0e,ix-variant-7a4d09b2f74c263fbd49,ix-variant-406064245abbf1836971,2026-06-06,2026-06-06,"['aircraft', 'raw_frequency']",overlapping raw schedule variants; not asserted to be contradictory because the source frequency legend is absent
ix-leg-3ff1b0bb916f302a0f0e,ix-variant-2d7e1600f5052b0becb9,ix-variant-2cd007853985caed1a09,2026-04-01,2026-04-21,['raw_frequency'],overlapping raw schedule variants; not asserted to be contradictory because the source frequency legend is absent
ix-leg-3ff1b0bb916f302a0f0e,ix-variant-d4da310e7a8e911832af,ix-variant-406064245abbf1836971,2026-05-07,2026-10-22,['raw_frequency'],overlapping raw schedule variants; not asserted to be contradictory because the source frequency legend is absent
ix-leg-3ff1b0bb916f302a0f0e,ix-variant-d4da310e7a8e911832af,ix-variant-b04d096564b46515fbbf,2026-05-09,2026-05-30,['raw_frequency'],overlapping raw schedule variants; not asserted to be contradictory because the source frequency legend is absent
ix-leg-3ff1b0bb916f302a0f0e,ix-variant-d4da310e7a8e911832af,ix-variant-86e29641c3ca477b48be,2026-06-13,2026-10-23,['raw_frequency'],overlapping raw schedule variants; not asserted to be contradictory because the source frequency legend is absent
ix-leg-3ff1b0bb916f302a0f0e,ix-variant-406064245abbf1836971,ix-variant-b04d096564b46515fbbf,2026-05-09,2026-05-30,['raw_frequency'],overlapping raw schedule variants; not asserted to be contradictory because the source frequency legend is absent
ix-leg-3ff1b0bb916f302a0f0e,ix-variant-406064245abbf1836971,ix-variant-86e29641c3ca477b48be,2026-06-13,2026-10-22,['raw_frequency'],overlapping raw schedule variants; not asserted to be contradictory because the source frequency legend is absent
ix-leg-537271e2343b5ac33911,ix-variant-14f241e3db20202e6876,ix-variant-7bf77e706333aa8b5e89,2026-04-09,2026-10-23,"['arrival_clock', 'departure_clock']",overlapping raw schedule variants; not asserted to be contradictory because the source frequency legend is absent
ix-leg-537271e2343b5ac33911,ix-variant-14f241e3db20202e6876,ix-variant-6903b178f4702d6bab4a,2026-04-09,2026-04-09,['raw_frequency'],overlapping raw schedule variants; not asserted to be contradictory because the source frequency legend is absent
ix-leg-537271e2343b5ac33911,ix-variant-7bf77e706333aa8b5e89,ix-variant-6903b178f4702d6bab4a,2026-04-09,2026-04-09,"['raw_frequency', 'arrival_clock', 'departure_clock']",overlapping raw schedule variants; not asserted to be contradictory because the source frequency legend is absent
ix-leg-c5808c1c3213719b4016,ix-variant-a3db98569292b158fc4d,ix-variant-e9ca05ad6c62ea1772e0,2026-04-09,2026-10-23,"['arrival_clock', 'departure_clock']",overlapping raw schedule variants; not asserted to be contradictory because the source frequency legend is absent
ix-leg-c5808c1c3213719b4016,ix-variant-a3db98569292b158fc4d,ix-variant-3407145e8e77380f7b09,2026-03-29,2026-04-08,"['raw_frequency', 'arrival_clock', 'departure_clock']",overlapping raw schedule variants; not asserted to be contradictory because the source frequency legend is absent
ix-leg-c5808c1c3213719b4016,ix-variant-a3db98569292b158fc4d,ix-variant-975ea77ba1564fabfe09,2026-04-02,2026-04-02,"['raw_frequency', 'arrival_clock', 'departure_clock']",overlapping raw schedule variants; not asserted to be contradictory because the source frequency legend is absent
ix-leg-c5808c1c3213719b4016,ix-variant-a3db98569292b158fc4d,ix-variant-4131b74ed5c9ab9d0070,2026-10-24,2026-10-24,"['raw_frequency', 'arrival_clock', 'departure_clock']",overlapping raw schedule variants; not asserted to be contradictory because the source frequency legend is absent
ix-leg-c5808c1c3213719b4016,ix-variant-3407145e8e77380f7b09,ix-variant-975ea77ba1564fabfe09,2026-04-02,2026-04-02,['raw_frequency'],overlapping raw schedule variants; not asserted to be contradictory because the source frequency legend is absent
ix-leg-cfea2067431fb498e99e,ix-variant-f05acd1c83464b37f8b3,ix-variant-f2c7a44b2f2dcb781c09,2026-03-29,2026-03-29,"['raw_frequency', 'arrival_clock', 'departure_clock']",overlapping raw schedule variants; not asserted to be contradictory because the source frequency legend is absent
ix-leg-cfea2067431fb498e99e,ix-variant-f05acd1c83464b37f8b3,ix-variant-3653425e1d25ffaae1a4,2026-03-29,2026-03-29,['raw_frequency'],overlapping raw schedule variants; not asserted to be contradictory because the source frequency legend is absent
ix-leg-cfea2067431fb498e99e,ix-variant-f2c7a44b2f2dcb781c09,ix-variant-9383dbd8357b780c8125,2026-04-04,2026-04-14,"['arrival_clock', 'departure_clock']",overlapping raw schedule variants; not asserted to be contradictory because the source frequency legend is absent
ix-leg-cfea2067431fb498e99e,ix-variant-f2c7a44b2f2dcb781c09,ix-variant-cbcdc3543b94c510ab21,2026-03-30,2026-03-31,"['raw_frequency', 'arrival_clock', 'departure_clock']",overlapping raw schedule variants; not asserted to be contradictory because the source frequency legend is absent
ix-leg-cfea2067431fb498e99e,ix-variant-f2c7a44b2f2dcb781c09,ix-variant-449907e41d2608689a59,2026-04-15,2026-04-15,"['raw_frequency', 'arrival_clock', 'departure_clock']",overlapping raw schedule variants; not asserted to be contradictory because the source frequency legend is absent
ix-leg-cfea2067431fb498e99e,ix-variant-f2c7a44b2f2dcb781c09,ix-variant-74f9ae3147406e6156cc,2026-04-01,2026-04-03,"['raw_frequency', 'arrival_clock', 'departure_clock']",overlapping raw schedule variants; not asserted to be contradictory because the source frequency legend is absent
ix-leg-cfea2067431fb498e99e,ix-variant-f2c7a44b2f2dcb781c09,ix-variant-3653425e1d25ffaae1a4,2026-03-29,2026-03-29,"['raw_frequency', 'arrival_clock', 'departure_clock']",overlapping raw schedule variants; not asserted to be contradictory because the source frequency legend is absent
ix-leg-cfea2067431fb498e99e,ix-variant-727a21c87a891936c0b0,ix-variant-02015df13d1674539ed1,2026-04-16,2026-10-23,"['arrival_clock', 'departure_clock']",overlapping raw schedule variants; not asserted to be contradictory because the source frequency legend is absent
ix-leg-77519eb7ae9bcf86b6d4,ix-variant-fcc3044224f275cb22d1,ix-variant-5db001b32ce93a2cc981,2026-03-29,2026-10-24,"['raw_frequency', 'arrival_clock', 'departure_clock']",overlapping raw schedule variants; not asserted to be contradictory because the source frequency legend is absent
ix-leg-77519eb7ae9bcf86b6d4,ix-variant-fcc3044224f275cb22d1,ix-variant-b280b01a8833396b173a,2026-03-29,2026-10-24,"['raw_frequency', 'arrival_clock', 'departure_clock']",overlapping raw schedule variants; not asserted to be contradictory because the source frequency legend is absent
ix-leg-77519eb7ae9bcf86b6d4,ix-variant-5db001b32ce93a2cc981,ix-variant-b280b01a8833396b173a,2026-03-29,2026-10-24,"['raw_frequency', 'arrival_clock']",overlapping raw schedule variants; not asserted to be contradictory because the source frequency legend is absent
ix-leg-c8d60e9cfd32cba33b07,ix-variant-cfb12eaa390862da8595,ix-variant-8f018e8b8e635a04afcd,2026-03-30,2026-10-24,"['arrival_clock', 'departure_clock']",overlapping raw schedule variants; not asserted to be contradictory because the source frequency legend is absent
ix-leg-c8d60e9cfd32cba33b07,ix-variant-cfb12eaa390862da8595,ix-variant-c690bbb53e6e4529b037,2026-03-29,2026-03-29,"['raw_frequency', 'arrival_clock', 'departure_clock']",overlapping raw schedule variants; not asserted to be contradictory because the source frequency legend is absent
ix-leg-e35e9753ee30e829e942,ix-variant-1f5c98af0d170af198fb,ix-variant-df0e4874476d724688ce,2026-03-29,2026-10-23,"['aircraft', 'arrival_clock', 'departure_clock']",overlapping raw schedule variants; not asserted to be contradictory because the source frequency legend is absent
ix-leg-e35e9753ee30e829e942,ix-variant-1f5c98af0d170af198fb,ix-variant-b60a7894a2e6f8931e8d,2026-03-29,2026-03-29,"['aircraft', 'raw_frequency']",overlapping raw schedule variants; not asserted to be contradictory because the source frequency legend is absent
ix-leg-e35e9753ee30e829e942,ix-variant-df0e4874476d724688ce,ix-variant-b60a7894a2e6f8931e8d,2026-03-29,2026-03-29,"['raw_frequency', 'arrival_clock', 'departure_clock']",overlapping raw schedule variants; not asserted to be contradictory because the source frequency legend is absent
ix-leg-d9bff558c3ab899f474c,ix-variant-42db26847d0e527c1056,ix-variant-4e4d2ff401d3a6dcc397,2026-03-30,2026-10-24,"['arrival_clock', 'departure_clock']",overlapping raw schedule variants; not asserted to be contradictory because the source frequency legend is absent
ix-leg-d9bff558c3ab899f474c,ix-variant-42db26847d0e527c1056,ix-variant-8348aae7695693abd80d,2026-03-29,2026-03-29,"['raw_frequency', 'arrival_clock', 'departure_clock']",overlapping raw schedule variants; not asserted to be contradictory because the source frequency legend is absent
ix-leg-801e54d229bb90e1dbd7,ix-variant-70a45018017dd2c8e916,ix-variant-2bc8150dfe4a2cd2b885,2026-03-29,2026-10-23,"['arrival_clock', 'departure_clock']",overlapping raw schedule variants; not asserted to be contradictory because the source frequency legend is absent
ix-leg-801e54d229bb90e1dbd7,ix-variant-2bc8150dfe4a2cd2b885,ix-variant-73387930114d03db124a,2026-10-24,2026-10-24,"['raw_frequency', 'arrival_clock', 'departure_clock']",overlapping raw schedule variants; not asserted to be contradictory because the source frequency legend is absent
ix-leg-cd77683558d4ee9852e3,ix-variant-b3fefd4c962058485532,ix-variant-a9bbfb1112877650c485,2026-03-29,2026-10-23,"['arrival_clock', 'departure_clock']",overlapping raw schedule variants; not asserted to be contradictory because the source frequency legend is absent
ix-leg-cd77683558d4ee9852e3,ix-variant-a9bbfb1112877650c485,ix-variant-d37f9117edf3df5b9335,2026-10-24,2026-10-24,"['raw_frequency', 'arrival_clock', 'departure_clock']",overlapping raw schedule variants; not asserted to be contradictory because the source frequency legend is absent
ix-leg-12f2c108a099a8bb700f,ix-variant-5ede8d07b4f76eb738d3,ix-variant-cea9136d7a2ef77b24d3,2026-03-29,2026-10-23,"['arrival_clock', 'departure_clock']",overlapping raw schedule variants; not asserted to be contradictory because the source frequency legend is absent
ix-leg-12f2c108a099a8bb700f,ix-variant-5ede8d07b4f76eb738d3,ix-variant-8951911d00b5422aba5c,2026-03-29,2026-03-29,['raw_frequency'],overlapping raw schedule variants; not asserted to be contradictory because the source frequency legend is absent
ix-leg-12f2c108a099a8bb700f,ix-variant-cea9136d7a2ef77b24d3,ix-variant-8951911d00b5422aba5c,2026-03-29,2026-03-29,"['raw_frequency', 'arrival_clock', 'departure_clock']",overlapping raw schedule variants; not asserted to be contradictory because the source frequency legend is absent
ix-leg-9764d2b039a2d061aeae,ix-variant-62bbd22bdb8606f4a69b,ix-variant-37451c90c0ff6bb00e8a,2026-04-05,2026-10-18,['raw_frequency'],overlapping raw schedule variants; not asserted to be contradictory because the source frequency legend is absent
ix-leg-9764d2b039a2d061aeae,ix-variant-62bbd22bdb8606f4a69b,ix-variant-b9a3f01eb359910816fa,2026-04-01,2026-10-23,"['aircraft', 'raw_frequency', 'arrival_clock', 'departure_clock']",overlapping raw schedule variants; not asserted to be contradictory because the source frequency legend is absent
ix-leg-9764d2b039a2d061aeae,ix-variant-37451c90c0ff6bb00e8a,ix-variant-b9a3f01eb359910816fa,2026-04-05,2026-10-18,"['aircraft', 'raw_frequency', 'arrival_clock', 'departure_clock']",overlapping raw schedule variants; not asserted to be contradictory because the source frequency legend is absent
ix-leg-c9ef196b24594ef5226b,ix-variant-7745ce29c99be24d1dc9,ix-variant-d1c80a25fc61e0e41abf,2026-03-30,2026-10-23,"['arrival_clock', 'departure_clock']",overlapping raw schedule variants; not asserted to be contradictory because the source frequency legend is absent
ix-leg-c9ef196b24594ef5226b,ix-variant-7745ce29c99be24d1dc9,ix-variant-3db6596df14e55b523ec,2026-03-29,2026-03-29,"['raw_frequency', 'arrival_clock', 'departure_clock']",overlapping raw schedule variants; not asserted to be contradictory because the source frequency legend is absent
ix-leg-ce9985e71b6266be4eb6,ix-variant-905a2da87947d914fa1a,ix-variant-944a3f7474a31b4f51ba,2026-03-30,2026-10-24,"['arrival_clock', 'departure_clock']",overlapping raw schedule variants; not asserted to be contradictory because the source frequency legend is absent
ix-leg-24d7259e31f3ea04ad4c,ix-variant-fc5d1510a525c5e23147,ix-variant-ea97679a92a561c2e84f,2026-03-30,2026-10-24,"['arrival_clock', 'departure_clock']",overlapping raw schedule variants; not asserted to be contradictory because the source frequency legend is absent
ix-leg-24d7259e31f3ea04ad4c,ix-variant-fc5d1510a525c5e23147,ix-variant-ae4e54309ebe5ab2fa50,2026-03-29,2026-03-29,"['raw_frequency', 'arrival_clock', 'departure_clock']",overlapping raw schedule variants; not asserted to be contradictory because the source frequency legend is absent
ix-leg-ebfcb50400729032aefe,ix-variant-54d1cd6c68959c9a81c3,ix-variant-aee90017528f198ae931,2026-03-29,2026-10-23,"['raw_frequency', 'arrival_clock', 'departure_clock']",overlapping raw schedule variants; not asserted to be contradictory because the source frequency legend is absent
ix-leg-ebfcb50400729032aefe,ix-variant-54d1cd6c68959c9a81c3,ix-variant-552f31f84511f0eda54a,2026-03-31,2026-10-24,"['raw_frequency', 'arrival_clock', 'departure_clock']",overlapping raw schedule variants; not asserted to be contradictory because the source frequency legend is absent
ix-leg-ebfcb50400729032aefe,ix-variant-54d1cd6c68959c9a81c3,ix-variant-43e10d1950d2b403b7df,2026-04-01,2026-10-21,"['raw_frequency', 'arrival_clock', 'departure_clock']",overlapping raw schedule variants; not asserted to be contradictory because the source frequency legend is absent
ix-leg-ebfcb50400729032aefe,ix-variant-aee90017528f198ae931,ix-variant-552f31f84511f0eda54a,2026-03-31,2026-10-23,['raw_frequency'],overlapping raw schedule variants; not asserted to be contradictory because the source frequency legend is absent
ix-leg-ebfcb50400729032aefe,ix-variant-aee90017528f198ae931,ix-variant-43e10d1950d2b403b7df,2026-04-01,2026-10-21,"['raw_frequency', 'arrival_clock', 'departure_clock']",overlapping raw schedule variants; not asserted to be contradictory because the source frequency legend is absent
ix-leg-ebfcb50400729032aefe,ix-variant-552f31f84511f0eda54a,ix-variant-43e10d1950d2b403b7df,2026-04-01,2026-10-21,"['raw_frequency', 'arrival_clock', 'departure_clock']",overlapping raw schedule variants; not asserted to be contradictory because the source frequency legend is absent
ix-leg-bf0f496ea91d9e6c4a94,ix-variant-3783a63ffcf336e5be1e,ix-variant-75917fd9f6b93c8228f9,2026-03-29,2026-10-24,"['raw_frequency', 'arrival_clock', 'departure_clock']",overlapping raw schedule variants; not asserted to be contradictory because the source frequency legend is absent
ix-leg-bf0f496ea91d9e6c4a94,ix-variant-3783a63ffcf336e5be1e,ix-variant-a9494cfd628a36f7c432,2026-04-01,2026-10-21,"['raw_frequency', 'arrival_clock', 'departure_clock']",overlapping raw schedule variants; not asserted to be contradictory because the source frequency legend is absent
ix-leg-bf0f496ea91d9e6c4a94,ix-variant-75917fd9f6b93c8228f9,ix-variant-a9494cfd628a36f7c432,2026-04-01,2026-10-21,['raw_frequency'],overlapping raw schedule variants; not asserted to be contradictory because the source frequency legend is absent
ix-leg-5b63d759b102c73fa068,ix-variant-7487efe90e8096bad7e8,ix-variant-a1034c5e5746ca39444b,2026-03-30,2026-03-31,"['raw_frequency', 'arrival_clock', 'departure_clock']",overlapping raw schedule variants; not asserted to be contradictory because the source frequency legend is absent
ix-leg-5b63d759b102c73fa068,ix-variant-7487efe90e8096bad7e8,ix-variant-7903fe167504a045028c,2026-03-30,2026-03-31,['raw_frequency'],overlapping raw schedule variants; not asserted to be contradictory because the source frequency legend is absent
ix-leg-5b63d759b102c73fa068,ix-variant-a1034c5e5746ca39444b,ix-variant-53310bade635df2ad353,2026-04-02,2026-04-14,"['raw_frequency', 'arrival_clock', 'departure_clock']",overlapping raw schedule variants; not asserted to be contradictory because the source frequency legend is absent
ix-leg-5b63d759b102c73fa068,ix-variant-a1034c5e5746ca39444b,ix-variant-7903fe167504a045028c,2026-03-29,2026-04-15,"['raw_frequency', 'arrival_clock', 'departure_clock']",overlapping raw schedule variants; not asserted to be contradictory because the source frequency legend is absent
ix-leg-5b63d759b102c73fa068,ix-variant-1acb5c9c64a2aff600be,ix-variant-3b92682b784d57b850a8,2026-04-16,2026-10-23,"['arrival_clock', 'departure_clock']",overlapping raw schedule variants; not asserted to be contradictory because the source frequency legend is absent
ix-leg-5b63d759b102c73fa068,ix-variant-53310bade635df2ad353,ix-variant-7903fe167504a045028c,2026-04-02,2026-04-14,['raw_frequency'],overlapping raw schedule variants; not asserted to be contradictory because the source frequency legend is absent
ix-leg-672a2ba3d951aa435311,ix-variant-d3c08c2c5998eba66efd,ix-variant-0e286bf04cd5e7f3792e,2026-03-30,2026-04-04,"['arrival_clock', 'departure_clock']",overlapping raw schedule variants; not asserted to be contradictory because the source frequency legend is absent
ix-leg-672a2ba3d951aa435311,ix-variant-d3c08c2c5998eba66efd,ix-variant-5f83d4cd420f274d002f,2026-03-29,2026-03-29,"['raw_frequency', 'arrival_clock', 'departure_clock']",overlapping raw schedule variants; not asserted to be contradictory because the source frequency legend is absent
ix-leg-672a2ba3d951aa435311,ix-variant-0e286bf04cd5e7f3792e,ix-variant-a9e820b6f51abda5cb81,2026-04-05,2026-10-24,"['arrival_clock', 'departure_clock']",overlapping raw schedule variants; not asserted to be contradictory because the source frequency legend is absent
ix-leg-70d5486990b6ec80ba8d,ix-variant-3258d79858e4689594ff,ix-variant-b842e1aa38836f2d8379,2026-03-30,2026-10-24,"['arrival_clock', 'departure_clock']",overlapping raw schedule variants; not asserted to be contradictory because the source frequency legend is absent
ix-leg-70d5486990b6ec80ba8d,ix-variant-3258d79858e4689594ff,ix-variant-bcecf430c7665f3ac50b,2026-03-29,2026-03-29,"['raw_frequency', 'arrival_clock', 'departure_clock']",overlapping raw schedule variants; not asserted to be contradictory because the source frequency legend is absent
ix-leg-ed60357d57574cfdac9a,ix-variant-50e0c06a7a1be6f4623d,ix-variant-81fd6a27b3a1cadb481a,2026-03-30,2026-10-24,"['arrival_clock', 'departure_clock']",overlapping raw schedule variants; not asserted to be contradictory because the source frequency legend is absent
ix-leg-6469c1573e4a3716511b,ix-variant-96855fed6f7c3f7991f6,ix-variant-121f41a614f4b550376f,2026-03-29,2026-10-23,"['arrival_clock', 'departure_clock']",overlapping raw schedule variants; not asserted to be contradictory because the source frequency legend is absent
ix-leg-6469c1573e4a3716511b,ix-variant-121f41a614f4b550376f,ix-variant-ee6f473c04e82c5ca737,2026-10-24,2026-10-24,"['raw_frequency', 'arrival_clock', 'departure_clock']",overlapping raw schedule variants; not asserted to be contradictory because the source frequency legend is absent
ix-leg-62ad07d2d7148669a4fb,ix-variant-82e1c11b7a3c37857725,ix-variant-b2c2768b313a7bc5160e,2026-03-29,2026-10-24,"['aircraft', 'arrival_clock', 'departure_clock']",overlapping raw schedule variants; not asserted to be contradictory because the source frequency legend is absent
ix-leg-cfadb4352fc15747baac,ix-variant-769fd35445c8eccd6893,ix-variant-c7d5a385eefccc249658,2026-03-29,2026-10-23,"['arrival_clock', 'departure_clock']",overlapping raw schedule variants; not asserted to be contradictory because the source frequency legend is absent
ix-leg-cfadb4352fc15747baac,ix-variant-769fd35445c8eccd6893,ix-variant-b17e22c7beb82a3a03b9,2026-03-29,2026-03-29,['raw_frequency'],overlapping raw schedule variants; not asserted to be contradictory because the source frequency legend is absent
ix-leg-cfadb4352fc15747baac,ix-variant-c7d5a385eefccc249658,ix-variant-b17e22c7beb82a3a03b9,2026-03-29,2026-03-29,"['raw_frequency', 'arrival_clock', 'departure_clock']",overlapping raw schedule variants; not asserted to be contradictory because the source frequency legend is absent
ix-leg-51485a47a36cd64a293b,ix-variant-4e47d6d8f570c5e27343,ix-variant-c304c24c3b6ea1fa8c1d,2026-03-30,2026-04-04,"['raw_frequency', 'arrival_clock', 'departure_clock']",overlapping raw schedule variants; not asserted to be contradictory because the source frequency legend is absent
ix-leg-51485a47a36cd64a293b,ix-variant-4e47d6d8f570c5e27343,ix-variant-40b7879913ad6c5f6920,2026-04-06,2026-10-24,"['raw_frequency', 'arrival_clock', 'departure_clock']",overlapping raw schedule variants; not asserted to be contradictory because the source frequency legend is absent
ix-leg-51485a47a36cd64a293b,ix-variant-4e47d6d8f570c5e27343,ix-variant-fac307ce1dc9438a88ad,2026-03-29,2026-10-21,"['raw_frequency', 'arrival_clock', 'departure_clock']",overlapping raw schedule variants; not asserted to be contradictory because the source frequency legend is absent
ix-leg-51485a47a36cd64a293b,ix-variant-4e47d6d8f570c5e27343,ix-variant-0da26cab02802f166a2c,2026-04-02,2026-04-23,"['raw_frequency', 'arrival_clock', 'departure_clock']",overlapping raw schedule variants; not asserted to be contradictory because the source frequency legend is absent
ix-leg-51485a47a36cd64a293b,ix-variant-4e47d6d8f570c5e27343,ix-variant-c03f194a64f16e6bdf96,2026-04-30,2026-10-22,"['raw_frequency', 'arrival_clock', 'departure_clock']",overlapping raw schedule variants; not asserted to be contradictory because the source frequency legend is absent
ix-leg-51485a47a36cd64a293b,ix-variant-c304c24c3b6ea1fa8c1d,ix-variant-fac307ce1dc9438a88ad,2026-03-30,2026-04-04,['raw_frequency'],overlapping raw schedule variants; not asserted to be contradictory because the source frequency legend is absent
ix-leg-51485a47a36cd64a293b,ix-variant-c304c24c3b6ea1fa8c1d,ix-variant-0da26cab02802f166a2c,2026-04-02,2026-04-04,['raw_frequency'],overlapping raw schedule variants; not asserted to be contradictory because the source frequency legend is absent
ix-leg-51485a47a36cd64a293b,ix-variant-40b7879913ad6c5f6920,ix-variant-fac307ce1dc9438a88ad,2026-04-06,2026-10-21,['raw_frequency'],overlapping raw schedule variants; not asserted to be contradictory because the source frequency legend is absent
ix-leg-51485a47a36cd64a293b,ix-variant-40b7879913ad6c5f6920,ix-variant-0da26cab02802f166a2c,2026-04-06,2026-04-23,['raw_frequency'],overlapping raw schedule variants; not asserted to be contradictory because the source frequency legend is absent
ix-leg-51485a47a36cd64a293b,ix-variant-40b7879913ad6c5f6920,ix-variant-c03f194a64f16e6bdf96,2026-04-30,2026-10-22,['raw_frequency'],overlapping raw schedule variants; not asserted to be contradictory because the source frequency legend is absent
ix-leg-51485a47a36cd64a293b,ix-variant-fac307ce1dc9438a88ad,ix-variant-0da26cab02802f166a2c,2026-04-02,2026-04-23,['raw_frequency'],overlapping raw schedule variants; not asserted to be contradictory because the source frequency legend is absent
ix-leg-51485a47a36cd64a293b,ix-variant-fac307ce1dc9438a88ad,ix-variant-c03f194a64f16e6bdf96,2026-04-30,2026-10-21,['raw_frequency'],overlapping raw schedule variants; not asserted to be contradictory because the source frequency legend is absent
ix-leg-3abbf9524fd3fb5e12b4,ix-variant-d70678ef7e9977df3a0b,ix-variant-1920a2e8c1d5b1fd67e3,2026-03-30,2026-10-23,"['arrival_clock', 'departure_clock']",overlapping raw schedule variants; not asserted to be contradictory because the source frequency legend is absent
ix-leg-3abbf9524fd3fb5e12b4,ix-variant-d70678ef7e9977df3a0b,ix-variant-4d08720a4f3a5e14b6f6,2026-03-29,2026-03-29,"['raw_frequency', 'arrival_clock', 'departure_clock']",overlapping raw schedule variants; not asserted to be contradictory because the source frequency legend is absent
ix-leg-efb7aaf846999a4c12e4,ix-variant-b0eadb1eb53c2017c7c8,ix-variant-9dd3d17023ba29551d99,2026-03-30,2026-10-24,"['raw_frequency', 'arrival_clock', 'departure_clock']",overlapping raw schedule variants; not asserted to be contradictory because the source frequency legend is absent
ix-leg-efb7aaf846999a4c12e4,ix-variant-b0eadb1eb53c2017c7c8,ix-variant-9de523a77fa01f9dbd48,2026-03-30,2026-10-23,"['raw_frequency', 'arrival_clock', 'departure_clock']",overlapping raw schedule variants; not asserted to be contradictory because the source frequency legend is absent
ix-leg-efb7aaf846999a4c12e4,ix-variant-9dd3d17023ba29551d99,ix-variant-9de523a77fa01f9dbd48,2026-03-30,2026-10-23,"['raw_frequency', 'arrival_clock']",overlapping raw schedule variants; not asserted to be contradictory because the source frequency legend is absent
ix-leg-efb7aaf846999a4c12e4,ix-variant-9de523a77fa01f9dbd48,ix-variant-3b1d8a02149d681a656a,2026-03-29,2026-03-29,"['raw_frequency', 'arrival_clock', 'departure_clock']",overlapping raw schedule variants; not asserted to be contradictory because the source frequency legend is absent
ix-leg-24876adb3021ba6946ad,ix-variant-e2015ddc455fe5ae2eb6,ix-variant-8eb3414bf789beff999e,2026-03-30,2026-04-06,"['arrival_clock', 'departure_clock']",overlapping raw schedule variants; not asserted to be contradictory because the source frequency legend is absent
ix-leg-24876adb3021ba6946ad,ix-variant-e2015ddc455fe5ae2eb6,ix-variant-557a8c9acc9b77bdc619,2026-04-07,2026-04-13,"['arrival_clock', 'departure_clock']",overlapping raw schedule variants; not asserted to be contradictory because the source frequency legend is absent
ix-leg-24876adb3021ba6946ad,ix-variant-e2015ddc455fe5ae2eb6,ix-variant-9aee8ea6ca98ad4474c9,2026-04-14,2026-10-24,"['arrival_clock', 'departure_clock']",overlapping raw schedule variants; not asserted to be contradictory because the source frequency legend is absent
ix-leg-24876adb3021ba6946ad,ix-variant-e2015ddc455fe5ae2eb6,ix-variant-39e1f4962a4d883f9dfb,2026-03-29,2026-03-29,"['raw_frequency', 'arrival_clock', 'departure_clock']",overlapping raw schedule variants; not asserted to be contradictory because the source frequency legend is absent
ix-leg-570cdbb8d699860084b1,ix-variant-967ab330f502a5ca109b,ix-variant-1d74970b8f52732c48f8,2026-03-30,2026-10-24,"['arrival_clock', 'departure_clock']",overlapping raw schedule variants; not asserted to be contradictory because the source frequency legend is absent
ix-leg-570cdbb8d699860084b1,ix-variant-967ab330f502a5ca109b,ix-variant-04ca950f7be1bb72f14b,2026-03-29,2026-03-29,"['raw_frequency', 'arrival_clock', 'departure_clock']",overlapping raw schedule variants; not asserted to be contradictory because the source frequency legend is absent
ix-leg-94e51e8886018cf53591,ix-variant-ec3b45d11b398b76993d,ix-variant-3db85991335de84d27f1,2026-03-30,2026-10-24,"['raw_frequency', 'arrival_clock', 'departure_clock']",overlapping raw schedule variants; not asserted to be contradictory because the source frequency legend is absent
ix-leg-94e51e8886018cf53591,ix-variant-ec3b45d11b398b76993d,ix-variant-cf91de2461f6b46d4303,2026-04-07,2026-10-20,['raw_frequency'],overlapping raw schedule variants; not asserted to be contradictory because the source frequency legend is absent
ix-leg-94e51e8886018cf53591,ix-variant-ec3b45d11b398b76993d,ix-variant-ac38d5f3c9e75d782f3f,2026-04-05,2026-10-18,['raw_frequency'],overlapping raw schedule variants; not asserted to be contradictory because the source frequency legend is absent
ix-leg-94e51e8886018cf53591,ix-variant-3db85991335de84d27f1,ix-variant-cf91de2461f6b46d4303,2026-04-07,2026-10-20,"['raw_frequency', 'arrival_clock', 'departure_clock']",overlapping raw schedule variants; not asserted to be contradictory because the source frequency legend is absent
ix-leg-94e51e8886018cf53591,ix-variant-3db85991335de84d27f1,ix-variant-3e3031e2ba06ab541822,2026-03-29,2026-03-29,"['raw_frequency', 'arrival_clock', 'departure_clock']",overlapping raw schedule variants; not asserted to be contradictory because the source frequency legend is absent
ix-leg-94e51e8886018cf53591,ix-variant-3db85991335de84d27f1,ix-variant-ac38d5f3c9e75d782f3f,2026-04-05,2026-10-18,"['raw_frequency', 'arrival_clock', 'departure_clock']",overlapping raw schedule variants; not asserted to be contradictory because the source frequency legend is absent
ix-leg-94e51e8886018cf53591,ix-variant-cf91de2461f6b46d4303,ix-variant-ac38d5f3c9e75d782f3f,2026-04-07,2026-10-18,['raw_frequency'],overlapping raw schedule variants; not asserted to be contradictory because the source frequency legend is absent
ix-leg-3f7f46462787926fc80d,ix-variant-4110af26a4f3409b875b,ix-variant-d4b3fac6640270d5bdc3,2026-04-08,2026-04-13,"['raw_frequency', 'arrival_clock', 'departure_clock']",overlapping raw schedule variants; not asserted to be contradictory because the source frequency legend is absent
ix-leg-3f7f46462787926fc80d,ix-variant-4110af26a4f3409b875b,ix-variant-a53ea55bda89298862c2,2026-05-13,2026-05-18,"['raw_frequency', 'arrival_clock', 'departure_clock']",overlapping raw schedule variants; not asserted to be contradictory because the source frequency legend is absent
ix-leg-3f7f46462787926fc80d,ix-variant-4110af26a4f3409b875b,ix-variant-52b09ac279635191646c,2026-06-24,2026-06-29,"['raw_frequency', 'arrival_clock', 'departure_clock']",overlapping raw schedule variants; not asserted to be contradictory because the source frequency legend is absent
ix-leg-3f7f46462787926fc80d,ix-variant-4110af26a4f3409b875b,ix-variant-87ef76d80f6d0da072be,2026-08-05,2026-08-10,"['raw_frequency', 'arrival_clock', 'departure_clock']",overlapping raw schedule variants; not asserted to be contradictory because the source frequency legend is absent
ix-leg-3f7f46462787926fc80d,ix-variant-4110af26a4f3409b875b,ix-variant-b1b565d122bd6cf622c0,2026-09-16,2026-09-21,"['raw_frequency', 'arrival_clock', 'departure_clock']",overlapping raw schedule variants; not asserted to be contradictory because the source frequency legend is absent
ix-leg-3f7f46462787926fc80d,ix-variant-4110af26a4f3409b875b,ix-variant-65b293a0c9af450f2231,2026-04-06,2026-04-10,"['raw_frequency', 'arrival_clock', 'departure_clock']",overlapping raw schedule variants; not asserted to be contradictory because the source frequency legend is absent
ix-leg-3f7f46462787926fc80d,ix-variant-4110af26a4f3409b875b,ix-variant-0a752af429b070793b5d,2026-04-17,2026-04-24,"['raw_frequency', 'arrival_clock', 'departure_clock']",overlapping raw schedule variants; not asserted to be contradictory because the source frequency legend is absent
ix-leg-3f7f46462787926fc80d,ix-variant-4110af26a4f3409b875b,ix-variant-429ebdf3231f30f463fc,2026-05-11,2026-05-15,"['raw_frequency', 'arrival_clock', 'departure_clock']",overlapping raw schedule variants; not asserted to be contradictory because the source frequency legend is absent
ix-leg-3f7f46462787926fc80d,ix-variant-4110af26a4f3409b875b,ix-variant-87a273e260c937fe57df,2026-05-25,2026-05-29,"['raw_frequency', 'arrival_clock', 'departure_clock']",overlapping raw schedule variants; not asserted to be contradictory because the source frequency legend is absent
ix-leg-3f7f46462787926fc80d,ix-variant-4110af26a4f3409b875b,ix-variant-ddd15305d013b715ad8c,2026-06-08,2026-06-12,"['raw_frequency', 'arrival_clock', 'departure_clock']",overlapping raw schedule variants; not asserted to be contradictory because the source frequency legend is absent
ix-leg-3f7f46462787926fc80d,ix-variant-4110af26a4f3409b875b,ix-variant-637b6fe5d970d510a197,2026-06-22,2026-06-26,"['raw_frequency', 'arrival_clock', 'departure_clock']",overlapping raw schedule variants; not asserted to be contradictory because the source frequency legend is absent
ix-leg-3f7f46462787926fc80d,ix-variant-4110af26a4f3409b875b,ix-variant-9cb46e2955d235d0d3ba,2026-07-06,2026-07-10,"['raw_frequency', 'arrival_clock', 'departure_clock']",overlapping raw schedule variants; not asserted to be contradictory because the source frequency legend is absent
ix-leg-3f7f46462787926fc80d,ix-variant-4110af26a4f3409b875b,ix-variant-d5d48fa7a880fe221245,2026-07-20,2026-07-24,"['raw_frequency', 'arrival_clock', 'departure_clock']",overlapping raw schedule variants; not asserted to be contradictory because the source frequency legend is absent
ix-leg-3f7f46462787926fc80d,ix-variant-4110af26a4f3409b875b,ix-variant-370bc753f5d756e63c92,2026-08-03,2026-08-07,"['raw_frequency', 'arrival_clock', 'departure_clock']",overlapping raw schedule variants; not asserted to be contradictory because the source frequency legend is absent
ix-leg-3f7f46462787926fc80d,ix-variant-4110af26a4f3409b875b,ix-variant-b75a313e3409722846c2,2026-08-17,2026-08-21,"['raw_frequency', 'arrival_clock', 'departure_clock']",overlapping raw schedule variants; not asserted to be contradictory because the source frequency legend is absent
ix-leg-3f7f46462787926fc80d,ix-variant-4110af26a4f3409b875b,ix-variant-303792f9457f92be9f4c,2026-08-31,2026-09-04,"['raw_frequency', 'arrival_clock', 'departure_clock']",overlapping raw schedule variants; not asserted to be contradictory because the source frequency legend is absent
ix-leg-3f7f46462787926fc80d,ix-variant-4110af26a4f3409b875b,ix-variant-6d4ab0cf1bedef49bd11,2026-09-14,2026-09-18,"['raw_frequency', 'arrival_clock', 'departure_clock']",overlapping raw schedule variants; not asserted to be contradictory because the source frequency legend is absent
ix-leg-3f7f46462787926fc80d,ix-variant-4110af26a4f3409b875b,ix-variant-7d0a2c9fc7c781603b2a,2026-09-28,2026-10-02,"['raw_frequency', 'arrival_clock', 'departure_clock']",overlapping raw schedule variants; not asserted to be contradictory because the source frequency legend is absent
ix-leg-3f7f46462787926fc80d,ix-variant-4110af26a4f3409b875b,ix-variant-4eb26062a1a2fd3fd370,2026-10-12,2026-10-16,"['raw_frequency', 'arrival_clock', 'departure_clock']",overlapping raw schedule variants; not asserted to be contradictory because the source frequency legend is absent
ix-leg-3f7f46462787926fc80d,ix-variant-4110af26a4f3409b875b,ix-variant-e9aea138d83b05a273e7,2026-10-19,2026-10-23,"['raw_frequency', 'arrival_clock', 'departure_clock']",overlapping raw schedule variants; not asserted to be contradictory because the source frequency legend is absent
ix-leg-3f7f46462787926fc80d,ix-variant-4110af26a4f3409b875b,ix-variant-8e91839253361af7c31f,2026-04-25,2026-05-01,"['raw_frequency', 'arrival_clock', 'departure_clock']",overlapping raw schedule variants; not asserted to be contradictory because the source frequency legend is absent
ix-leg-3f7f46462787926fc80d,ix-variant-4110af26a4f3409b875b,ix-variant-aaa2b14662dc763de9f9,2026-05-30,2026-06-05,"['raw_frequency', 'arrival_clock', 'departure_clock']",overlapping raw schedule variants; not asserted to be contradictory because the source frequency legend is absent
ix-leg-3f7f46462787926fc80d,ix-variant-4110af26a4f3409b875b,ix-variant-9b50b05fc4b0d74ba898,2026-07-11,2026-07-17,"['raw_frequency', 'arrival_clock', 'departure_clock']",overlapping raw schedule variants; not asserted to be contradictory because the source frequency legend is absent
ix-leg-3f7f46462787926fc80d,ix-variant-4110af26a4f3409b875b,ix-variant-d391b1c15b5e1ec18c2c,2026-08-22,2026-08-28,"['raw_frequency', 'arrival_clock', 'departure_clock']",overlapping raw schedule variants; not asserted to be contradictory because the source frequency legend is absent
ix-leg-3f7f46462787926fc80d,ix-variant-4110af26a4f3409b875b,ix-variant-59172bd9a20c581f114a,2026-10-03,2026-10-09,"['raw_frequency', 'arrival_clock', 'departure_clock']",overlapping raw schedule variants; not asserted to be contradictory because the source frequency legend is absent
ix-leg-3f7f46462787926fc80d,ix-variant-4110af26a4f3409b875b,ix-variant-1b457d7f22bc86d0ae15,2026-03-30,2026-04-05,"['raw_frequency', 'arrival_clock', 'departure_clock']",overlapping raw schedule variants; not asserted to be contradictory because the source frequency legend is absent
ix-leg-3f7f46462787926fc80d,ix-variant-4110af26a4f3409b875b,ix-variant-569b11763d3c3e17ee57,2026-05-04,2026-05-10,"['raw_frequency', 'arrival_clock', 'departure_clock']",overlapping raw schedule variants; not asserted to be contradictory because the source frequency legend is absent
ix-leg-3f7f46462787926fc80d,ix-variant-4110af26a4f3409b875b,ix-variant-53936f6e9fc88c7a275c,2026-06-15,2026-06-21,"['raw_frequency', 'arrival_clock', 'departure_clock']",overlapping raw schedule variants; not asserted to be contradictory because the source frequency legend is absent
ix-leg-3f7f46462787926fc80d,ix-variant-4110af26a4f3409b875b,ix-variant-bb9a44bccfceef6269e7,2026-07-27,2026-08-02,"['raw_frequency', 'arrival_clock', 'departure_clock']",overlapping raw schedule variants; not asserted to be contradictory because the source frequency legend is absent
ix-leg-3f7f46462787926fc80d,ix-variant-4110af26a4f3409b875b,ix-variant-96f09c751532a9890ceb,2026-09-07,2026-09-13,"['raw_frequency', 'arrival_clock', 'departure_clock']",overlapping raw schedule variants; not asserted to be contradictory because the source frequency legend is absent
ix-leg-3f7f46462787926fc80d,ix-variant-4110af26a4f3409b875b,ix-variant-79af245a32754e3f871c,2026-03-31,2026-04-16,"['raw_frequency', 'arrival_clock', 'departure_clock']",overlapping raw schedule variants; not asserted to be contradictory because the source frequency legend is absent
ix-leg-3f7f46462787926fc80d,ix-variant-4110af26a4f3409b875b,ix-variant-4befc66e4b06e15a79f4,2026-04-28,2026-10-22,"['raw_frequency', 'arrival_clock', 'departure_clock']",overlapping raw schedule variants; not asserted to be contradictory because the source frequency legend is absent
ix-leg-3f7f46462787926fc80d,ix-variant-4110af26a4f3409b875b,ix-variant-9e6d6ad642689afb125f,2026-04-18,2026-04-23,"['raw_frequency', 'arrival_clock', 'departure_clock']",overlapping raw schedule variants; not asserted to be contradictory because the source frequency legend is absent
ix-leg-3f7f46462787926fc80d,ix-variant-4110af26a4f3409b875b,ix-variant-6ea0fa34ba37b78be40e,2026-05-22,2026-05-27,"['raw_frequency', 'arrival_clock', 'departure_clock']",overlapping raw schedule variants; not asserted to be contradictory because the source frequency legend is absent
ix-leg-3f7f46462787926fc80d,ix-variant-4110af26a4f3409b875b,ix-variant-ee33b7281deae761028a,2026-07-03,2026-07-08,"['raw_frequency', 'arrival_clock', 'departure_clock']",overlapping raw schedule variants; not asserted to be contradictory because the source frequency legend is absent
ix-leg-3f7f46462787926fc80d,ix-variant-4110af26a4f3409b875b,ix-variant-a3002d8c026ddea4e0e4,2026-08-14,2026-08-19,"['raw_frequency', 'arrival_clock', 'departure_clock']",overlapping raw schedule variants; not asserted to be contradictory because the source frequency legend is absent
ix-leg-3f7f46462787926fc80d,ix-variant-4110af26a4f3409b875b,ix-variant-8c4004137158707dff4b,2026-09-25,2026-09-30,"['raw_frequency', 'arrival_clock', 'departure_clock']",overlapping raw schedule variants; not asserted to be contradictory because the source frequency legend is absent
ix-leg-3f7f46462787926fc80d,ix-variant-4110af26a4f3409b875b,ix-variant-b1f9ca19bae9a1f6d0ac,2026-03-29,2026-04-04,"['raw_frequency', 'arrival_clock', 'departure_clock']",overlapping raw schedule variants; not asserted to be contradictory because the source frequency legend is absent
ix-leg-3f7f46462787926fc80d,ix-variant-4110af26a4f3409b875b,ix-variant-ea37dd8f1bba8cff744e,2026-04-26,2026-05-02,"['raw_frequency', 'arrival_clock', 'departure_clock']",overlapping raw schedule variants; not asserted to be contradictory because the source frequency legend is absent
ix-leg-3f7f46462787926fc80d,ix-variant-4110af26a4f3409b875b,ix-variant-71d7203e13883c8b0a67,2026-05-03,2026-05-09,"['raw_frequency', 'arrival_clock', 'departure_clock']",overlapping raw schedule variants; not asserted to be contradictory because the source frequency legend is absent
ix-leg-3f7f46462787926fc80d,ix-variant-4110af26a4f3409b875b,ix-variant-9c75a6caecfbe35c3f4a,2026-05-17,2026-05-23,"['raw_frequency', 'arrival_clock', 'departure_clock']",overlapping raw schedule variants; not asserted to be contradictory because the source frequency legend is absent
ix-leg-3f7f46462787926fc80d,ix-variant-4110af26a4f3409b875b,ix-variant-320c96c0913d637d9a65,2026-05-31,2026-06-06,"['raw_frequency', 'arrival_clock', 'departure_clock']",overlapping raw schedule variants; not asserted to be contradictory because the source frequency legend is absent
ix-leg-3f7f46462787926fc80d,ix-variant-4110af26a4f3409b875b,ix-variant-9a92aecef2fbfe01b415,2026-06-07,2026-06-13,"['raw_frequency', 'arrival_clock', 'departure_clock']",overlapping raw schedule variants; not asserted to be contradictory because the source frequency legend is absent
ix-leg-3f7f46462787926fc80d,ix-variant-4110af26a4f3409b875b,ix-variant-b62a53f5077527aabbc4,2026-06-14,2026-06-20,"['raw_frequency', 'arrival_clock', 'departure_clock']",overlapping raw schedule variants; not asserted to be contradictory because the source frequency legend is absent
ix-leg-3f7f46462787926fc80d,ix-variant-4110af26a4f3409b875b,ix-variant-9e1d8cfbc6e9e438efe1,2026-06-28,2026-07-04,"['raw_frequency', 'arrival_clock', 'departure_clock']",overlapping raw schedule variants; not asserted to be contradictory because the source frequency legend is absent
ix-leg-3f7f46462787926fc80d,ix-variant-4110af26a4f3409b875b,ix-variant-9dcc500a044b3a8dea55,2026-07-12,2026-07-18,"['raw_frequency', 'arrival_clock', 'departure_clock']",overlapping raw schedule variants; not asserted to be contradictory because the source frequency legend is absent
ix-leg-3f7f46462787926fc80d,ix-variant-4110af26a4f3409b875b,ix-variant-a6c9121614e7ff62c77e,2026-07-19,2026-07-25,"['raw_frequency', 'arrival_clock', 'departure_clock']",overlapping raw schedule variants; not asserted to be contradictory because the source frequency legend is absent
ix-leg-3f7f46462787926fc80d,ix-variant-4110af26a4f3409b875b,ix-variant-f1e8c1c24d37a849f834,2026-07-26,2026-08-01,"['raw_frequency', 'arrival_clock', 'departure_clock']",overlapping raw schedule variants; not asserted to be contradictory because the source frequency legend is absent
ix-leg-3f7f46462787926fc80d,ix-variant-4110af26a4f3409b875b,ix-variant-1e871ace24c369893613,2026-08-09,2026-08-15,"['raw_frequency', 'arrival_clock', 'departure_clock']",overlapping raw schedule variants; not asserted to be contradictory because the source frequency legend is absent
ix-leg-3f7f46462787926fc80d,ix-variant-4110af26a4f3409b875b,ix-variant-2f396eb8311fb1a47220,2026-08-23,2026-08-29,"['raw_frequency', 'arrival_clock', 'departure_clock']",overlapping raw schedule variants; not asserted to be contradictory because the source frequency legend is absent
ix-leg-3f7f46462787926fc80d,ix-variant-4110af26a4f3409b875b,ix-variant-ae113dc0eed93844903c,2026-08-30,2026-09-05,"['raw_frequency', 'arrival_clock', 'departure_clock']",overlapping raw schedule variants; not asserted to be contradictory because the source frequency legend is absent
ix-leg-3f7f46462787926fc80d,ix-variant-4110af26a4f3409b875b,ix-variant-5e2ac4b5f3494d6536a9,2026-09-06,2026-09-12,"['raw_frequency', 'arrival_clock', 'departure_clock']",overlapping raw schedule variants; not asserted to be contradictory because the source frequency legend is absent
ix-leg-3f7f46462787926fc80d,ix-variant-4110af26a4f3409b875b,ix-variant-5c8fb1d02366a25d4983,2026-09-20,2026-09-26,"['raw_frequency', 'arrival_clock', 'departure_clock']",overlapping raw schedule variants; not asserted to be contradictory because the source frequency legend is absent
ix-leg-3f7f46462787926fc80d,ix-variant-4110af26a4f3409b875b,ix-variant-59ef13095ea963f8813a,2026-10-04,2026-10-10,"['raw_frequency', 'arrival_clock', 'departure_clock']",overlapping raw schedule variants; not asserted to be contradictory because the source frequency legend is absent
ix-leg-3f7f46462787926fc80d,ix-variant-4110af26a4f3409b875b,ix-variant-c3a991457e6c86834433,2026-10-11,2026-10-17,"['raw_frequency', 'arrival_clock', 'departure_clock']",overlapping raw schedule variants; not asserted to be contradictory because the source frequency legend is absent
ix-leg-3f7f46462787926fc80d,ix-variant-4110af26a4f3409b875b,ix-variant-542d3a73718f576f6246,2026-10-18,2026-10-24,"['raw_frequency', 'arrival_clock', 'departure_clock']",overlapping raw schedule variants; not asserted to be contradictory because the source frequency legend is absent
ix-leg-3f7f46462787926fc80d,ix-variant-4110af26a4f3409b875b,ix-variant-94ee9a6070b5f1f85323,2026-04-12,2026-04-22,"['raw_frequency', 'arrival_clock', 'departure_clock']",overlapping raw schedule variants; not asserted to be contradictory because the source frequency legend is absent
ix-leg-3f7f46462787926fc80d,ix-variant-d4b3fac6640270d5bdc3,ix-variant-65b293a0c9af450f2231,2026-04-08,2026-04-10,['raw_frequency'],overlapping raw schedule variants; not asserted to be contradictory because the source frequency legend is absent
ix-leg-3f7f46462787926fc80d,ix-variant-d4b3fac6640270d5bdc3,ix-variant-79af245a32754e3f871c,2026-04-08,2026-04-13,['raw_frequency'],overlapping raw schedule variants; not asserted to be contradictory because the source frequency legend is absent
ix-leg-3f7f46462787926fc80d,ix-variant-d4b3fac6640270d5bdc3,ix-variant-94ee9a6070b5f1f85323,2026-04-12,2026-04-13,['raw_frequency'],overlapping raw schedule variants; not asserted to be contradictory because the source frequency legend is absent
ix-leg-3f7f46462787926fc80d,ix-variant-a53ea55bda89298862c2,ix-variant-429ebdf3231f30f463fc,2026-05-13,2026-05-15,['raw_frequency'],overlapping raw schedule variants; not asserted to be contradictory because the source frequency legend is absent
ix-leg-3f7f46462787926fc80d,ix-variant-a53ea55bda89298862c2,ix-variant-4befc66e4b06e15a79f4,2026-05-13,2026-05-18,['raw_frequency'],overlapping raw schedule variants; not asserted to be contradictory because the source frequency legend is absent
ix-leg-3f7f46462787926fc80d,ix-variant-a53ea55bda89298862c2,ix-variant-9c75a6caecfbe35c3f4a,2026-05-17,2026-05-18,['raw_frequency'],overlapping raw schedule variants; not asserted to be contradictory because the source frequency legend is absent
ix-leg-3f7f46462787926fc80d,ix-variant-52b09ac279635191646c,ix-variant-637b6fe5d970d510a197,2026-06-24,2026-06-26,['raw_frequency'],overlapping raw schedule variants; not asserted to be contradictory because the source frequency legend is absent
ix-leg-3f7f46462787926fc80d,ix-variant-52b09ac279635191646c,ix-variant-4befc66e4b06e15a79f4,2026-06-24,2026-06-29,['raw_frequency'],overlapping raw schedule variants; not asserted to be contradictory because the source frequency legend is absent
ix-leg-3f7f46462787926fc80d,ix-variant-52b09ac279635191646c,ix-variant-9e1d8cfbc6e9e438efe1,2026-06-28,2026-06-29,['raw_frequency'],overlapping raw schedule variants; not asserted to be contradictory because the source frequency legend is absent
ix-leg-3f7f46462787926fc80d,ix-variant-87ef76d80f6d0da072be,ix-variant-370bc753f5d756e63c92,2026-08-05,2026-08-07,['raw_frequency'],overlapping raw schedule variants; not asserted to be contradictory because the source frequency legend is absent
ix-leg-3f7f46462787926fc80d,ix-variant-87ef76d80f6d0da072be,ix-variant-4befc66e4b06e15a79f4,2026-08-05,2026-08-10,['raw_frequency'],overlapping raw schedule variants; not asserted to be contradictory because the source frequency legend is absent
ix-leg-3f7f46462787926fc80d,ix-variant-87ef76d80f6d0da072be,ix-variant-1e871ace24c369893613,2026-08-09,2026-08-10,['raw_frequency'],overlapping raw schedule variants; not asserted to be contradictory because the source frequency legend is absent
ix-leg-3f7f46462787926fc80d,ix-variant-b1b565d122bd6cf622c0,ix-variant-6d4ab0cf1bedef49bd11,2026-09-16,2026-09-18,['raw_frequency'],overlapping raw schedule variants; not asserted to be contradictory because the source frequency legend is absent
ix-leg-3f7f46462787926fc80d,ix-variant-b1b565d122bd6cf622c0,ix-variant-4befc66e4b06e15a79f4,2026-09-16,2026-09-21,['raw_frequency'],overlapping raw schedule variants; not asserted to be contradictory because the source frequency legend is absent
ix-leg-3f7f46462787926fc80d,ix-variant-b1b565d122bd6cf622c0,ix-variant-5c8fb1d02366a25d4983,2026-09-20,2026-09-21,['raw_frequency'],overlapping raw schedule variants; not asserted to be contradictory because the source frequency legend is absent
ix-leg-3f7f46462787926fc80d,ix-variant-65b293a0c9af450f2231,ix-variant-79af245a32754e3f871c,2026-04-06,2026-04-10,['raw_frequency'],overlapping raw schedule variants; not asserted to be contradictory because the source frequency legend is absent
ix-leg-3f7f46462787926fc80d,ix-variant-0a752af429b070793b5d,ix-variant-9e6d6ad642689afb125f,2026-04-18,2026-04-23,['raw_frequency'],overlapping raw schedule variants; not asserted to be contradictory because the source frequency legend is absent
ix-leg-3f7f46462787926fc80d,ix-variant-0a752af429b070793b5d,ix-variant-94ee9a6070b5f1f85323,2026-04-17,2026-04-22,['raw_frequency'],overlapping raw schedule variants; not asserted to be contradictory because the source frequency legend is absent
ix-leg-3f7f46462787926fc80d,ix-variant-429ebdf3231f30f463fc,ix-variant-4befc66e4b06e15a79f4,2026-05-11,2026-05-15,['raw_frequency'],overlapping raw schedule variants; not asserted to be contradictory because the source frequency legend is absent
ix-leg-3f7f46462787926fc80d,ix-variant-87a273e260c937fe57df,ix-variant-4befc66e4b06e15a79f4,2026-05-25,2026-05-29,['raw_frequency'],overlapping raw schedule variants; not asserted to be contradictory because the source frequency legend is absent
ix-leg-3f7f46462787926fc80d,ix-variant-87a273e260c937fe57df,ix-variant-6ea0fa34ba37b78be40e,2026-05-25,2026-05-27,['raw_frequency'],overlapping raw schedule variants; not asserted to be contradictory because the source frequency legend is absent
ix-leg-3f7f46462787926fc80d,ix-variant-ddd15305d013b715ad8c,ix-variant-4befc66e4b06e15a79f4,2026-06-08,2026-06-12,['raw_frequency'],overlapping raw schedule variants; not asserted to be contradictory because the source frequency legend is absent
ix-leg-3f7f46462787926fc80d,ix-variant-ddd15305d013b715ad8c,ix-variant-9a92aecef2fbfe01b415,2026-06-08,2026-06-12,['raw_frequency'],overlapping raw schedule variants; not asserted to be contradictory because the source frequency legend is absent
ix-leg-3f7f46462787926fc80d,ix-variant-637b6fe5d970d510a197,ix-variant-4befc66e4b06e15a79f4,2026-06-22,2026-06-26,['raw_frequency'],overlapping raw schedule variants; not asserted to be contradictory because the source frequency legend is absent
ix-leg-3f7f46462787926fc80d,ix-variant-9cb46e2955d235d0d3ba,ix-variant-4befc66e4b06e15a79f4,2026-07-06,2026-07-10,['raw_frequency'],overlapping raw schedule variants; not asserted to be contradictory because the source frequency legend is absent
ix-leg-3f7f46462787926fc80d,ix-variant-9cb46e2955d235d0d3ba,ix-variant-ee33b7281deae761028a,2026-07-06,2026-07-08,['raw_frequency'],overlapping raw schedule variants; not asserted to be contradictory because the source frequency legend is absent
ix-leg-3f7f46462787926fc80d,ix-variant-d5d48fa7a880fe221245,ix-variant-4befc66e4b06e15a79f4,2026-07-20,2026-07-24,['raw_frequency'],overlapping raw schedule variants; not asserted to be contradictory because the source frequency legend is absent
ix-leg-3f7f46462787926fc80d,ix-variant-d5d48fa7a880fe221245,ix-variant-a6c9121614e7ff62c77e,2026-07-20,2026-07-24,['raw_frequency'],overlapping raw schedule variants; not asserted to be contradictory because the source frequency legend is absent
ix-leg-3f7f46462787926fc80d,ix-variant-370bc753f5d756e63c92,ix-variant-4befc66e4b06e15a79f4,2026-08-03,2026-08-07,['raw_frequency'],overlapping raw schedule variants; not asserted to be contradictory because the source frequency legend is absent
ix-leg-3f7f46462787926fc80d,ix-variant-b75a313e3409722846c2,ix-variant-4befc66e4b06e15a79f4,2026-08-17,2026-08-21,['raw_frequency'],overlapping raw schedule variants; not asserted to be contradictory because the source frequency legend is absent
ix-leg-3f7f46462787926fc80d,ix-variant-b75a313e3409722846c2,ix-variant-a3002d8c026ddea4e0e4,2026-08-17,2026-08-19,['raw_frequency'],overlapping raw schedule variants; not asserted to be contradictory because the source frequency legend is absent
ix-leg-3f7f46462787926fc80d,ix-variant-303792f9457f92be9f4c,ix-variant-4befc66e4b06e15a79f4,2026-08-31,2026-09-04,['raw_frequency'],overlapping raw schedule variants; not asserted to be contradictory because the source frequency legend is absent
ix-leg-3f7f46462787926fc80d,ix-variant-303792f9457f92be9f4c,ix-variant-ae113dc0eed93844903c,2026-08-31,2026-09-04,['raw_frequency'],overlapping raw schedule variants; not asserted to be contradictory because the source frequency legend is absent
ix-leg-3f7f46462787926fc80d,ix-variant-6d4ab0cf1bedef49bd11,ix-variant-4befc66e4b06e15a79f4,2026-09-14,2026-09-18,['raw_frequency'],overlapping raw schedule variants; not asserted to be contradictory because the source frequency legend is absent
ix-leg-3f7f46462787926fc80d,ix-variant-7d0a2c9fc7c781603b2a,ix-variant-4befc66e4b06e15a79f4,2026-09-28,2026-10-02,['raw_frequency'],overlapping raw schedule variants; not asserted to be contradictory because the source frequency legend is absent
ix-leg-3f7f46462787926fc80d,ix-variant-7d0a2c9fc7c781603b2a,ix-variant-8c4004137158707dff4b,2026-09-28,2026-09-30,['raw_frequency'],overlapping raw schedule variants; not asserted to be contradictory because the source frequency legend is absent
ix-leg-3f7f46462787926fc80d,ix-variant-4eb26062a1a2fd3fd370,ix-variant-4befc66e4b06e15a79f4,2026-10-12,2026-10-16,['raw_frequency'],overlapping raw schedule variants; not asserted to be contradictory because the source frequency legend is absent
ix-leg-3f7f46462787926fc80d,ix-variant-4eb26062a1a2fd3fd370,ix-variant-c3a991457e6c86834433,2026-10-12,2026-10-16,['raw_frequency'],overlapping raw schedule variants; not asserted to be contradictory because the source frequency legend is absent
ix-leg-3f7f46462787926fc80d,ix-variant-e9aea138d83b05a273e7,ix-variant-4befc66e4b06e15a79f4,2026-10-19,2026-10-22,['raw_frequency'],overlapping raw schedule variants; not asserted to be contradictory because the source frequency legend is absent
ix-leg-3f7f46462787926fc80d,ix-variant-e9aea138d83b05a273e7,ix-variant-542d3a73718f576f6246,2026-10-19,2026-10-23,['raw_frequency'],overlapping raw schedule variants; not asserted to be contradictory because the source frequency legend is absent
ix-leg-3f7f46462787926fc80d,ix-variant-8e91839253361af7c31f,ix-variant-4befc66e4b06e15a79f4,2026-04-28,2026-05-01,['raw_frequency'],overlapping raw schedule variants; not asserted to be contradictory because the source frequency legend is absent
ix-leg-3f7f46462787926fc80d,ix-variant-8e91839253361af7c31f,ix-variant-ea37dd8f1bba8cff744e,2026-04-26,2026-05-01,['raw_frequency'],overlapping raw schedule variants; not asserted to be contradictory because the source frequency legend is absent
ix-leg-3f7f46462787926fc80d,ix-variant-aaa2b14662dc763de9f9,ix-variant-4befc66e4b06e15a79f4,2026-05-30,2026-06-05,['raw_frequency'],overlapping raw schedule variants; not asserted to be contradictory because the source frequency legend is absent
ix-leg-3f7f46462787926fc80d,ix-variant-aaa2b14662dc763de9f9,ix-variant-320c96c0913d637d9a65,2026-05-31,2026-06-05,['raw_frequency'],overlapping raw schedule variants; not asserted to be contradictory because the source frequency legend is absent
ix-leg-3f7f46462787926fc80d,ix-variant-9b50b05fc4b0d74ba898,ix-variant-4befc66e4b06e15a79f4,2026-07-11,2026-07-17,['raw_frequency'],overlapping raw schedule variants; not asserted to be contradictory because the source frequency legend is absent
ix-leg-3f7f46462787926fc80d,ix-variant-9b50b05fc4b0d74ba898,ix-variant-9dcc500a044b3a8dea55,2026-07-12,2026-07-17,['raw_frequency'],overlapping raw schedule variants; not asserted to be contradictory because the source frequency legend is absent
ix-leg-3f7f46462787926fc80d,ix-variant-d391b1c15b5e1ec18c2c,ix-variant-4befc66e4b06e15a79f4,2026-08-22,2026-08-28,['raw_frequency'],overlapping raw schedule variants; not asserted to be contradictory because the source frequency legend is absent
ix-leg-3f7f46462787926fc80d,ix-variant-d391b1c15b5e1ec18c2c,ix-variant-2f396eb8311fb1a47220,2026-08-23,2026-08-28,['raw_frequency'],overlapping raw schedule variants; not asserted to be contradictory because the source frequency legend is absent
ix-leg-3f7f46462787926fc80d,ix-variant-59172bd9a20c581f114a,ix-variant-4befc66e4b06e15a79f4,2026-10-03,2026-10-09,['raw_frequency'],overlapping raw schedule variants; not asserted to be contradictory because the source frequency legend is absent
ix-leg-3f7f46462787926fc80d,ix-variant-59172bd9a20c581f114a,ix-variant-59ef13095ea963f8813a,2026-10-04,2026-10-09,['raw_frequency'],overlapping raw schedule variants; not asserted to be contradictory because the source frequency legend is absent
ix-leg-3f7f46462787926fc80d,ix-variant-1b457d7f22bc86d0ae15,ix-variant-79af245a32754e3f871c,2026-03-31,2026-04-05,['raw_frequency'],overlapping raw schedule variants; not asserted to be contradictory because the source frequency legend is absent
ix-leg-3f7f46462787926fc80d,ix-variant-1b457d7f22bc86d0ae15,ix-variant-b1f9ca19bae9a1f6d0ac,2026-03-30,2026-04-04,['raw_frequency'],overlapping raw schedule variants; not asserted to be contradictory because the source frequency legend is absent
ix-leg-3f7f46462787926fc80d,ix-variant-569b11763d3c3e17ee57,ix-variant-4befc66e4b06e15a79f4,2026-05-04,2026-05-10,['raw_frequency'],overlapping raw schedule variants; not asserted to be contradictory because the source frequency legend is absent
ix-leg-3f7f46462787926fc80d,ix-variant-569b11763d3c3e17ee57,ix-variant-71d7203e13883c8b0a67,2026-05-04,2026-05-09,['raw_frequency'],overlapping raw schedule variants; not asserted to be contradictory because the source frequency legend is absent
ix-leg-3f7f46462787926fc80d,ix-variant-53936f6e9fc88c7a275c,ix-variant-4befc66e4b06e15a79f4,2026-06-15,2026-06-21,['raw_frequency'],overlapping raw schedule variants; not asserted to be contradictory because the source frequency legend is absent
ix-leg-3f7f46462787926fc80d,ix-variant-53936f6e9fc88c7a275c,ix-variant-b62a53f5077527aabbc4,2026-06-15,2026-06-20,['raw_frequency'],overlapping raw schedule variants; not asserted to be contradictory because the source frequency legend is absent
ix-leg-3f7f46462787926fc80d,ix-variant-bb9a44bccfceef6269e7,ix-variant-4befc66e4b06e15a79f4,2026-07-27,2026-08-02,['raw_frequency'],overlapping raw schedule variants; not asserted to be contradictory because the source frequency legend is absent
ix-leg-3f7f46462787926fc80d,ix-variant-bb9a44bccfceef6269e7,ix-variant-f1e8c1c24d37a849f834,2026-07-27,2026-08-01,['raw_frequency'],overlapping raw schedule variants; not asserted to be contradictory because the source frequency legend is absent
ix-leg-3f7f46462787926fc80d,ix-variant-96f09c751532a9890ceb,ix-variant-4befc66e4b06e15a79f4,2026-09-07,2026-09-13,['raw_frequency'],overlapping raw schedule variants; not asserted to be contradictory because the source frequency legend is absent
ix-leg-3f7f46462787926fc80d,ix-variant-96f09c751532a9890ceb,ix-variant-5e2ac4b5f3494d6536a9,2026-09-07,2026-09-12,['raw_frequency'],overlapping raw schedule variants; not asserted to be contradictory because the source frequency legend is absent
ix-leg-3f7f46462787926fc80d,ix-variant-79af245a32754e3f871c,ix-variant-b1f9ca19bae9a1f6d0ac,2026-03-31,2026-04-04,['raw_frequency'],overlapping raw schedule variants; not asserted to be contradictory because the source frequency legend is absent
ix-leg-3f7f46462787926fc80d,ix-variant-79af245a32754e3f871c,ix-variant-94ee9a6070b5f1f85323,2026-04-12,2026-04-16,['raw_frequency'],overlapping raw schedule variants; not asserted to be contradictory because the source frequency legend is absent
ix-leg-3f7f46462787926fc80d,ix-variant-4befc66e4b06e15a79f4,ix-variant-6ea0fa34ba37b78be40e,2026-05-22,2026-05-27,['raw_frequency'],overlapping raw schedule variants; not asserted to be contradictory because the source frequency legend is absent
ix-leg-3f7f46462787926fc80d,ix-variant-4befc66e4b06e15a79f4,ix-variant-ee33b7281deae761028a,2026-07-03,2026-07-08,['raw_frequency'],overlapping raw schedule variants; not asserted to be contradictory because the source frequency legend is absent
ix-leg-3f7f46462787926fc80d,ix-variant-4befc66e4b06e15a79f4,ix-variant-a3002d8c026ddea4e0e4,2026-08-14,2026-08-19,['raw_frequency'],overlapping raw schedule variants; not asserted to be contradictory because the source frequency legend is absent
ix-leg-3f7f46462787926fc80d,ix-variant-4befc66e4b06e15a79f4,ix-variant-8c4004137158707dff4b,2026-09-25,2026-09-30,['raw_frequency'],overlapping raw schedule variants; not asserted to be contradictory because the source frequency legend is absent
ix-leg-3f7f46462787926fc80d,ix-variant-4befc66e4b06e15a79f4,ix-variant-ea37dd8f1bba8cff744e,2026-04-28,2026-05-02,['raw_frequency'],overlapping raw schedule variants; not asserted to be contradictory because the source frequency legend is absent
ix-leg-3f7f46462787926fc80d,ix-variant-4befc66e4b06e15a79f4,ix-variant-71d7203e13883c8b0a67,2026-05-03,2026-05-09,['raw_frequency'],overlapping raw schedule variants; not asserted to be contradictory because the source frequency legend is absent
ix-leg-3f7f46462787926fc80d,ix-variant-4befc66e4b06e15a79f4,ix-variant-9c75a6caecfbe35c3f4a,2026-05-17,2026-05-23,['raw_frequency'],overlapping raw schedule variants; not asserted to be contradictory because the source frequency legend is absent
ix-leg-3f7f46462787926fc80d,ix-variant-4befc66e4b06e15a79f4,ix-variant-320c96c0913d637d9a65,2026-05-31,2026-06-06,['raw_frequency'],overlapping raw schedule variants; not asserted to be contradictory because the source frequency legend is absent
ix-leg-3f7f46462787926fc80d,ix-variant-4befc66e4b06e15a79f4,ix-variant-9a92aecef2fbfe01b415,2026-06-07,2026-06-13,['raw_frequency'],overlapping raw schedule variants; not asserted to be contradictory because the source frequency legend is absent
ix-leg-3f7f46462787926fc80d,ix-variant-4befc66e4b06e15a79f4,ix-variant-b62a53f5077527aabbc4,2026-06-14,2026-06-20,['raw_frequency'],overlapping raw schedule variants; not asserted to be contradictory because the source frequency legend is absent
ix-leg-3f7f46462787926fc80d,ix-variant-4befc66e4b06e15a79f4,ix-variant-9e1d8cfbc6e9e438efe1,2026-06-28,2026-07-04,['raw_frequency'],overlapping raw schedule variants; not asserted to be contradictory because the source frequency legend is absent
ix-leg-3f7f46462787926fc80d,ix-variant-4befc66e4b06e15a79f4,ix-variant-9dcc500a044b3a8dea55,2026-07-12,2026-07-18,['raw_frequency'],overlapping raw schedule variants; not asserted to be contradictory because the source frequency legend is absent
ix-leg-3f7f46462787926fc80d,ix-variant-4befc66e4b06e15a79f4,ix-variant-a6c9121614e7ff62c77e,2026-07-19,2026-07-25,['raw_frequency'],overlapping raw schedule variants; not asserted to be contradictory because the source frequency legend is absent
ix-leg-3f7f46462787926fc80d,ix-variant-4befc66e4b06e15a79f4,ix-variant-f1e8c1c24d37a849f834,2026-07-26,2026-08-01,['raw_frequency'],overlapping raw schedule variants; not asserted to be contradictory because the source frequency legend is absent
ix-leg-3f7f46462787926fc80d,ix-variant-4befc66e4b06e15a79f4,ix-variant-1e871ace24c369893613,2026-08-09,2026-08-15,['raw_frequency'],overlapping raw schedule variants; not asserted to be contradictory because the source frequency legend is absent
ix-leg-3f7f46462787926fc80d,ix-variant-4befc66e4b06e15a79f4,ix-variant-2f396eb8311fb1a47220,2026-08-23,2026-08-29,['raw_frequency'],overlapping raw schedule variants; not asserted to be contradictory because the source frequency legend is absent
ix-leg-3f7f46462787926fc80d,ix-variant-4befc66e4b06e15a79f4,ix-variant-ae113dc0eed93844903c,2026-08-30,2026-09-05,['raw_frequency'],overlapping raw schedule variants; not asserted to be contradictory because the source frequency legend is absent
ix-leg-3f7f46462787926fc80d,ix-variant-4befc66e4b06e15a79f4,ix-variant-5e2ac4b5f3494d6536a9,2026-09-06,2026-09-12,['raw_frequency'],overlapping raw schedule variants; not asserted to be contradictory because the source frequency legend is absent
ix-leg-3f7f46462787926fc80d,ix-variant-4befc66e4b06e15a79f4,ix-variant-5c8fb1d02366a25d4983,2026-09-20,2026-09-26,['raw_frequency'],overlapping raw schedule variants; not asserted to be contradictory because the source frequency legend is absent
ix-leg-3f7f46462787926fc80d,ix-variant-4befc66e4b06e15a79f4,ix-variant-59ef13095ea963f8813a,2026-10-04,2026-10-10,['raw_frequency'],overlapping raw schedule variants; not asserted to be contradictory because the source frequency legend is absent
ix-leg-3f7f46462787926fc80d,ix-variant-4befc66e4b06e15a79f4,ix-variant-c3a991457e6c86834433,2026-10-11,2026-10-17,['raw_frequency'],overlapping raw schedule variants; not asserted to be contradictory because the source frequency legend is absent
ix-leg-3f7f46462787926fc80d,ix-variant-4befc66e4b06e15a79f4,ix-variant-542d3a73718f576f6246,2026-10-18,2026-10-22,['raw_frequency'],overlapping raw schedule variants; not asserted to be contradictory because the source frequency legend is absent
ix-leg-3f7f46462787926fc80d,ix-variant-9e6d6ad642689afb125f,ix-variant-94ee9a6070b5f1f85323,2026-04-18,2026-04-22,['raw_frequency'],overlapping raw schedule variants; not asserted to be contradictory because the source frequency legend is absent
ix-leg-3f7f46462787926fc80d,ix-variant-6ea0fa34ba37b78be40e,ix-variant-9c75a6caecfbe35c3f4a,2026-05-22,2026-05-23,['raw_frequency'],overlapping raw schedule variants; not asserted to be contradictory because the source frequency legend is absent
ix-leg-3f7f46462787926fc80d,ix-variant-ee33b7281deae761028a,ix-variant-9e1d8cfbc6e9e438efe1,2026-07-03,2026-07-04,['raw_frequency'],overlapping raw schedule variants; not asserted to be contradictory because the source frequency legend is absent
ix-leg-3f7f46462787926fc80d,ix-variant-a3002d8c026ddea4e0e4,ix-variant-1e871ace24c369893613,2026-08-14,2026-08-15,['raw_frequency'],overlapping raw schedule variants; not asserted to be contradictory because the source frequency legend is absent
ix-leg-3f7f46462787926fc80d,ix-variant-8c4004137158707dff4b,ix-variant-5c8fb1d02366a25d4983,2026-09-25,2026-09-26,['raw_frequency'],overlapping raw schedule variants; not asserted to be contradictory because the source frequency legend is absent
ix-leg-8bc80ce818e6fbe1622b,ix-variant-3a887d8f7d0c9b12463f,ix-variant-67dd84c54887d8806291,2026-04-04,2026-10-23,['raw_frequency'],overlapping raw schedule variants; not asserted to be contradictory because the source frequency legend is absent
ix-leg-8bc80ce818e6fbe1622b,ix-variant-3a887d8f7d0c9b12463f,ix-variant-31c591d23c2c3a658abe,2026-03-31,2026-10-23,"['aircraft', 'raw_frequency', 'arrival_clock', 'departure_clock']",overlapping raw schedule variants; not asserted to be contradictory because the source frequency legend is absent
ix-leg-8bc80ce818e6fbe1622b,ix-variant-3a887d8f7d0c9b12463f,ix-variant-7a9832c6037ce93e1a50,2026-03-29,2026-10-23,"['aircraft', 'raw_frequency', 'arrival_clock', 'departure_clock']",overlapping raw schedule variants; not asserted to be contradictory because the source frequency legend is absent
ix-leg-8bc80ce818e6fbe1622b,ix-variant-67dd84c54887d8806291,ix-variant-31c591d23c2c3a658abe,2026-04-04,2026-10-24,"['aircraft', 'raw_frequency', 'arrival_clock', 'departure_clock']",overlapping raw schedule variants; not asserted to be contradictory because the source frequency legend is absent
ix-leg-8bc80ce818e6fbe1622b,ix-variant-67dd84c54887d8806291,ix-variant-7a9832c6037ce93e1a50,2026-04-04,2026-10-23,"['aircraft', 'raw_frequency', 'arrival_clock', 'departure_clock']",overlapping raw schedule variants; not asserted to be contradictory because the source frequency legend is absent
ix-leg-8bc80ce818e6fbe1622b,ix-variant-31c591d23c2c3a658abe,ix-variant-7a9832c6037ce93e1a50,2026-03-31,2026-10-23,"['aircraft', 'raw_frequency']",overlapping raw schedule variants; not asserted to be contradictory because the source frequency legend is absent
ix-leg-214174eda6334fd66fa3,ix-variant-c3fb7e7f72c1838b4e8e,ix-variant-17aff9c17d148b4f9345,2026-03-29,2026-10-23,"['arrival_clock', 'departure_clock']",overlapping raw schedule variants; not asserted to be contradictory because the source frequency legend is absent
ix-leg-214174eda6334fd66fa3,ix-variant-c3fb7e7f72c1838b4e8e,ix-variant-7ced9517b635f9e578e9,2026-03-29,2026-03-29,['raw_frequency'],overlapping raw schedule variants; not asserted to be contradictory because the source frequency legend is absent
ix-leg-214174eda6334fd66fa3,ix-variant-17aff9c17d148b4f9345,ix-variant-7ced9517b635f9e578e9,2026-03-29,2026-03-29,"['raw_frequency', 'arrival_clock', 'departure_clock']",overlapping raw schedule variants; not asserted to be contradictory because the source frequency legend is absent
ix-leg-dc333a62c1d04f236183,ix-variant-7b402a7a1968794aa16c,ix-variant-a2285d0a8449525593c6,2026-03-29,2026-04-04,"['arrival_clock', 'departure_clock']",overlapping raw schedule variants; not asserted to be contradictory because the source frequency legend is absent
ix-leg-dc333a62c1d04f236183,ix-variant-a2285d0a8449525593c6,ix-variant-5809911d31403585c19e,2026-04-05,2026-10-24,"['arrival_clock', 'departure_clock']",overlapping raw schedule variants; not asserted to be contradictory because the source frequency legend is absent
ix-leg-91f203fc47c865fe194e,ix-variant-9b0574f3a5e9154d7453,ix-variant-f00ab4d1bd5f098d640b,2026-03-30,2026-10-19,"['raw_frequency', 'arrival_clock', 'departure_clock']",overlapping raw schedule variants; not asserted to be contradictory because the source frequency legend is absent
ix-leg-91f203fc47c865fe194e,ix-variant-9b0574f3a5e9154d7453,ix-variant-cba844231ae99cf98c32,2026-03-31,2026-10-19,"['raw_frequency', 'departure_clock']",overlapping raw schedule variants; not asserted to be contradictory because the source frequency legend is absent
ix-leg-91f203fc47c865fe194e,ix-variant-9b0574f3a5e9154d7453,ix-variant-b285072a26c0086efb5c,2026-04-07,2026-04-07,"['raw_frequency', 'arrival_clock', 'departure_clock']",overlapping raw schedule variants; not asserted to be contradictory because the source frequency legend is absent
ix-leg-91f203fc47c865fe194e,ix-variant-9b0574f3a5e9154d7453,ix-variant-22fe163fa7fc242a9021,2026-04-09,2026-10-17,"['raw_frequency', 'arrival_clock', 'departure_clock']",overlapping raw schedule variants; not asserted to be contradictory because the source frequency legend is absent
ix-leg-91f203fc47c865fe194e,ix-variant-9b0574f3a5e9154d7453,ix-variant-11126fda71eaa90ecae9,2026-03-31,2026-04-04,"['raw_frequency', 'arrival_clock', 'departure_clock']",overlapping raw schedule variants; not asserted to be contradictory because the source frequency legend is absent
ix-leg-91f203fc47c865fe194e,ix-variant-9b0574f3a5e9154d7453,ix-variant-5448367c8ba83df62088,2026-04-01,2026-10-19,"['raw_frequency', 'departure_clock']",overlapping raw schedule variants; not asserted to be contradictory because the source frequency legend is absent
ix-leg-91f203fc47c865fe194e,ix-variant-9b0574f3a5e9154d7453,ix-variant-e92f9aaca2d15c0936eb,2026-04-02,2026-04-02,"['raw_frequency', 'arrival_clock', 'departure_clock']",overlapping raw schedule variants; not asserted to be contradictory because the source frequency legend is absent
ix-leg-91f203fc47c865fe194e,ix-variant-9b0574f3a5e9154d7453,ix-variant-bb01bde3e50d1c349459,2026-04-02,2026-10-19,"['raw_frequency', 'departure_clock']",overlapping raw schedule variants; not asserted to be contradictory because the source frequency legend is absent
ix-leg-91f203fc47c865fe194e,ix-variant-f00ab4d1bd5f098d640b,ix-variant-cba844231ae99cf98c32,2026-03-31,2026-10-19,"['raw_frequency', 'arrival_clock', 'departure_clock']",overlapping raw schedule variants; not asserted to be contradictory because the source frequency legend is absent
ix-leg-91f203fc47c865fe194e,ix-variant-f00ab4d1bd5f098d640b,ix-variant-b285072a26c0086efb5c,2026-04-07,2026-04-07,['raw_frequency'],overlapping raw schedule variants; not asserted to be contradictory because the source frequency legend is absent
ix-leg-91f203fc47c865fe194e,ix-variant-f00ab4d1bd5f098d640b,ix-variant-22fe163fa7fc242a9021,2026-04-09,2026-10-17,['raw_frequency'],overlapping raw schedule variants; not asserted to be contradictory because the source frequency legend is absent
ix-leg-91f203fc47c865fe194e,ix-variant-f00ab4d1bd5f098d640b,ix-variant-11126fda71eaa90ecae9,2026-03-31,2026-04-04,['raw_frequency'],overlapping raw schedule variants; not asserted to be contradictory because the source frequency legend is absent
ix-leg-91f203fc47c865fe194e,ix-variant-f00ab4d1bd5f098d640b,ix-variant-5448367c8ba83df62088,2026-04-01,2026-10-19,"['raw_frequency', 'arrival_clock', 'departure_clock']",overlapping raw schedule variants; not asserted to be contradictory because the source frequency legend is absent
ix-leg-91f203fc47c865fe194e,ix-variant-f00ab4d1bd5f098d640b,ix-variant-e92f9aaca2d15c0936eb,2026-04-02,2026-04-02,['raw_frequency'],overlapping raw schedule variants; not asserted to be contradictory because the source frequency legend is absent
ix-leg-91f203fc47c865fe194e,ix-variant-f00ab4d1bd5f098d640b,ix-variant-bb01bde3e50d1c349459,2026-04-02,2026-10-19,"['raw_frequency', 'arrival_clock', 'departure_clock']",overlapping raw schedule variants; not asserted to be contradictory because the source frequency legend is absent
ix-leg-91f203fc47c865fe194e,ix-variant-f00ab4d1bd5f098d640b,ix-variant-665e548404b97f8a12f9,2026-03-29,2026-03-29,"['raw_frequency', 'arrival_clock', 'departure_clock']",overlapping raw schedule variants; not asserted to be contradictory because the source frequency legend is absent
ix-leg-91f203fc47c865fe194e,ix-variant-cba844231ae99cf98c32,ix-variant-b285072a26c0086efb5c,2026-04-07,2026-04-07,"['arrival_clock', 'departure_clock']",overlapping raw schedule variants; not asserted to be contradictory because the source frequency legend is absent
ix-leg-91f203fc47c865fe194e,ix-variant-cba844231ae99cf98c32,ix-variant-22fe163fa7fc242a9021,2026-04-09,2026-10-17,"['raw_frequency', 'arrival_clock', 'departure_clock']",overlapping raw schedule variants; not asserted to be contradictory because the source frequency legend is absent
ix-leg-91f203fc47c865fe194e,ix-variant-cba844231ae99cf98c32,ix-variant-11126fda71eaa90ecae9,2026-03-31,2026-04-04,"['raw_frequency', 'arrival_clock', 'departure_clock']",overlapping raw schedule variants; not asserted to be contradictory because the source frequency legend is absent
ix-leg-91f203fc47c865fe194e,ix-variant-cba844231ae99cf98c32,ix-variant-1bf6108bd127a77f87ef,2026-10-20,2026-10-20,"['raw_frequency', 'arrival_clock', 'departure_clock']",overlapping raw schedule variants; not asserted to be contradictory because the source frequency legend is absent
ix-leg-91f203fc47c865fe194e,ix-variant-cba844231ae99cf98c32,ix-variant-5448367c8ba83df62088,2026-04-01,2026-10-20,['raw_frequency'],overlapping raw schedule variants; not asserted to be contradictory because the source frequency legend is absent
ix-leg-91f203fc47c865fe194e,ix-variant-cba844231ae99cf98c32,ix-variant-e92f9aaca2d15c0936eb,2026-04-02,2026-04-02,"['raw_frequency', 'arrival_clock', 'departure_clock']",overlapping raw schedule variants; not asserted to be contradictory because the source frequency legend is absent
ix-leg-91f203fc47c865fe194e,ix-variant-cba844231ae99cf98c32,ix-variant-bb01bde3e50d1c349459,2026-04-02,2026-10-20,['raw_frequency'],overlapping raw schedule variants; not asserted to be contradictory because the source frequency legend is absent
ix-leg-91f203fc47c865fe194e,ix-variant-b285072a26c0086efb5c,ix-variant-5448367c8ba83df62088,2026-04-07,2026-04-07,"['raw_frequency', 'arrival_clock', 'departure_clock']",overlapping raw schedule variants; not asserted to be contradictory because the source frequency legend is absent
ix-leg-91f203fc47c865fe194e,ix-variant-b285072a26c0086efb5c,ix-variant-bb01bde3e50d1c349459,2026-04-07,2026-04-07,"['raw_frequency', 'arrival_clock', 'departure_clock']",overlapping raw schedule variants; not asserted to be contradictory because the source frequency legend is absent
ix-leg-91f203fc47c865fe194e,ix-variant-22fe163fa7fc242a9021,ix-variant-5448367c8ba83df62088,2026-04-09,2026-10-17,"['raw_frequency', 'arrival_clock', 'departure_clock']",overlapping raw schedule variants; not asserted to be contradictory because the source frequency legend is absent
ix-leg-91f203fc47c865fe194e,ix-variant-22fe163fa7fc242a9021,ix-variant-bb01bde3e50d1c349459,2026-04-09,2026-10-17,"['raw_frequency', 'arrival_clock', 'departure_clock']",overlapping raw schedule variants; not asserted to be contradictory because the source frequency legend is absent
ix-leg-91f203fc47c865fe194e,ix-variant-11126fda71eaa90ecae9,ix-variant-5448367c8ba83df62088,2026-04-01,2026-04-04,"['raw_frequency', 'arrival_clock', 'departure_clock']",overlapping raw schedule variants; not asserted to be contradictory because the source frequency legend is absent
ix-leg-91f203fc47c865fe194e,ix-variant-11126fda71eaa90ecae9,ix-variant-e92f9aaca2d15c0936eb,2026-04-02,2026-04-02,['raw_frequency'],overlapping raw schedule variants; not asserted to be contradictory because the source frequency legend is absent
ix-leg-91f203fc47c865fe194e,ix-variant-11126fda71eaa90ecae9,ix-variant-bb01bde3e50d1c349459,2026-04-02,2026-04-04,"['raw_frequency', 'arrival_clock', 'departure_clock']",overlapping raw schedule variants; not asserted to be contradictory because the source frequency legend is absent
ix-leg-91f203fc47c865fe194e,ix-variant-1bf6108bd127a77f87ef,ix-variant-dce77ea9a52f59b8d80b,2026-10-21,2026-10-23,['raw_frequency'],overlapping raw schedule variants; not asserted to be contradictory because the source frequency legend is absent
ix-leg-91f203fc47c865fe194e,ix-variant-1bf6108bd127a77f87ef,ix-variant-5448367c8ba83df62088,2026-10-20,2026-10-23,"['raw_frequency', 'arrival_clock', 'departure_clock']",overlapping raw schedule variants; not asserted to be contradictory because the source frequency legend is absent
ix-leg-91f203fc47c865fe194e,ix-variant-1bf6108bd127a77f87ef,ix-variant-6d65d40c85c2dd375609,2026-10-22,2026-10-22,['raw_frequency'],overlapping raw schedule variants; not asserted to be contradictory because the source frequency legend is absent
ix-leg-91f203fc47c865fe194e,ix-variant-1bf6108bd127a77f87ef,ix-variant-bb01bde3e50d1c349459,2026-10-20,2026-10-24,"['raw_frequency', 'arrival_clock', 'departure_clock']",overlapping raw schedule variants; not asserted to be contradictory because the source frequency legend is absent
ix-leg-91f203fc47c865fe194e,ix-variant-dce77ea9a52f59b8d80b,ix-variant-5448367c8ba83df62088,2026-10-21,2026-10-23,"['raw_frequency', 'arrival_clock', 'departure_clock']",overlapping raw schedule variants; not asserted to be contradictory because the source frequency legend is absent
ix-leg-91f203fc47c865fe194e,ix-variant-dce77ea9a52f59b8d80b,ix-variant-6d65d40c85c2dd375609,2026-10-22,2026-10-22,['raw_frequency'],overlapping raw schedule variants; not asserted to be contradictory because the source frequency legend is absent
ix-leg-91f203fc47c865fe194e,ix-variant-dce77ea9a52f59b8d80b,ix-variant-bb01bde3e50d1c349459,2026-10-21,2026-10-23,"['raw_frequency', 'arrival_clock', 'departure_clock']",overlapping raw schedule variants; not asserted to be contradictory because the source frequency legend is absent
ix-leg-91f203fc47c865fe194e,ix-variant-5448367c8ba83df62088,ix-variant-e92f9aaca2d15c0936eb,2026-04-02,2026-04-02,"['raw_frequency', 'arrival_clock', 'departure_clock']",overlapping raw schedule variants; not asserted to be contradictory because the source frequency legend is absent
ix-leg-91f203fc47c865fe194e,ix-variant-5448367c8ba83df62088,ix-variant-6d65d40c85c2dd375609,2026-10-22,2026-10-22,"['raw_frequency', 'arrival_clock', 'departure_clock']",overlapping raw schedule variants; not asserted to be contradictory because the source frequency legend is absent
ix-leg-91f203fc47c865fe194e,ix-variant-5448367c8ba83df62088,ix-variant-bb01bde3e50d1c349459,2026-04-02,2026-10-23,['raw_frequency'],overlapping raw schedule variants; not asserted to be contradictory because the source frequency legend is absent
ix-leg-91f203fc47c865fe194e,ix-variant-e92f9aaca2d15c0936eb,ix-variant-bb01bde3e50d1c349459,2026-04-02,2026-04-02,"['raw_frequency', 'arrival_clock', 'departure_clock']",overlapping raw schedule variants; not asserted to be contradictory because the source frequency legend is absent
ix-leg-91f203fc47c865fe194e,ix-variant-6d65d40c85c2dd375609,ix-variant-bb01bde3e50d1c349459,2026-10-22,2026-10-22,"['raw_frequency', 'arrival_clock', 'departure_clock']",overlapping raw schedule variants; not asserted to be contradictory because the source frequency legend is absent
ix-leg-48e456f67371cd4cf07e,ix-variant-b9fcbf28e15cc44be219,ix-variant-02c65bec109c066af40d,2026-04-06,2026-07-13,"['arrival_clock', 'departure_clock']",overlapping raw schedule variants; not asserted to be contradictory because the source frequency legend is absent
ix-leg-48e456f67371cd4cf07e,ix-variant-b9fcbf28e15cc44be219,ix-variant-df9632332b5fc0996b2d,2026-07-20,2026-07-20,"['arrival_clock', 'departure_clock']",overlapping raw schedule variants; not asserted to be contradictory because the source frequency legend is absent
ix-leg-48e456f67371cd4cf07e,ix-variant-b9fcbf28e15cc44be219,ix-variant-a2a6d5cc7548a7d71f66,2026-07-27,2026-10-19,"['arrival_clock', 'departure_clock']",overlapping raw schedule variants; not asserted to be contradictory because the source frequency legend is absent
ix-leg-48e456f67371cd4cf07e,ix-variant-b9fcbf28e15cc44be219,ix-variant-20b7efecfe627c670f7d,2026-03-30,2026-04-03,"['raw_frequency', 'arrival_clock', 'departure_clock']",overlapping raw schedule variants; not asserted to be contradictory because the source frequency legend is absent
ix-leg-48e456f67371cd4cf07e,ix-variant-b9fcbf28e15cc44be219,ix-variant-997dad0248677ac950b0,2026-04-07,2026-04-07,"['raw_frequency', 'arrival_clock', 'departure_clock']",overlapping raw schedule variants; not asserted to be contradictory because the source frequency legend is absent
ix-leg-48e456f67371cd4cf07e,ix-variant-b9fcbf28e15cc44be219,ix-variant-85a3805fed805c555703,2026-03-31,2026-10-17,"['raw_frequency', 'arrival_clock']",overlapping raw schedule variants; not asserted to be contradictory because the source frequency legend is absent
ix-leg-48e456f67371cd4cf07e,ix-variant-b9fcbf28e15cc44be219,ix-variant-d5ddd96db9b3853680fa,2026-04-09,2026-10-17,"['raw_frequency', 'arrival_clock', 'departure_clock']",overlapping raw schedule variants; not asserted to be contradictory because the source frequency legend is absent
ix-leg-48e456f67371cd4cf07e,ix-variant-b9fcbf28e15cc44be219,ix-variant-4206164cd9e3b8aa7d9e,2026-03-31,2026-04-04,"['raw_frequency', 'arrival_clock', 'departure_clock']",overlapping raw schedule variants; not asserted to be contradictory because the source frequency legend is absent
ix-leg-48e456f67371cd4cf07e,ix-variant-b9fcbf28e15cc44be219,ix-variant-d1f1d9c6398efc9dfc9d,2026-03-30,2026-10-19,['raw_frequency'],overlapping raw schedule variants; not asserted to be contradictory because the source frequency legend is absent
ix-leg-48e456f67371cd4cf07e,ix-variant-b9fcbf28e15cc44be219,ix-variant-5b80d17987f3e7068a56,2026-04-05,2026-10-18,"['raw_frequency', 'arrival_clock', 'departure_clock']",overlapping raw schedule variants; not asserted to be contradictory because the source frequency legend is absent
ix-leg-48e456f67371cd4cf07e,ix-variant-b9fcbf28e15cc44be219,ix-variant-c2d23330c448f7315b4c,2026-04-02,2026-04-02,"['raw_frequency', 'arrival_clock', 'departure_clock']",overlapping raw schedule variants; not asserted to be contradictory because the source frequency legend is absent
ix-leg-48e456f67371cd4cf07e,ix-variant-02c65bec109c066af40d,ix-variant-997dad0248677ac950b0,2026-04-07,2026-04-07,['raw_frequency'],overlapping raw schedule variants; not asserted to be contradictory because the source frequency legend is absent
ix-leg-48e456f67371cd4cf07e,ix-variant-02c65bec109c066af40d,ix-variant-85a3805fed805c555703,2026-04-06,2026-07-13,"['raw_frequency', 'arrival_clock', 'departure_clock']",overlapping raw schedule variants; not asserted to be contradictory because the source frequency legend is absent
ix-leg-48e456f67371cd4cf07e,ix-variant-02c65bec109c066af40d,ix-variant-d5ddd96db9b3853680fa,2026-04-09,2026-07-13,['raw_frequency'],overlapping raw schedule variants; not asserted to be contradictory because the source frequency legend is absent
ix-leg-48e456f67371cd4cf07e,ix-variant-02c65bec109c066af40d,ix-variant-d1f1d9c6398efc9dfc9d,2026-04-06,2026-07-13,"['raw_frequency', 'arrival_clock', 'departure_clock']",overlapping raw schedule variants; not asserted to be contradictory because the source frequency legend is absent
ix-leg-48e456f67371cd4cf07e,ix-variant-02c65bec109c066af40d,ix-variant-5b80d17987f3e7068a56,2026-04-06,2026-07-13,['raw_frequency'],overlapping raw schedule variants; not asserted to be contradictory because the source frequency legend is absent
ix-leg-48e456f67371cd4cf07e,ix-variant-df9632332b5fc0996b2d,ix-variant-85a3805fed805c555703,2026-07-20,2026-07-20,"['raw_frequency', 'arrival_clock', 'departure_clock']",overlapping raw schedule variants; not asserted to be contradictory because the source frequency legend is absent
ix-leg-48e456f67371cd4cf07e,ix-variant-df9632332b5fc0996b2d,ix-variant-d5ddd96db9b3853680fa,2026-07-20,2026-07-20,['raw_frequency'],overlapping raw schedule variants; not asserted to be contradictory because the source frequency legend is absent
ix-leg-48e456f67371cd4cf07e,ix-variant-df9632332b5fc0996b2d,ix-variant-d1f1d9c6398efc9dfc9d,2026-07-20,2026-07-20,"['raw_frequency', 'arrival_clock', 'departure_clock']",overlapping raw schedule variants; not asserted to be contradictory because the source frequency legend is absent
ix-leg-48e456f67371cd4cf07e,ix-variant-df9632332b5fc0996b2d,ix-variant-5b80d17987f3e7068a56,2026-07-20,2026-07-20,['raw_frequency'],overlapping raw schedule variants; not asserted to be contradictory because the source frequency legend is absent
ix-leg-48e456f67371cd4cf07e,ix-variant-a2a6d5cc7548a7d71f66,ix-variant-85a3805fed805c555703,2026-07-27,2026-10-17,"['raw_frequency', 'arrival_clock', 'departure_clock']",overlapping raw schedule variants; not asserted to be contradictory because the source frequency legend is absent
ix-leg-48e456f67371cd4cf07e,ix-variant-a2a6d5cc7548a7d71f66,ix-variant-d5ddd96db9b3853680fa,2026-07-27,2026-10-17,['raw_frequency'],overlapping raw schedule variants; not asserted to be contradictory because the source frequency legend is absent
ix-leg-48e456f67371cd4cf07e,ix-variant-a2a6d5cc7548a7d71f66,ix-variant-d1f1d9c6398efc9dfc9d,2026-07-27,2026-10-19,"['raw_frequency', 'arrival_clock', 'departure_clock']",overlapping raw schedule variants; not asserted to be contradictory because the source frequency legend is absent
ix-leg-48e456f67371cd4cf07e,ix-variant-a2a6d5cc7548a7d71f66,ix-variant-5b80d17987f3e7068a56,2026-07-27,2026-10-18,['raw_frequency'],overlapping raw schedule variants; not asserted to be contradictory because the source frequency legend is absent
ix-leg-48e456f67371cd4cf07e,ix-variant-20b7efecfe627c670f7d,ix-variant-85a3805fed805c555703,2026-03-31,2026-04-03,"['raw_frequency', 'arrival_clock', 'departure_clock']",overlapping raw schedule variants; not asserted to be contradictory because the source frequency legend is absent
ix-leg-48e456f67371cd4cf07e,ix-variant-20b7efecfe627c670f7d,ix-variant-4206164cd9e3b8aa7d9e,2026-03-31,2026-04-03,['raw_frequency'],overlapping raw schedule variants; not asserted to be contradictory because the source frequency legend is absent
ix-leg-48e456f67371cd4cf07e,ix-variant-20b7efecfe627c670f7d,ix-variant-d1f1d9c6398efc9dfc9d,2026-03-29,2026-04-03,"['raw_frequency', 'arrival_clock', 'departure_clock']",overlapping raw schedule variants; not asserted to be contradictory because the source frequency legend is absent
ix-leg-48e456f67371cd4cf07e,ix-variant-20b7efecfe627c670f7d,ix-variant-c2d23330c448f7315b4c,2026-04-02,2026-04-02,['raw_frequency'],overlapping raw schedule variants; not asserted to be contradictory because the source frequency legend is absent
ix-leg-48e456f67371cd4cf07e,ix-variant-997dad0248677ac950b0,ix-variant-85a3805fed805c555703,2026-04-07,2026-04-07,"['raw_frequency', 'arrival_clock', 'departure_clock']",overlapping raw schedule variants; not asserted to be contradictory because the source frequency legend is absent
ix-leg-48e456f67371cd4cf07e,ix-variant-997dad0248677ac950b0,ix-variant-d1f1d9c6398efc9dfc9d,2026-04-07,2026-04-07,"['raw_frequency', 'arrival_clock', 'departure_clock']",overlapping raw schedule variants; not asserted to be contradictory because the source frequency legend is absent
ix-leg-48e456f67371cd4cf07e,ix-variant-997dad0248677ac950b0,ix-variant-5b80d17987f3e7068a56,2026-04-07,2026-04-07,['raw_frequency'],overlapping raw schedule variants; not asserted to be contradictory because the source frequency legend is absent
ix-leg-48e456f67371cd4cf07e,ix-variant-122cac1aeb22c7800e9a,ix-variant-ec5fd68b1e08d27341fa,2026-10-20,2026-10-20,"['raw_frequency', 'arrival_clock', 'departure_clock']",overlapping raw schedule variants; not asserted to be contradictory because the source frequency legend is absent
ix-leg-48e456f67371cd4cf07e,ix-variant-122cac1aeb22c7800e9a,ix-variant-d1f1d9c6398efc9dfc9d,2026-10-20,2026-10-20,"['raw_frequency', 'arrival_clock', 'departure_clock']",overlapping raw schedule variants; not asserted to be contradictory because the source frequency legend is absent
ix-leg-48e456f67371cd4cf07e,ix-variant-ec5fd68b1e08d27341fa,ix-variant-cd34ce00b7756629d953,2026-10-21,2026-10-22,"['raw_frequency', 'arrival_clock', 'departure_clock']",overlapping raw schedule variants; not asserted to be contradictory because the source frequency legend is absent
ix-leg-48e456f67371cd4cf07e,ix-variant-ec5fd68b1e08d27341fa,ix-variant-d1f1d9c6398efc9dfc9d,2026-10-20,2026-10-22,"['raw_frequency', 'arrival_clock']",overlapping raw schedule variants; not asserted to be contradictory because the source frequency legend is absent
ix-leg-48e456f67371cd4cf07e,ix-variant-ec5fd68b1e08d27341fa,ix-variant-de4a0c8992cc3fa44bb3,2026-10-22,2026-10-22,"['raw_frequency', 'arrival_clock', 'departure_clock']",overlapping raw schedule variants; not asserted to be contradictory because the source frequency legend is absent
ix-leg-48e456f67371cd4cf07e,ix-variant-85a3805fed805c555703,ix-variant-d5ddd96db9b3853680fa,2026-04-09,2026-10-17,"['arrival_clock', 'departure_clock']",overlapping raw schedule variants; not asserted to be contradictory because the source frequency legend is absent
ix-leg-48e456f67371cd4cf07e,ix-variant-85a3805fed805c555703,ix-variant-4206164cd9e3b8aa7d9e,2026-03-31,2026-04-04,"['raw_frequency', 'arrival_clock', 'departure_clock']",overlapping raw schedule variants; not asserted to be contradictory because the source frequency legend is absent
ix-leg-48e456f67371cd4cf07e,ix-variant-85a3805fed805c555703,ix-variant-d1f1d9c6398efc9dfc9d,2026-03-31,2026-10-17,"['raw_frequency', 'arrival_clock']",overlapping raw schedule variants; not asserted to be contradictory because the source frequency legend is absent
ix-leg-48e456f67371cd4cf07e,ix-variant-85a3805fed805c555703,ix-variant-5b80d17987f3e7068a56,2026-04-05,2026-10-17,"['raw_frequency', 'arrival_clock', 'departure_clock']",overlapping raw schedule variants; not asserted to be contradictory because the source frequency legend is absent
ix-leg-48e456f67371cd4cf07e,ix-variant-85a3805fed805c555703,ix-variant-c2d23330c448f7315b4c,2026-04-02,2026-04-02,"['raw_frequency', 'arrival_clock', 'departure_clock']",overlapping raw schedule variants; not asserted to be contradictory because the source frequency legend is absent
ix-leg-48e456f67371cd4cf07e,ix-variant-d5ddd96db9b3853680fa,ix-variant-d1f1d9c6398efc9dfc9d,2026-04-09,2026-10-17,"['raw_frequency', 'arrival_clock', 'departure_clock']",overlapping raw schedule variants; not asserted to be contradictory because the source frequency legend is absent
ix-leg-48e456f67371cd4cf07e,ix-variant-d5ddd96db9b3853680fa,ix-variant-5b80d17987f3e7068a56,2026-04-09,2026-10-17,['raw_frequency'],overlapping raw schedule variants; not asserted to be contradictory because the source frequency legend is absent
ix-leg-48e456f67371cd4cf07e,ix-variant-4206164cd9e3b8aa7d9e,ix-variant-d1f1d9c6398efc9dfc9d,2026-03-31,2026-04-04,"['raw_frequency', 'arrival_clock', 'departure_clock']",overlapping raw schedule variants; not asserted to be contradictory because the source frequency legend is absent
ix-leg-48e456f67371cd4cf07e,ix-variant-4206164cd9e3b8aa7d9e,ix-variant-c2d23330c448f7315b4c,2026-04-02,2026-04-02,['raw_frequency'],overlapping raw schedule variants; not asserted to be contradictory because the source frequency legend is absent
ix-leg-48e456f67371cd4cf07e,ix-variant-cd34ce00b7756629d953,ix-variant-d1f1d9c6398efc9dfc9d,2026-10-21,2026-10-23,"['raw_frequency', 'arrival_clock', 'departure_clock']",overlapping raw schedule variants; not asserted to be contradictory because the source frequency legend is absent
ix-leg-48e456f67371cd4cf07e,ix-variant-cd34ce00b7756629d953,ix-variant-de4a0c8992cc3fa44bb3,2026-10-22,2026-10-22,['raw_frequency'],overlapping raw schedule variants; not asserted to be contradictory because the source frequency legend is absent
ix-leg-48e456f67371cd4cf07e,ix-variant-cd34ce00b7756629d953,ix-variant-9b0d9f35c96579fa0722,2026-10-23,2026-10-23,['raw_frequency'],overlapping raw schedule variants; not asserted to be contradictory because the source frequency legend is absent
ix-leg-48e456f67371cd4cf07e,ix-variant-d1f1d9c6398efc9dfc9d,ix-variant-5b80d17987f3e7068a56,2026-04-05,2026-10-18,"['arrival_clock', 'departure_clock']",overlapping raw schedule variants; not asserted to be contradictory because the source frequency legend is absent
ix-leg-48e456f67371cd4cf07e,ix-variant-d1f1d9c6398efc9dfc9d,ix-variant-c2d23330c448f7315b4c,2026-04-02,2026-04-02,"['raw_frequency', 'arrival_clock', 'departure_clock']",overlapping raw schedule variants; not asserted to be contradictory because the source frequency legend is absent
ix-leg-48e456f67371cd4cf07e,ix-variant-d1f1d9c6398efc9dfc9d,ix-variant-de4a0c8992cc3fa44bb3,2026-10-22,2026-10-22,"['raw_frequency', 'arrival_clock', 'departure_clock']",overlapping raw schedule variants; not asserted to be contradictory because the source frequency legend is absent
ix-leg-48e456f67371cd4cf07e,ix-variant-d1f1d9c6398efc9dfc9d,ix-variant-9b0d9f35c96579fa0722,2026-10-23,2026-10-23,"['raw_frequency', 'arrival_clock', 'departure_clock']",overlapping raw schedule variants; not asserted to be contradictory because the source frequency legend is absent
ix-leg-58e24ee64b61dbd038c3,ix-variant-2f81ac4e94b1d9a78cf8,ix-variant-2af6b8f906f126244692,2026-03-30,2026-10-24,"['arrival_clock', 'departure_clock']",overlapping raw schedule variants; not asserted to be contradictory because the source frequency legend is absent
ix-leg-58e24ee64b61dbd038c3,ix-variant-2f81ac4e94b1d9a78cf8,ix-variant-c0c558bf0397b21dd68b,2026-03-29,2026-03-29,"['raw_frequency', 'arrival_clock', 'departure_clock']",overlapping raw schedule variants; not asserted to be contradictory because the source frequency legend is absent
ix-leg-e8d7fdb4e60cdeee35e8,ix-variant-36c19602e75d22a0552f,ix-variant-980835469d23edb3d4ad,2026-03-30,2026-04-04,"['raw_frequency', 'arrival_clock', 'departure_clock']",overlapping raw schedule variants; not asserted to be contradictory because the source frequency legend is absent
ix-leg-e8d7fdb4e60cdeee35e8,ix-variant-980835469d23edb3d4ad,ix-variant-2210645708c23a38787e,2026-04-05,2026-10-24,"['arrival_clock', 'departure_clock']",overlapping raw schedule variants; not asserted to be contradictory because the source frequency legend is absent
ix-leg-e8d7fdb4e60cdeee35e8,ix-variant-980835469d23edb3d4ad,ix-variant-b1b5bf65a23a5c1fea7e,2026-03-29,2026-03-29,"['raw_frequency', 'arrival_clock', 'departure_clock']",overlapping raw schedule variants; not asserted to be contradictory because the source frequency legend is absent
ix-leg-83c7be02b9f8e3da0f98,ix-variant-8e5f1b45943be3c8c657,ix-variant-7accc56553a928b563c4,2026-03-29,2026-04-04,"['arrival_clock', 'departure_clock']",overlapping raw schedule variants; not asserted to be contradictory because the source frequency legend is absent
ix-leg-83c7be02b9f8e3da0f98,ix-variant-7accc56553a928b563c4,ix-variant-b5af9e79bf860be4f7c6,2026-04-05,2026-10-24,"['arrival_clock', 'departure_clock']",overlapping raw schedule variants; not asserted to be contradictory because the source frequency legend is absent
ix-leg-41c26908b05259169097,ix-variant-e9e4a3e849ee2ffd9065,ix-variant-26f426aa5d25a54b9be2,2026-03-30,2026-10-23,"['raw_frequency', 'arrival_clock', 'departure_clock']",overlapping raw schedule variants; not asserted to be contradictory because the source frequency legend is absent
ix-leg-41c26908b05259169097,ix-variant-e9e4a3e849ee2ffd9065,ix-variant-e67161e84368593efc98,2026-03-30,2026-10-21,"['raw_frequency', 'arrival_clock', 'departure_clock']",overlapping raw schedule variants; not asserted to be contradictory because the source frequency legend is absent
ix-leg-41c26908b05259169097,ix-variant-e9e4a3e849ee2ffd9065,ix-variant-f7d23ce3e012a3eb0c2f,2026-04-02,2026-10-22,"['raw_frequency', 'arrival_clock', 'departure_clock']",overlapping raw schedule variants; not asserted to be contradictory because the source frequency legend is absent
ix-leg-41c26908b05259169097,ix-variant-e9e4a3e849ee2ffd9065,ix-variant-011d1a228e9d0fd21130,2026-04-03,2026-10-23,['raw_frequency'],overlapping raw schedule variants; not asserted to be contradictory because the source frequency legend is absent
ix-leg-41c26908b05259169097,ix-variant-26f426aa5d25a54b9be2,ix-variant-e67161e84368593efc98,2026-03-29,2026-10-21,"['raw_frequency', 'arrival_clock', 'departure_clock']",overlapping raw schedule variants; not asserted to be contradictory because the source frequency legend is absent
ix-leg-41c26908b05259169097,ix-variant-26f426aa5d25a54b9be2,ix-variant-f7d23ce3e012a3eb0c2f,2026-04-02,2026-10-22,['raw_frequency'],overlapping raw schedule variants; not asserted to be contradictory because the source frequency legend is absent
ix-leg-41c26908b05259169097,ix-variant-26f426aa5d25a54b9be2,ix-variant-011d1a228e9d0fd21130,2026-04-03,2026-10-23,"['raw_frequency', 'arrival_clock', 'departure_clock']",overlapping raw schedule variants; not asserted to be contradictory because the source frequency legend is absent
ix-leg-41c26908b05259169097,ix-variant-e67161e84368593efc98,ix-variant-f7d23ce3e012a3eb0c2f,2026-04-02,2026-10-21,"['raw_frequency', 'arrival_clock', 'departure_clock']",overlapping raw schedule variants; not asserted to be contradictory because the source frequency legend is absent
ix-leg-41c26908b05259169097,ix-variant-e67161e84368593efc98,ix-variant-011d1a228e9d0fd21130,2026-04-03,2026-10-21,"['raw_frequency', 'arrival_clock', 'departure_clock']",overlapping raw schedule variants; not asserted to be contradictory because the source frequency legend is absent
ix-leg-41c26908b05259169097,ix-variant-f7d23ce3e012a3eb0c2f,ix-variant-011d1a228e9d0fd21130,2026-04-03,2026-10-22,"['raw_frequency', 'arrival_clock', 'departure_clock']",overlapping raw schedule variants; not asserted to be contradictory because the source frequency legend is absent
ix-leg-51e088eafa0e3eda2f18,ix-variant-ae285a7904fd46c5ca76,ix-variant-90de8c1664fceeaf4f11,2026-03-29,2026-10-24,"['raw_frequency', 'arrival_clock', 'departure_clock']",overlapping raw schedule variants; not asserted to be contradictory because the source frequency legend is absent
ix-leg-51e088eafa0e3eda2f18,ix-variant-ae285a7904fd46c5ca76,ix-variant-8fd1611d6de477f38400,2026-03-30,2026-10-19,"['raw_frequency', 'arrival_clock', 'departure_clock']",overlapping raw schedule variants; not asserted to be contradictory because the source frequency legend is absent
ix-leg-51e088eafa0e3eda2f18,ix-variant-90de8c1664fceeaf4f11,ix-variant-8fd1611d6de477f38400,2026-03-30,2026-10-19,['raw_frequency'],overlapping raw schedule variants; not asserted to be contradictory because the source frequency legend is absent
ix-leg-394aacb8bc40956c2899,ix-variant-e26d907e93e1de59bca3,ix-variant-14c676c560c708f6cdf7,2026-03-29,2026-10-23,"['raw_frequency', 'arrival_clock', 'departure_clock']",overlapping raw schedule variants; not asserted to be contradictory because the source frequency legend is absent
ix-leg-394aacb8bc40956c2899,ix-variant-e26d907e93e1de59bca3,ix-variant-942e94fa5762bb01f664,2026-03-31,2026-10-24,"['raw_frequency', 'arrival_clock', 'departure_clock']",overlapping raw schedule variants; not asserted to be contradictory because the source frequency legend is absent
ix-leg-394aacb8bc40956c2899,ix-variant-14c676c560c708f6cdf7,ix-variant-942e94fa5762bb01f664,2026-03-31,2026-10-23,['raw_frequency'],overlapping raw schedule variants; not asserted to be contradictory because the source frequency legend is absent
ix-leg-c96634d13084e7551181,ix-variant-e0e0624c31c66591b1b5,ix-variant-db599202af03c0e1dcc6,2026-03-30,2026-10-20,"['raw_frequency', 'arrival_clock', 'departure_clock']",overlapping raw schedule variants; not asserted to be contradictory because the source frequency legend is absent
ix-leg-c96634d13084e7551181,ix-variant-e0e0624c31c66591b1b5,ix-variant-f03dad23ab09434f722b,2026-03-30,2026-10-20,['raw_frequency'],overlapping raw schedule variants; not asserted to be contradictory because the source frequency legend is absent
ix-leg-c96634d13084e7551181,ix-variant-db599202af03c0e1dcc6,ix-variant-f03dad23ab09434f722b,2026-03-29,2026-10-24,"['raw_frequency', 'arrival_clock', 'departure_clock']",overlapping raw schedule variants; not asserted to be contradictory because the source frequency legend is absent
ix-leg-56ee7b6add0a45dfcb23,ix-variant-120230cb888e21c6a103,ix-variant-e924db719968b972f2f4,2026-03-30,2026-03-31,"['arrival_clock', 'departure_clock']",overlapping raw schedule variants; not asserted to be contradictory because the source frequency legend is absent
ix-leg-56ee7b6add0a45dfcb23,ix-variant-120230cb888e21c6a103,ix-variant-f1c96b174a6decd8858e,2026-03-30,2026-03-31,"['raw_frequency', 'arrival_clock', 'departure_clock']",overlapping raw schedule variants; not asserted to be contradictory because the source frequency legend is absent
ix-leg-56ee7b6add0a45dfcb23,ix-variant-e924db719968b972f2f4,ix-variant-6590fd043187adc5f10e,2026-04-01,2026-10-20,"['raw_frequency', 'arrival_clock', 'departure_clock']",overlapping raw schedule variants; not asserted to be contradictory because the source frequency legend is absent
ix-leg-56ee7b6add0a45dfcb23,ix-variant-e924db719968b972f2f4,ix-variant-f1c96b174a6decd8858e,2026-03-30,2026-10-20,['raw_frequency'],overlapping raw schedule variants; not asserted to be contradictory because the source frequency legend is absent
ix-leg-56ee7b6add0a45dfcb23,ix-variant-6590fd043187adc5f10e,ix-variant-f1c96b174a6decd8858e,2026-04-01,2026-10-23,"['raw_frequency', 'arrival_clock', 'departure_clock']",overlapping raw schedule variants; not asserted to be contradictory because the source frequency legend is absent
ix-leg-56ee7b6add0a45dfcb23,ix-variant-f1c96b174a6decd8858e,ix-variant-2c28ee2eec36127b3500,2026-10-24,2026-10-24,"['raw_frequency', 'arrival_clock', 'departure_clock']",overlapping raw schedule variants; not asserted to be contradictory because the source frequency legend is absent
ix-leg-56ee7b6add0a45dfcb23,ix-variant-f1c96b174a6decd8858e,ix-variant-c53685a7e24a7fe8ed0e,2026-03-29,2026-03-29,"['raw_frequency', 'arrival_clock', 'departure_clock']",overlapping raw schedule variants; not asserted to be contradictory because the source frequency legend is absent
ix-leg-22910f9034d1f2ba130d,ix-variant-ba9021a793c033b37da0,ix-variant-b96fd60e4e7abc525166,2026-04-08,2026-04-13,"['raw_frequency', 'arrival_clock', 'departure_clock']",overlapping raw schedule variants; not asserted to be contradictory because the source frequency legend is absent
ix-leg-22910f9034d1f2ba130d,ix-variant-ba9021a793c033b37da0,ix-variant-cab48def1c06c14c1a27,2026-05-13,2026-05-18,"['raw_frequency', 'arrival_clock', 'departure_clock']",overlapping raw schedule variants; not asserted to be contradictory because the source frequency legend is absent
ix-leg-22910f9034d1f2ba130d,ix-variant-ba9021a793c033b37da0,ix-variant-b19cb4cf6a6da106836f,2026-06-24,2026-06-29,"['raw_frequency', 'arrival_clock', 'departure_clock']",overlapping raw schedule variants; not asserted to be contradictory because the source frequency legend is absent
ix-leg-22910f9034d1f2ba130d,ix-variant-ba9021a793c033b37da0,ix-variant-bca975f0f1023f32c369,2026-08-05,2026-08-10,"['raw_frequency', 'arrival_clock', 'departure_clock']",overlapping raw schedule variants; not asserted to be contradictory because the source frequency legend is absent
ix-leg-22910f9034d1f2ba130d,ix-variant-ba9021a793c033b37da0,ix-variant-4287ad8882ecf4d0b65d,2026-09-16,2026-09-21,"['raw_frequency', 'arrival_clock', 'departure_clock']",overlapping raw schedule variants; not asserted to be contradictory because the source frequency legend is absent
ix-leg-22910f9034d1f2ba130d,ix-variant-ba9021a793c033b37da0,ix-variant-f76e409be192931500c5,2026-04-06,2026-04-10,"['raw_frequency', 'arrival_clock', 'departure_clock']",overlapping raw schedule variants; not asserted to be contradictory because the source frequency legend is absent
ix-leg-22910f9034d1f2ba130d,ix-variant-ba9021a793c033b37da0,ix-variant-a6846f4d267eab089475,2026-04-17,2026-04-24,"['raw_frequency', 'arrival_clock', 'departure_clock']",overlapping raw schedule variants; not asserted to be contradictory because the source frequency legend is absent
ix-leg-22910f9034d1f2ba130d,ix-variant-ba9021a793c033b37da0,ix-variant-74f0e324f588f232fcf8,2026-05-11,2026-05-15,"['raw_frequency', 'arrival_clock', 'departure_clock']",overlapping raw schedule variants; not asserted to be contradictory because the source frequency legend is absent
ix-leg-22910f9034d1f2ba130d,ix-variant-ba9021a793c033b37da0,ix-variant-69920344b41697e139d8,2026-05-25,2026-05-29,"['raw_frequency', 'arrival_clock', 'departure_clock']",overlapping raw schedule variants; not asserted to be contradictory because the source frequency legend is absent
ix-leg-22910f9034d1f2ba130d,ix-variant-ba9021a793c033b37da0,ix-variant-c7e713e983d0bf7656f8,2026-06-08,2026-06-12,"['raw_frequency', 'arrival_clock', 'departure_clock']",overlapping raw schedule variants; not asserted to be contradictory because the source frequency legend is absent
ix-leg-22910f9034d1f2ba130d,ix-variant-ba9021a793c033b37da0,ix-variant-df36ee3fc82339cae1b3,2026-06-22,2026-06-26,"['raw_frequency', 'arrival_clock', 'departure_clock']",overlapping raw schedule variants; not asserted to be contradictory because the source frequency legend is absent
ix-leg-22910f9034d1f2ba130d,ix-variant-ba9021a793c033b37da0,ix-variant-00cc0e0a6607d3201cb2,2026-07-06,2026-07-10,"['raw_frequency', 'arrival_clock', 'departure_clock']",overlapping raw schedule variants; not asserted to be contradictory because the source frequency legend is absent
ix-leg-22910f9034d1f2ba130d,ix-variant-ba9021a793c033b37da0,ix-variant-24ed19bedef22a540103,2026-07-20,2026-07-24,"['raw_frequency', 'arrival_clock', 'departure_clock']",overlapping raw schedule variants; not asserted to be contradictory because the source frequency legend is absent
ix-leg-22910f9034d1f2ba130d,ix-variant-ba9021a793c033b37da0,ix-variant-fc7132e4450fb76edd00,2026-08-03,2026-08-07,"['raw_frequency', 'arrival_clock', 'departure_clock']",overlapping raw schedule variants; not asserted to be contradictory because the source frequency legend is absent
ix-leg-22910f9034d1f2ba130d,ix-variant-ba9021a793c033b37da0,ix-variant-c231604ca466235d4af7,2026-08-17,2026-08-21,"['raw_frequency', 'arrival_clock', 'departure_clock']",overlapping raw schedule variants; not asserted to be contradictory because the source frequency legend is absent
ix-leg-22910f9034d1f2ba130d,ix-variant-ba9021a793c033b37da0,ix-variant-3b1552f678657330ec7a,2026-08-31,2026-09-04,"['raw_frequency', 'arrival_clock', 'departure_clock']",overlapping raw schedule variants; not asserted to be contradictory because the source frequency legend is absent
ix-leg-22910f9034d1f2ba130d,ix-variant-ba9021a793c033b37da0,ix-variant-fdf39522442fa066773e,2026-09-14,2026-09-18,"['raw_frequency', 'arrival_clock', 'departure_clock']",overlapping raw schedule variants; not asserted to be contradictory because the source frequency legend is absent
ix-leg-22910f9034d1f2ba130d,ix-variant-ba9021a793c033b37da0,ix-variant-d4aba83067d45d28961a,2026-09-28,2026-10-02,"['raw_frequency', 'arrival_clock', 'departure_clock']",overlapping raw schedule variants; not asserted to be contradictory because the source frequency legend is absent
ix-leg-22910f9034d1f2ba130d,ix-variant-ba9021a793c033b37da0,ix-variant-9abcd44c47bc11f6b691,2026-10-12,2026-10-16,"['raw_frequency', 'arrival_clock', 'departure_clock']",overlapping raw schedule variants; not asserted to be contradictory because the source frequency legend is absent
ix-leg-22910f9034d1f2ba130d,ix-variant-ba9021a793c033b37da0,ix-variant-ee85ea8cc43157cd37d7,2026-10-19,2026-10-23,"['raw_frequency', 'arrival_clock', 'departure_clock']",overlapping raw schedule variants; not asserted to be contradictory because the source frequency legend is absent
ix-leg-22910f9034d1f2ba130d,ix-variant-ba9021a793c033b37da0,ix-variant-c5ab550bc7d221e654a8,2026-04-25,2026-05-01,"['raw_frequency', 'arrival_clock', 'departure_clock']",overlapping raw schedule variants; not asserted to be contradictory because the source frequency legend is absent
ix-leg-22910f9034d1f2ba130d,ix-variant-ba9021a793c033b37da0,ix-variant-e3d1574eecefcbd416d9,2026-05-30,2026-06-05,"['raw_frequency', 'arrival_clock', 'departure_clock']",overlapping raw schedule variants; not asserted to be contradictory because the source frequency legend is absent
ix-leg-22910f9034d1f2ba130d,ix-variant-ba9021a793c033b37da0,ix-variant-8a07ffd77e89f5d483a9,2026-07-11,2026-07-17,"['raw_frequency', 'arrival_clock', 'departure_clock']",overlapping raw schedule variants; not asserted to be contradictory because the source frequency legend is absent
ix-leg-22910f9034d1f2ba130d,ix-variant-ba9021a793c033b37da0,ix-variant-8e5044f7b6ddba429426,2026-08-22,2026-08-28,"['raw_frequency', 'arrival_clock', 'departure_clock']",overlapping raw schedule variants; not asserted to be contradictory because the source frequency legend is absent
ix-leg-22910f9034d1f2ba130d,ix-variant-ba9021a793c033b37da0,ix-variant-ec819f49b8ff467ab8cb,2026-10-03,2026-10-09,"['raw_frequency', 'arrival_clock', 'departure_clock']",overlapping raw schedule variants; not asserted to be contradictory because the source frequency legend is absent
ix-leg-22910f9034d1f2ba130d,ix-variant-ba9021a793c033b37da0,ix-variant-b537ce58c2e55516441c,2026-03-30,2026-04-05,"['raw_frequency', 'arrival_clock', 'departure_clock']",overlapping raw schedule variants; not asserted to be contradictory because the source frequency legend is absent
ix-leg-22910f9034d1f2ba130d,ix-variant-ba9021a793c033b37da0,ix-variant-0ba92ea7302c172bf1c2,2026-05-04,2026-05-10,"['raw_frequency', 'arrival_clock', 'departure_clock']",overlapping raw schedule variants; not asserted to be contradictory because the source frequency legend is absent
ix-leg-22910f9034d1f2ba130d,ix-variant-ba9021a793c033b37da0,ix-variant-809a6193075799f2ff0f,2026-06-15,2026-06-21,"['raw_frequency', 'arrival_clock', 'departure_clock']",overlapping raw schedule variants; not asserted to be contradictory because the source frequency legend is absent
ix-leg-22910f9034d1f2ba130d,ix-variant-ba9021a793c033b37da0,ix-variant-d0805a76d85f7b1aceab,2026-07-27,2026-08-02,"['raw_frequency', 'arrival_clock', 'departure_clock']",overlapping raw schedule variants; not asserted to be contradictory because the source frequency legend is absent
ix-leg-22910f9034d1f2ba130d,ix-variant-ba9021a793c033b37da0,ix-variant-f4a0e60de00413c13e99,2026-09-07,2026-09-13,"['raw_frequency', 'arrival_clock', 'departure_clock']",overlapping raw schedule variants; not asserted to be contradictory because the source frequency legend is absent
ix-leg-22910f9034d1f2ba130d,ix-variant-ba9021a793c033b37da0,ix-variant-295ff0c1b8b6de1f1123,2026-03-31,2026-04-16,"['raw_frequency', 'arrival_clock', 'departure_clock']",overlapping raw schedule variants; not asserted to be contradictory because the source frequency legend is absent
ix-leg-22910f9034d1f2ba130d,ix-variant-ba9021a793c033b37da0,ix-variant-21afd98256e798919768,2026-04-28,2026-10-22,"['raw_frequency', 'arrival_clock', 'departure_clock']",overlapping raw schedule variants; not asserted to be contradictory because the source frequency legend is absent
ix-leg-22910f9034d1f2ba130d,ix-variant-ba9021a793c033b37da0,ix-variant-ce7f30262eecec864609,2026-04-18,2026-04-23,"['raw_frequency', 'arrival_clock', 'departure_clock']",overlapping raw schedule variants; not asserted to be contradictory because the source frequency legend is absent
ix-leg-22910f9034d1f2ba130d,ix-variant-ba9021a793c033b37da0,ix-variant-e1121448c264e909feb8,2026-05-22,2026-05-27,"['raw_frequency', 'arrival_clock', 'departure_clock']",overlapping raw schedule variants; not asserted to be contradictory because the source frequency legend is absent
ix-leg-22910f9034d1f2ba130d,ix-variant-ba9021a793c033b37da0,ix-variant-fdfef0b265562b6bb90a,2026-07-03,2026-07-08,"['raw_frequency', 'arrival_clock', 'departure_clock']",overlapping raw schedule variants; not asserted to be contradictory because the source frequency legend is absent
ix-leg-22910f9034d1f2ba130d,ix-variant-ba9021a793c033b37da0,ix-variant-b8f06b3cd87d5baa461d,2026-08-14,2026-08-19,"['raw_frequency', 'arrival_clock', 'departure_clock']",overlapping raw schedule variants; not asserted to be contradictory because the source frequency legend is absent
ix-leg-22910f9034d1f2ba130d,ix-variant-ba9021a793c033b37da0,ix-variant-7fdc061516c06f4cd0b3,2026-09-25,2026-09-30,"['raw_frequency', 'arrival_clock', 'departure_clock']",overlapping raw schedule variants; not asserted to be contradictory because the source frequency legend is absent
ix-leg-22910f9034d1f2ba130d,ix-variant-ba9021a793c033b37da0,ix-variant-dffbd5563f147989e252,2026-03-29,2026-04-04,"['raw_frequency', 'arrival_clock', 'departure_clock']",overlapping raw schedule variants; not asserted to be contradictory because the source frequency legend is absent
ix-leg-22910f9034d1f2ba130d,ix-variant-ba9021a793c033b37da0,ix-variant-2646f2fa895ce1335ea0,2026-04-26,2026-05-02,"['raw_frequency', 'arrival_clock', 'departure_clock']",overlapping raw schedule variants; not asserted to be contradictory because the source frequency legend is absent
ix-leg-22910f9034d1f2ba130d,ix-variant-ba9021a793c033b37da0,ix-variant-8296f1bbda70b871b7ba,2026-05-03,2026-05-09,"['raw_frequency', 'arrival_clock', 'departure_clock']",overlapping raw schedule variants; not asserted to be contradictory because the source frequency legend is absent
ix-leg-22910f9034d1f2ba130d,ix-variant-ba9021a793c033b37da0,ix-variant-becb0b427ca395342623,2026-05-17,2026-05-23,"['raw_frequency', 'arrival_clock', 'departure_clock']",overlapping raw schedule variants; not asserted to be contradictory because the source frequency legend is absent
ix-leg-22910f9034d1f2ba130d,ix-variant-ba9021a793c033b37da0,ix-variant-0c4acc5281de28e1dfcc,2026-05-31,2026-06-06,"['raw_frequency', 'arrival_clock', 'departure_clock']",overlapping raw schedule variants; not asserted to be contradictory because the source frequency legend is absent
ix-leg-22910f9034d1f2ba130d,ix-variant-ba9021a793c033b37da0,ix-variant-e62559b6082ef859fe42,2026-06-07,2026-06-13,"['raw_frequency', 'arrival_clock', 'departure_clock']",overlapping raw schedule variants; not asserted to be contradictory because the source frequency legend is absent
ix-leg-22910f9034d1f2ba130d,ix-variant-ba9021a793c033b37da0,ix-variant-53b2ed04f7468f290cea,2026-06-14,2026-06-20,"['raw_frequency', 'arrival_clock', 'departure_clock']",overlapping raw schedule variants; not asserted to be contradictory because the source frequency legend is absent
ix-leg-22910f9034d1f2ba130d,ix-variant-ba9021a793c033b37da0,ix-variant-cffe493809a42f0aeb85,2026-06-28,2026-07-04,"['raw_frequency', 'arrival_clock', 'departure_clock']",overlapping raw schedule variants; not asserted to be contradictory because the source frequency legend is absent
ix-leg-22910f9034d1f2ba130d,ix-variant-ba9021a793c033b37da0,ix-variant-e48072609457289326b9,2026-07-12,2026-07-18,"['raw_frequency', 'arrival_clock', 'departure_clock']",overlapping raw schedule variants; not asserted to be contradictory because the source frequency legend is absent
ix-leg-22910f9034d1f2ba130d,ix-variant-ba9021a793c033b37da0,ix-variant-8cab0db4aab59c48d8eb,2026-07-19,2026-07-25,"['raw_frequency', 'arrival_clock', 'departure_clock']",overlapping raw schedule variants; not asserted to be contradictory because the source frequency legend is absent
ix-leg-22910f9034d1f2ba130d,ix-variant-ba9021a793c033b37da0,ix-variant-f282b1090463122142d0,2026-07-26,2026-08-01,"['raw_frequency', 'arrival_clock', 'departure_clock']",overlapping raw schedule variants; not asserted to be contradictory because the source frequency legend is absent
ix-leg-22910f9034d1f2ba130d,ix-variant-ba9021a793c033b37da0,ix-variant-8d843a8703c7f17f9b6c,2026-08-09,2026-08-15,"['raw_frequency', 'arrival_clock', 'departure_clock']",overlapping raw schedule variants; not asserted to be contradictory because the source frequency legend is absent
ix-leg-22910f9034d1f2ba130d,ix-variant-ba9021a793c033b37da0,ix-variant-2798b795ced70bc98488,2026-08-23,2026-08-29,"['raw_frequency', 'arrival_clock', 'departure_clock']",overlapping raw schedule variants; not asserted to be contradictory because the source frequency legend is absent
ix-leg-22910f9034d1f2ba130d,ix-variant-ba9021a793c033b37da0,ix-variant-b179d08b1fe154821911,2026-08-30,2026-09-05,"['raw_frequency', 'arrival_clock', 'departure_clock']",overlapping raw schedule variants; not asserted to be contradictory because the source frequency legend is absent
ix-leg-22910f9034d1f2ba130d,ix-variant-ba9021a793c033b37da0,ix-variant-e4bf506c4b65f727503d,2026-09-06,2026-09-12,"['raw_frequency', 'arrival_clock', 'departure_clock']",overlapping raw schedule variants; not asserted to be contradictory because the source frequency legend is absent
ix-leg-22910f9034d1f2ba130d,ix-variant-ba9021a793c033b37da0,ix-variant-3d035305ee1433c2b2d2,2026-09-20,2026-09-26,"['raw_frequency', 'arrival_clock', 'departure_clock']",overlapping raw schedule variants; not asserted to be contradictory because the source frequency legend is absent
ix-leg-22910f9034d1f2ba130d,ix-variant-ba9021a793c033b37da0,ix-variant-e156f6be78041d9519b5,2026-10-04,2026-10-10,"['raw_frequency', 'arrival_clock', 'departure_clock']",overlapping raw schedule variants; not asserted to be contradictory because the source frequency legend is absent
ix-leg-22910f9034d1f2ba130d,ix-variant-ba9021a793c033b37da0,ix-variant-20710e93e93f6bcdfa2e,2026-10-11,2026-10-17,"['raw_frequency', 'arrival_clock', 'departure_clock']",overlapping raw schedule variants; not asserted to be contradictory because the source frequency legend is absent
ix-leg-22910f9034d1f2ba130d,ix-variant-ba9021a793c033b37da0,ix-variant-c93790075f1dc77b3571,2026-10-18,2026-10-24,"['raw_frequency', 'arrival_clock', 'departure_clock']",overlapping raw schedule variants; not asserted to be contradictory because the source frequency legend is absent
ix-leg-22910f9034d1f2ba130d,ix-variant-ba9021a793c033b37da0,ix-variant-8b89c8b03b96f93de4f0,2026-04-12,2026-04-22,"['raw_frequency', 'arrival_clock', 'departure_clock']",overlapping raw schedule variants; not asserted to be contradictory because the source frequency legend is absent
ix-leg-22910f9034d1f2ba130d,ix-variant-b96fd60e4e7abc525166,ix-variant-f76e409be192931500c5,2026-04-08,2026-04-10,['raw_frequency'],overlapping raw schedule variants; not asserted to be contradictory because the source frequency legend is absent
ix-leg-22910f9034d1f2ba130d,ix-variant-b96fd60e4e7abc525166,ix-variant-295ff0c1b8b6de1f1123,2026-04-08,2026-04-13,['raw_frequency'],overlapping raw schedule variants; not asserted to be contradictory because the source frequency legend is absent
ix-leg-22910f9034d1f2ba130d,ix-variant-b96fd60e4e7abc525166,ix-variant-8b89c8b03b96f93de4f0,2026-04-12,2026-04-13,['raw_frequency'],overlapping raw schedule variants; not asserted to be contradictory because the source frequency legend is absent
ix-leg-22910f9034d1f2ba130d,ix-variant-cab48def1c06c14c1a27,ix-variant-74f0e324f588f232fcf8,2026-05-13,2026-05-15,['raw_frequency'],overlapping raw schedule variants; not asserted to be contradictory because the source frequency legend is absent
ix-leg-22910f9034d1f2ba130d,ix-variant-cab48def1c06c14c1a27,ix-variant-21afd98256e798919768,2026-05-13,2026-05-18,['raw_frequency'],overlapping raw schedule variants; not asserted to be contradictory because the source frequency legend is absent
ix-leg-22910f9034d1f2ba130d,ix-variant-cab48def1c06c14c1a27,ix-variant-becb0b427ca395342623,2026-05-17,2026-05-18,['raw_frequency'],overlapping raw schedule variants; not asserted to be contradictory because the source frequency legend is absent
ix-leg-22910f9034d1f2ba130d,ix-variant-b19cb4cf6a6da106836f,ix-variant-df36ee3fc82339cae1b3,2026-06-24,2026-06-26,['raw_frequency'],overlapping raw schedule variants; not asserted to be contradictory because the source frequency legend is absent
ix-leg-22910f9034d1f2ba130d,ix-variant-b19cb4cf6a6da106836f,ix-variant-21afd98256e798919768,2026-06-24,2026-06-29,['raw_frequency'],overlapping raw schedule variants; not asserted to be contradictory because the source frequency legend is absent
ix-leg-22910f9034d1f2ba130d,ix-variant-b19cb4cf6a6da106836f,ix-variant-cffe493809a42f0aeb85,2026-06-28,2026-06-29,['raw_frequency'],overlapping raw schedule variants; not asserted to be contradictory because the source frequency legend is absent
ix-leg-22910f9034d1f2ba130d,ix-variant-bca975f0f1023f32c369,ix-variant-fc7132e4450fb76edd00,2026-08-05,2026-08-07,['raw_frequency'],overlapping raw schedule variants; not asserted to be contradictory because the source frequency legend is absent
ix-leg-22910f9034d1f2ba130d,ix-variant-bca975f0f1023f32c369,ix-variant-21afd98256e798919768,2026-08-05,2026-08-10,['raw_frequency'],overlapping raw schedule variants; not asserted to be contradictory because the source frequency legend is absent
ix-leg-22910f9034d1f2ba130d,ix-variant-bca975f0f1023f32c369,ix-variant-8d843a8703c7f17f9b6c,2026-08-09,2026-08-10,['raw_frequency'],overlapping raw schedule variants; not asserted to be contradictory because the source frequency legend is absent
ix-leg-22910f9034d1f2ba130d,ix-variant-4287ad8882ecf4d0b65d,ix-variant-fdf39522442fa066773e,2026-09-16,2026-09-18,['raw_frequency'],overlapping raw schedule variants; not asserted to be contradictory because the source frequency legend is absent
ix-leg-22910f9034d1f2ba130d,ix-variant-4287ad8882ecf4d0b65d,ix-variant-21afd98256e798919768,2026-09-16,2026-09-21,['raw_frequency'],overlapping raw schedule variants; not asserted to be contradictory because the source frequency legend is absent
ix-leg-22910f9034d1f2ba130d,ix-variant-4287ad8882ecf4d0b65d,ix-variant-3d035305ee1433c2b2d2,2026-09-20,2026-09-21,['raw_frequency'],overlapping raw schedule variants; not asserted to be contradictory because the source frequency legend is absent
ix-leg-22910f9034d1f2ba130d,ix-variant-f76e409be192931500c5,ix-variant-295ff0c1b8b6de1f1123,2026-04-06,2026-04-10,['raw_frequency'],overlapping raw schedule variants; not asserted to be contradictory because the source frequency legend is absent
ix-leg-22910f9034d1f2ba130d,ix-variant-a6846f4d267eab089475,ix-variant-ce7f30262eecec864609,2026-04-18,2026-04-23,['raw_frequency'],overlapping raw schedule variants; not asserted to be contradictory because the source frequency legend is absent
ix-leg-22910f9034d1f2ba130d,ix-variant-a6846f4d267eab089475,ix-variant-8b89c8b03b96f93de4f0,2026-04-17,2026-04-22,['raw_frequency'],overlapping raw schedule variants; not asserted to be contradictory because the source frequency legend is absent
ix-leg-22910f9034d1f2ba130d,ix-variant-74f0e324f588f232fcf8,ix-variant-21afd98256e798919768,2026-05-11,2026-05-15,['raw_frequency'],overlapping raw schedule variants; not asserted to be contradictory because the source frequency legend is absent
ix-leg-22910f9034d1f2ba130d,ix-variant-69920344b41697e139d8,ix-variant-21afd98256e798919768,2026-05-25,2026-05-29,['raw_frequency'],overlapping raw schedule variants; not asserted to be contradictory because the source frequency legend is absent
ix-leg-22910f9034d1f2ba130d,ix-variant-69920344b41697e139d8,ix-variant-e1121448c264e909feb8,2026-05-25,2026-05-27,['raw_frequency'],overlapping raw schedule variants; not asserted to be contradictory because the source frequency legend is absent
ix-leg-22910f9034d1f2ba130d,ix-variant-c7e713e983d0bf7656f8,ix-variant-21afd98256e798919768,2026-06-08,2026-06-12,['raw_frequency'],overlapping raw schedule variants; not asserted to be contradictory because the source frequency legend is absent
ix-leg-22910f9034d1f2ba130d,ix-variant-c7e713e983d0bf7656f8,ix-variant-e62559b6082ef859fe42,2026-06-08,2026-06-12,['raw_frequency'],overlapping raw schedule variants; not asserted to be contradictory because the source frequency legend is absent
ix-leg-22910f9034d1f2ba130d,ix-variant-df36ee3fc82339cae1b3,ix-variant-21afd98256e798919768,2026-06-22,2026-06-26,['raw_frequency'],overlapping raw schedule variants; not asserted to be contradictory because the source frequency legend is absent
ix-leg-22910f9034d1f2ba130d,ix-variant-00cc0e0a6607d3201cb2,ix-variant-21afd98256e798919768,2026-07-06,2026-07-10,['raw_frequency'],overlapping raw schedule variants; not asserted to be contradictory because the source frequency legend is absent
ix-leg-22910f9034d1f2ba130d,ix-variant-00cc0e0a6607d3201cb2,ix-variant-fdfef0b265562b6bb90a,2026-07-06,2026-07-08,['raw_frequency'],overlapping raw schedule variants; not asserted to be contradictory because the source frequency legend is absent
ix-leg-22910f9034d1f2ba130d,ix-variant-24ed19bedef22a540103,ix-variant-21afd98256e798919768,2026-07-20,2026-07-24,['raw_frequency'],overlapping raw schedule variants; not asserted to be contradictory because the source frequency legend is absent
ix-leg-22910f9034d1f2ba130d,ix-variant-24ed19bedef22a540103,ix-variant-8cab0db4aab59c48d8eb,2026-07-20,2026-07-24,['raw_frequency'],overlapping raw schedule variants; not asserted to be contradictory because the source frequency legend is absent
ix-leg-22910f9034d1f2ba130d,ix-variant-fc7132e4450fb76edd00,ix-variant-21afd98256e798919768,2026-08-03,2026-08-07,['raw_frequency'],overlapping raw schedule variants; not asserted to be contradictory because the source frequency legend is absent
ix-leg-22910f9034d1f2ba130d,ix-variant-c231604ca466235d4af7,ix-variant-21afd98256e798919768,2026-08-17,2026-08-21,['raw_frequency'],overlapping raw schedule variants; not asserted to be contradictory because the source frequency legend is absent
ix-leg-22910f9034d1f2ba130d,ix-variant-c231604ca466235d4af7,ix-variant-b8f06b3cd87d5baa461d,2026-08-17,2026-08-19,['raw_frequency'],overlapping raw schedule variants; not asserted to be contradictory because the source frequency legend is absent
ix-leg-22910f9034d1f2ba130d,ix-variant-3b1552f678657330ec7a,ix-variant-21afd98256e798919768,2026-08-31,2026-09-04,['raw_frequency'],overlapping raw schedule variants; not asserted to be contradictory because the source frequency legend is absent
ix-leg-22910f9034d1f2ba130d,ix-variant-3b1552f678657330ec7a,ix-variant-b179d08b1fe154821911,2026-08-31,2026-09-04,['raw_frequency'],overlapping raw schedule variants; not asserted to be contradictory because the source frequency legend is absent
ix-leg-22910f9034d1f2ba130d,ix-variant-fdf39522442fa066773e,ix-variant-21afd98256e798919768,2026-09-14,2026-09-18,['raw_frequency'],overlapping raw schedule variants; not asserted to be contradictory because the source frequency legend is absent
ix-leg-22910f9034d1f2ba130d,ix-variant-d4aba83067d45d28961a,ix-variant-21afd98256e798919768,2026-09-28,2026-10-02,['raw_frequency'],overlapping raw schedule variants; not asserted to be contradictory because the source frequency legend is absent
ix-leg-22910f9034d1f2ba130d,ix-variant-d4aba83067d45d28961a,ix-variant-7fdc061516c06f4cd0b3,2026-09-28,2026-09-30,['raw_frequency'],overlapping raw schedule variants; not asserted to be contradictory because the source frequency legend is absent
ix-leg-22910f9034d1f2ba130d,ix-variant-9abcd44c47bc11f6b691,ix-variant-21afd98256e798919768,2026-10-12,2026-10-16,['raw_frequency'],overlapping raw schedule variants; not asserted to be contradictory because the source frequency legend is absent
ix-leg-22910f9034d1f2ba130d,ix-variant-9abcd44c47bc11f6b691,ix-variant-20710e93e93f6bcdfa2e,2026-10-12,2026-10-16,['raw_frequency'],overlapping raw schedule variants; not asserted to be contradictory because the source frequency legend is absent
ix-leg-22910f9034d1f2ba130d,ix-variant-ee85ea8cc43157cd37d7,ix-variant-21afd98256e798919768,2026-10-19,2026-10-22,['raw_frequency'],overlapping raw schedule variants; not asserted to be contradictory because the source frequency legend is absent
ix-leg-22910f9034d1f2ba130d,ix-variant-ee85ea8cc43157cd37d7,ix-variant-c93790075f1dc77b3571,2026-10-19,2026-10-23,['raw_frequency'],overlapping raw schedule variants; not asserted to be contradictory because the source frequency legend is absent
ix-leg-22910f9034d1f2ba130d,ix-variant-c5ab550bc7d221e654a8,ix-variant-21afd98256e798919768,2026-04-28,2026-05-01,['raw_frequency'],overlapping raw schedule variants; not asserted to be contradictory because the source frequency legend is absent
ix-leg-22910f9034d1f2ba130d,ix-variant-c5ab550bc7d221e654a8,ix-variant-2646f2fa895ce1335ea0,2026-04-26,2026-05-01,['raw_frequency'],overlapping raw schedule variants; not asserted to be contradictory because the source frequency legend is absent
ix-leg-22910f9034d1f2ba130d,ix-variant-e3d1574eecefcbd416d9,ix-variant-21afd98256e798919768,2026-05-30,2026-06-05,['raw_frequency'],overlapping raw schedule variants; not asserted to be contradictory because the source frequency legend is absent
ix-leg-22910f9034d1f2ba130d,ix-variant-e3d1574eecefcbd416d9,ix-variant-0c4acc5281de28e1dfcc,2026-05-31,2026-06-05,['raw_frequency'],overlapping raw schedule variants; not asserted to be contradictory because the source frequency legend is absent
ix-leg-22910f9034d1f2ba130d,ix-variant-8a07ffd77e89f5d483a9,ix-variant-21afd98256e798919768,2026-07-11,2026-07-17,['raw_frequency'],overlapping raw schedule variants; not asserted to be contradictory because the source frequency legend is absent
ix-leg-22910f9034d1f2ba130d,ix-variant-8a07ffd77e89f5d483a9,ix-variant-e48072609457289326b9,2026-07-12,2026-07-17,['raw_frequency'],overlapping raw schedule variants; not asserted to be contradictory because the source frequency legend is absent
ix-leg-22910f9034d1f2ba130d,ix-variant-8e5044f7b6ddba429426,ix-variant-21afd98256e798919768,2026-08-22,2026-08-28,['raw_frequency'],overlapping raw schedule variants; not asserted to be contradictory because the source frequency legend is absent
ix-leg-22910f9034d1f2ba130d,ix-variant-8e5044f7b6ddba429426,ix-variant-2798b795ced70bc98488,2026-08-23,2026-08-28,['raw_frequency'],overlapping raw schedule variants; not asserted to be contradictory because the source frequency legend is absent
ix-leg-22910f9034d1f2ba130d,ix-variant-ec819f49b8ff467ab8cb,ix-variant-21afd98256e798919768,2026-10-03,2026-10-09,['raw_frequency'],overlapping raw schedule variants; not asserted to be contradictory because the source frequency legend is absent
ix-leg-22910f9034d1f2ba130d,ix-variant-ec819f49b8ff467ab8cb,ix-variant-e156f6be78041d9519b5,2026-10-04,2026-10-09,['raw_frequency'],overlapping raw schedule variants; not asserted to be contradictory because the source frequency legend is absent
ix-leg-22910f9034d1f2ba130d,ix-variant-b537ce58c2e55516441c,ix-variant-295ff0c1b8b6de1f1123,2026-03-31,2026-04-05,['raw_frequency'],overlapping raw schedule variants; not asserted to be contradictory because the source frequency legend is absent
ix-leg-22910f9034d1f2ba130d,ix-variant-b537ce58c2e55516441c,ix-variant-dffbd5563f147989e252,2026-03-30,2026-04-04,['raw_frequency'],overlapping raw schedule variants; not asserted to be contradictory because the source frequency legend is absent
ix-leg-22910f9034d1f2ba130d,ix-variant-0ba92ea7302c172bf1c2,ix-variant-21afd98256e798919768,2026-05-04,2026-05-10,['raw_frequency'],overlapping raw schedule variants; not asserted to be contradictory because the source frequency legend is absent
ix-leg-22910f9034d1f2ba130d,ix-variant-0ba92ea7302c172bf1c2,ix-variant-8296f1bbda70b871b7ba,2026-05-04,2026-05-09,['raw_frequency'],overlapping raw schedule variants; not asserted to be contradictory because the source frequency legend is absent
ix-leg-22910f9034d1f2ba130d,ix-variant-809a6193075799f2ff0f,ix-variant-21afd98256e798919768,2026-06-15,2026-06-21,['raw_frequency'],overlapping raw schedule variants; not asserted to be contradictory because the source frequency legend is absent
ix-leg-22910f9034d1f2ba130d,ix-variant-809a6193075799f2ff0f,ix-variant-53b2ed04f7468f290cea,2026-06-15,2026-06-20,['raw_frequency'],overlapping raw schedule variants; not asserted to be contradictory because the source frequency legend is absent
ix-leg-22910f9034d1f2ba130d,ix-variant-d0805a76d85f7b1aceab,ix-variant-21afd98256e798919768,2026-07-27,2026-08-02,['raw_frequency'],overlapping raw schedule variants; not asserted to be contradictory because the source frequency legend is absent
ix-leg-22910f9034d1f2ba130d,ix-variant-d0805a76d85f7b1aceab,ix-variant-f282b1090463122142d0,2026-07-27,2026-08-01,['raw_frequency'],overlapping raw schedule variants; not asserted to be contradictory because the source frequency legend is absent
ix-leg-22910f9034d1f2ba130d,ix-variant-f4a0e60de00413c13e99,ix-variant-21afd98256e798919768,2026-09-07,2026-09-13,['raw_frequency'],overlapping raw schedule variants; not asserted to be contradictory because the source frequency legend is absent
ix-leg-22910f9034d1f2ba130d,ix-variant-f4a0e60de00413c13e99,ix-variant-e4bf506c4b65f727503d,2026-09-07,2026-09-12,['raw_frequency'],overlapping raw schedule variants; not asserted to be contradictory because the source frequency legend is absent
ix-leg-22910f9034d1f2ba130d,ix-variant-295ff0c1b8b6de1f1123,ix-variant-dffbd5563f147989e252,2026-03-31,2026-04-04,['raw_frequency'],overlapping raw schedule variants; not asserted to be contradictory because the source frequency legend is absent
ix-leg-22910f9034d1f2ba130d,ix-variant-295ff0c1b8b6de1f1123,ix-variant-8b89c8b03b96f93de4f0,2026-04-12,2026-04-16,['raw_frequency'],overlapping raw schedule variants; not asserted to be contradictory because the source frequency legend is absent
ix-leg-22910f9034d1f2ba130d,ix-variant-21afd98256e798919768,ix-variant-e1121448c264e909feb8,2026-05-22,2026-05-27,['raw_frequency'],overlapping raw schedule variants; not asserted to be contradictory because the source frequency legend is absent
ix-leg-22910f9034d1f2ba130d,ix-variant-21afd98256e798919768,ix-variant-fdfef0b265562b6bb90a,2026-07-03,2026-07-08,['raw_frequency'],overlapping raw schedule variants; not asserted to be contradictory because the source frequency legend is absent
ix-leg-22910f9034d1f2ba130d,ix-variant-21afd98256e798919768,ix-variant-b8f06b3cd87d5baa461d,2026-08-14,2026-08-19,['raw_frequency'],overlapping raw schedule variants; not asserted to be contradictory because the source frequency legend is absent
ix-leg-22910f9034d1f2ba130d,ix-variant-21afd98256e798919768,ix-variant-7fdc061516c06f4cd0b3,2026-09-25,2026-09-30,['raw_frequency'],overlapping raw schedule variants; not asserted to be contradictory because the source frequency legend is absent
ix-leg-22910f9034d1f2ba130d,ix-variant-21afd98256e798919768,ix-variant-2646f2fa895ce1335ea0,2026-04-28,2026-05-02,['raw_frequency'],overlapping raw schedule variants; not asserted to be contradictory because the source frequency legend is absent
ix-leg-22910f9034d1f2ba130d,ix-variant-21afd98256e798919768,ix-variant-8296f1bbda70b871b7ba,2026-05-03,2026-05-09,['raw_frequency'],overlapping raw schedule variants; not asserted to be contradictory because the source frequency legend is absent
ix-leg-22910f9034d1f2ba130d,ix-variant-21afd98256e798919768,ix-variant-becb0b427ca395342623,2026-05-17,2026-05-23,['raw_frequency'],overlapping raw schedule variants; not asserted to be contradictory because the source frequency legend is absent
ix-leg-22910f9034d1f2ba130d,ix-variant-21afd98256e798919768,ix-variant-0c4acc5281de28e1dfcc,2026-05-31,2026-06-06,['raw_frequency'],overlapping raw schedule variants; not asserted to be contradictory because the source frequency legend is absent
ix-leg-22910f9034d1f2ba130d,ix-variant-21afd98256e798919768,ix-variant-e62559b6082ef859fe42,2026-06-07,2026-06-13,['raw_frequency'],overlapping raw schedule variants; not asserted to be contradictory because the source frequency legend is absent
ix-leg-22910f9034d1f2ba130d,ix-variant-21afd98256e798919768,ix-variant-53b2ed04f7468f290cea,2026-06-14,2026-06-20,['raw_frequency'],overlapping raw schedule variants; not asserted to be contradictory because the source frequency legend is absent
ix-leg-22910f9034d1f2ba130d,ix-variant-21afd98256e798919768,ix-variant-cffe493809a42f0aeb85,2026-06-28,2026-07-04,['raw_frequency'],overlapping raw schedule variants; not asserted to be contradictory because the source frequency legend is absent
ix-leg-22910f9034d1f2ba130d,ix-variant-21afd98256e798919768,ix-variant-e48072609457289326b9,2026-07-12,2026-07-18,['raw_frequency'],overlapping raw schedule variants; not asserted to be contradictory because the source frequency legend is absent
ix-leg-22910f9034d1f2ba130d,ix-variant-21afd98256e798919768,ix-variant-8cab0db4aab59c48d8eb,2026-07-19,2026-07-25,['raw_frequency'],overlapping raw schedule variants; not asserted to be contradictory because the source frequency legend is absent
ix-leg-22910f9034d1f2ba130d,ix-variant-21afd98256e798919768,ix-variant-f282b1090463122142d0,2026-07-26,2026-08-01,['raw_frequency'],overlapping raw schedule variants; not asserted to be contradictory because the source frequency legend is absent
ix-leg-22910f9034d1f2ba130d,ix-variant-21afd98256e798919768,ix-variant-8d843a8703c7f17f9b6c,2026-08-09,2026-08-15,['raw_frequency'],overlapping raw schedule variants; not asserted to be contradictory because the source frequency legend is absent
ix-leg-22910f9034d1f2ba130d,ix-variant-21afd98256e798919768,ix-variant-2798b795ced70bc98488,2026-08-23,2026-08-29,['raw_frequency'],overlapping raw schedule variants; not asserted to be contradictory because the source frequency legend is absent
ix-leg-22910f9034d1f2ba130d,ix-variant-21afd98256e798919768,ix-variant-b179d08b1fe154821911,2026-08-30,2026-09-05,['raw_frequency'],overlapping raw schedule variants; not asserted to be contradictory because the source frequency legend is absent
ix-leg-22910f9034d1f2ba130d,ix-variant-21afd98256e798919768,ix-variant-e4bf506c4b65f727503d,2026-09-06,2026-09-12,['raw_frequency'],overlapping raw schedule variants; not asserted to be contradictory because the source frequency legend is absent
ix-leg-22910f9034d1f2ba130d,ix-variant-21afd98256e798919768,ix-variant-3d035305ee1433c2b2d2,2026-09-20,2026-09-26,['raw_frequency'],overlapping raw schedule variants; not asserted to be contradictory because the source frequency legend is absent
ix-leg-22910f9034d1f2ba130d,ix-variant-21afd98256e798919768,ix-variant-e156f6be78041d9519b5,2026-10-04,2026-10-10,['raw_frequency'],overlapping raw schedule variants; not asserted to be contradictory because the source frequency legend is absent
ix-leg-22910f9034d1f2ba130d,ix-variant-21afd98256e798919768,ix-variant-20710e93e93f6bcdfa2e,2026-10-11,2026-10-17,['raw_frequency'],overlapping raw schedule variants; not asserted to be contradictory because the source frequency legend is absent
ix-leg-22910f9034d1f2ba130d,ix-variant-21afd98256e798919768,ix-variant-c93790075f1dc77b3571,2026-10-18,2026-10-22,['raw_frequency'],overlapping raw schedule variants; not asserted to be contradictory because the source frequency legend is absent
ix-leg-22910f9034d1f2ba130d,ix-variant-ce7f30262eecec864609,ix-variant-8b89c8b03b96f93de4f0,2026-04-18,2026-04-22,['raw_frequency'],overlapping raw schedule variants; not asserted to be contradictory because the source frequency legend is absent
ix-leg-22910f9034d1f2ba130d,ix-variant-e1121448c264e909feb8,ix-variant-becb0b427ca395342623,2026-05-22,2026-05-23,['raw_frequency'],overlapping raw schedule variants; not asserted to be contradictory because the source frequency legend is absent
ix-leg-22910f9034d1f2ba130d,ix-variant-fdfef0b265562b6bb90a,ix-variant-cffe493809a42f0aeb85,2026-07-03,2026-07-04,['raw_frequency'],overlapping raw schedule variants; not asserted to be contradictory because the source frequency legend is absent
ix-leg-22910f9034d1f2ba130d,ix-variant-b8f06b3cd87d5baa461d,ix-variant-8d843a8703c7f17f9b6c,2026-08-14,2026-08-15,['raw_frequency'],overlapping raw schedule variants; not asserted to be contradictory because the source frequency legend is absent
ix-leg-22910f9034d1f2ba130d,ix-variant-7fdc061516c06f4cd0b3,ix-variant-3d035305ee1433c2b2d2,2026-09-25,2026-09-26,['raw_frequency'],overlapping raw schedule variants; not asserted to be contradictory because the source frequency legend is absent
ix-leg-4b5e34e4386b29eb732d,ix-variant-7f28af6176738d7f5ad0,ix-variant-d68172544d28d916b6a7,2026-03-30,2026-10-24,"['arrival_clock', 'departure_clock']",overlapping raw schedule variants; not asserted to be contradictory because the source frequency legend is absent
ix-leg-4b5e34e4386b29eb732d,ix-variant-7f28af6176738d7f5ad0,ix-variant-2d0e4e7298d8f363d495,2026-04-07,2026-10-20,"['raw_frequency', 'arrival_clock', 'departure_clock']",overlapping raw schedule variants; not asserted to be contradictory because the source frequency legend is absent
ix-leg-4b5e34e4386b29eb732d,ix-variant-7f28af6176738d7f5ad0,ix-variant-68069d3f1ddddf986254,2026-03-29,2026-03-29,"['raw_frequency', 'arrival_clock', 'departure_clock']",overlapping raw schedule variants; not asserted to be contradictory because the source frequency legend is absent
ix-leg-4b5e34e4386b29eb732d,ix-variant-d68172544d28d916b6a7,ix-variant-2d0e4e7298d8f363d495,2026-04-07,2026-10-20,['raw_frequency'],overlapping raw schedule variants; not asserted to be contradictory because the source frequency legend is absent
ix-leg-454ea24caf5d1a084d31,ix-variant-2d1c358e4d760aec0b7b,ix-variant-a39abb572ea073a472f2,2026-03-30,2026-10-24,"['arrival_clock', 'departure_clock']",overlapping raw schedule variants; not asserted to be contradictory because the source frequency legend is absent
ix-leg-60799ee69023634bc928,ix-variant-bac42d8d9a85af5c6a25,ix-variant-f522e1be1c04714a9eb9,2026-04-01,2026-04-06,"['raw_frequency', 'arrival_clock', 'departure_clock']",overlapping raw schedule variants; not asserted to be contradictory because the source frequency legend is absent
ix-leg-60799ee69023634bc928,ix-variant-bac42d8d9a85af5c6a25,ix-variant-b5da73f57814da75a88e,2026-04-01,2026-04-05,['raw_frequency'],overlapping raw schedule variants; not asserted to be contradictory because the source frequency legend is absent
ix-leg-60799ee69023634bc928,ix-variant-bac42d8d9a85af5c6a25,ix-variant-d16936e68c92eb142e53,2026-04-01,2026-04-06,['raw_frequency'],overlapping raw schedule variants; not asserted to be contradictory because the source frequency legend is absent
ix-leg-60799ee69023634bc928,ix-variant-bac42d8d9a85af5c6a25,ix-variant-c8196b9c9ffa25dcb2ff,2026-04-04,2026-04-04,['raw_frequency'],overlapping raw schedule variants; not asserted to be contradictory because the source frequency legend is absent
ix-leg-60799ee69023634bc928,ix-variant-bac42d8d9a85af5c6a25,ix-variant-d0a6603842f2199d5174,2026-04-05,2026-04-06,"['raw_frequency', 'arrival_clock', 'departure_clock']",overlapping raw schedule variants; not asserted to be contradictory because the source frequency legend is absent
ix-leg-60799ee69023634bc928,ix-variant-bd9fe6e8cacb19f2e5fe,ix-variant-f522e1be1c04714a9eb9,2026-04-08,2026-04-13,"['raw_frequency', 'arrival_clock', 'departure_clock']",overlapping raw schedule variants; not asserted to be contradictory because the source frequency legend is absent
ix-leg-60799ee69023634bc928,ix-variant-bd9fe6e8cacb19f2e5fe,ix-variant-f05195fbe0f1a29dd56d,2026-04-08,2026-04-13,"['raw_frequency', 'arrival_clock', 'departure_clock']",overlapping raw schedule variants; not asserted to be contradictory because the source frequency legend is absent
ix-leg-60799ee69023634bc928,ix-variant-bd9fe6e8cacb19f2e5fe,ix-variant-d16936e68c92eb142e53,2026-04-08,2026-04-13,['raw_frequency'],overlapping raw schedule variants; not asserted to be contradictory because the source frequency legend is absent
ix-leg-60799ee69023634bc928,ix-variant-bd9fe6e8cacb19f2e5fe,ix-variant-589dccb38b0f6a74205f,2026-04-10,2026-04-13,['raw_frequency'],overlapping raw schedule variants; not asserted to be contradictory because the source frequency legend is absent
ix-leg-60799ee69023634bc928,ix-variant-bd9fe6e8cacb19f2e5fe,ix-variant-1d7c609d05d552d3905a,2026-04-11,2026-04-11,['raw_frequency'],overlapping raw schedule variants; not asserted to be contradictory because the source frequency legend is absent
ix-leg-60799ee69023634bc928,ix-variant-bd9fe6e8cacb19f2e5fe,ix-variant-d0a6603842f2199d5174,2026-04-08,2026-04-13,"['raw_frequency', 'arrival_clock', 'departure_clock']",overlapping raw schedule variants; not asserted to be contradictory because the source frequency legend is absent
ix-leg-60799ee69023634bc928,ix-variant-bd9fe6e8cacb19f2e5fe,ix-variant-ec2f853823188e010bcb,2026-04-12,2026-04-12,['raw_frequency'],overlapping raw schedule variants; not asserted to be contradictory because the source frequency legend is absent
ix-leg-60799ee69023634bc928,ix-variant-d4049825fdc312da42dc,ix-variant-f522e1be1c04714a9eb9,2026-05-06,2026-05-11,"['raw_frequency', 'arrival_clock', 'departure_clock']",overlapping raw schedule variants; not asserted to be contradictory because the source frequency legend is absent
ix-leg-60799ee69023634bc928,ix-variant-d4049825fdc312da42dc,ix-variant-f3142c971cb718d74311,2026-05-06,2026-05-10,['raw_frequency'],overlapping raw schedule variants; not asserted to be contradictory because the source frequency legend is absent
ix-leg-60799ee69023634bc928,ix-variant-d4049825fdc312da42dc,ix-variant-f05195fbe0f1a29dd56d,2026-05-06,2026-05-11,"['raw_frequency', 'arrival_clock', 'departure_clock']",overlapping raw schedule variants; not asserted to be contradictory because the source frequency legend is absent
ix-leg-60799ee69023634bc928,ix-variant-d4049825fdc312da42dc,ix-variant-e3ad70d231d0e6874aab,2026-05-06,2026-05-11,['raw_frequency'],overlapping raw schedule variants; not asserted to be contradictory because the source frequency legend is absent
ix-leg-60799ee69023634bc928,ix-variant-d4049825fdc312da42dc,ix-variant-1d7da8904f50f885d098,2026-05-09,2026-05-09,['raw_frequency'],overlapping raw schedule variants; not asserted to be contradictory because the source frequency legend is absent
ix-leg-60799ee69023634bc928,ix-variant-d4049825fdc312da42dc,ix-variant-d0a6603842f2199d5174,2026-05-06,2026-05-11,"['raw_frequency', 'arrival_clock', 'departure_clock']",overlapping raw schedule variants; not asserted to be contradictory because the source frequency legend is absent
ix-leg-60799ee69023634bc928,ix-variant-6298f7629e8963dd33ee,ix-variant-f522e1be1c04714a9eb9,2026-05-13,2026-05-18,"['raw_frequency', 'arrival_clock', 'departure_clock']",overlapping raw schedule variants; not asserted to be contradictory because the source frequency legend is absent
ix-leg-60799ee69023634bc928,ix-variant-6298f7629e8963dd33ee,ix-variant-f05195fbe0f1a29dd56d,2026-05-13,2026-05-18,"['raw_frequency', 'arrival_clock', 'departure_clock']",overlapping raw schedule variants; not asserted to be contradictory because the source frequency legend is absent
ix-leg-60799ee69023634bc928,ix-variant-6298f7629e8963dd33ee,ix-variant-e3ad70d231d0e6874aab,2026-05-13,2026-05-18,['raw_frequency'],overlapping raw schedule variants; not asserted to be contradictory because the source frequency legend is absent
ix-leg-60799ee69023634bc928,ix-variant-6298f7629e8963dd33ee,ix-variant-704c7826a6fee9247977,2026-05-15,2026-05-18,['raw_frequency'],overlapping raw schedule variants; not asserted to be contradictory because the source frequency legend is absent
ix-leg-60799ee69023634bc928,ix-variant-6298f7629e8963dd33ee,ix-variant-533d2ada5d3ca995727e,2026-05-16,2026-05-16,['raw_frequency'],overlapping raw schedule variants; not asserted to be contradictory because the source frequency legend is absent
ix-leg-60799ee69023634bc928,ix-variant-6298f7629e8963dd33ee,ix-variant-d0a6603842f2199d5174,2026-05-13,2026-05-18,"['raw_frequency', 'arrival_clock', 'departure_clock']",overlapping raw schedule variants; not asserted to be contradictory because the source frequency legend is absent
ix-leg-60799ee69023634bc928,ix-variant-6298f7629e8963dd33ee,ix-variant-af5bcf7d1c4585fd19ab,2026-05-17,2026-05-17,['raw_frequency'],overlapping raw schedule variants; not asserted to be contradictory because the source frequency legend is absent
ix-leg-60799ee69023634bc928,ix-variant-0561b5f7e58b431a983e,ix-variant-f522e1be1c04714a9eb9,2026-06-03,2026-06-08,"['raw_frequency', 'arrival_clock', 'departure_clock']",overlapping raw schedule variants; not asserted to be contradictory because the source frequency legend is absent
ix-leg-60799ee69023634bc928,ix-variant-0561b5f7e58b431a983e,ix-variant-8af5ea14bb88e283568a,2026-06-03,2026-06-07,['raw_frequency'],overlapping raw schedule variants; not asserted to be contradictory because the source frequency legend is absent
ix-leg-60799ee69023634bc928,ix-variant-0561b5f7e58b431a983e,ix-variant-f05195fbe0f1a29dd56d,2026-06-03,2026-06-08,"['raw_frequency', 'arrival_clock', 'departure_clock']",overlapping raw schedule variants; not asserted to be contradictory because the source frequency legend is absent
ix-leg-60799ee69023634bc928,ix-variant-0561b5f7e58b431a983e,ix-variant-e3ad70d231d0e6874aab,2026-06-03,2026-06-08,['raw_frequency'],overlapping raw schedule variants; not asserted to be contradictory because the source frequency legend is absent
ix-leg-60799ee69023634bc928,ix-variant-0561b5f7e58b431a983e,ix-variant-cf84b4b2d6414afe5417,2026-06-06,2026-06-06,['raw_frequency'],overlapping raw schedule variants; not asserted to be contradictory because the source frequency legend is absent
ix-leg-60799ee69023634bc928,ix-variant-0561b5f7e58b431a983e,ix-variant-d0a6603842f2199d5174,2026-06-03,2026-06-08,"['raw_frequency', 'arrival_clock', 'departure_clock']",overlapping raw schedule variants; not asserted to be contradictory because the source frequency legend is absent
ix-leg-60799ee69023634bc928,ix-variant-ade81fd40aa1e37e2aa3,ix-variant-f522e1be1c04714a9eb9,2026-06-10,2026-06-15,"['raw_frequency', 'arrival_clock', 'departure_clock']",overlapping raw schedule variants; not asserted to be contradictory because the source frequency legend is absent
ix-leg-60799ee69023634bc928,ix-variant-ade81fd40aa1e37e2aa3,ix-variant-f05195fbe0f1a29dd56d,2026-06-10,2026-06-15,"['raw_frequency', 'arrival_clock', 'departure_clock']",overlapping raw schedule variants; not asserted to be contradictory because the source frequency legend is absent
ix-leg-60799ee69023634bc928,ix-variant-ade81fd40aa1e37e2aa3,ix-variant-e3ad70d231d0e6874aab,2026-06-10,2026-06-15,['raw_frequency'],overlapping raw schedule variants; not asserted to be contradictory because the source frequency legend is absent
ix-leg-60799ee69023634bc928,ix-variant-ade81fd40aa1e37e2aa3,ix-variant-907557d1875224e2948a,2026-06-12,2026-06-15,['raw_frequency'],overlapping raw schedule variants; not asserted to be contradictory because the source frequency legend is absent
ix-leg-60799ee69023634bc928,ix-variant-ade81fd40aa1e37e2aa3,ix-variant-1d5641ae0e94125d38e8,2026-06-13,2026-06-13,['raw_frequency'],overlapping raw schedule variants; not asserted to be contradictory because the source frequency legend is absent
ix-leg-60799ee69023634bc928,ix-variant-ade81fd40aa1e37e2aa3,ix-variant-d0a6603842f2199d5174,2026-06-10,2026-06-15,"['raw_frequency', 'arrival_clock', 'departure_clock']",overlapping raw schedule variants; not asserted to be contradictory because the source frequency legend is absent
ix-leg-60799ee69023634bc928,ix-variant-ade81fd40aa1e37e2aa3,ix-variant-285f638c7e9885b28830,2026-06-14,2026-06-14,['raw_frequency'],overlapping raw schedule variants; not asserted to be contradictory because the source frequency legend is absent
ix-leg-60799ee69023634bc928,ix-variant-58def62adea2c1c819f4,ix-variant-f522e1be1c04714a9eb9,2026-07-01,2026-07-06,"['raw_frequency', 'arrival_clock', 'departure_clock']",overlapping raw schedule variants; not asserted to be contradictory because the source frequency legend is absent
ix-leg-60799ee69023634bc928,ix-variant-58def62adea2c1c819f4,ix-variant-b5b1854108777eb9063e,2026-07-01,2026-07-05,['raw_frequency'],overlapping raw schedule variants; not asserted to be contradictory because the source frequency legend is absent
ix-leg-60799ee69023634bc928,ix-variant-58def62adea2c1c819f4,ix-variant-f05195fbe0f1a29dd56d,2026-07-01,2026-07-06,"['raw_frequency', 'arrival_clock', 'departure_clock']",overlapping raw schedule variants; not asserted to be contradictory because the source frequency legend is absent
ix-leg-60799ee69023634bc928,ix-variant-58def62adea2c1c819f4,ix-variant-e3ad70d231d0e6874aab,2026-07-01,2026-07-06,['raw_frequency'],overlapping raw schedule variants; not asserted to be contradictory because the source frequency legend is absent
ix-leg-60799ee69023634bc928,ix-variant-58def62adea2c1c819f4,ix-variant-cd45203956731d1a851e,2026-07-04,2026-07-04,['raw_frequency'],overlapping raw schedule variants; not asserted to be contradictory because the source frequency legend is absent
ix-leg-60799ee69023634bc928,ix-variant-58def62adea2c1c819f4,ix-variant-d0a6603842f2199d5174,2026-07-01,2026-07-06,"['raw_frequency', 'arrival_clock', 'departure_clock']",overlapping raw schedule variants; not asserted to be contradictory because the source frequency legend is absent
ix-leg-60799ee69023634bc928,ix-variant-266849596c30281387a2,ix-variant-f522e1be1c04714a9eb9,2026-07-08,2026-07-13,"['raw_frequency', 'arrival_clock', 'departure_clock']",overlapping raw schedule variants; not asserted to be contradictory because the source frequency legend is absent
ix-leg-60799ee69023634bc928,ix-variant-266849596c30281387a2,ix-variant-f05195fbe0f1a29dd56d,2026-07-08,2026-07-13,"['raw_frequency', 'arrival_clock', 'departure_clock']",overlapping raw schedule variants; not asserted to be contradictory because the source frequency legend is absent
ix-leg-60799ee69023634bc928,ix-variant-266849596c30281387a2,ix-variant-e3ad70d231d0e6874aab,2026-07-08,2026-07-13,['raw_frequency'],overlapping raw schedule variants; not asserted to be contradictory because the source frequency legend is absent
ix-leg-60799ee69023634bc928,ix-variant-266849596c30281387a2,ix-variant-60541b259900ac8fd1b8,2026-07-10,2026-07-13,['raw_frequency'],overlapping raw schedule variants; not asserted to be contradictory because the source frequency legend is absent
ix-leg-60799ee69023634bc928,ix-variant-266849596c30281387a2,ix-variant-6241f403c316aa0aaaa0,2026-07-11,2026-07-11,['raw_frequency'],overlapping raw schedule variants; not asserted to be contradictory because the source frequency legend is absent
ix-leg-60799ee69023634bc928,ix-variant-266849596c30281387a2,ix-variant-d0a6603842f2199d5174,2026-07-08,2026-07-13,"['raw_frequency', 'arrival_clock', 'departure_clock']",overlapping raw schedule variants; not asserted to be contradictory because the source frequency legend is absent
ix-leg-60799ee69023634bc928,ix-variant-266849596c30281387a2,ix-variant-383a1212d826bdc1e271,2026-07-12,2026-07-12,['raw_frequency'],overlapping raw schedule variants; not asserted to be contradictory because the source frequency legend is absent
ix-leg-60799ee69023634bc928,ix-variant-9f5d6158459b142946c5,ix-variant-f522e1be1c04714a9eb9,2026-07-29,2026-08-03,"['raw_frequency', 'arrival_clock', 'departure_clock']",overlapping raw schedule variants; not asserted to be contradictory because the source frequency legend is absent
ix-leg-60799ee69023634bc928,ix-variant-9f5d6158459b142946c5,ix-variant-19d0499afd24ada5ad63,2026-07-29,2026-08-02,['raw_frequency'],overlapping raw schedule variants; not asserted to be contradictory because the source frequency legend is absent
ix-leg-60799ee69023634bc928,ix-variant-9f5d6158459b142946c5,ix-variant-f05195fbe0f1a29dd56d,2026-07-29,2026-08-03,"['raw_frequency', 'arrival_clock', 'departure_clock']",overlapping raw schedule variants; not asserted to be contradictory because the source frequency legend is absent
ix-leg-60799ee69023634bc928,ix-variant-9f5d6158459b142946c5,ix-variant-e3ad70d231d0e6874aab,2026-07-29,2026-08-03,['raw_frequency'],overlapping raw schedule variants; not asserted to be contradictory because the source frequency legend is absent
ix-leg-60799ee69023634bc928,ix-variant-9f5d6158459b142946c5,ix-variant-deccc97e88a0106c00ae,2026-08-01,2026-08-01,['raw_frequency'],overlapping raw schedule variants; not asserted to be contradictory because the source frequency legend is absent
ix-leg-60799ee69023634bc928,ix-variant-9f5d6158459b142946c5,ix-variant-d0a6603842f2199d5174,2026-07-29,2026-08-03,"['raw_frequency', 'arrival_clock', 'departure_clock']",overlapping raw schedule variants; not asserted to be contradictory because the source frequency legend is absent
ix-leg-60799ee69023634bc928,ix-variant-d715f26e8648052cf4d3,ix-variant-f522e1be1c04714a9eb9,2026-08-05,2026-08-10,"['raw_frequency', 'arrival_clock', 'departure_clock']",overlapping raw schedule variants; not asserted to be contradictory because the source frequency legend is absent
ix-leg-60799ee69023634bc928,ix-variant-d715f26e8648052cf4d3,ix-variant-f05195fbe0f1a29dd56d,2026-08-05,2026-08-10,"['raw_frequency', 'arrival_clock', 'departure_clock']",overlapping raw schedule variants; not asserted to be contradictory because the source frequency legend is absent
ix-leg-60799ee69023634bc928,ix-variant-d715f26e8648052cf4d3,ix-variant-e3ad70d231d0e6874aab,2026-08-05,2026-08-10,['raw_frequency'],overlapping raw schedule variants; not asserted to be contradictory because the source frequency legend is absent
ix-leg-60799ee69023634bc928,ix-variant-d715f26e8648052cf4d3,ix-variant-4509fb071a0290daa438,2026-08-07,2026-08-10,['raw_frequency'],overlapping raw schedule variants; not asserted to be contradictory because the source frequency legend is absent
ix-leg-60799ee69023634bc928,ix-variant-d715f26e8648052cf4d3,ix-variant-4f42f2f448ef5e7b3a8b,2026-08-08,2026-08-08,['raw_frequency'],overlapping raw schedule variants; not asserted to be contradictory because the source frequency legend is absent
ix-leg-60799ee69023634bc928,ix-variant-d715f26e8648052cf4d3,ix-variant-d0a6603842f2199d5174,2026-08-05,2026-08-10,"['raw_frequency', 'arrival_clock', 'departure_clock']",overlapping raw schedule variants; not asserted to be contradictory because the source frequency legend is absent
ix-leg-60799ee69023634bc928,ix-variant-d715f26e8648052cf4d3,ix-variant-2a2c68d253752d7ef8af,2026-08-09,2026-08-09,['raw_frequency'],overlapping raw schedule variants; not asserted to be contradictory because the source frequency legend is absent
ix-leg-60799ee69023634bc928,ix-variant-3909fa560f6227ed5073,ix-variant-f522e1be1c04714a9eb9,2026-08-26,2026-08-31,"['raw_frequency', 'arrival_clock', 'departure_clock']",overlapping raw schedule variants; not asserted to be contradictory because the source frequency legend is absent
ix-leg-60799ee69023634bc928,ix-variant-3909fa560f6227ed5073,ix-variant-c857f92e3232e4aa2f58,2026-08-26,2026-08-30,['raw_frequency'],overlapping raw schedule variants; not asserted to be contradictory because the source frequency legend is absent
ix-leg-60799ee69023634bc928,ix-variant-3909fa560f6227ed5073,ix-variant-f05195fbe0f1a29dd56d,2026-08-26,2026-08-31,"['raw_frequency', 'arrival_clock', 'departure_clock']",overlapping raw schedule variants; not asserted to be contradictory because the source frequency legend is absent
ix-leg-60799ee69023634bc928,ix-variant-3909fa560f6227ed5073,ix-variant-e3ad70d231d0e6874aab,2026-08-26,2026-08-31,['raw_frequency'],overlapping raw schedule variants; not asserted to be contradictory because the source frequency legend is absent
ix-leg-60799ee69023634bc928,ix-variant-3909fa560f6227ed5073,ix-variant-548753ed5dbf31bcd75d,2026-08-29,2026-08-29,['raw_frequency'],overlapping raw schedule variants; not asserted to be contradictory because the source frequency legend is absent
ix-leg-60799ee69023634bc928,ix-variant-3909fa560f6227ed5073,ix-variant-d0a6603842f2199d5174,2026-08-26,2026-08-31,"['raw_frequency', 'arrival_clock', 'departure_clock']",overlapping raw schedule variants; not asserted to be contradictory because the source frequency legend is absent
ix-leg-60799ee69023634bc928,ix-variant-0e7bdcd638fc2195378a,ix-variant-f522e1be1c04714a9eb9,2026-09-02,2026-09-07,"['raw_frequency', 'arrival_clock', 'departure_clock']",overlapping raw schedule variants; not asserted to be contradictory because the source frequency legend is absent
ix-leg-60799ee69023634bc928,ix-variant-0e7bdcd638fc2195378a,ix-variant-f05195fbe0f1a29dd56d,2026-09-02,2026-09-07,"['raw_frequency', 'arrival_clock', 'departure_clock']",overlapping raw schedule variants; not asserted to be contradictory because the source frequency legend is absent
ix-leg-60799ee69023634bc928,ix-variant-0e7bdcd638fc2195378a,ix-variant-e3ad70d231d0e6874aab,2026-09-02,2026-09-07,['raw_frequency'],overlapping raw schedule variants; not asserted to be contradictory because the source frequency legend is absent
ix-leg-60799ee69023634bc928,ix-variant-0e7bdcd638fc2195378a,ix-variant-7803eaa262693401047c,2026-09-04,2026-09-07,['raw_frequency'],overlapping raw schedule variants; not asserted to be contradictory because the source frequency legend is absent
ix-leg-60799ee69023634bc928,ix-variant-0e7bdcd638fc2195378a,ix-variant-2006f047fc3ae2b73cf8,2026-09-05,2026-09-05,['raw_frequency'],overlapping raw schedule variants; not asserted to be contradictory because the source frequency legend is absent
ix-leg-60799ee69023634bc928,ix-variant-0e7bdcd638fc2195378a,ix-variant-d0a6603842f2199d5174,2026-09-02,2026-09-07,"['raw_frequency', 'arrival_clock', 'departure_clock']",overlapping raw schedule variants; not asserted to be contradictory because the source frequency legend is absent
ix-leg-60799ee69023634bc928,ix-variant-0e7bdcd638fc2195378a,ix-variant-047d6ffa0211ddad241c,2026-09-06,2026-09-06,['raw_frequency'],overlapping raw schedule variants; not asserted to be contradictory because the source frequency legend is absent
ix-leg-60799ee69023634bc928,ix-variant-3bc1acfb1bcf333fc94e,ix-variant-f522e1be1c04714a9eb9,2026-09-23,2026-09-28,"['raw_frequency', 'arrival_clock', 'departure_clock']",overlapping raw schedule variants; not asserted to be contradictory because the source frequency legend is absent
ix-leg-60799ee69023634bc928,ix-variant-3bc1acfb1bcf333fc94e,ix-variant-569b436212c780805bef,2026-09-23,2026-09-27,['raw_frequency'],overlapping raw schedule variants; not asserted to be contradictory because the source frequency legend is absent
ix-leg-60799ee69023634bc928,ix-variant-3bc1acfb1bcf333fc94e,ix-variant-f05195fbe0f1a29dd56d,2026-09-23,2026-09-28,"['raw_frequency', 'arrival_clock', 'departure_clock']",overlapping raw schedule variants; not asserted to be contradictory because the source frequency legend is absent
ix-leg-60799ee69023634bc928,ix-variant-3bc1acfb1bcf333fc94e,ix-variant-e3ad70d231d0e6874aab,2026-09-23,2026-09-28,['raw_frequency'],overlapping raw schedule variants; not asserted to be contradictory because the source frequency legend is absent
ix-leg-60799ee69023634bc928,ix-variant-3bc1acfb1bcf333fc94e,ix-variant-3e90c740a0039d7cbb46,2026-09-26,2026-09-26,['raw_frequency'],overlapping raw schedule variants; not asserted to be contradictory because the source frequency legend is absent
ix-leg-60799ee69023634bc928,ix-variant-3bc1acfb1bcf333fc94e,ix-variant-d0a6603842f2199d5174,2026-09-23,2026-09-28,"['raw_frequency', 'arrival_clock', 'departure_clock']",overlapping raw schedule variants; not asserted to be contradictory because the source frequency legend is absent
ix-leg-60799ee69023634bc928,ix-variant-2caf25aa77a6b55a75a7,ix-variant-f522e1be1c04714a9eb9,2026-09-30,2026-10-05,"['raw_frequency', 'arrival_clock', 'departure_clock']",overlapping raw schedule variants; not asserted to be contradictory because the source frequency legend is absent
ix-leg-60799ee69023634bc928,ix-variant-2caf25aa77a6b55a75a7,ix-variant-f05195fbe0f1a29dd56d,2026-09-30,2026-10-05,"['raw_frequency', 'arrival_clock', 'departure_clock']",overlapping raw schedule variants; not asserted to be contradictory because the source frequency legend is absent
ix-leg-60799ee69023634bc928,ix-variant-2caf25aa77a6b55a75a7,ix-variant-e3ad70d231d0e6874aab,2026-09-30,2026-10-05,['raw_frequency'],overlapping raw schedule variants; not asserted to be contradictory because the source frequency legend is absent
ix-leg-60799ee69023634bc928,ix-variant-2caf25aa77a6b55a75a7,ix-variant-d44ebf75004bf467bbda,2026-10-02,2026-10-05,['raw_frequency'],overlapping raw schedule variants; not asserted to be contradictory because the source frequency legend is absent
ix-leg-60799ee69023634bc928,ix-variant-2caf25aa77a6b55a75a7,ix-variant-0366d2ee50d1622a0140,2026-10-03,2026-10-03,['raw_frequency'],overlapping raw schedule variants; not asserted to be contradictory because the source frequency legend is absent
ix-leg-60799ee69023634bc928,ix-variant-2caf25aa77a6b55a75a7,ix-variant-d0a6603842f2199d5174,2026-09-30,2026-10-05,"['raw_frequency', 'arrival_clock', 'departure_clock']",overlapping raw schedule variants; not asserted to be contradictory because the source frequency legend is absent
ix-leg-60799ee69023634bc928,ix-variant-2caf25aa77a6b55a75a7,ix-variant-dc29cc50ca800e180e6b,2026-10-04,2026-10-04,['raw_frequency'],overlapping raw schedule variants; not asserted to be contradictory because the source frequency legend is absent
ix-leg-60799ee69023634bc928,ix-variant-f522e1be1c04714a9eb9,ix-variant-3d357f1a23c962e863e1,2026-04-20,2026-04-24,"['raw_frequency', 'arrival_clock', 'departure_clock']",overlapping raw schedule variants; not asserted to be contradictory because the source frequency legend is absent
ix-leg-60799ee69023634bc928,ix-variant-f522e1be1c04714a9eb9,ix-variant-0c48b2e987aa92ea7e62,2026-04-27,2026-05-01,"['raw_frequency', 'arrival_clock', 'departure_clock']",overlapping raw schedule variants; not asserted to be contradictory because the source frequency legend is absent
ix-leg-60799ee69023634bc928,ix-variant-f522e1be1c04714a9eb9,ix-variant-a6c47338d08b838c4d67,2026-05-25,2026-05-29,"['raw_frequency', 'arrival_clock', 'departure_clock']",overlapping raw schedule variants; not asserted to be contradictory because the source frequency legend is absent
ix-leg-60799ee69023634bc928,ix-variant-f522e1be1c04714a9eb9,ix-variant-e89b55ad8974e263f2cd,2026-06-22,2026-06-26,"['raw_frequency', 'arrival_clock', 'departure_clock']",overlapping raw schedule variants; not asserted to be contradictory because the source frequency legend is absent
ix-leg-60799ee69023634bc928,ix-variant-f522e1be1c04714a9eb9,ix-variant-c7233cbc4108dc0c7105,2026-07-20,2026-07-24,"['raw_frequency', 'arrival_clock', 'departure_clock']",overlapping raw schedule variants; not asserted to be contradictory because the source frequency legend is absent
ix-leg-60799ee69023634bc928,ix-variant-f522e1be1c04714a9eb9,ix-variant-05beca30004dfd32b769,2026-08-17,2026-08-21,"['raw_frequency', 'arrival_clock', 'departure_clock']",overlapping raw schedule variants; not asserted to be contradictory because the source frequency legend is absent
ix-leg-60799ee69023634bc928,ix-variant-f522e1be1c04714a9eb9,ix-variant-4d1209bfdc9a5a65e66e,2026-09-14,2026-09-18,"['raw_frequency', 'arrival_clock', 'departure_clock']",overlapping raw schedule variants; not asserted to be contradictory because the source frequency legend is absent
ix-leg-60799ee69023634bc928,ix-variant-f522e1be1c04714a9eb9,ix-variant-29ed87c3587b4342df57,2026-10-12,2026-10-16,"['raw_frequency', 'arrival_clock', 'departure_clock']",overlapping raw schedule variants; not asserted to be contradictory because the source frequency legend is absent
ix-leg-60799ee69023634bc928,ix-variant-f522e1be1c04714a9eb9,ix-variant-179bf4976def3622a615,2026-10-19,2026-10-23,"['raw_frequency', 'arrival_clock', 'departure_clock']",overlapping raw schedule variants; not asserted to be contradictory because the source frequency legend is absent
ix-leg-60799ee69023634bc928,ix-variant-f522e1be1c04714a9eb9,ix-variant-b5da73f57814da75a88e,2026-03-30,2026-04-05,"['raw_frequency', 'arrival_clock', 'departure_clock']",overlapping raw schedule variants; not asserted to be contradictory because the source frequency legend is absent
ix-leg-60799ee69023634bc928,ix-variant-f522e1be1c04714a9eb9,ix-variant-f3142c971cb718d74311,2026-05-04,2026-05-10,"['raw_frequency', 'arrival_clock', 'departure_clock']",overlapping raw schedule variants; not asserted to be contradictory because the source frequency legend is absent
ix-leg-60799ee69023634bc928,ix-variant-f522e1be1c04714a9eb9,ix-variant-8af5ea14bb88e283568a,2026-06-01,2026-06-07,"['raw_frequency', 'arrival_clock', 'departure_clock']",overlapping raw schedule variants; not asserted to be contradictory because the source frequency legend is absent
ix-leg-60799ee69023634bc928,ix-variant-f522e1be1c04714a9eb9,ix-variant-b5b1854108777eb9063e,2026-06-29,2026-07-05,"['raw_frequency', 'arrival_clock', 'departure_clock']",overlapping raw schedule variants; not asserted to be contradictory because the source frequency legend is absent
ix-leg-60799ee69023634bc928,ix-variant-f522e1be1c04714a9eb9,ix-variant-19d0499afd24ada5ad63,2026-07-27,2026-08-02,"['raw_frequency', 'arrival_clock', 'departure_clock']",overlapping raw schedule variants; not asserted to be contradictory because the source frequency legend is absent
ix-leg-60799ee69023634bc928,ix-variant-f522e1be1c04714a9eb9,ix-variant-c857f92e3232e4aa2f58,2026-08-24,2026-08-30,"['raw_frequency', 'arrival_clock', 'departure_clock']",overlapping raw schedule variants; not asserted to be contradictory because the source frequency legend is absent
ix-leg-60799ee69023634bc928,ix-variant-f522e1be1c04714a9eb9,ix-variant-569b436212c780805bef,2026-09-21,2026-09-27,"['raw_frequency', 'arrival_clock', 'departure_clock']",overlapping raw schedule variants; not asserted to be contradictory because the source frequency legend is absent
ix-leg-60799ee69023634bc928,ix-variant-f522e1be1c04714a9eb9,ix-variant-362b625ff356a5ee5b8b,2026-03-31,2026-03-31,['raw_frequency'],overlapping raw schedule variants; not asserted to be contradictory because the source frequency legend is absent
ix-leg-60799ee69023634bc928,ix-variant-f522e1be1c04714a9eb9,ix-variant-f05195fbe0f1a29dd56d,2026-04-07,2026-10-20,['raw_frequency'],overlapping raw schedule variants; not asserted to be contradictory because the source frequency legend is absent
ix-leg-60799ee69023634bc928,ix-variant-f522e1be1c04714a9eb9,ix-variant-d16936e68c92eb142e53,2026-03-31,2026-04-16,"['raw_frequency', 'arrival_clock', 'departure_clock']",overlapping raw schedule variants; not asserted to be contradictory because the source frequency legend is absent
ix-leg-60799ee69023634bc928,ix-variant-f522e1be1c04714a9eb9,ix-variant-e3ad70d231d0e6874aab,2026-04-28,2026-10-22,"['raw_frequency', 'arrival_clock', 'departure_clock']",overlapping raw schedule variants; not asserted to be contradictory because the source frequency legend is absent
ix-leg-60799ee69023634bc928,ix-variant-f522e1be1c04714a9eb9,ix-variant-f3a099e731f77efc1136,2026-04-18,2026-04-23,"['raw_frequency', 'arrival_clock', 'departure_clock']",overlapping raw schedule variants; not asserted to be contradictory because the source frequency legend is absent
ix-leg-60799ee69023634bc928,ix-variant-f522e1be1c04714a9eb9,ix-variant-9caf4625c123cd45f58e,2026-10-21,2026-10-21,"['raw_frequency', 'arrival_clock', 'departure_clock']",overlapping raw schedule variants; not asserted to be contradictory because the source frequency legend is absent
ix-leg-60799ee69023634bc928,ix-variant-f522e1be1c04714a9eb9,ix-variant-589dccb38b0f6a74205f,2026-04-10,2026-04-15,"['raw_frequency', 'arrival_clock', 'departure_clock']",overlapping raw schedule variants; not asserted to be contradictory because the source frequency legend is absent
ix-leg-60799ee69023634bc928,ix-variant-f522e1be1c04714a9eb9,ix-variant-704c7826a6fee9247977,2026-05-15,2026-05-20,"['raw_frequency', 'arrival_clock', 'departure_clock']",overlapping raw schedule variants; not asserted to be contradictory because the source frequency legend is absent
ix-leg-60799ee69023634bc928,ix-variant-f522e1be1c04714a9eb9,ix-variant-907557d1875224e2948a,2026-06-12,2026-06-17,"['raw_frequency', 'arrival_clock', 'departure_clock']",overlapping raw schedule variants; not asserted to be contradictory because the source frequency legend is absent
ix-leg-60799ee69023634bc928,ix-variant-f522e1be1c04714a9eb9,ix-variant-60541b259900ac8fd1b8,2026-07-10,2026-07-15,"['raw_frequency', 'arrival_clock', 'departure_clock']",overlapping raw schedule variants; not asserted to be contradictory because the source frequency legend is absent
ix-leg-60799ee69023634bc928,ix-variant-f522e1be1c04714a9eb9,ix-variant-4509fb071a0290daa438,2026-08-07,2026-08-12,"['raw_frequency', 'arrival_clock', 'departure_clock']",overlapping raw schedule variants; not asserted to be contradictory because the source frequency legend is absent
ix-leg-60799ee69023634bc928,ix-variant-f522e1be1c04714a9eb9,ix-variant-7803eaa262693401047c,2026-09-04,2026-09-09,"['raw_frequency', 'arrival_clock', 'departure_clock']",overlapping raw schedule variants; not asserted to be contradictory because the source frequency legend is absent
ix-leg-60799ee69023634bc928,ix-variant-f522e1be1c04714a9eb9,ix-variant-d44ebf75004bf467bbda,2026-10-02,2026-10-07,"['raw_frequency', 'arrival_clock', 'departure_clock']",overlapping raw schedule variants; not asserted to be contradictory because the source frequency legend is absent
ix-leg-60799ee69023634bc928,ix-variant-f522e1be1c04714a9eb9,ix-variant-0974daff66eca3965b0e,2026-05-22,2026-05-27,"['raw_frequency', 'arrival_clock', 'departure_clock']",overlapping raw schedule variants; not asserted to be contradictory because the source frequency legend is absent
ix-leg-60799ee69023634bc928,ix-variant-f522e1be1c04714a9eb9,ix-variant-974f0c9aa1dc5a3f7354,2026-06-19,2026-06-24,"['raw_frequency', 'arrival_clock', 'departure_clock']",overlapping raw schedule variants; not asserted to be contradictory because the source frequency legend is absent
ix-leg-60799ee69023634bc928,ix-variant-f522e1be1c04714a9eb9,ix-variant-05e217bdb76988dd1587,2026-07-17,2026-07-22,"['raw_frequency', 'arrival_clock', 'departure_clock']",overlapping raw schedule variants; not asserted to be contradictory because the source frequency legend is absent
ix-leg-60799ee69023634bc928,ix-variant-f522e1be1c04714a9eb9,ix-variant-eba2931d56356eaff92e,2026-08-14,2026-08-19,"['raw_frequency', 'arrival_clock', 'departure_clock']",overlapping raw schedule variants; not asserted to be contradictory because the source frequency legend is absent
ix-leg-60799ee69023634bc928,ix-variant-f522e1be1c04714a9eb9,ix-variant-26eb25366a30c479e939,2026-09-11,2026-09-16,"['raw_frequency', 'arrival_clock', 'departure_clock']",overlapping raw schedule variants; not asserted to be contradictory because the source frequency legend is absent
ix-leg-60799ee69023634bc928,ix-variant-f522e1be1c04714a9eb9,ix-variant-0f68162aa187e53b7ab3,2026-10-09,2026-10-14,"['raw_frequency', 'arrival_clock', 'departure_clock']",overlapping raw schedule variants; not asserted to be contradictory because the source frequency legend is absent
ix-leg-60799ee69023634bc928,ix-variant-f522e1be1c04714a9eb9,ix-variant-eef8d3f21c93530472b5,2026-04-19,2026-04-22,"['raw_frequency', 'arrival_clock', 'departure_clock']",overlapping raw schedule variants; not asserted to be contradictory because the source frequency legend is absent
ix-leg-60799ee69023634bc928,ix-variant-f522e1be1c04714a9eb9,ix-variant-873254c88f3d15bbe5b0,2026-04-26,2026-04-29,"['raw_frequency', 'arrival_clock', 'departure_clock']",overlapping raw schedule variants; not asserted to be contradictory because the source frequency legend is absent
ix-leg-60799ee69023634bc928,ix-variant-f522e1be1c04714a9eb9,ix-variant-2342e313df7a82b90143,2026-04-17,2026-04-17,"['raw_frequency', 'arrival_clock', 'departure_clock']",overlapping raw schedule variants; not asserted to be contradictory because the source frequency legend is absent
ix-leg-60799ee69023634bc928,ix-variant-f522e1be1c04714a9eb9,ix-variant-c8196b9c9ffa25dcb2ff,2026-04-04,2026-04-04,"['raw_frequency', 'arrival_clock', 'departure_clock']",overlapping raw schedule variants; not asserted to be contradictory because the source frequency legend is absent
ix-leg-60799ee69023634bc928,ix-variant-f522e1be1c04714a9eb9,ix-variant-1d7c609d05d552d3905a,2026-04-11,2026-04-11,"['raw_frequency', 'arrival_clock', 'departure_clock']",overlapping raw schedule variants; not asserted to be contradictory because the source frequency legend is absent
ix-leg-60799ee69023634bc928,ix-variant-f522e1be1c04714a9eb9,ix-variant-fcf827ff537316bb9abd,2026-04-25,2026-04-25,"['raw_frequency', 'arrival_clock', 'departure_clock']",overlapping raw schedule variants; not asserted to be contradictory because the source frequency legend is absent
ix-leg-60799ee69023634bc928,ix-variant-f522e1be1c04714a9eb9,ix-variant-ce674df6fbced19cb6fe,2026-05-02,2026-05-02,"['raw_frequency', 'arrival_clock', 'departure_clock']",overlapping raw schedule variants; not asserted to be contradictory because the source frequency legend is absent
ix-leg-60799ee69023634bc928,ix-variant-f522e1be1c04714a9eb9,ix-variant-1d7da8904f50f885d098,2026-05-09,2026-05-09,"['raw_frequency', 'arrival_clock', 'departure_clock']",overlapping raw schedule variants; not asserted to be contradictory because the source frequency legend is absent
ix-leg-60799ee69023634bc928,ix-variant-f522e1be1c04714a9eb9,ix-variant-533d2ada5d3ca995727e,2026-05-16,2026-05-16,"['raw_frequency', 'arrival_clock', 'departure_clock']",overlapping raw schedule variants; not asserted to be contradictory because the source frequency legend is absent
ix-leg-60799ee69023634bc928,ix-variant-f522e1be1c04714a9eb9,ix-variant-bc3a29f0bf4e79bad1c5,2026-05-23,2026-05-23,"['raw_frequency', 'arrival_clock', 'departure_clock']",overlapping raw schedule variants; not asserted to be contradictory because the source frequency legend is absent
ix-leg-60799ee69023634bc928,ix-variant-f522e1be1c04714a9eb9,ix-variant-721e3805de9f95dc8560,2026-05-30,2026-05-30,"['raw_frequency', 'arrival_clock', 'departure_clock']",overlapping raw schedule variants; not asserted to be contradictory because the source frequency legend is absent
ix-leg-60799ee69023634bc928,ix-variant-f522e1be1c04714a9eb9,ix-variant-cf84b4b2d6414afe5417,2026-06-06,2026-06-06,"['raw_frequency', 'arrival_clock', 'departure_clock']",overlapping raw schedule variants; not asserted to be contradictory because the source frequency legend is absent
ix-leg-60799ee69023634bc928,ix-variant-f522e1be1c04714a9eb9,ix-variant-1d5641ae0e94125d38e8,2026-06-13,2026-06-13,"['raw_frequency', 'arrival_clock', 'departure_clock']",overlapping raw schedule variants; not asserted to be contradictory because the source frequency legend is absent
ix-leg-60799ee69023634bc928,ix-variant-f522e1be1c04714a9eb9,ix-variant-80a116a528b78bdd74e4,2026-06-20,2026-06-20,"['raw_frequency', 'arrival_clock', 'departure_clock']",overlapping raw schedule variants; not asserted to be contradictory because the source frequency legend is absent
ix-leg-60799ee69023634bc928,ix-variant-f522e1be1c04714a9eb9,ix-variant-2c3a949673f0b102eed1,2026-06-27,2026-06-27,"['raw_frequency', 'arrival_clock', 'departure_clock']",overlapping raw schedule variants; not asserted to be contradictory because the source frequency legend is absent
ix-leg-60799ee69023634bc928,ix-variant-f522e1be1c04714a9eb9,ix-variant-cd45203956731d1a851e,2026-07-04,2026-07-04,"['raw_frequency', 'arrival_clock', 'departure_clock']",overlapping raw schedule variants; not asserted to be contradictory because the source frequency legend is absent
ix-leg-60799ee69023634bc928,ix-variant-f522e1be1c04714a9eb9,ix-variant-6241f403c316aa0aaaa0,2026-07-11,2026-07-11,"['raw_frequency', 'arrival_clock', 'departure_clock']",overlapping raw schedule variants; not asserted to be contradictory because the source frequency legend is absent
ix-leg-60799ee69023634bc928,ix-variant-f522e1be1c04714a9eb9,ix-variant-d55a607558b3e5390c83,2026-07-18,2026-07-18,"['raw_frequency', 'arrival_clock', 'departure_clock']",overlapping raw schedule variants; not asserted to be contradictory because the source frequency legend is absent
ix-leg-60799ee69023634bc928,ix-variant-f522e1be1c04714a9eb9,ix-variant-e71d4a100c8506aed57c,2026-07-25,2026-07-25,"['raw_frequency', 'arrival_clock', 'departure_clock']",overlapping raw schedule variants; not asserted to be contradictory because the source frequency legend is absent
ix-leg-60799ee69023634bc928,ix-variant-f522e1be1c04714a9eb9,ix-variant-deccc97e88a0106c00ae,2026-08-01,2026-08-01,"['raw_frequency', 'arrival_clock', 'departure_clock']",overlapping raw schedule variants; not asserted to be contradictory because the source frequency legend is absent
ix-leg-60799ee69023634bc928,ix-variant-f522e1be1c04714a9eb9,ix-variant-4f42f2f448ef5e7b3a8b,2026-08-08,2026-08-08,"['raw_frequency', 'arrival_clock', 'departure_clock']",overlapping raw schedule variants; not asserted to be contradictory because the source frequency legend is absent
ix-leg-60799ee69023634bc928,ix-variant-f522e1be1c04714a9eb9,ix-variant-143b6cc0a9d78780b207,2026-08-15,2026-08-15,"['raw_frequency', 'arrival_clock', 'departure_clock']",overlapping raw schedule variants; not asserted to be contradictory because the source frequency legend is absent
ix-leg-60799ee69023634bc928,ix-variant-f522e1be1c04714a9eb9,ix-variant-86612fe775820d2d3dce,2026-08-22,2026-08-22,"['raw_frequency', 'arrival_clock', 'departure_clock']",overlapping raw schedule variants; not asserted to be contradictory because the source frequency legend is absent
ix-leg-60799ee69023634bc928,ix-variant-f522e1be1c04714a9eb9,ix-variant-548753ed5dbf31bcd75d,2026-08-29,2026-08-29,"['raw_frequency', 'arrival_clock', 'departure_clock']",overlapping raw schedule variants; not asserted to be contradictory because the source frequency legend is absent
ix-leg-60799ee69023634bc928,ix-variant-f522e1be1c04714a9eb9,ix-variant-2006f047fc3ae2b73cf8,2026-09-05,2026-09-05,"['raw_frequency', 'arrival_clock', 'departure_clock']",overlapping raw schedule variants; not asserted to be contradictory because the source frequency legend is absent
ix-leg-60799ee69023634bc928,ix-variant-f522e1be1c04714a9eb9,ix-variant-10df5d2632cc5580b030,2026-09-12,2026-09-12,"['raw_frequency', 'arrival_clock', 'departure_clock']",overlapping raw schedule variants; not asserted to be contradictory because the source frequency legend is absent
ix-leg-60799ee69023634bc928,ix-variant-f522e1be1c04714a9eb9,ix-variant-0dfa4b7d2edf9bc6767b,2026-09-19,2026-09-19,"['raw_frequency', 'arrival_clock', 'departure_clock']",overlapping raw schedule variants; not asserted to be contradictory because the source frequency legend is absent
ix-leg-60799ee69023634bc928,ix-variant-f522e1be1c04714a9eb9,ix-variant-3e90c740a0039d7cbb46,2026-09-26,2026-09-26,"['raw_frequency', 'arrival_clock', 'departure_clock']",overlapping raw schedule variants; not asserted to be contradictory because the source frequency legend is absent
ix-leg-60799ee69023634bc928,ix-variant-f522e1be1c04714a9eb9,ix-variant-0366d2ee50d1622a0140,2026-10-03,2026-10-03,"['raw_frequency', 'arrival_clock', 'departure_clock']",overlapping raw schedule variants; not asserted to be contradictory because the source frequency legend is absent
ix-leg-60799ee69023634bc928,ix-variant-f522e1be1c04714a9eb9,ix-variant-9daed8609e04468976f9,2026-10-10,2026-10-10,"['raw_frequency', 'arrival_clock', 'departure_clock']",overlapping raw schedule variants; not asserted to be contradictory because the source frequency legend is absent
ix-leg-60799ee69023634bc928,ix-variant-f522e1be1c04714a9eb9,ix-variant-a29a86c8a5b0eb2af59c,2026-10-17,2026-10-17,"['raw_frequency', 'arrival_clock', 'departure_clock']",overlapping raw schedule variants; not asserted to be contradictory because the source frequency legend is absent
ix-leg-60799ee69023634bc928,ix-variant-f522e1be1c04714a9eb9,ix-variant-b5489367e4aa52f3adda,2026-10-24,2026-10-24,"['raw_frequency', 'arrival_clock', 'departure_clock']",overlapping raw schedule variants; not asserted to be contradictory because the source frequency legend is absent
ix-leg-60799ee69023634bc928,ix-variant-f522e1be1c04714a9eb9,ix-variant-d0a6603842f2199d5174,2026-04-05,2026-10-18,['raw_frequency'],overlapping raw schedule variants; not asserted to be contradictory because the source frequency legend is absent
ix-leg-60799ee69023634bc928,ix-variant-f522e1be1c04714a9eb9,ix-variant-ec2f853823188e010bcb,2026-04-12,2026-04-12,"['raw_frequency', 'arrival_clock', 'departure_clock']",overlapping raw schedule variants; not asserted to be contradictory because the source frequency legend is absent
ix-leg-60799ee69023634bc928,ix-variant-f522e1be1c04714a9eb9,ix-variant-d921a8ac89bfb5448ceb,2026-05-03,2026-05-03,"['raw_frequency', 'arrival_clock', 'departure_clock']",overlapping raw schedule variants; not asserted to be contradictory because the source frequency legend is absent
ix-leg-60799ee69023634bc928,ix-variant-f522e1be1c04714a9eb9,ix-variant-af5bcf7d1c4585fd19ab,2026-05-17,2026-05-17,"['raw_frequency', 'arrival_clock', 'departure_clock']",overlapping raw schedule variants; not asserted to be contradictory because the source frequency legend is absent
ix-leg-60799ee69023634bc928,ix-variant-f522e1be1c04714a9eb9,ix-variant-10143d7f2b65d99b57af,2026-05-31,2026-05-31,"['raw_frequency', 'arrival_clock', 'departure_clock']",overlapping raw schedule variants; not asserted to be contradictory because the source frequency legend is absent
ix-leg-60799ee69023634bc928,ix-variant-f522e1be1c04714a9eb9,ix-variant-285f638c7e9885b28830,2026-06-14,2026-06-14,"['raw_frequency', 'arrival_clock', 'departure_clock']",overlapping raw schedule variants; not asserted to be contradictory because the source frequency legend is absent
ix-leg-60799ee69023634bc928,ix-variant-f522e1be1c04714a9eb9,ix-variant-03fe3ff883207de9fdc2,2026-06-28,2026-06-28,"['raw_frequency', 'arrival_clock', 'departure_clock']",overlapping raw schedule variants; not asserted to be contradictory because the source frequency legend is absent
ix-leg-60799ee69023634bc928,ix-variant-f522e1be1c04714a9eb9,ix-variant-383a1212d826bdc1e271,2026-07-12,2026-07-12,"['raw_frequency', 'arrival_clock', 'departure_clock']",overlapping raw schedule variants; not asserted to be contradictory because the source frequency legend is absent
ix-leg-60799ee69023634bc928,ix-variant-f522e1be1c04714a9eb9,ix-variant-2279942d74bba287b878,2026-07-26,2026-07-26,"['raw_frequency', 'arrival_clock', 'departure_clock']",overlapping raw schedule variants; not asserted to be contradictory because the source frequency legend is absent
ix-leg-60799ee69023634bc928,ix-variant-f522e1be1c04714a9eb9,ix-variant-2a2c68d253752d7ef8af,2026-08-09,2026-08-09,"['raw_frequency', 'arrival_clock', 'departure_clock']",overlapping raw schedule variants; not asserted to be contradictory because the source frequency legend is absent
ix-leg-60799ee69023634bc928,ix-variant-f522e1be1c04714a9eb9,ix-variant-a4a7192e45d8b968b9e5,2026-08-23,2026-08-23,"['raw_frequency', 'arrival_clock', 'departure_clock']",overlapping raw schedule variants; not asserted to be contradictory because the source frequency legend is absent
ix-leg-60799ee69023634bc928,ix-variant-f522e1be1c04714a9eb9,ix-variant-047d6ffa0211ddad241c,2026-09-06,2026-09-06,"['raw_frequency', 'arrival_clock', 'departure_clock']",overlapping raw schedule variants; not asserted to be contradictory because the source frequency legend is absent
ix-leg-60799ee69023634bc928,ix-variant-f522e1be1c04714a9eb9,ix-variant-89573069d05cb211ce05,2026-09-20,2026-09-20,"['raw_frequency', 'arrival_clock', 'departure_clock']",overlapping raw schedule variants; not asserted to be contradictory because the source frequency legend is absent
ix-leg-60799ee69023634bc928,ix-variant-f522e1be1c04714a9eb9,ix-variant-dc29cc50ca800e180e6b,2026-10-04,2026-10-04,"['raw_frequency', 'arrival_clock', 'departure_clock']",overlapping raw schedule variants; not asserted to be contradictory because the source frequency legend is absent
ix-leg-60799ee69023634bc928,ix-variant-f522e1be1c04714a9eb9,ix-variant-0165ea53d39ecf63e7ce,2026-10-18,2026-10-18,"['raw_frequency', 'arrival_clock', 'departure_clock']",overlapping raw schedule variants; not asserted to be contradictory because the source frequency legend is absent
ix-leg-60799ee69023634bc928,ix-variant-3d357f1a23c962e863e1,ix-variant-f05195fbe0f1a29dd56d,2026-04-20,2026-04-24,"['raw_frequency', 'arrival_clock', 'departure_clock']",overlapping raw schedule variants; not asserted to be contradictory because the source frequency legend is absent
ix-leg-60799ee69023634bc928,ix-variant-3d357f1a23c962e863e1,ix-variant-f3a099e731f77efc1136,2026-04-20,2026-04-23,['raw_frequency'],overlapping raw schedule variants; not asserted to be contradictory because the source frequency legend is absent
ix-leg-60799ee69023634bc928,ix-variant-3d357f1a23c962e863e1,ix-variant-eef8d3f21c93530472b5,2026-04-20,2026-04-22,['raw_frequency'],overlapping raw schedule variants; not asserted to be contradictory because the source frequency legend is absent
ix-leg-60799ee69023634bc928,ix-variant-3d357f1a23c962e863e1,ix-variant-d0a6603842f2199d5174,2026-04-20,2026-04-24,"['raw_frequency', 'arrival_clock', 'departure_clock']",overlapping raw schedule variants; not asserted to be contradictory because the source frequency legend is absent
ix-leg-60799ee69023634bc928,ix-variant-0c48b2e987aa92ea7e62,ix-variant-f05195fbe0f1a29dd56d,2026-04-27,2026-05-01,"['raw_frequency', 'arrival_clock', 'departure_clock']",overlapping raw schedule variants; not asserted to be contradictory because the source frequency legend is absent
ix-leg-60799ee69023634bc928,ix-variant-0c48b2e987aa92ea7e62,ix-variant-e3ad70d231d0e6874aab,2026-04-28,2026-05-01,['raw_frequency'],overlapping raw schedule variants; not asserted to be contradictory because the source frequency legend is absent
ix-leg-60799ee69023634bc928,ix-variant-0c48b2e987aa92ea7e62,ix-variant-873254c88f3d15bbe5b0,2026-04-27,2026-04-29,['raw_frequency'],overlapping raw schedule variants; not asserted to be contradictory because the source frequency legend is absent
ix-leg-60799ee69023634bc928,ix-variant-0c48b2e987aa92ea7e62,ix-variant-d0a6603842f2199d5174,2026-04-27,2026-05-01,"['raw_frequency', 'arrival_clock', 'departure_clock']",overlapping raw schedule variants; not asserted to be contradictory because the source frequency legend is absent
ix-leg-60799ee69023634bc928,ix-variant-a6c47338d08b838c4d67,ix-variant-f05195fbe0f1a29dd56d,2026-05-25,2026-05-29,"['raw_frequency', 'arrival_clock', 'departure_clock']",overlapping raw schedule variants; not asserted to be contradictory because the source frequency legend is absent
ix-leg-60799ee69023634bc928,ix-variant-a6c47338d08b838c4d67,ix-variant-e3ad70d231d0e6874aab,2026-05-25,2026-05-29,['raw_frequency'],overlapping raw schedule variants; not asserted to be contradictory because the source frequency legend is absent
ix-leg-60799ee69023634bc928,ix-variant-a6c47338d08b838c4d67,ix-variant-0974daff66eca3965b0e,2026-05-25,2026-05-27,['raw_frequency'],overlapping raw schedule variants; not asserted to be contradictory because the source frequency legend is absent
ix-leg-60799ee69023634bc928,ix-variant-a6c47338d08b838c4d67,ix-variant-d0a6603842f2199d5174,2026-05-25,2026-05-29,"['raw_frequency', 'arrival_clock', 'departure_clock']",overlapping raw schedule variants; not asserted to be contradictory because the source frequency legend is absent
ix-leg-60799ee69023634bc928,ix-variant-e89b55ad8974e263f2cd,ix-variant-f05195fbe0f1a29dd56d,2026-06-22,2026-06-26,"['raw_frequency', 'arrival_clock', 'departure_clock']",overlapping raw schedule variants; not asserted to be contradictory because the source frequency legend is absent
ix-leg-60799ee69023634bc928,ix-variant-e89b55ad8974e263f2cd,ix-variant-e3ad70d231d0e6874aab,2026-06-22,2026-06-26,['raw_frequency'],overlapping raw schedule variants; not asserted to be contradictory because the source frequency legend is absent
ix-leg-60799ee69023634bc928,ix-variant-e89b55ad8974e263f2cd,ix-variant-974f0c9aa1dc5a3f7354,2026-06-22,2026-06-24,['raw_frequency'],overlapping raw schedule variants; not asserted to be contradictory because the source frequency legend is absent
ix-leg-60799ee69023634bc928,ix-variant-e89b55ad8974e263f2cd,ix-variant-d0a6603842f2199d5174,2026-06-22,2026-06-26,"['raw_frequency', 'arrival_clock', 'departure_clock']",overlapping raw schedule variants; not asserted to be contradictory because the source frequency legend is absent
ix-leg-60799ee69023634bc928,ix-variant-c7233cbc4108dc0c7105,ix-variant-f05195fbe0f1a29dd56d,2026-07-20,2026-07-24,"['raw_frequency', 'arrival_clock', 'departure_clock']",overlapping raw schedule variants; not asserted to be contradictory because the source frequency legend is absent
ix-leg-60799ee69023634bc928,ix-variant-c7233cbc4108dc0c7105,ix-variant-e3ad70d231d0e6874aab,2026-07-20,2026-07-24,['raw_frequency'],overlapping raw schedule variants; not asserted to be contradictory because the source frequency legend is absent
ix-leg-60799ee69023634bc928,ix-variant-c7233cbc4108dc0c7105,ix-variant-05e217bdb76988dd1587,2026-07-20,2026-07-22,['raw_frequency'],overlapping raw schedule variants; not asserted to be contradictory because the source frequency legend is absent
ix-leg-60799ee69023634bc928,ix-variant-c7233cbc4108dc0c7105,ix-variant-d0a6603842f2199d5174,2026-07-20,2026-07-24,"['raw_frequency', 'arrival_clock', 'departure_clock']",overlapping raw schedule variants; not asserted to be contradictory because the source frequency legend is absent
ix-leg-60799ee69023634bc928,ix-variant-05beca30004dfd32b769,ix-variant-f05195fbe0f1a29dd56d,2026-08-17,2026-08-21,"['raw_frequency', 'arrival_clock', 'departure_clock']",overlapping raw schedule variants; not asserted to be contradictory because the source frequency legend is absent
ix-leg-60799ee69023634bc928,ix-variant-05beca30004dfd32b769,ix-variant-e3ad70d231d0e6874aab,2026-08-17,2026-08-21,['raw_frequency'],overlapping raw schedule variants; not asserted to be contradictory because the source frequency legend is absent
ix-leg-60799ee69023634bc928,ix-variant-05beca30004dfd32b769,ix-variant-eba2931d56356eaff92e,2026-08-17,2026-08-19,['raw_frequency'],overlapping raw schedule variants; not asserted to be contradictory because the source frequency legend is absent
ix-leg-60799ee69023634bc928,ix-variant-05beca30004dfd32b769,ix-variant-d0a6603842f2199d5174,2026-08-17,2026-08-21,"['raw_frequency', 'arrival_clock', 'departure_clock']",overlapping raw schedule variants; not asserted to be contradictory because the source frequency legend is absent
ix-leg-60799ee69023634bc928,ix-variant-4d1209bfdc9a5a65e66e,ix-variant-f05195fbe0f1a29dd56d,2026-09-14,2026-09-18,"['raw_frequency', 'arrival_clock', 'departure_clock']",overlapping raw schedule variants; not asserted to be contradictory because the source frequency legend is absent
ix-leg-60799ee69023634bc928,ix-variant-4d1209bfdc9a5a65e66e,ix-variant-e3ad70d231d0e6874aab,2026-09-14,2026-09-18,['raw_frequency'],overlapping raw schedule variants; not asserted to be contradictory because the source frequency legend is absent
ix-leg-60799ee69023634bc928,ix-variant-4d1209bfdc9a5a65e66e,ix-variant-26eb25366a30c479e939,2026-09-14,2026-09-16,['raw_frequency'],overlapping raw schedule variants; not asserted to be contradictory because the source frequency legend is absent
ix-leg-60799ee69023634bc928,ix-variant-4d1209bfdc9a5a65e66e,ix-variant-d0a6603842f2199d5174,2026-09-14,2026-09-18,"['raw_frequency', 'arrival_clock', 'departure_clock']",overlapping raw schedule variants; not asserted to be contradictory because the source frequency legend is absent
ix-leg-60799ee69023634bc928,ix-variant-29ed87c3587b4342df57,ix-variant-f05195fbe0f1a29dd56d,2026-10-12,2026-10-16,"['raw_frequency', 'arrival_clock', 'departure_clock']",overlapping raw schedule variants; not asserted to be contradictory because the source frequency legend is absent
ix-leg-60799ee69023634bc928,ix-variant-29ed87c3587b4342df57,ix-variant-e3ad70d231d0e6874aab,2026-10-12,2026-10-16,['raw_frequency'],overlapping raw schedule variants; not asserted to be contradictory because the source frequency legend is absent
ix-leg-60799ee69023634bc928,ix-variant-29ed87c3587b4342df57,ix-variant-0f68162aa187e53b7ab3,2026-10-12,2026-10-14,['raw_frequency'],overlapping raw schedule variants; not asserted to be contradictory because the source frequency legend is absent
ix-leg-60799ee69023634bc928,ix-variant-29ed87c3587b4342df57,ix-variant-d0a6603842f2199d5174,2026-10-12,2026-10-16,"['raw_frequency', 'arrival_clock', 'departure_clock']",overlapping raw schedule variants; not asserted to be contradictory because the source frequency legend is absent
ix-leg-60799ee69023634bc928,ix-variant-179bf4976def3622a615,ix-variant-f05195fbe0f1a29dd56d,2026-10-19,2026-10-20,"['raw_frequency', 'arrival_clock', 'departure_clock']",overlapping raw schedule variants; not asserted to be contradictory because the source frequency legend is absent
ix-leg-60799ee69023634bc928,ix-variant-179bf4976def3622a615,ix-variant-e3ad70d231d0e6874aab,2026-10-19,2026-10-22,['raw_frequency'],overlapping raw schedule variants; not asserted to be contradictory because the source frequency legend is absent
ix-leg-60799ee69023634bc928,ix-variant-179bf4976def3622a615,ix-variant-9caf4625c123cd45f58e,2026-10-21,2026-10-21,['raw_frequency'],overlapping raw schedule variants; not asserted to be contradictory because the source frequency legend is absent
ix-leg-60799ee69023634bc928,ix-variant-b5da73f57814da75a88e,ix-variant-362b625ff356a5ee5b8b,2026-03-31,2026-03-31,"['raw_frequency', 'arrival_clock', 'departure_clock']",overlapping raw schedule variants; not asserted to be contradictory because the source frequency legend is absent
ix-leg-60799ee69023634bc928,ix-variant-b5da73f57814da75a88e,ix-variant-d16936e68c92eb142e53,2026-03-31,2026-04-05,['raw_frequency'],overlapping raw schedule variants; not asserted to be contradictory because the source frequency legend is absent
ix-leg-60799ee69023634bc928,ix-variant-b5da73f57814da75a88e,ix-variant-c8196b9c9ffa25dcb2ff,2026-04-04,2026-04-04,['raw_frequency'],overlapping raw schedule variants; not asserted to be contradictory because the source frequency legend is absent
ix-leg-60799ee69023634bc928,ix-variant-b5da73f57814da75a88e,ix-variant-d0a6603842f2199d5174,2026-04-05,2026-04-05,"['raw_frequency', 'arrival_clock', 'departure_clock']",overlapping raw schedule variants; not asserted to be contradictory because the source frequency legend is absent
ix-leg-60799ee69023634bc928,ix-variant-f3142c971cb718d74311,ix-variant-f05195fbe0f1a29dd56d,2026-05-04,2026-05-10,"['raw_frequency', 'arrival_clock', 'departure_clock']",overlapping raw schedule variants; not asserted to be contradictory because the source frequency legend is absent
ix-leg-60799ee69023634bc928,ix-variant-f3142c971cb718d74311,ix-variant-e3ad70d231d0e6874aab,2026-05-04,2026-05-10,['raw_frequency'],overlapping raw schedule variants; not asserted to be contradictory because the source frequency legend is absent
ix-leg-60799ee69023634bc928,ix-variant-f3142c971cb718d74311,ix-variant-1d7da8904f50f885d098,2026-05-09,2026-05-09,['raw_frequency'],overlapping raw schedule variants; not asserted to be contradictory because the source frequency legend is absent
ix-leg-60799ee69023634bc928,ix-variant-f3142c971cb718d74311,ix-variant-d0a6603842f2199d5174,2026-05-04,2026-05-10,"['raw_frequency', 'arrival_clock', 'departure_clock']",overlapping raw schedule variants; not asserted to be contradictory because the source frequency legend is absent
ix-leg-60799ee69023634bc928,ix-variant-8af5ea14bb88e283568a,ix-variant-f05195fbe0f1a29dd56d,2026-06-01,2026-06-07,"['raw_frequency', 'arrival_clock', 'departure_clock']",overlapping raw schedule variants; not asserted to be contradictory because the source frequency legend is absent
ix-leg-60799ee69023634bc928,ix-variant-8af5ea14bb88e283568a,ix-variant-e3ad70d231d0e6874aab,2026-06-01,2026-06-07,['raw_frequency'],overlapping raw schedule variants; not asserted to be contradictory because the source frequency legend is absent
ix-leg-60799ee69023634bc928,ix-variant-8af5ea14bb88e283568a,ix-variant-cf84b4b2d6414afe5417,2026-06-06,2026-06-06,['raw_frequency'],overlapping raw schedule variants; not asserted to be contradictory because the source frequency legend is absent
ix-leg-60799ee69023634bc928,ix-variant-8af5ea14bb88e283568a,ix-variant-d0a6603842f2199d5174,2026-06-01,2026-06-07,"['raw_frequency', 'arrival_clock', 'departure_clock']",overlapping raw schedule variants; not asserted to be contradictory because the source frequency legend is absent
ix-leg-60799ee69023634bc928,ix-variant-b5b1854108777eb9063e,ix-variant-f05195fbe0f1a29dd56d,2026-06-29,2026-07-05,"['raw_frequency', 'arrival_clock', 'departure_clock']",overlapping raw schedule variants; not asserted to be contradictory because the source frequency legend is absent
ix-leg-60799ee69023634bc928,ix-variant-b5b1854108777eb9063e,ix-variant-e3ad70d231d0e6874aab,2026-06-29,2026-07-05,['raw_frequency'],overlapping raw schedule variants; not asserted to be contradictory because the source frequency legend is absent
ix-leg-60799ee69023634bc928,ix-variant-b5b1854108777eb9063e,ix-variant-cd45203956731d1a851e,2026-07-04,2026-07-04,['raw_frequency'],overlapping raw schedule variants; not asserted to be contradictory because the source frequency legend is absent
ix-leg-60799ee69023634bc928,ix-variant-b5b1854108777eb9063e,ix-variant-d0a6603842f2199d5174,2026-06-29,2026-07-05,"['raw_frequency', 'arrival_clock', 'departure_clock']",overlapping raw schedule variants; not asserted to be contradictory because the source frequency legend is absent
ix-leg-60799ee69023634bc928,ix-variant-19d0499afd24ada5ad63,ix-variant-f05195fbe0f1a29dd56d,2026-07-27,2026-08-02,"['raw_frequency', 'arrival_clock', 'departure_clock']",overlapping raw schedule variants; not asserted to be contradictory because the source frequency legend is absent
ix-leg-60799ee69023634bc928,ix-variant-19d0499afd24ada5ad63,ix-variant-e3ad70d231d0e6874aab,2026-07-27,2026-08-02,['raw_frequency'],overlapping raw schedule variants; not asserted to be contradictory because the source frequency legend is absent
ix-leg-60799ee69023634bc928,ix-variant-19d0499afd24ada5ad63,ix-variant-deccc97e88a0106c00ae,2026-08-01,2026-08-01,['raw_frequency'],overlapping raw schedule variants; not asserted to be contradictory because the source frequency legend is absent
ix-leg-60799ee69023634bc928,ix-variant-19d0499afd24ada5ad63,ix-variant-d0a6603842f2199d5174,2026-07-27,2026-08-02,"['raw_frequency', 'arrival_clock', 'departure_clock']",overlapping raw schedule variants; not asserted to be contradictory because the source frequency legend is absent
ix-leg-60799ee69023634bc928,ix-variant-c857f92e3232e4aa2f58,ix-variant-f05195fbe0f1a29dd56d,2026-08-24,2026-08-30,"['raw_frequency', 'arrival_clock', 'departure_clock']",overlapping raw schedule variants; not asserted to be contradictory because the source frequency legend is absent
ix-leg-60799ee69023634bc928,ix-variant-c857f92e3232e4aa2f58,ix-variant-e3ad70d231d0e6874aab,2026-08-24,2026-08-30,['raw_frequency'],overlapping raw schedule variants; not asserted to be contradictory because the source frequency legend is absent
ix-leg-60799ee69023634bc928,ix-variant-c857f92e3232e4aa2f58,ix-variant-548753ed5dbf31bcd75d,2026-08-29,2026-08-29,['raw_frequency'],overlapping raw schedule variants; not asserted to be contradictory because the source frequency legend is absent
ix-leg-60799ee69023634bc928,ix-variant-c857f92e3232e4aa2f58,ix-variant-d0a6603842f2199d5174,2026-08-24,2026-08-30,"['raw_frequency', 'arrival_clock', 'departure_clock']",overlapping raw schedule variants; not asserted to be contradictory because the source frequency legend is absent
ix-leg-60799ee69023634bc928,ix-variant-569b436212c780805bef,ix-variant-f05195fbe0f1a29dd56d,2026-09-21,2026-09-27,"['raw_frequency', 'arrival_clock', 'departure_clock']",overlapping raw schedule variants; not asserted to be contradictory because the source frequency legend is absent
ix-leg-60799ee69023634bc928,ix-variant-569b436212c780805bef,ix-variant-e3ad70d231d0e6874aab,2026-09-21,2026-09-27,['raw_frequency'],overlapping raw schedule variants; not asserted to be contradictory because the source frequency legend is absent
ix-leg-60799ee69023634bc928,ix-variant-569b436212c780805bef,ix-variant-3e90c740a0039d7cbb46,2026-09-26,2026-09-26,['raw_frequency'],overlapping raw schedule variants; not asserted to be contradictory because the source frequency legend is absent
ix-leg-60799ee69023634bc928,ix-variant-569b436212c780805bef,ix-variant-d0a6603842f2199d5174,2026-09-21,2026-09-27,"['raw_frequency', 'arrival_clock', 'departure_clock']",overlapping raw schedule variants; not asserted to be contradictory because the source frequency legend is absent
ix-leg-60799ee69023634bc928,ix-variant-362b625ff356a5ee5b8b,ix-variant-d16936e68c92eb142e53,2026-03-31,2026-03-31,"['raw_frequency', 'arrival_clock', 'departure_clock']",overlapping raw schedule variants; not asserted to be contradictory because the source frequency legend is absent
ix-leg-60799ee69023634bc928,ix-variant-f05195fbe0f1a29dd56d,ix-variant-d16936e68c92eb142e53,2026-04-07,2026-04-16,"['raw_frequency', 'arrival_clock', 'departure_clock']",overlapping raw schedule variants; not asserted to be contradictory because the source frequency legend is absent
ix-leg-60799ee69023634bc928,ix-variant-f05195fbe0f1a29dd56d,ix-variant-e3ad70d231d0e6874aab,2026-04-28,2026-10-20,"['raw_frequency', 'arrival_clock', 'departure_clock']",overlapping raw schedule variants; not asserted to be contradictory because the source frequency legend is absent
ix-leg-60799ee69023634bc928,ix-variant-f05195fbe0f1a29dd56d,ix-variant-f3a099e731f77efc1136,2026-04-18,2026-04-23,"['raw_frequency', 'arrival_clock', 'departure_clock']",overlapping raw schedule variants; not asserted to be contradictory because the source frequency legend is absent
ix-leg-60799ee69023634bc928,ix-variant-f05195fbe0f1a29dd56d,ix-variant-589dccb38b0f6a74205f,2026-04-10,2026-04-15,"['raw_frequency', 'arrival_clock', 'departure_clock']",overlapping raw schedule variants; not asserted to be contradictory because the source frequency legend is absent
ix-leg-60799ee69023634bc928,ix-variant-f05195fbe0f1a29dd56d,ix-variant-704c7826a6fee9247977,2026-05-15,2026-05-20,"['raw_frequency', 'arrival_clock', 'departure_clock']",overlapping raw schedule variants; not asserted to be contradictory because the source frequency legend is absent
ix-leg-60799ee69023634bc928,ix-variant-f05195fbe0f1a29dd56d,ix-variant-907557d1875224e2948a,2026-06-12,2026-06-17,"['raw_frequency', 'arrival_clock', 'departure_clock']",overlapping raw schedule variants; not asserted to be contradictory because the source frequency legend is absent
ix-leg-60799ee69023634bc928,ix-variant-f05195fbe0f1a29dd56d,ix-variant-60541b259900ac8fd1b8,2026-07-10,2026-07-15,"['raw_frequency', 'arrival_clock', 'departure_clock']",overlapping raw schedule variants; not asserted to be contradictory because the source frequency legend is absent
ix-leg-60799ee69023634bc928,ix-variant-f05195fbe0f1a29dd56d,ix-variant-4509fb071a0290daa438,2026-08-07,2026-08-12,"['raw_frequency', 'arrival_clock', 'departure_clock']",overlapping raw schedule variants; not asserted to be contradictory because the source frequency legend is absent
ix-leg-60799ee69023634bc928,ix-variant-f05195fbe0f1a29dd56d,ix-variant-7803eaa262693401047c,2026-09-04,2026-09-09,"['raw_frequency', 'arrival_clock', 'departure_clock']",overlapping raw schedule variants; not asserted to be contradictory because the source frequency legend is absent
ix-leg-60799ee69023634bc928,ix-variant-f05195fbe0f1a29dd56d,ix-variant-d44ebf75004bf467bbda,2026-10-02,2026-10-07,"['raw_frequency', 'arrival_clock', 'departure_clock']",overlapping raw schedule variants; not asserted to be contradictory because the source frequency legend is absent
ix-leg-60799ee69023634bc928,ix-variant-f05195fbe0f1a29dd56d,ix-variant-0974daff66eca3965b0e,2026-05-22,2026-05-27,"['raw_frequency', 'arrival_clock', 'departure_clock']",overlapping raw schedule variants; not asserted to be contradictory because the source frequency legend is absent
ix-leg-60799ee69023634bc928,ix-variant-f05195fbe0f1a29dd56d,ix-variant-974f0c9aa1dc5a3f7354,2026-06-19,2026-06-24,"['raw_frequency', 'arrival_clock', 'departure_clock']",overlapping raw schedule variants; not asserted to be contradictory because the source frequency legend is absent
ix-leg-60799ee69023634bc928,ix-variant-f05195fbe0f1a29dd56d,ix-variant-05e217bdb76988dd1587,2026-07-17,2026-07-22,"['raw_frequency', 'arrival_clock', 'departure_clock']",overlapping raw schedule variants; not asserted to be contradictory because the source frequency legend is absent
ix-leg-60799ee69023634bc928,ix-variant-f05195fbe0f1a29dd56d,ix-variant-eba2931d56356eaff92e,2026-08-14,2026-08-19,"['raw_frequency', 'arrival_clock', 'departure_clock']",overlapping raw schedule variants; not asserted to be contradictory because the source frequency legend is absent
ix-leg-60799ee69023634bc928,ix-variant-f05195fbe0f1a29dd56d,ix-variant-26eb25366a30c479e939,2026-09-11,2026-09-16,"['raw_frequency', 'arrival_clock', 'departure_clock']",overlapping raw schedule variants; not asserted to be contradictory because the source frequency legend is absent
ix-leg-60799ee69023634bc928,ix-variant-f05195fbe0f1a29dd56d,ix-variant-0f68162aa187e53b7ab3,2026-10-09,2026-10-14,"['raw_frequency', 'arrival_clock', 'departure_clock']",overlapping raw schedule variants; not asserted to be contradictory because the source frequency legend is absent
ix-leg-60799ee69023634bc928,ix-variant-f05195fbe0f1a29dd56d,ix-variant-eef8d3f21c93530472b5,2026-04-19,2026-04-22,"['raw_frequency', 'arrival_clock', 'departure_clock']",overlapping raw schedule variants; not asserted to be contradictory because the source frequency legend is absent
ix-leg-60799ee69023634bc928,ix-variant-f05195fbe0f1a29dd56d,ix-variant-873254c88f3d15bbe5b0,2026-04-26,2026-04-29,"['raw_frequency', 'arrival_clock', 'departure_clock']",overlapping raw schedule variants; not asserted to be contradictory because the source frequency legend is absent
ix-leg-60799ee69023634bc928,ix-variant-f05195fbe0f1a29dd56d,ix-variant-2342e313df7a82b90143,2026-04-17,2026-04-17,"['raw_frequency', 'arrival_clock', 'departure_clock']",overlapping raw schedule variants; not asserted to be contradictory because the source frequency legend is absent
ix-leg-60799ee69023634bc928,ix-variant-f05195fbe0f1a29dd56d,ix-variant-1d7c609d05d552d3905a,2026-04-11,2026-04-11,"['raw_frequency', 'arrival_clock', 'departure_clock']",overlapping raw schedule variants; not asserted to be contradictory because the source frequency legend is absent
ix-leg-60799ee69023634bc928,ix-variant-f05195fbe0f1a29dd56d,ix-variant-fcf827ff537316bb9abd,2026-04-25,2026-04-25,"['raw_frequency', 'arrival_clock', 'departure_clock']",overlapping raw schedule variants; not asserted to be contradictory because the source frequency legend is absent
ix-leg-60799ee69023634bc928,ix-variant-f05195fbe0f1a29dd56d,ix-variant-ce674df6fbced19cb6fe,2026-05-02,2026-05-02,"['raw_frequency', 'arrival_clock', 'departure_clock']",overlapping raw schedule variants; not asserted to be contradictory because the source frequency legend is absent
ix-leg-60799ee69023634bc928,ix-variant-f05195fbe0f1a29dd56d,ix-variant-1d7da8904f50f885d098,2026-05-09,2026-05-09,"['raw_frequency', 'arrival_clock', 'departure_clock']",overlapping raw schedule variants; not asserted to be contradictory because the source frequency legend is absent
ix-leg-60799ee69023634bc928,ix-variant-f05195fbe0f1a29dd56d,ix-variant-533d2ada5d3ca995727e,2026-05-16,2026-05-16,"['raw_frequency', 'arrival_clock', 'departure_clock']",overlapping raw schedule variants; not asserted to be contradictory because the source frequency legend is absent
ix-leg-60799ee69023634bc928,ix-variant-f05195fbe0f1a29dd56d,ix-variant-bc3a29f0bf4e79bad1c5,2026-05-23,2026-05-23,"['raw_frequency', 'arrival_clock', 'departure_clock']",overlapping raw schedule variants; not asserted to be contradictory because the source frequency legend is absent
ix-leg-60799ee69023634bc928,ix-variant-f05195fbe0f1a29dd56d,ix-variant-721e3805de9f95dc8560,2026-05-30,2026-05-30,"['raw_frequency', 'arrival_clock', 'departure_clock']",overlapping raw schedule variants; not asserted to be contradictory because the source frequency legend is absent
ix-leg-60799ee69023634bc928,ix-variant-f05195fbe0f1a29dd56d,ix-variant-cf84b4b2d6414afe5417,2026-06-06,2026-06-06,"['raw_frequency', 'arrival_clock', 'departure_clock']",overlapping raw schedule variants; not asserted to be contradictory because the source frequency legend is absent
ix-leg-60799ee69023634bc928,ix-variant-f05195fbe0f1a29dd56d,ix-variant-1d5641ae0e94125d38e8,2026-06-13,2026-06-13,"['raw_frequency', 'arrival_clock', 'departure_clock']",overlapping raw schedule variants; not asserted to be contradictory because the source frequency legend is absent
ix-leg-60799ee69023634bc928,ix-variant-f05195fbe0f1a29dd56d,ix-variant-80a116a528b78bdd74e4,2026-06-20,2026-06-20,"['raw_frequency', 'arrival_clock', 'departure_clock']",overlapping raw schedule variants; not asserted to be contradictory because the source frequency legend is absent
ix-leg-60799ee69023634bc928,ix-variant-f05195fbe0f1a29dd56d,ix-variant-2c3a949673f0b102eed1,2026-06-27,2026-06-27,"['raw_frequency', 'arrival_clock', 'departure_clock']",overlapping raw schedule variants; not asserted to be contradictory because the source frequency legend is absent
ix-leg-60799ee69023634bc928,ix-variant-f05195fbe0f1a29dd56d,ix-variant-cd45203956731d1a851e,2026-07-04,2026-07-04,"['raw_frequency', 'arrival_clock', 'departure_clock']",overlapping raw schedule variants; not asserted to be contradictory because the source frequency legend is absent
ix-leg-60799ee69023634bc928,ix-variant-f05195fbe0f1a29dd56d,ix-variant-6241f403c316aa0aaaa0,2026-07-11,2026-07-11,"['raw_frequency', 'arrival_clock', 'departure_clock']",overlapping raw schedule variants; not asserted to be contradictory because the source frequency legend is absent
ix-leg-60799ee69023634bc928,ix-variant-f05195fbe0f1a29dd56d,ix-variant-d55a607558b3e5390c83,2026-07-18,2026-07-18,"['raw_frequency', 'arrival_clock', 'departure_clock']",overlapping raw schedule variants; not asserted to be contradictory because the source frequency legend is absent
ix-leg-60799ee69023634bc928,ix-variant-f05195fbe0f1a29dd56d,ix-variant-e71d4a100c8506aed57c,2026-07-25,2026-07-25,"['raw_frequency', 'arrival_clock', 'departure_clock']",overlapping raw schedule variants; not asserted to be contradictory because the source frequency legend is absent
ix-leg-60799ee69023634bc928,ix-variant-f05195fbe0f1a29dd56d,ix-variant-deccc97e88a0106c00ae,2026-08-01,2026-08-01,"['raw_frequency', 'arrival_clock', 'departure_clock']",overlapping raw schedule variants; not asserted to be contradictory because the source frequency legend is absent
ix-leg-60799ee69023634bc928,ix-variant-f05195fbe0f1a29dd56d,ix-variant-4f42f2f448ef5e7b3a8b,2026-08-08,2026-08-08,"['raw_frequency', 'arrival_clock', 'departure_clock']",overlapping raw schedule variants; not asserted to be contradictory because the source frequency legend is absent
ix-leg-60799ee69023634bc928,ix-variant-f05195fbe0f1a29dd56d,ix-variant-143b6cc0a9d78780b207,2026-08-15,2026-08-15,"['raw_frequency', 'arrival_clock', 'departure_clock']",overlapping raw schedule variants; not asserted to be contradictory because the source frequency legend is absent
ix-leg-60799ee69023634bc928,ix-variant-f05195fbe0f1a29dd56d,ix-variant-86612fe775820d2d3dce,2026-08-22,2026-08-22,"['raw_frequency', 'arrival_clock', 'departure_clock']",overlapping raw schedule variants; not asserted to be contradictory because the source frequency legend is absent
ix-leg-60799ee69023634bc928,ix-variant-f05195fbe0f1a29dd56d,ix-variant-548753ed5dbf31bcd75d,2026-08-29,2026-08-29,"['raw_frequency', 'arrival_clock', 'departure_clock']",overlapping raw schedule variants; not asserted to be contradictory because the source frequency legend is absent
ix-leg-60799ee69023634bc928,ix-variant-f05195fbe0f1a29dd56d,ix-variant-2006f047fc3ae2b73cf8,2026-09-05,2026-09-05,"['raw_frequency', 'arrival_clock', 'departure_clock']",overlapping raw schedule variants; not asserted to be contradictory because the source frequency legend is absent
ix-leg-60799ee69023634bc928,ix-variant-f05195fbe0f1a29dd56d,ix-variant-10df5d2632cc5580b030,2026-09-12,2026-09-12,"['raw_frequency', 'arrival_clock', 'departure_clock']",overlapping raw schedule variants; not asserted to be contradictory because the source frequency legend is absent
ix-leg-60799ee69023634bc928,ix-variant-f05195fbe0f1a29dd56d,ix-variant-0dfa4b7d2edf9bc6767b,2026-09-19,2026-09-19,"['raw_frequency', 'arrival_clock', 'departure_clock']",overlapping raw schedule variants; not asserted to be contradictory because the source frequency legend is absent
ix-leg-60799ee69023634bc928,ix-variant-f05195fbe0f1a29dd56d,ix-variant-3e90c740a0039d7cbb46,2026-09-26,2026-09-26,"['raw_frequency', 'arrival_clock', 'departure_clock']",overlapping raw schedule variants; not asserted to be contradictory because the source frequency legend is absent
ix-leg-60799ee69023634bc928,ix-variant-f05195fbe0f1a29dd56d,ix-variant-0366d2ee50d1622a0140,2026-10-03,2026-10-03,"['raw_frequency', 'arrival_clock', 'departure_clock']",overlapping raw schedule variants; not asserted to be contradictory because the source frequency legend is absent
ix-leg-60799ee69023634bc928,ix-variant-f05195fbe0f1a29dd56d,ix-variant-9daed8609e04468976f9,2026-10-10,2026-10-10,"['raw_frequency', 'arrival_clock', 'departure_clock']",overlapping raw schedule variants; not asserted to be contradictory because the source frequency legend is absent
ix-leg-60799ee69023634bc928,ix-variant-f05195fbe0f1a29dd56d,ix-variant-a29a86c8a5b0eb2af59c,2026-10-17,2026-10-17,"['raw_frequency', 'arrival_clock', 'departure_clock']",overlapping raw schedule variants; not asserted to be contradictory because the source frequency legend is absent
ix-leg-60799ee69023634bc928,ix-variant-f05195fbe0f1a29dd56d,ix-variant-d0a6603842f2199d5174,2026-04-07,2026-10-18,['raw_frequency'],overlapping raw schedule variants; not asserted to be contradictory because the source frequency legend is absent
ix-leg-60799ee69023634bc928,ix-variant-f05195fbe0f1a29dd56d,ix-variant-ec2f853823188e010bcb,2026-04-12,2026-04-12,"['raw_frequency', 'arrival_clock', 'departure_clock']",overlapping raw schedule variants; not asserted to be contradictory because the source frequency legend is absent
ix-leg-60799ee69023634bc928,ix-variant-f05195fbe0f1a29dd56d,ix-variant-d921a8ac89bfb5448ceb,2026-05-03,2026-05-03,"['raw_frequency', 'arrival_clock', 'departure_clock']",overlapping raw schedule variants; not asserted to be contradictory because the source frequency legend is absent
ix-leg-60799ee69023634bc928,ix-variant-f05195fbe0f1a29dd56d,ix-variant-af5bcf7d1c4585fd19ab,2026-05-17,2026-05-17,"['raw_frequency', 'arrival_clock', 'departure_clock']",overlapping raw schedule variants; not asserted to be contradictory because the source frequency legend is absent
ix-leg-60799ee69023634bc928,ix-variant-f05195fbe0f1a29dd56d,ix-variant-10143d7f2b65d99b57af,2026-05-31,2026-05-31,"['raw_frequency', 'arrival_clock', 'departure_clock']",overlapping raw schedule variants; not asserted to be contradictory because the source frequency legend is absent
ix-leg-60799ee69023634bc928,ix-variant-f05195fbe0f1a29dd56d,ix-variant-285f638c7e9885b28830,2026-06-14,2026-06-14,"['raw_frequency', 'arrival_clock', 'departure_clock']",overlapping raw schedule variants; not asserted to be contradictory because the source frequency legend is absent
ix-leg-60799ee69023634bc928,ix-variant-f05195fbe0f1a29dd56d,ix-variant-03fe3ff883207de9fdc2,2026-06-28,2026-06-28,"['raw_frequency', 'arrival_clock', 'departure_clock']",overlapping raw schedule variants; not asserted to be contradictory because the source frequency legend is absent
ix-leg-60799ee69023634bc928,ix-variant-f05195fbe0f1a29dd56d,ix-variant-383a1212d826bdc1e271,2026-07-12,2026-07-12,"['raw_frequency', 'arrival_clock', 'departure_clock']",overlapping raw schedule variants; not asserted to be contradictory because the source frequency legend is absent
ix-leg-60799ee69023634bc928,ix-variant-f05195fbe0f1a29dd56d,ix-variant-2279942d74bba287b878,2026-07-26,2026-07-26,"['raw_frequency', 'arrival_clock', 'departure_clock']",overlapping raw schedule variants; not asserted to be contradictory because the source frequency legend is absent
ix-leg-60799ee69023634bc928,ix-variant-f05195fbe0f1a29dd56d,ix-variant-2a2c68d253752d7ef8af,2026-08-09,2026-08-09,"['raw_frequency', 'arrival_clock', 'departure_clock']",overlapping raw schedule variants; not asserted to be contradictory because the source frequency legend is absent
ix-leg-60799ee69023634bc928,ix-variant-f05195fbe0f1a29dd56d,ix-variant-a4a7192e45d8b968b9e5,2026-08-23,2026-08-23,"['raw_frequency', 'arrival_clock', 'departure_clock']",overlapping raw schedule variants; not asserted to be contradictory because the source frequency legend is absent
ix-leg-60799ee69023634bc928,ix-variant-f05195fbe0f1a29dd56d,ix-variant-047d6ffa0211ddad241c,2026-09-06,2026-09-06,"['raw_frequency', 'arrival_clock', 'departure_clock']",overlapping raw schedule variants; not asserted to be contradictory because the source frequency legend is absent
ix-leg-60799ee69023634bc928,ix-variant-f05195fbe0f1a29dd56d,ix-variant-89573069d05cb211ce05,2026-09-20,2026-09-20,"['raw_frequency', 'arrival_clock', 'departure_clock']",overlapping raw schedule variants; not asserted to be contradictory because the source frequency legend is absent
ix-leg-60799ee69023634bc928,ix-variant-f05195fbe0f1a29dd56d,ix-variant-dc29cc50ca800e180e6b,2026-10-04,2026-10-04,"['raw_frequency', 'arrival_clock', 'departure_clock']",overlapping raw schedule variants; not asserted to be contradictory because the source frequency legend is absent
ix-leg-60799ee69023634bc928,ix-variant-f05195fbe0f1a29dd56d,ix-variant-0165ea53d39ecf63e7ce,2026-10-18,2026-10-18,"['raw_frequency', 'arrival_clock', 'departure_clock']",overlapping raw schedule variants; not asserted to be contradictory because the source frequency legend is absent
ix-leg-60799ee69023634bc928,ix-variant-d16936e68c92eb142e53,ix-variant-589dccb38b0f6a74205f,2026-04-10,2026-04-15,['raw_frequency'],overlapping raw schedule variants; not asserted to be contradictory because the source frequency legend is absent
ix-leg-60799ee69023634bc928,ix-variant-d16936e68c92eb142e53,ix-variant-c8196b9c9ffa25dcb2ff,2026-04-04,2026-04-04,['raw_frequency'],overlapping raw schedule variants; not asserted to be contradictory because the source frequency legend is absent
ix-leg-60799ee69023634bc928,ix-variant-d16936e68c92eb142e53,ix-variant-1d7c609d05d552d3905a,2026-04-11,2026-04-11,['raw_frequency'],overlapping raw schedule variants; not asserted to be contradictory because the source frequency legend is absent
ix-leg-60799ee69023634bc928,ix-variant-d16936e68c92eb142e53,ix-variant-d0a6603842f2199d5174,2026-04-05,2026-04-16,"['raw_frequency', 'arrival_clock', 'departure_clock']",overlapping raw schedule variants; not asserted to be contradictory because the source frequency legend is absent
ix-leg-60799ee69023634bc928,ix-variant-d16936e68c92eb142e53,ix-variant-ec2f853823188e010bcb,2026-04-12,2026-04-12,['raw_frequency'],overlapping raw schedule variants; not asserted to be contradictory because the source frequency legend is absent
ix-leg-60799ee69023634bc928,ix-variant-e3ad70d231d0e6874aab,ix-variant-9caf4625c123cd45f58e,2026-10-21,2026-10-21,['raw_frequency'],overlapping raw schedule variants; not asserted to be contradictory because the source frequency legend is absent
ix-leg-60799ee69023634bc928,ix-variant-e3ad70d231d0e6874aab,ix-variant-704c7826a6fee9247977,2026-05-15,2026-05-20,['raw_frequency'],overlapping raw schedule variants; not asserted to be contradictory because the source frequency legend is absent
ix-leg-60799ee69023634bc928,ix-variant-e3ad70d231d0e6874aab,ix-variant-907557d1875224e2948a,2026-06-12,2026-06-17,['raw_frequency'],overlapping raw schedule variants; not asserted to be contradictory because the source frequency legend is absent
ix-leg-60799ee69023634bc928,ix-variant-e3ad70d231d0e6874aab,ix-variant-60541b259900ac8fd1b8,2026-07-10,2026-07-15,['raw_frequency'],overlapping raw schedule variants; not asserted to be contradictory because the source frequency legend is absent
ix-leg-60799ee69023634bc928,ix-variant-e3ad70d231d0e6874aab,ix-variant-4509fb071a0290daa438,2026-08-07,2026-08-12,['raw_frequency'],overlapping raw schedule variants; not asserted to be contradictory because the source frequency legend is absent
ix-leg-60799ee69023634bc928,ix-variant-e3ad70d231d0e6874aab,ix-variant-7803eaa262693401047c,2026-09-04,2026-09-09,['raw_frequency'],overlapping raw schedule variants; not asserted to be contradictory because the source frequency legend is absent
ix-leg-60799ee69023634bc928,ix-variant-e3ad70d231d0e6874aab,ix-variant-d44ebf75004bf467bbda,2026-10-02,2026-10-07,['raw_frequency'],overlapping raw schedule variants; not asserted to be contradictory because the source frequency legend is absent
ix-leg-60799ee69023634bc928,ix-variant-e3ad70d231d0e6874aab,ix-variant-0974daff66eca3965b0e,2026-05-22,2026-05-27,['raw_frequency'],overlapping raw schedule variants; not asserted to be contradictory because the source frequency legend is absent
ix-leg-60799ee69023634bc928,ix-variant-e3ad70d231d0e6874aab,ix-variant-974f0c9aa1dc5a3f7354,2026-06-19,2026-06-24,['raw_frequency'],overlapping raw schedule variants; not asserted to be contradictory because the source frequency legend is absent
ix-leg-60799ee69023634bc928,ix-variant-e3ad70d231d0e6874aab,ix-variant-05e217bdb76988dd1587,2026-07-17,2026-07-22,['raw_frequency'],overlapping raw schedule variants; not asserted to be contradictory because the source frequency legend is absent
ix-leg-60799ee69023634bc928,ix-variant-e3ad70d231d0e6874aab,ix-variant-eba2931d56356eaff92e,2026-08-14,2026-08-19,['raw_frequency'],overlapping raw schedule variants; not asserted to be contradictory because the source frequency legend is absent
ix-leg-60799ee69023634bc928,ix-variant-e3ad70d231d0e6874aab,ix-variant-26eb25366a30c479e939,2026-09-11,2026-09-16,['raw_frequency'],overlapping raw schedule variants; not asserted to be contradictory because the source frequency legend is absent
ix-leg-60799ee69023634bc928,ix-variant-e3ad70d231d0e6874aab,ix-variant-0f68162aa187e53b7ab3,2026-10-09,2026-10-14,['raw_frequency'],overlapping raw schedule variants; not asserted to be contradictory because the source frequency legend is absent
ix-leg-60799ee69023634bc928,ix-variant-e3ad70d231d0e6874aab,ix-variant-873254c88f3d15bbe5b0,2026-04-28,2026-04-29,['raw_frequency'],overlapping raw schedule variants; not asserted to be contradictory because the source frequency legend is absent
ix-leg-60799ee69023634bc928,ix-variant-e3ad70d231d0e6874aab,ix-variant-ce674df6fbced19cb6fe,2026-05-02,2026-05-02,['raw_frequency'],overlapping raw schedule variants; not asserted to be contradictory because the source frequency legend is absent
ix-leg-60799ee69023634bc928,ix-variant-e3ad70d231d0e6874aab,ix-variant-1d7da8904f50f885d098,2026-05-09,2026-05-09,['raw_frequency'],overlapping raw schedule variants; not asserted to be contradictory because the source frequency legend is absent
ix-leg-60799ee69023634bc928,ix-variant-e3ad70d231d0e6874aab,ix-variant-533d2ada5d3ca995727e,2026-05-16,2026-05-16,['raw_frequency'],overlapping raw schedule variants; not asserted to be contradictory because the source frequency legend is absent
ix-leg-60799ee69023634bc928,ix-variant-e3ad70d231d0e6874aab,ix-variant-bc3a29f0bf4e79bad1c5,2026-05-23,2026-05-23,['raw_frequency'],overlapping raw schedule variants; not asserted to be contradictory because the source frequency legend is absent
ix-leg-60799ee69023634bc928,ix-variant-e3ad70d231d0e6874aab,ix-variant-721e3805de9f95dc8560,2026-05-30,2026-05-30,['raw_frequency'],overlapping raw schedule variants; not asserted to be contradictory because the source frequency legend is absent
ix-leg-60799ee69023634bc928,ix-variant-e3ad70d231d0e6874aab,ix-variant-cf84b4b2d6414afe5417,2026-06-06,2026-06-06,['raw_frequency'],overlapping raw schedule variants; not asserted to be contradictory because the source frequency legend is absent
ix-leg-60799ee69023634bc928,ix-variant-e3ad70d231d0e6874aab,ix-variant-1d5641ae0e94125d38e8,2026-06-13,2026-06-13,['raw_frequency'],overlapping raw schedule variants; not asserted to be contradictory because the source frequency legend is absent
ix-leg-60799ee69023634bc928,ix-variant-e3ad70d231d0e6874aab,ix-variant-80a116a528b78bdd74e4,2026-06-20,2026-06-20,['raw_frequency'],overlapping raw schedule variants; not asserted to be contradictory because the source frequency legend is absent
ix-leg-60799ee69023634bc928,ix-variant-e3ad70d231d0e6874aab,ix-variant-2c3a949673f0b102eed1,2026-06-27,2026-06-27,['raw_frequency'],overlapping raw schedule variants; not asserted to be contradictory because the source frequency legend is absent
ix-leg-60799ee69023634bc928,ix-variant-e3ad70d231d0e6874aab,ix-variant-cd45203956731d1a851e,2026-07-04,2026-07-04,['raw_frequency'],overlapping raw schedule variants; not asserted to be contradictory because the source frequency legend is absent
ix-leg-60799ee69023634bc928,ix-variant-e3ad70d231d0e6874aab,ix-variant-6241f403c316aa0aaaa0,2026-07-11,2026-07-11,['raw_frequency'],overlapping raw schedule variants; not asserted to be contradictory because the source frequency legend is absent
ix-leg-60799ee69023634bc928,ix-variant-e3ad70d231d0e6874aab,ix-variant-d55a607558b3e5390c83,2026-07-18,2026-07-18,['raw_frequency'],overlapping raw schedule variants; not asserted to be contradictory because the source frequency legend is absent
ix-leg-60799ee69023634bc928,ix-variant-e3ad70d231d0e6874aab,ix-variant-e71d4a100c8506aed57c,2026-07-25,2026-07-25,['raw_frequency'],overlapping raw schedule variants; not asserted to be contradictory because the source frequency legend is absent
ix-leg-60799ee69023634bc928,ix-variant-e3ad70d231d0e6874aab,ix-variant-deccc97e88a0106c00ae,2026-08-01,2026-08-01,['raw_frequency'],overlapping raw schedule variants; not asserted to be contradictory because the source frequency legend is absent
ix-leg-60799ee69023634bc928,ix-variant-e3ad70d231d0e6874aab,ix-variant-4f42f2f448ef5e7b3a8b,2026-08-08,2026-08-08,['raw_frequency'],overlapping raw schedule variants; not asserted to be contradictory because the source frequency legend is absent
ix-leg-60799ee69023634bc928,ix-variant-e3ad70d231d0e6874aab,ix-variant-143b6cc0a9d78780b207,2026-08-15,2026-08-15,['raw_frequency'],overlapping raw schedule variants; not asserted to be contradictory because the source frequency legend is absent
ix-leg-60799ee69023634bc928,ix-variant-e3ad70d231d0e6874aab,ix-variant-86612fe775820d2d3dce,2026-08-22,2026-08-22,['raw_frequency'],overlapping raw schedule variants; not asserted to be contradictory because the source frequency legend is absent
ix-leg-60799ee69023634bc928,ix-variant-e3ad70d231d0e6874aab,ix-variant-548753ed5dbf31bcd75d,2026-08-29,2026-08-29,['raw_frequency'],overlapping raw schedule variants; not asserted to be contradictory because the source frequency legend is absent
ix-leg-60799ee69023634bc928,ix-variant-e3ad70d231d0e6874aab,ix-variant-2006f047fc3ae2b73cf8,2026-09-05,2026-09-05,['raw_frequency'],overlapping raw schedule variants; not asserted to be contradictory because the source frequency legend is absent
ix-leg-60799ee69023634bc928,ix-variant-e3ad70d231d0e6874aab,ix-variant-10df5d2632cc5580b030,2026-09-12,2026-09-12,['raw_frequency'],overlapping raw schedule variants; not asserted to be contradictory because the source frequency legend is absent
ix-leg-60799ee69023634bc928,ix-variant-e3ad70d231d0e6874aab,ix-variant-0dfa4b7d2edf9bc6767b,2026-09-19,2026-09-19,['raw_frequency'],overlapping raw schedule variants; not asserted to be contradictory because the source frequency legend is absent
ix-leg-60799ee69023634bc928,ix-variant-e3ad70d231d0e6874aab,ix-variant-3e90c740a0039d7cbb46,2026-09-26,2026-09-26,['raw_frequency'],overlapping raw schedule variants; not asserted to be contradictory because the source frequency legend is absent
ix-leg-60799ee69023634bc928,ix-variant-e3ad70d231d0e6874aab,ix-variant-0366d2ee50d1622a0140,2026-10-03,2026-10-03,['raw_frequency'],overlapping raw schedule variants; not asserted to be contradictory because the source frequency legend is absent
ix-leg-60799ee69023634bc928,ix-variant-e3ad70d231d0e6874aab,ix-variant-9daed8609e04468976f9,2026-10-10,2026-10-10,['raw_frequency'],overlapping raw schedule variants; not asserted to be contradictory because the source frequency legend is absent
ix-leg-60799ee69023634bc928,ix-variant-e3ad70d231d0e6874aab,ix-variant-a29a86c8a5b0eb2af59c,2026-10-17,2026-10-17,['raw_frequency'],overlapping raw schedule variants; not asserted to be contradictory because the source frequency legend is absent
ix-leg-60799ee69023634bc928,ix-variant-e3ad70d231d0e6874aab,ix-variant-d0a6603842f2199d5174,2026-04-28,2026-10-18,"['raw_frequency', 'arrival_clock', 'departure_clock']",overlapping raw schedule variants; not asserted to be contradictory because the source frequency legend is absent
ix-leg-60799ee69023634bc928,ix-variant-e3ad70d231d0e6874aab,ix-variant-d921a8ac89bfb5448ceb,2026-05-03,2026-05-03,['raw_frequency'],overlapping raw schedule variants; not asserted to be contradictory because the source frequency legend is absent
ix-leg-60799ee69023634bc928,ix-variant-e3ad70d231d0e6874aab,ix-variant-af5bcf7d1c4585fd19ab,2026-05-17,2026-05-17,['raw_frequency'],overlapping raw schedule variants; not asserted to be contradictory because the source frequency legend is absent
ix-leg-60799ee69023634bc928,ix-variant-e3ad70d231d0e6874aab,ix-variant-10143d7f2b65d99b57af,2026-05-31,2026-05-31,['raw_frequency'],overlapping raw schedule variants; not asserted to be contradictory because the source frequency legend is absent
ix-leg-60799ee69023634bc928,ix-variant-e3ad70d231d0e6874aab,ix-variant-285f638c7e9885b28830,2026-06-14,2026-06-14,['raw_frequency'],overlapping raw schedule variants; not asserted to be contradictory because the source frequency legend is absent
ix-leg-60799ee69023634bc928,ix-variant-e3ad70d231d0e6874aab,ix-variant-03fe3ff883207de9fdc2,2026-06-28,2026-06-28,['raw_frequency'],overlapping raw schedule variants; not asserted to be contradictory because the source frequency legend is absent
ix-leg-60799ee69023634bc928,ix-variant-e3ad70d231d0e6874aab,ix-variant-383a1212d826bdc1e271,2026-07-12,2026-07-12,['raw_frequency'],overlapping raw schedule variants; not asserted to be contradictory because the source frequency legend is absent
ix-leg-60799ee69023634bc928,ix-variant-e3ad70d231d0e6874aab,ix-variant-2279942d74bba287b878,2026-07-26,2026-07-26,['raw_frequency'],overlapping raw schedule variants; not asserted to be contradictory because the source frequency legend is absent
ix-leg-60799ee69023634bc928,ix-variant-e3ad70d231d0e6874aab,ix-variant-2a2c68d253752d7ef8af,2026-08-09,2026-08-09,['raw_frequency'],overlapping raw schedule variants; not asserted to be contradictory because the source frequency legend is absent
ix-leg-60799ee69023634bc928,ix-variant-e3ad70d231d0e6874aab,ix-variant-a4a7192e45d8b968b9e5,2026-08-23,2026-08-23,['raw_frequency'],overlapping raw schedule variants; not asserted to be contradictory because the source frequency legend is absent
ix-leg-60799ee69023634bc928,ix-variant-e3ad70d231d0e6874aab,ix-variant-047d6ffa0211ddad241c,2026-09-06,2026-09-06,['raw_frequency'],overlapping raw schedule variants; not asserted to be contradictory because the source frequency legend is absent
ix-leg-60799ee69023634bc928,ix-variant-e3ad70d231d0e6874aab,ix-variant-89573069d05cb211ce05,2026-09-20,2026-09-20,['raw_frequency'],overlapping raw schedule variants; not asserted to be contradictory because the source frequency legend is absent
ix-leg-60799ee69023634bc928,ix-variant-e3ad70d231d0e6874aab,ix-variant-dc29cc50ca800e180e6b,2026-10-04,2026-10-04,['raw_frequency'],overlapping raw schedule variants; not asserted to be contradictory because the source frequency legend is absent
ix-leg-60799ee69023634bc928,ix-variant-e3ad70d231d0e6874aab,ix-variant-0165ea53d39ecf63e7ce,2026-10-18,2026-10-18,['raw_frequency'],overlapping raw schedule variants; not asserted to be contradictory because the source frequency legend is absent
ix-leg-60799ee69023634bc928,ix-variant-f3a099e731f77efc1136,ix-variant-eef8d3f21c93530472b5,2026-04-19,2026-04-22,['raw_frequency'],overlapping raw schedule variants; not asserted to be contradictory because the source frequency legend is absent
ix-leg-60799ee69023634bc928,ix-variant-f3a099e731f77efc1136,ix-variant-d0a6603842f2199d5174,2026-04-18,2026-04-23,"['raw_frequency', 'arrival_clock', 'departure_clock']",overlapping raw schedule variants; not asserted to be contradictory because the source frequency legend is absent
ix-leg-60799ee69023634bc928,ix-variant-589dccb38b0f6a74205f,ix-variant-1d7c609d05d552d3905a,2026-04-11,2026-04-11,['raw_frequency'],overlapping raw schedule variants; not asserted to be contradictory because the source frequency legend is absent
ix-leg-60799ee69023634bc928,ix-variant-589dccb38b0f6a74205f,ix-variant-d0a6603842f2199d5174,2026-04-10,2026-04-15,"['raw_frequency', 'arrival_clock', 'departure_clock']",overlapping raw schedule variants; not asserted to be contradictory because the source frequency legend is absent
ix-leg-60799ee69023634bc928,ix-variant-589dccb38b0f6a74205f,ix-variant-ec2f853823188e010bcb,2026-04-12,2026-04-12,['raw_frequency'],overlapping raw schedule variants; not asserted to be contradictory because the source frequency legend is absent
ix-leg-60799ee69023634bc928,ix-variant-704c7826a6fee9247977,ix-variant-533d2ada5d3ca995727e,2026-05-16,2026-05-16,['raw_frequency'],overlapping raw schedule variants; not asserted to be contradictory because the source frequency legend is absent
ix-leg-60799ee69023634bc928,ix-variant-704c7826a6fee9247977,ix-variant-d0a6603842f2199d5174,2026-05-15,2026-05-20,"['raw_frequency', 'arrival_clock', 'departure_clock']",overlapping raw schedule variants; not asserted to be contradictory because the source frequency legend is absent
ix-leg-60799ee69023634bc928,ix-variant-704c7826a6fee9247977,ix-variant-af5bcf7d1c4585fd19ab,2026-05-17,2026-05-17,['raw_frequency'],overlapping raw schedule variants; not asserted to be contradictory because the source frequency legend is absent
ix-leg-60799ee69023634bc928,ix-variant-907557d1875224e2948a,ix-variant-1d5641ae0e94125d38e8,2026-06-13,2026-06-13,['raw_frequency'],overlapping raw schedule variants; not asserted to be contradictory because the source frequency legend is absent
ix-leg-60799ee69023634bc928,ix-variant-907557d1875224e2948a,ix-variant-d0a6603842f2199d5174,2026-06-12,2026-06-17,"['raw_frequency', 'arrival_clock', 'departure_clock']",overlapping raw schedule variants; not asserted to be contradictory because the source frequency legend is absent
ix-leg-60799ee69023634bc928,ix-variant-907557d1875224e2948a,ix-variant-285f638c7e9885b28830,2026-06-14,2026-06-14,['raw_frequency'],overlapping raw schedule variants; not asserted to be contradictory because the source frequency legend is absent
ix-leg-60799ee69023634bc928,ix-variant-60541b259900ac8fd1b8,ix-variant-6241f403c316aa0aaaa0,2026-07-11,2026-07-11,['raw_frequency'],overlapping raw schedule variants; not asserted to be contradictory because the source frequency legend is absent
ix-leg-60799ee69023634bc928,ix-variant-60541b259900ac8fd1b8,ix-variant-d0a6603842f2199d5174,2026-07-10,2026-07-15,"['raw_frequency', 'arrival_clock', 'departure_clock']",overlapping raw schedule variants; not asserted to be contradictory because the source frequency legend is absent
ix-leg-60799ee69023634bc928,ix-variant-60541b259900ac8fd1b8,ix-variant-383a1212d826bdc1e271,2026-07-12,2026-07-12,['raw_frequency'],overlapping raw schedule variants; not asserted to be contradictory because the source frequency legend is absent
ix-leg-60799ee69023634bc928,ix-variant-4509fb071a0290daa438,ix-variant-4f42f2f448ef5e7b3a8b,2026-08-08,2026-08-08,['raw_frequency'],overlapping raw schedule variants; not asserted to be contradictory because the source frequency legend is absent
ix-leg-60799ee69023634bc928,ix-variant-4509fb071a0290daa438,ix-variant-d0a6603842f2199d5174,2026-08-07,2026-08-12,"['raw_frequency', 'arrival_clock', 'departure_clock']",overlapping raw schedule variants; not asserted to be contradictory because the source frequency legend is absent
ix-leg-60799ee69023634bc928,ix-variant-4509fb071a0290daa438,ix-variant-2a2c68d253752d7ef8af,2026-08-09,2026-08-09,['raw_frequency'],overlapping raw schedule variants; not asserted to be contradictory because the source frequency legend is absent
ix-leg-60799ee69023634bc928,ix-variant-7803eaa262693401047c,ix-variant-2006f047fc3ae2b73cf8,2026-09-05,2026-09-05,['raw_frequency'],overlapping raw schedule variants; not asserted to be contradictory because the source frequency legend is absent
ix-leg-60799ee69023634bc928,ix-variant-7803eaa262693401047c,ix-variant-d0a6603842f2199d5174,2026-09-04,2026-09-09,"['raw_frequency', 'arrival_clock', 'departure_clock']",overlapping raw schedule variants; not asserted to be contradictory because the source frequency legend is absent
ix-leg-60799ee69023634bc928,ix-variant-7803eaa262693401047c,ix-variant-047d6ffa0211ddad241c,2026-09-06,2026-09-06,['raw_frequency'],overlapping raw schedule variants; not asserted to be contradictory because the source frequency legend is absent
ix-leg-60799ee69023634bc928,ix-variant-d44ebf75004bf467bbda,ix-variant-0366d2ee50d1622a0140,2026-10-03,2026-10-03,['raw_frequency'],overlapping raw schedule variants; not asserted to be contradictory because the source frequency legend is absent
ix-leg-60799ee69023634bc928,ix-variant-d44ebf75004bf467bbda,ix-variant-d0a6603842f2199d5174,2026-10-02,2026-10-07,"['raw_frequency', 'arrival_clock', 'departure_clock']",overlapping raw schedule variants; not asserted to be contradictory because the source frequency legend is absent
ix-leg-60799ee69023634bc928,ix-variant-d44ebf75004bf467bbda,ix-variant-dc29cc50ca800e180e6b,2026-10-04,2026-10-04,['raw_frequency'],overlapping raw schedule variants; not asserted to be contradictory because the source frequency legend is absent
ix-leg-60799ee69023634bc928,ix-variant-0974daff66eca3965b0e,ix-variant-bc3a29f0bf4e79bad1c5,2026-05-23,2026-05-23,['raw_frequency'],overlapping raw schedule variants; not asserted to be contradictory because the source frequency legend is absent
ix-leg-60799ee69023634bc928,ix-variant-0974daff66eca3965b0e,ix-variant-d0a6603842f2199d5174,2026-05-22,2026-05-27,"['raw_frequency', 'arrival_clock', 'departure_clock']",overlapping raw schedule variants; not asserted to be contradictory because the source frequency legend is absent
ix-leg-60799ee69023634bc928,ix-variant-974f0c9aa1dc5a3f7354,ix-variant-80a116a528b78bdd74e4,2026-06-20,2026-06-20,['raw_frequency'],overlapping raw schedule variants; not asserted to be contradictory because the source frequency legend is absent
ix-leg-60799ee69023634bc928,ix-variant-974f0c9aa1dc5a3f7354,ix-variant-d0a6603842f2199d5174,2026-06-19,2026-06-24,"['raw_frequency', 'arrival_clock', 'departure_clock']",overlapping raw schedule variants; not asserted to be contradictory because the source frequency legend is absent
ix-leg-60799ee69023634bc928,ix-variant-05e217bdb76988dd1587,ix-variant-d55a607558b3e5390c83,2026-07-18,2026-07-18,['raw_frequency'],overlapping raw schedule variants; not asserted to be contradictory because the source frequency legend is absent
ix-leg-60799ee69023634bc928,ix-variant-05e217bdb76988dd1587,ix-variant-d0a6603842f2199d5174,2026-07-17,2026-07-22,"['raw_frequency', 'arrival_clock', 'departure_clock']",overlapping raw schedule variants; not asserted to be contradictory because the source frequency legend is absent
ix-leg-60799ee69023634bc928,ix-variant-eba2931d56356eaff92e,ix-variant-143b6cc0a9d78780b207,2026-08-15,2026-08-15,['raw_frequency'],overlapping raw schedule variants; not asserted to be contradictory because the source frequency legend is absent
ix-leg-60799ee69023634bc928,ix-variant-eba2931d56356eaff92e,ix-variant-d0a6603842f2199d5174,2026-08-14,2026-08-19,"['raw_frequency', 'arrival_clock', 'departure_clock']",overlapping raw schedule variants; not asserted to be contradictory because the source frequency legend is absent
ix-leg-60799ee69023634bc928,ix-variant-26eb25366a30c479e939,ix-variant-10df5d2632cc5580b030,2026-09-12,2026-09-12,['raw_frequency'],overlapping raw schedule variants; not asserted to be contradictory because the source frequency legend is absent
ix-leg-60799ee69023634bc928,ix-variant-26eb25366a30c479e939,ix-variant-d0a6603842f2199d5174,2026-09-11,2026-09-16,"['raw_frequency', 'arrival_clock', 'departure_clock']",overlapping raw schedule variants; not asserted to be contradictory because the source frequency legend is absent
ix-leg-60799ee69023634bc928,ix-variant-0f68162aa187e53b7ab3,ix-variant-9daed8609e04468976f9,2026-10-10,2026-10-10,['raw_frequency'],overlapping raw schedule variants; not asserted to be contradictory because the source frequency legend is absent
ix-leg-60799ee69023634bc928,ix-variant-0f68162aa187e53b7ab3,ix-variant-d0a6603842f2199d5174,2026-10-09,2026-10-14,"['raw_frequency', 'arrival_clock', 'departure_clock']",overlapping raw schedule variants; not asserted to be contradictory because the source frequency legend is absent
ix-leg-60799ee69023634bc928,ix-variant-eef8d3f21c93530472b5,ix-variant-d0a6603842f2199d5174,2026-04-19,2026-04-22,"['raw_frequency', 'arrival_clock', 'departure_clock']",overlapping raw schedule variants; not asserted to be contradictory because the source frequency legend is absent
ix-leg-60799ee69023634bc928,ix-variant-873254c88f3d15bbe5b0,ix-variant-d0a6603842f2199d5174,2026-04-26,2026-04-29,"['raw_frequency', 'arrival_clock', 'departure_clock']",overlapping raw schedule variants; not asserted to be contradictory because the source frequency legend is absent
ix-leg-60799ee69023634bc928,ix-variant-2342e313df7a82b90143,ix-variant-d0a6603842f2199d5174,2026-04-17,2026-04-17,"['raw_frequency', 'arrival_clock', 'departure_clock']",overlapping raw schedule variants; not asserted to be contradictory because the source frequency legend is absent
ix-leg-60799ee69023634bc928,ix-variant-1d7c609d05d552d3905a,ix-variant-d0a6603842f2199d5174,2026-04-11,2026-04-11,"['raw_frequency', 'arrival_clock', 'departure_clock']",overlapping raw schedule variants; not asserted to be contradictory because the source frequency legend is absent
ix-leg-60799ee69023634bc928,ix-variant-fcf827ff537316bb9abd,ix-variant-d0a6603842f2199d5174,2026-04-25,2026-04-25,"['raw_frequency', 'arrival_clock', 'departure_clock']",overlapping raw schedule variants; not asserted to be contradictory because the source frequency legend is absent
ix-leg-60799ee69023634bc928,ix-variant-ce674df6fbced19cb6fe,ix-variant-d0a6603842f2199d5174,2026-05-02,2026-05-02,"['raw_frequency', 'arrival_clock', 'departure_clock']",overlapping raw schedule variants; not asserted to be contradictory because the source frequency legend is absent
ix-leg-60799ee69023634bc928,ix-variant-1d7da8904f50f885d098,ix-variant-d0a6603842f2199d5174,2026-05-09,2026-05-09,"['raw_frequency', 'arrival_clock', 'departure_clock']",overlapping raw schedule variants; not asserted to be contradictory because the source frequency legend is absent
ix-leg-60799ee69023634bc928,ix-variant-533d2ada5d3ca995727e,ix-variant-d0a6603842f2199d5174,2026-05-16,2026-05-16,"['raw_frequency', 'arrival_clock', 'departure_clock']",overlapping raw schedule variants; not asserted to be contradictory because the source frequency legend is absent
ix-leg-60799ee69023634bc928,ix-variant-bc3a29f0bf4e79bad1c5,ix-variant-d0a6603842f2199d5174,2026-05-23,2026-05-23,"['raw_frequency', 'arrival_clock', 'departure_clock']",overlapping raw schedule variants; not asserted to be contradictory because the source frequency legend is absent
ix-leg-60799ee69023634bc928,ix-variant-721e3805de9f95dc8560,ix-variant-d0a6603842f2199d5174,2026-05-30,2026-05-30,"['raw_frequency', 'arrival_clock', 'departure_clock']",overlapping raw schedule variants; not asserted to be contradictory because the source frequency legend is absent
ix-leg-60799ee69023634bc928,ix-variant-cf84b4b2d6414afe5417,ix-variant-d0a6603842f2199d5174,2026-06-06,2026-06-06,"['raw_frequency', 'arrival_clock', 'departure_clock']",overlapping raw schedule variants; not asserted to be contradictory because the source frequency legend is absent
ix-leg-60799ee69023634bc928,ix-variant-1d5641ae0e94125d38e8,ix-variant-d0a6603842f2199d5174,2026-06-13,2026-06-13,"['raw_frequency', 'arrival_clock', 'departure_clock']",overlapping raw schedule variants; not asserted to be contradictory because the source frequency legend is absent
ix-leg-60799ee69023634bc928,ix-variant-80a116a528b78bdd74e4,ix-variant-d0a6603842f2199d5174,2026-06-20,2026-06-20,"['raw_frequency', 'arrival_clock', 'departure_clock']",overlapping raw schedule variants; not asserted to be contradictory because the source frequency legend is absent
ix-leg-60799ee69023634bc928,ix-variant-2c3a949673f0b102eed1,ix-variant-d0a6603842f2199d5174,2026-06-27,2026-06-27,"['raw_frequency', 'arrival_clock', 'departure_clock']",overlapping raw schedule variants; not asserted to be contradictory because the source frequency legend is absent
ix-leg-60799ee69023634bc928,ix-variant-cd45203956731d1a851e,ix-variant-d0a6603842f2199d5174,2026-07-04,2026-07-04,"['raw_frequency', 'arrival_clock', 'departure_clock']",overlapping raw schedule variants; not asserted to be contradictory because the source frequency legend is absent
ix-leg-60799ee69023634bc928,ix-variant-6241f403c316aa0aaaa0,ix-variant-d0a6603842f2199d5174,2026-07-11,2026-07-11,"['raw_frequency', 'arrival_clock', 'departure_clock']",overlapping raw schedule variants; not asserted to be contradictory because the source frequency legend is absent
ix-leg-60799ee69023634bc928,ix-variant-d55a607558b3e5390c83,ix-variant-d0a6603842f2199d5174,2026-07-18,2026-07-18,"['raw_frequency', 'arrival_clock', 'departure_clock']",overlapping raw schedule variants; not asserted to be contradictory because the source frequency legend is absent
ix-leg-60799ee69023634bc928,ix-variant-e71d4a100c8506aed57c,ix-variant-d0a6603842f2199d5174,2026-07-25,2026-07-25,"['raw_frequency', 'arrival_clock', 'departure_clock']",overlapping raw schedule variants; not asserted to be contradictory because the source frequency legend is absent
ix-leg-60799ee69023634bc928,ix-variant-deccc97e88a0106c00ae,ix-variant-d0a6603842f2199d5174,2026-08-01,2026-08-01,"['raw_frequency', 'arrival_clock', 'departure_clock']",overlapping raw schedule variants; not asserted to be contradictory because the source frequency legend is absent
ix-leg-60799ee69023634bc928,ix-variant-4f42f2f448ef5e7b3a8b,ix-variant-d0a6603842f2199d5174,2026-08-08,2026-08-08,"['raw_frequency', 'arrival_clock', 'departure_clock']",overlapping raw schedule variants; not asserted to be contradictory because the source frequency legend is absent
ix-leg-60799ee69023634bc928,ix-variant-143b6cc0a9d78780b207,ix-variant-d0a6603842f2199d5174,2026-08-15,2026-08-15,"['raw_frequency', 'arrival_clock', 'departure_clock']",overlapping raw schedule variants; not asserted to be contradictory because the source frequency legend is absent
ix-leg-60799ee69023634bc928,ix-variant-86612fe775820d2d3dce,ix-variant-d0a6603842f2199d5174,2026-08-22,2026-08-22,"['raw_frequency', 'arrival_clock', 'departure_clock']",overlapping raw schedule variants; not asserted to be contradictory because the source frequency legend is absent
ix-leg-60799ee69023634bc928,ix-variant-548753ed5dbf31bcd75d,ix-variant-d0a6603842f2199d5174,2026-08-29,2026-08-29,"['raw_frequency', 'arrival_clock', 'departure_clock']",overlapping raw schedule variants; not asserted to be contradictory because the source frequency legend is absent
ix-leg-60799ee69023634bc928,ix-variant-2006f047fc3ae2b73cf8,ix-variant-d0a6603842f2199d5174,2026-09-05,2026-09-05,"['raw_frequency', 'arrival_clock', 'departure_clock']",overlapping raw schedule variants; not asserted to be contradictory because the source frequency legend is absent
ix-leg-60799ee69023634bc928,ix-variant-10df5d2632cc5580b030,ix-variant-d0a6603842f2199d5174,2026-09-12,2026-09-12,"['raw_frequency', 'arrival_clock', 'departure_clock']",overlapping raw schedule variants; not asserted to be contradictory because the source frequency legend is absent
ix-leg-60799ee69023634bc928,ix-variant-0dfa4b7d2edf9bc6767b,ix-variant-d0a6603842f2199d5174,2026-09-19,2026-09-19,"['raw_frequency', 'arrival_clock', 'departure_clock']",overlapping raw schedule variants; not asserted to be contradictory because the source frequency legend is absent
ix-leg-60799ee69023634bc928,ix-variant-3e90c740a0039d7cbb46,ix-variant-d0a6603842f2199d5174,2026-09-26,2026-09-26,"['raw_frequency', 'arrival_clock', 'departure_clock']",overlapping raw schedule variants; not asserted to be contradictory because the source frequency legend is absent
ix-leg-60799ee69023634bc928,ix-variant-0366d2ee50d1622a0140,ix-variant-d0a6603842f2199d5174,2026-10-03,2026-10-03,"['raw_frequency', 'arrival_clock', 'departure_clock']",overlapping raw schedule variants; not asserted to be contradictory because the source frequency legend is absent
ix-leg-60799ee69023634bc928,ix-variant-9daed8609e04468976f9,ix-variant-d0a6603842f2199d5174,2026-10-10,2026-10-10,"['raw_frequency', 'arrival_clock', 'departure_clock']",overlapping raw schedule variants; not asserted to be contradictory because the source frequency legend is absent
ix-leg-60799ee69023634bc928,ix-variant-a29a86c8a5b0eb2af59c,ix-variant-d0a6603842f2199d5174,2026-10-17,2026-10-17,"['raw_frequency', 'arrival_clock', 'departure_clock']",overlapping raw schedule variants; not asserted to be contradictory because the source frequency legend is absent
ix-leg-60799ee69023634bc928,ix-variant-d0a6603842f2199d5174,ix-variant-ec2f853823188e010bcb,2026-04-12,2026-04-12,"['arrival_clock', 'departure_clock']",overlapping raw schedule variants; not asserted to be contradictory because the source frequency legend is absent
ix-leg-60799ee69023634bc928,ix-variant-d0a6603842f2199d5174,ix-variant-d921a8ac89bfb5448ceb,2026-05-03,2026-05-03,"['arrival_clock', 'departure_clock']",overlapping raw schedule variants; not asserted to be contradictory because the source frequency legend is absent
ix-leg-60799ee69023634bc928,ix-variant-d0a6603842f2199d5174,ix-variant-af5bcf7d1c4585fd19ab,2026-05-17,2026-05-17,"['arrival_clock', 'departure_clock']",overlapping raw schedule variants; not asserted to be contradictory because the source frequency legend is absent
ix-leg-60799ee69023634bc928,ix-variant-d0a6603842f2199d5174,ix-variant-10143d7f2b65d99b57af,2026-05-31,2026-05-31,"['arrival_clock', 'departure_clock']",overlapping raw schedule variants; not asserted to be contradictory because the source frequency legend is absent
ix-leg-60799ee69023634bc928,ix-variant-d0a6603842f2199d5174,ix-variant-285f638c7e9885b28830,2026-06-14,2026-06-14,"['arrival_clock', 'departure_clock']",overlapping raw schedule variants; not asserted to be contradictory because the source frequency legend is absent
ix-leg-60799ee69023634bc928,ix-variant-d0a6603842f2199d5174,ix-variant-03fe3ff883207de9fdc2,2026-06-28,2026-06-28,"['arrival_clock', 'departure_clock']",overlapping raw schedule variants; not asserted to be contradictory because the source frequency legend is absent
ix-leg-60799ee69023634bc928,ix-variant-d0a6603842f2199d5174,ix-variant-383a1212d826bdc1e271,2026-07-12,2026-07-12,"['arrival_clock', 'departure_clock']",overlapping raw schedule variants; not asserted to be contradictory because the source frequency legend is absent
ix-leg-60799ee69023634bc928,ix-variant-d0a6603842f2199d5174,ix-variant-2279942d74bba287b878,2026-07-26,2026-07-26,"['arrival_clock', 'departure_clock']",overlapping raw schedule variants; not asserted to be contradictory because the source frequency legend is absent
ix-leg-60799ee69023634bc928,ix-variant-d0a6603842f2199d5174,ix-variant-2a2c68d253752d7ef8af,2026-08-09,2026-08-09,"['arrival_clock', 'departure_clock']",overlapping raw schedule variants; not asserted to be contradictory because the source frequency legend is absent
ix-leg-60799ee69023634bc928,ix-variant-d0a6603842f2199d5174,ix-variant-a4a7192e45d8b968b9e5,2026-08-23,2026-08-23,"['arrival_clock', 'departure_clock']",overlapping raw schedule variants; not asserted to be contradictory because the source frequency legend is absent
ix-leg-60799ee69023634bc928,ix-variant-d0a6603842f2199d5174,ix-variant-047d6ffa0211ddad241c,2026-09-06,2026-09-06,"['arrival_clock', 'departure_clock']",overlapping raw schedule variants; not asserted to be contradictory because the source frequency legend is absent
ix-leg-60799ee69023634bc928,ix-variant-d0a6603842f2199d5174,ix-variant-89573069d05cb211ce05,2026-09-20,2026-09-20,"['arrival_clock', 'departure_clock']",overlapping raw schedule variants; not asserted to be contradictory because the source frequency legend is absent
ix-leg-60799ee69023634bc928,ix-variant-d0a6603842f2199d5174,ix-variant-dc29cc50ca800e180e6b,2026-10-04,2026-10-04,"['arrival_clock', 'departure_clock']",overlapping raw schedule variants; not asserted to be contradictory because the source frequency legend is absent
ix-leg-60799ee69023634bc928,ix-variant-d0a6603842f2199d5174,ix-variant-0165ea53d39ecf63e7ce,2026-10-18,2026-10-18,"['arrival_clock', 'departure_clock']",overlapping raw schedule variants; not asserted to be contradictory because the source frequency legend is absent
ix-leg-611f1a4e72025134aa25,ix-variant-2761f2d99e429d94421e,ix-variant-0993c6755735a71b305f,2026-04-09,2026-10-23,"['arrival_clock', 'departure_clock']",overlapping raw schedule variants; not asserted to be contradictory because the source frequency legend is absent
ix-leg-611f1a4e72025134aa25,ix-variant-0993c6755735a71b305f,ix-variant-62f30f50fbc2574471e7,2026-10-24,2026-10-24,"['raw_frequency', 'arrival_clock', 'departure_clock']",overlapping raw schedule variants; not asserted to be contradictory because the source frequency legend is absent
ix-leg-611f1a4e72025134aa25,ix-variant-50b485953d230ee728a1,ix-variant-2959071310c4037274cc,2026-04-02,2026-04-02,"['raw_frequency', 'arrival_clock', 'departure_clock']",overlapping raw schedule variants; not asserted to be contradictory because the source frequency legend is absent
ix-leg-aeb14239dd9e8f3f51ba,ix-variant-22d9bbb24f10f49d57a2,ix-variant-e5ae9c3f406eff8b0399,2026-03-31,2026-03-31,"['raw_frequency', 'arrival_clock', 'departure_clock']",overlapping raw schedule variants; not asserted to be contradictory because the source frequency legend is absent
ix-leg-aeb14239dd9e8f3f51ba,ix-variant-3e9118c237c7b6941a75,ix-variant-e5ae9c3f406eff8b0399,2026-04-07,2026-05-26,"['raw_frequency', 'arrival_clock', 'departure_clock']",overlapping raw schedule variants; not asserted to be contradictory because the source frequency legend is absent
ix-leg-aeb14239dd9e8f3f51ba,ix-variant-3e9118c237c7b6941a75,ix-variant-179f41e8cfd67e9b0d10,2026-04-10,2026-05-26,['raw_frequency'],overlapping raw schedule variants; not asserted to be contradictory because the source frequency legend is absent
ix-leg-aeb14239dd9e8f3f51ba,ix-variant-f953e4f96e5d60e37e6d,ix-variant-e5ae9c3f406eff8b0399,2026-06-02,2026-10-20,"['raw_frequency', 'arrival_clock', 'departure_clock']",overlapping raw schedule variants; not asserted to be contradictory because the source frequency legend is absent
ix-leg-aeb14239dd9e8f3f51ba,ix-variant-f953e4f96e5d60e37e6d,ix-variant-2a2a4b5043cea28445ab,2026-06-05,2026-06-05,['raw_frequency'],overlapping raw schedule variants; not asserted to be contradictory because the source frequency legend is absent
ix-leg-aeb14239dd9e8f3f51ba,ix-variant-f953e4f96e5d60e37e6d,ix-variant-e879d1038dc4ec9a1592,2026-06-12,2026-10-20,['raw_frequency'],overlapping raw schedule variants; not asserted to be contradictory because the source frequency legend is absent
ix-leg-aeb14239dd9e8f3f51ba,ix-variant-e5ae9c3f406eff8b0399,ix-variant-764fe8f4afd05110b711,2026-04-03,2026-04-03,"['raw_frequency', 'arrival_clock', 'departure_clock']",overlapping raw schedule variants; not asserted to be contradictory because the source frequency legend is absent
ix-leg-aeb14239dd9e8f3f51ba,ix-variant-e5ae9c3f406eff8b0399,ix-variant-179f41e8cfd67e9b0d10,2026-04-10,2026-05-29,"['raw_frequency', 'arrival_clock', 'departure_clock']",overlapping raw schedule variants; not asserted to be contradictory because the source frequency legend is absent
ix-leg-aeb14239dd9e8f3f51ba,ix-variant-e5ae9c3f406eff8b0399,ix-variant-2a2a4b5043cea28445ab,2026-06-05,2026-06-05,"['raw_frequency', 'arrival_clock', 'departure_clock']",overlapping raw schedule variants; not asserted to be contradictory because the source frequency legend is absent
ix-leg-aeb14239dd9e8f3f51ba,ix-variant-e5ae9c3f406eff8b0399,ix-variant-e879d1038dc4ec9a1592,2026-06-12,2026-10-23,"['raw_frequency', 'arrival_clock', 'departure_clock']",overlapping raw schedule variants; not asserted to be contradictory because the source frequency legend is absent
ix-leg-c6b50f1bdeb088d410e5,ix-variant-5068696854d3ba74f4ec,ix-variant-7eb7a9ae884753f8abca,2026-04-01,2026-10-21,['raw_frequency'],overlapping raw schedule variants; not asserted to be contradictory because the source frequency legend is absent
ix-leg-04c186314f56f3114dd5,ix-variant-ac3afb56aa31651b8188,ix-variant-89d1d238ca4e86975583,2026-04-01,2026-04-01,['raw_frequency'],overlapping raw schedule variants; not asserted to be contradictory because the source frequency legend is absent
ix-leg-04c186314f56f3114dd5,ix-variant-ac3afb56aa31651b8188,ix-variant-4b8c0dd926b8c9389fdc,2026-04-08,2026-10-21,['raw_frequency'],overlapping raw schedule variants; not asserted to be contradictory because the source frequency legend is absent
ix-leg-cf03ca8c16d52b972577,ix-variant-9b3d3fa64c33233326c2,ix-variant-5e61f37ce83d7e43e5b9,2026-03-30,2026-03-30,"['raw_frequency', 'arrival_clock', 'departure_clock']",overlapping raw schedule variants; not asserted to be contradictory because the source frequency legend is absent
ix-leg-cf03ca8c16d52b972577,ix-variant-9b3d3fa64c33233326c2,ix-variant-5ad8343f573b9dfb09d8,2026-03-30,2026-03-30,"['raw_frequency', 'arrival_clock', 'departure_clock']",overlapping raw schedule variants; not asserted to be contradictory because the source frequency legend is absent
ix-leg-cf03ca8c16d52b972577,ix-variant-5e61f37ce83d7e43e5b9,ix-variant-149f323cb6193179c850,2026-04-03,2026-10-23,"['arrival_clock', 'departure_clock']",overlapping raw schedule variants; not asserted to be contradictory because the source frequency legend is absent
ix-leg-cf03ca8c16d52b972577,ix-variant-5e61f37ce83d7e43e5b9,ix-variant-c533875158c40d2a7513,2026-04-01,2026-10-21,"['raw_frequency', 'arrival_clock', 'departure_clock']",overlapping raw schedule variants; not asserted to be contradictory because the source frequency legend is absent
ix-leg-cf03ca8c16d52b972577,ix-variant-5e61f37ce83d7e43e5b9,ix-variant-5ad8343f573b9dfb09d8,2026-03-30,2026-10-23,"['raw_frequency', 'departure_clock']",overlapping raw schedule variants; not asserted to be contradictory because the source frequency legend is absent
ix-leg-cf03ca8c16d52b972577,ix-variant-5e61f37ce83d7e43e5b9,ix-variant-31637658a6782b766833,2026-04-05,2026-10-18,"['raw_frequency', 'arrival_clock', 'departure_clock']",overlapping raw schedule variants; not asserted to be contradictory because the source frequency legend is absent
ix-leg-cf03ca8c16d52b972577,ix-variant-149f323cb6193179c850,ix-variant-c533875158c40d2a7513,2026-04-03,2026-10-21,"['raw_frequency', 'arrival_clock']",overlapping raw schedule variants; not asserted to be contradictory because the source frequency legend is absent
ix-leg-cf03ca8c16d52b972577,ix-variant-149f323cb6193179c850,ix-variant-5ad8343f573b9dfb09d8,2026-04-03,2026-10-23,"['raw_frequency', 'arrival_clock', 'departure_clock']",overlapping raw schedule variants; not asserted to be contradictory because the source frequency legend is absent
ix-leg-cf03ca8c16d52b972577,ix-variant-149f323cb6193179c850,ix-variant-31637658a6782b766833,2026-04-05,2026-10-18,"['raw_frequency', 'arrival_clock']",overlapping raw schedule variants; not asserted to be contradictory because the source frequency legend is absent
ix-leg-cf03ca8c16d52b972577,ix-variant-c533875158c40d2a7513,ix-variant-5ad8343f573b9dfb09d8,2026-04-01,2026-10-21,"['raw_frequency', 'arrival_clock', 'departure_clock']",overlapping raw schedule variants; not asserted to be contradictory because the source frequency legend is absent
ix-leg-cf03ca8c16d52b972577,ix-variant-c533875158c40d2a7513,ix-variant-31637658a6782b766833,2026-04-05,2026-10-18,['raw_frequency'],overlapping raw schedule variants; not asserted to be contradictory because the source frequency legend is absent
ix-leg-cf03ca8c16d52b972577,ix-variant-5ad8343f573b9dfb09d8,ix-variant-31637658a6782b766833,2026-04-05,2026-10-18,"['raw_frequency', 'arrival_clock', 'departure_clock']",overlapping raw schedule variants; not asserted to be contradictory because the source frequency legend is absent
ix-leg-4ed70b6ef51909fc2883,ix-variant-bdeea998e186798c5642,ix-variant-eead456cfb2116802b70,2026-03-30,2026-03-30,"['raw_frequency', 'arrival_clock', 'departure_clock']",overlapping raw schedule variants; not asserted to be contradictory because the source frequency legend is absent
ix-leg-4ed70b6ef51909fc2883,ix-variant-bdeea998e186798c5642,ix-variant-d30001cf7426e7d37c27,2026-03-30,2026-03-30,"['raw_frequency', 'arrival_clock', 'departure_clock']",overlapping raw schedule variants; not asserted to be contradictory because the source frequency legend is absent
ix-leg-4ed70b6ef51909fc2883,ix-variant-bdeea998e186798c5642,ix-variant-a2f40da26dac4b8d3490,2026-03-30,2026-03-30,"['raw_frequency', 'arrival_clock', 'departure_clock']",overlapping raw schedule variants; not asserted to be contradictory because the source frequency legend is absent
ix-leg-4ed70b6ef51909fc2883,ix-variant-eead456cfb2116802b70,ix-variant-80a32f50090444d668ff,2026-04-03,2026-10-23,"['arrival_clock', 'departure_clock']",overlapping raw schedule variants; not asserted to be contradictory because the source frequency legend is absent
ix-leg-4ed70b6ef51909fc2883,ix-variant-eead456cfb2116802b70,ix-variant-d30001cf7426e7d37c27,2026-03-29,2026-10-24,"['raw_frequency', 'arrival_clock']",overlapping raw schedule variants; not asserted to be contradictory because the source frequency legend is absent
ix-leg-4ed70b6ef51909fc2883,ix-variant-eead456cfb2116802b70,ix-variant-2832cd600a19213bdbcc,2026-04-01,2026-10-21,"['raw_frequency', 'arrival_clock', 'departure_clock']",overlapping raw schedule variants; not asserted to be contradictory because the source frequency legend is absent
ix-leg-4ed70b6ef51909fc2883,ix-variant-eead456cfb2116802b70,ix-variant-a2f40da26dac4b8d3490,2026-03-29,2026-10-24,"['raw_frequency', 'arrival_clock']",overlapping raw schedule variants; not asserted to be contradictory because the source frequency legend is absent
ix-leg-4ed70b6ef51909fc2883,ix-variant-eead456cfb2116802b70,ix-variant-716b52ad74732832bb86,2026-04-05,2026-10-18,"['raw_frequency', 'arrival_clock', 'departure_clock']",overlapping raw schedule variants; not asserted to be contradictory because the source frequency legend is absent
ix-leg-4ed70b6ef51909fc2883,ix-variant-80a32f50090444d668ff,ix-variant-d30001cf7426e7d37c27,2026-04-03,2026-10-23,"['raw_frequency', 'arrival_clock', 'departure_clock']",overlapping raw schedule variants; not asserted to be contradictory because the source frequency legend is absent
ix-leg-4ed70b6ef51909fc2883,ix-variant-80a32f50090444d668ff,ix-variant-2832cd600a19213bdbcc,2026-04-03,2026-10-21,"['raw_frequency', 'departure_clock']",overlapping raw schedule variants; not asserted to be contradictory because the source frequency legend is absent
ix-leg-4ed70b6ef51909fc2883,ix-variant-80a32f50090444d668ff,ix-variant-a2f40da26dac4b8d3490,2026-04-03,2026-10-23,"['raw_frequency', 'arrival_clock', 'departure_clock']",overlapping raw schedule variants; not asserted to be contradictory because the source frequency legend is absent
ix-leg-4ed70b6ef51909fc2883,ix-variant-80a32f50090444d668ff,ix-variant-716b52ad74732832bb86,2026-04-05,2026-10-18,"['raw_frequency', 'departure_clock']",overlapping raw schedule variants; not asserted to be contradictory because the source frequency legend is absent
ix-leg-4ed70b6ef51909fc2883,ix-variant-d30001cf7426e7d37c27,ix-variant-2832cd600a19213bdbcc,2026-04-01,2026-10-21,"['arrival_clock', 'departure_clock']",overlapping raw schedule variants; not asserted to be contradictory because the source frequency legend is absent
ix-leg-4ed70b6ef51909fc2883,ix-variant-d30001cf7426e7d37c27,ix-variant-a2f40da26dac4b8d3490,2026-03-29,2026-10-24,"['raw_frequency', 'arrival_clock']",overlapping raw schedule variants; not asserted to be contradictory because the source frequency legend is absent
ix-leg-4ed70b6ef51909fc2883,ix-variant-d30001cf7426e7d37c27,ix-variant-716b52ad74732832bb86,2026-04-05,2026-10-18,"['raw_frequency', 'arrival_clock', 'departure_clock']",overlapping raw schedule variants; not asserted to be contradictory because the source frequency legend is absent
ix-leg-4ed70b6ef51909fc2883,ix-variant-2832cd600a19213bdbcc,ix-variant-a2f40da26dac4b8d3490,2026-04-01,2026-10-21,"['raw_frequency', 'arrival_clock', 'departure_clock']",overlapping raw schedule variants; not asserted to be contradictory because the source frequency legend is absent
ix-leg-4ed70b6ef51909fc2883,ix-variant-2832cd600a19213bdbcc,ix-variant-716b52ad74732832bb86,2026-04-05,2026-10-18,"['raw_frequency', 'departure_clock']",overlapping raw schedule variants; not asserted to be contradictory because the source frequency legend is absent
ix-leg-4ed70b6ef51909fc2883,ix-variant-a2f40da26dac4b8d3490,ix-variant-716b52ad74732832bb86,2026-04-05,2026-10-18,"['arrival_clock', 'departure_clock']",overlapping raw schedule variants; not asserted to be contradictory because the source frequency legend is absent
ix-leg-288230c503f71044be51,ix-variant-d84c755bcd5c80755dd4,ix-variant-c59dca18028c0f9c006e,2026-03-30,2026-04-03,"['raw_frequency', 'arrival_clock', 'departure_clock']",overlapping raw schedule variants; not asserted to be contradictory because the source frequency legend is absent
ix-leg-288230c503f71044be51,ix-variant-c59dca18028c0f9c006e,ix-variant-724c45d089c43b258183,2026-04-05,2026-10-23,"['arrival_clock', 'departure_clock']",overlapping raw schedule variants; not asserted to be contradictory because the source frequency legend is absent
ix-leg-19c9e18ceb72c2a28a21,ix-variant-1983247ff6f5eab77416,ix-variant-592ec737aea2e3743252,2026-04-11,2026-04-30,"['arrival_clock', 'departure_clock']",overlapping raw schedule variants; not asserted to be contradictory because the source frequency legend is absent
