source_row_address,source_pdf_sha256,pdf_page,physical_row_on_page,station_section_ordinal_on_page,station_section_raw,printed_row_no,source_row_id,movement_id,movement_side,origin_iata,destination_iata,flight_designator_raw,operator_code_raw,carrier_iata,frequency_raw,effective_from,effective_until,raw_clock,clock_status,identity_id,temporal_status,baseline_match_class
sha256=107983dc72d381e6897a5a333556946adcc98daef82e954d52cec1fc402c3086|page=01|physical_row=0001|station_section=1:Ahmedabad|printed_row=1,107983dc72d381e6897a5a333556946adcc98daef82e954d52cec1fc402c3086,1,1,1,Ahmedabad,1,p01-r1-n0001,p01-r1-n0001-arrival,arrival,DEL,AMD,AI 2909,AIC,AI,5,2026-06-05,2026-10-23,00:15,raw_time_basis_unknown,ai-s26-22a5538ced6f1d,current,confirmed_exact_designator
sha256=107983dc72d381e6897a5a333556946adcc98daef82e954d52cec1fc402c3086|page=01|physical_row=0002|station_section=1:Ahmedabad|printed_row=2,107983dc72d381e6897a5a333556946adcc98daef82e954d52cec1fc402c3086,1,2,1,Ahmedabad,2,p01-r2-n0002,p01-r2-n0002-arrival,arrival,DEL,AMD,AI 2909,AIC,AI,123467,2026-06-06,2026-10-24,00:15,raw_time_basis_unknown,ai-s26-07d71ef45d025a,current,confirmed_exact_designator
sha256=107983dc72d381e6897a5a333556946adcc98daef82e954d52cec1fc402c3086|page=01|physical_row=0003|station_section=1:Ahmedabad|printed_row=3,107983dc72d381e6897a5a333556946adcc98daef82e954d52cec1fc402c3086,1,3,1,Ahmedabad,3,p01-r3-n0003,p01-r3-n0003-arrival,arrival,DEL,AMD,AI 2909,AIC,AI,1234567,2026-03-30,2026-06-04,00:15,raw_time_basis_unknown,ai-s26-99f318c44c72a6,expired,expired_not_compared_to_baseline
sha256=107983dc72d381e6897a5a333556946adcc98daef82e954d52cec1fc402c3086|page=01|physical_row=0004|station_section=1:Ahmedabad|printed_row=4,107983dc72d381e6897a5a333556946adcc98daef82e954d52cec1fc402c3086,1,4,1,Ahmedabad,4,p01-r4-n0004,p01-r4-n0004-arrival,arrival,DEL,AMD,AI 2909,AIC,AI,7,2026-03-29,2026-03-29,00:20,raw_time_basis_unknown,ai-s26-7f6b55edc6336d,expired,expired_not_compared_to_baseline
sha256=107983dc72d381e6897a5a333556946adcc98daef82e954d52cec1fc402c3086|page=01|physical_row=0005|station_section=1:Ahmedabad|printed_row=5,107983dc72d381e6897a5a333556946adcc98daef82e954d52cec1fc402c3086,1,5,1,Ahmedabad,5,p01-r5-n0005,p01-r5-n0005-departure,departure,AMD,BOM,AI 2918,AIC,AI,7,2026-03-29,2026-03-29,06:00,raw_time_basis_unknown,ai-s26-73ef35459c82ed,expired,expired_not_compared_to_baseline
sha256=107983dc72d381e6897a5a333556946adcc98daef82e954d52cec1fc402c3086|page=01|physical_row=0006|station_section=1:Ahmedabad|printed_row=6,107983dc72d381e6897a5a333556946adcc98daef82e954d52cec1fc402c3086,1,6,1,Ahmedabad,6,p01-r6-n0006,p01-r6-n0006-departure,departure,AMD,BOM,AI 2918,AIC,AI,123467,2026-06-06,2026-10-24,06:00,raw_time_basis_unknown,ai-s26-3f4cd7b3c652fa,current,confirmed_exact_designator
sha256=107983dc72d381e6897a5a333556946adcc98daef82e954d52cec1fc402c3086|page=01|physical_row=0007|station_section=1:Ahmedabad|printed_row=7,107983dc72d381e6897a5a333556946adcc98daef82e954d52cec1fc402c3086,1,7,1,Ahmedabad,7,p01-r7-n0007,p01-r7-n0007-departure,departure,AMD,BOM,AI 2918,AIC,AI,1234567,2026-03-30,2026-06-04,06:00,raw_time_basis_unknown,ai-s26-5f3248ca761d9f,expired,expired_not_compared_to_baseline
sha256=107983dc72d381e6897a5a333556946adcc98daef82e954d52cec1fc402c3086|page=01|physical_row=0008|station_section=1:Ahmedabad|printed_row=8,107983dc72d381e6897a5a333556946adcc98daef82e954d52cec1fc402c3086,1,8,1,Ahmedabad,8,p01-r8-n0008,p01-r8-n0008-departure,departure,AMD,BOM,AI 2918,AIC,AI,4,2026-06-04,2026-10-22,06:05,raw_time_basis_unknown,ai-s26-60e451a21abf3f,current,confirmed_exact_designator
sha256=107983dc72d381e6897a5a333556946adcc98daef82e954d52cec1fc402c3086|page=01|physical_row=0009|station_section=1:Ahmedabad|printed_row=9,107983dc72d381e6897a5a333556946adcc98daef82e954d52cec1fc402c3086,1,9,1,Ahmedabad,9,p01-r9-n0009,p01-r9-n0009-departure,departure,AMD,DEL,AI 2906,AIC,AI,7,2026-03-29,2026-03-29,06:25,raw_time_basis_unknown,ai-s26-b5ed6c06f5ab82,expired,expired_not_compared_to_baseline
sha256=107983dc72d381e6897a5a333556946adcc98daef82e954d52cec1fc402c3086|page=01|physical_row=0010|station_section=1:Ahmedabad|printed_row=10,107983dc72d381e6897a5a333556946adcc98daef82e954d52cec1fc402c3086,1,10,1,Ahmedabad,10,p01-r10-n0010,p01-r10-n0010-departure,departure,AMD,DEL,AI 2906,AIC,AI,4,2026-04-02,2026-05-28,06:25,raw_time_basis_unknown,ai-s26-a0e0aeb1a3ef0a,expired,expired_not_compared_to_baseline
sha256=107983dc72d381e6897a5a333556946adcc98daef82e954d52cec1fc402c3086|page=01|physical_row=0011|station_section=1:Ahmedabad|printed_row=11,107983dc72d381e6897a5a333556946adcc98daef82e954d52cec1fc402c3086,1,11,1,Ahmedabad,11,p01-r11-n0011,p01-r11-n0011-departure,departure,AMD,DEL,AI 2906,AIC,AI,123567,2026-03-29,2026-10-23,06:25,raw_time_basis_unknown,ai-s26-4fe34bb0ebd0c0,current,confirmed_exact_designator
sha256=107983dc72d381e6897a5a333556946adcc98daef82e954d52cec1fc402c3086|page=01|physical_row=0012|station_section=1:Ahmedabad|printed_row=12,107983dc72d381e6897a5a333556946adcc98daef82e954d52cec1fc402c3086,1,12,1,Ahmedabad,12,p01-r12-n0012,p01-r12-n0012-departure,departure,AMD,DEL,AI 2906,AIC,AI,5,2026-06-05,2026-10-23,06:30,raw_time_basis_unknown,ai-s26-de953790d54f99,current,confirmed_exact_designator
sha256=107983dc72d381e6897a5a333556946adcc98daef82e954d52cec1fc402c3086|page=01|physical_row=0013|station_section=1:Ahmedabad|printed_row=13,107983dc72d381e6897a5a333556946adcc98daef82e954d52cec1fc402c3086,1,13,1,Ahmedabad,13,p01-r13-n0013,p01-r13-n0013-arrival,arrival,DEL,AMD,AI 817,AIC,AI,1234567,2026-03-29,2026-10-24,07:35,raw_time_basis_unknown,ai-s26-ab62cf0fac4a93,current,confirmed_exact_designator
sha256=107983dc72d381e6897a5a333556946adcc98daef82e954d52cec1fc402c3086|page=01|physical_row=0014|station_section=1:Ahmedabad|printed_row=14,107983dc72d381e6897a5a333556946adcc98daef82e954d52cec1fc402c3086,1,14,1,Ahmedabad,14,p01-r14-n0014,p01-r14-n0014-arrival,arrival,BOM,AMD,AI 493,AIC,AI,1234567,2026-03-29,2026-10-24,07:50,raw_time_basis_unknown,ai-s26-279f669a31ba07,current,confirmed_exact_designator
sha256=107983dc72d381e6897a5a333556946adcc98daef82e954d52cec1fc402c3086|page=01|physical_row=0015|station_section=1:Ahmedabad|printed_row=15,107983dc72d381e6897a5a333556946adcc98daef82e954d52cec1fc402c3086,1,15,1,Ahmedabad,15,p01-r15-n0015,p01-r15-n0015-departure,departure,AMD,DEL,AI 818,AIC,AI,1234567,2026-03-29,2026-10-24,08:25,raw_time_basis_unknown,ai-s26-dfd722e74fd011,current,confirmed_exact_designator
sha256=107983dc72d381e6897a5a333556946adcc98daef82e954d52cec1fc402c3086|page=01|physical_row=0016|station_section=1:Ahmedabad|printed_row=16,107983dc72d381e6897a5a333556946adcc98daef82e954d52cec1fc402c3086,1,16,1,Ahmedabad,16,p01-r16-n0016,p01-r16-n0016-departure,departure,AMD,BOM,AI 494,AIC,AI,1234567,2026-03-29,2026-10-24,08:45,raw_time_basis_unknown,ai-s26-e135092cea5018,current,confirmed_exact_designator
sha256=107983dc72d381e6897a5a333556946adcc98daef82e954d52cec1fc402c3086|page=01|physical_row=0017|station_section=1:Ahmedabad|printed_row=17,107983dc72d381e6897a5a333556946adcc98daef82e954d52cec1fc402c3086,1,17,1,Ahmedabad,17,p01-r17-n0017,p01-r17-n0017-arrival,arrival,DEL,AMD,AI 2959,AIC,AI,67,2026-03-29,2026-10-24,08:50,raw_time_basis_unknown,ai-s26-54dac0080e6e62,current,confirmed_exact_designator
sha256=107983dc72d381e6897a5a333556946adcc98daef82e954d52cec1fc402c3086|page=01|physical_row=0018|station_section=1:Ahmedabad|printed_row=18,107983dc72d381e6897a5a333556946adcc98daef82e954d52cec1fc402c3086,1,18,1,Ahmedabad,18,p01-r18-n0018,p01-r18-n0018-arrival,arrival,DEL,AMD,AI 2959,AIC,AI,12345,2026-03-30,2026-10-23,08:50,raw_time_basis_unknown,ai-s26-27817218435ce5,current,confirmed_exact_designator
sha256=107983dc72d381e6897a5a333556946adcc98daef82e954d52cec1fc402c3086|page=01|physical_row=0019|station_section=1:Ahmedabad|printed_row=19,107983dc72d381e6897a5a333556946adcc98daef82e954d52cec1fc402c3086,1,19,1,Ahmedabad,19,p01-r19-n0019,p01-r19-n0019-departure,departure,AMD,DEL,AI 2946,AIC,AI,67,2026-03-29,2026-10-24,09:30,raw_time_basis_unknown,ai-s26-f1d316e74900ee,current,confirmed_exact_designator
sha256=107983dc72d381e6897a5a333556946adcc98daef82e954d52cec1fc402c3086|page=01|physical_row=0020|station_section=1:Ahmedabad|printed_row=20,107983dc72d381e6897a5a333556946adcc98daef82e954d52cec1fc402c3086,1,20,1,Ahmedabad,20,p01-r20-n0020,p01-r20-n0020-departure,departure,AMD,DEL,AI 2946,AIC,AI,12345,2026-03-30,2026-10-23,09:30,raw_time_basis_unknown,ai-s26-5784960834f851,current,confirmed_exact_designator
sha256=107983dc72d381e6897a5a333556946adcc98daef82e954d52cec1fc402c3086|page=01|physical_row=0021|station_section=1:Ahmedabad|printed_row=21,107983dc72d381e6897a5a333556946adcc98daef82e954d52cec1fc402c3086,1,21,1,Ahmedabad,21,p01-r21-n0021,p01-r21-n0021-departure,departure,AMD,DEL,AI 424,AIC,AI,3,2026-05-06,2026-05-06,10:05,raw_time_basis_unknown,ai-s26-a43579626d5e57,expired,expired_not_compared_to_baseline
sha256=107983dc72d381e6897a5a333556946adcc98daef82e954d52cec1fc402c3086|page=01|physical_row=0022|station_section=1:Ahmedabad|printed_row=22,107983dc72d381e6897a5a333556946adcc98daef82e954d52cec1fc402c3086,1,22,1,Ahmedabad,22,p01-r22-n0022,p01-r22-n0022-arrival,arrival,BOM,AMD,AI 2847,AIC,AI,3,2026-04-01,2026-04-29,10:30,raw_time_basis_unknown,ai-s26-79f20468d70a2e,expired,expired_not_compared_to_baseline
sha256=107983dc72d381e6897a5a333556946adcc98daef82e954d52cec1fc402c3086|page=01|physical_row=0023|station_section=1:Ahmedabad|printed_row=23,107983dc72d381e6897a5a333556946adcc98daef82e954d52cec1fc402c3086,1,23,1,Ahmedabad,23,p01-r23-n0023,p01-r23-n0023-arrival,arrival,BOM,AMD,AI 2847,AIC,AI,3,2026-05-13,2026-05-27,10:30,raw_time_basis_unknown,ai-s26-9e5fbf980375cf,expired,expired_not_compared_to_baseline
sha256=107983dc72d381e6897a5a333556946adcc98daef82e954d52cec1fc402c3086|page=01|physical_row=0024|station_section=1:Ahmedabad|printed_row=24,107983dc72d381e6897a5a333556946adcc98daef82e954d52cec1fc402c3086,1,24,1,Ahmedabad,24,p01-r24-n0024,p01-r24-n0024-arrival,arrival,BOM,AMD,AI 2847,AIC,AI,3,2026-06-03,2026-10-21,10:30,raw_time_basis_unknown,ai-s26-881469410996bf,current,confirmed_exact_designator
sha256=107983dc72d381e6897a5a333556946adcc98daef82e954d52cec1fc402c3086|page=01|physical_row=0025|station_section=1:Ahmedabad|printed_row=25,107983dc72d381e6897a5a333556946adcc98daef82e954d52cec1fc402c3086,1,25,1,Ahmedabad,25,p01-r25-n0025,p01-r25-n0025-arrival,arrival,BOM,AMD,AI 2847,AIC,AI,124567,2026-03-29,2026-10-24,11:25,raw_time_basis_unknown,ai-s26-3b95631e959f1b,current,confirmed_exact_designator
sha256=107983dc72d381e6897a5a333556946adcc98daef82e954d52cec1fc402c3086|page=01|physical_row=0026|station_section=1:Ahmedabad|printed_row=26,107983dc72d381e6897a5a333556946adcc98daef82e954d52cec1fc402c3086,1,26,1,Ahmedabad,26,p01-r26-n0026,p01-r26-n0026-departure,departure,AMD,DEL,AI 424,AIC,AI,3,2026-08-05,2026-10-21,11:25,raw_time_basis_unknown,ai-s26-cb51e22aa69ff5,current,confirmed_exact_designator
sha256=107983dc72d381e6897a5a333556946adcc98daef82e954d52cec1fc402c3086|page=01|physical_row=0027|station_section=1:Ahmedabad|printed_row=27,107983dc72d381e6897a5a333556946adcc98daef82e954d52cec1fc402c3086,1,27,1,Ahmedabad,27,p01-r27-n0027,p01-r27-n0027-departure,departure,AMD,DEL,AI 424,AIC,AI,3,2026-04-01,2026-04-29,11:25,raw_time_basis_unknown,ai-s26-6754d3ee21f77f,expired,expired_not_compared_to_baseline
sha256=107983dc72d381e6897a5a333556946adcc98daef82e954d52cec1fc402c3086|page=01|physical_row=0028|station_section=1:Ahmedabad|printed_row=28,107983dc72d381e6897a5a333556946adcc98daef82e954d52cec1fc402c3086,1,28,1,Ahmedabad,28,p01-r28-n0028,p01-r28-n0028-departure,departure,AMD,DEL,AI 424,AIC,AI,3,2026-05-13,2026-07-29,11:25,raw_time_basis_unknown,ai-s26-1d474b4b12533a,expired,expired_not_compared_to_baseline
sha256=107983dc72d381e6897a5a333556946adcc98daef82e954d52cec1fc402c3086|page=01|physical_row=0029|station_section=1:Ahmedabad|printed_row=29,107983dc72d381e6897a5a333556946adcc98daef82e954d52cec1fc402c3086,1,29,1,Ahmedabad,29,p01-r29-n0029,p01-r29-n0029-departure,departure,AMD,BOM,AI 2848,AIC,AI,3,2026-04-01,2026-04-29,11:25,raw_time_basis_unknown,ai-s26-8d54f051735a87,expired,expired_not_compared_to_baseline
sha256=107983dc72d381e6897a5a333556946adcc98daef82e954d52cec1fc402c3086|page=01|physical_row=0030|station_section=1:Ahmedabad|printed_row=30,107983dc72d381e6897a5a333556946adcc98daef82e954d52cec1fc402c3086,1,30,1,Ahmedabad,30,p01-r30-n0030,p01-r30-n0030-departure,departure,AMD,BOM,AI 2848,AIC,AI,3,2026-05-13,2026-05-27,11:25,raw_time_basis_unknown,ai-s26-c63b8d477c4cd0,expired,expired_not_compared_to_baseline
sha256=107983dc72d381e6897a5a333556946adcc98daef82e954d52cec1fc402c3086|page=01|physical_row=0031|station_section=1:Ahmedabad|printed_row=31,107983dc72d381e6897a5a333556946adcc98daef82e954d52cec1fc402c3086,1,31,1,Ahmedabad,31,p01-r31-n0031,p01-r31-n0031-departure,departure,AMD,BOM,AI 2848,AIC,AI,3,2026-06-03,2026-10-21,11:25,raw_time_basis_unknown,ai-s26-c1c723e0038c96,current,confirmed_exact_designator
sha256=107983dc72d381e6897a5a333556946adcc98daef82e954d52cec1fc402c3086|page=01|physical_row=0032|station_section=1:Ahmedabad|printed_row=32,107983dc72d381e6897a5a333556946adcc98daef82e954d52cec1fc402c3086,1,32,1,Ahmedabad,32,p01-r32-n0032,p01-r32-n0032-departure,departure,AMD,DEL,AI 424,AIC,AI,7,2026-08-09,2026-10-18,11:30,raw_time_basis_unknown,ai-s26-eff401c91838b4,current,confirmed_exact_designator
sha256=107983dc72d381e6897a5a333556946adcc98daef82e954d52cec1fc402c3086|page=01|physical_row=0033|station_section=1:Ahmedabad|printed_row=33,107983dc72d381e6897a5a333556946adcc98daef82e954d52cec1fc402c3086,1,33,1,Ahmedabad,33,p01-r33-n0033,p01-r33-n0033-departure,departure,AMD,DEL,AI 424,AIC,AI,5,2026-08-07,2026-10-23,11:30,raw_time_basis_unknown,ai-s26-3f1ad3d8f0e195,current,confirmed_exact_designator
sha256=107983dc72d381e6897a5a333556946adcc98daef82e954d52cec1fc402c3086|page=01|physical_row=0034|station_section=1:Ahmedabad|printed_row=34,107983dc72d381e6897a5a333556946adcc98daef82e954d52cec1fc402c3086,1,34,1,Ahmedabad,34,p01-r34-n0034,p01-r34-n0034-departure,departure,AMD,DEL,AI 424,AIC,AI,5,2026-04-03,2026-07-31,11:30,raw_time_basis_unknown,ai-s26-d4e20e9313de06,expired,expired_not_compared_to_baseline
sha256=107983dc72d381e6897a5a333556946adcc98daef82e954d52cec1fc402c3086|page=01|physical_row=0035|station_section=1:Ahmedabad|printed_row=35,107983dc72d381e6897a5a333556946adcc98daef82e954d52cec1fc402c3086,1,35,1,Ahmedabad,35,p01-r35-n0035,p01-r35-n0035-arrival,arrival,DEL,AMD,AI 423,AIC,AI,6,2026-08-08,2026-10-24,11:40,raw_time_basis_unknown,ai-s26-1978b75e024aca,current,confirmed_exact_designator
sha256=107983dc72d381e6897a5a333556946adcc98daef82e954d52cec1fc402c3086|page=01|physical_row=0036|station_section=1:Ahmedabad|printed_row=36,107983dc72d381e6897a5a333556946adcc98daef82e954d52cec1fc402c3086,1,36,1,Ahmedabad,36,p01-r36-n0036,p01-r36-n0036-arrival,arrival,DEL,AMD,AI 423,AIC,AI,14,2026-08-03,2026-10-22,11:40,raw_time_basis_unknown,ai-s26-b8877d08f0c5af,current,confirmed_exact_designator
sha256=107983dc72d381e6897a5a333556946adcc98daef82e954d52cec1fc402c3086|page=01|physical_row=0037|station_section=1:Ahmedabad|printed_row=37,107983dc72d381e6897a5a333556946adcc98daef82e954d52cec1fc402c3086,1,37,1,Ahmedabad,37,p01-r37-n0037,p01-r37-n0037-arrival,arrival,DEL,AMD,AI 423,AIC,AI,14,2026-03-30,2026-07-30,11:40,raw_time_basis_unknown,ai-s26-b0c9f991b2a0a3,expired,expired_not_compared_to_baseline
sha256=107983dc72d381e6897a5a333556946adcc98daef82e954d52cec1fc402c3086|page=01|physical_row=0038|station_section=1:Ahmedabad|printed_row=38,107983dc72d381e6897a5a333556946adcc98daef82e954d52cec1fc402c3086,1,38,1,Ahmedabad,38,p01-r38-n0038,p01-r38-n0038-departure,departure,AMD,BOM,AI 2848,AIC,AI,124567,2026-03-29,2026-10-24,12:00,raw_time_basis_unknown,ai-s26-ef90f938df7460,current,confirmed_exact_designator
sha256=107983dc72d381e6897a5a333556946adcc98daef82e954d52cec1fc402c3086|page=02|physical_row=0001|station_section=1:Ahmedabad|printed_row=39,107983dc72d381e6897a5a333556946adcc98daef82e954d52cec1fc402c3086,2,1,1,Ahmedabad,39,p02-r39-n0039,p02-r39-n0039-arrival,arrival,DEL,AMD,AI 2715,AIC,AI,124567,2026-03-29,2026-10-24,13:20,raw_time_basis_unknown,ai-s26-9adc2208a455db,current,confirmed_exact_designator
sha256=107983dc72d381e6897a5a333556946adcc98daef82e954d52cec1fc402c3086|page=02|physical_row=0002|station_section=1:Ahmedabad|printed_row=40,107983dc72d381e6897a5a333556946adcc98daef82e954d52cec1fc402c3086,2,2,1,Ahmedabad,40,p02-r40-n0040,p02-r40-n0040-departure,departure,AMD,DEL,AI 2716,AIC,AI,124567,2026-03-29,2026-10-24,14:00,raw_time_basis_unknown,ai-s26-cd0398d7160ce7,current,confirmed_exact_designator
sha256=107983dc72d381e6897a5a333556946adcc98daef82e954d52cec1fc402c3086|page=02|physical_row=0003|station_section=1:Ahmedabad|printed_row=41,107983dc72d381e6897a5a333556946adcc98daef82e954d52cec1fc402c3086,2,3,1,Ahmedabad,41,p02-r41-n0041,p02-r41-n0041-arrival,arrival,BOM,AMD,AI 2503,AIC,AI,124567,2026-03-29,2026-10-24,14:15,raw_time_basis_unknown,ai-s26-3032a6fde3a297,current,confirmed_exact_designator
sha256=107983dc72d381e6897a5a333556946adcc98daef82e954d52cec1fc402c3086|page=02|physical_row=0004|station_section=1:Ahmedabad|printed_row=42,107983dc72d381e6897a5a333556946adcc98daef82e954d52cec1fc402c3086,2,4,1,Ahmedabad,42,p02-r42-n0042,p02-r42-n0042-departure,departure,AMD,BOM,AI 2504,AIC,AI,124567,2026-03-29,2026-10-24,14:55,raw_time_basis_unknown,ai-s26-e7b696ec4b8c24,current,confirmed_exact_designator
sha256=107983dc72d381e6897a5a333556946adcc98daef82e954d52cec1fc402c3086|page=02|physical_row=0005|station_section=1:Ahmedabad|printed_row=43,107983dc72d381e6897a5a333556946adcc98daef82e954d52cec1fc402c3086,2,5,1,Ahmedabad,43,p02-r43-n0043,p02-r43-n0043-arrival,arrival,BOM,AMD,AI 2503,AIC,AI,3,2026-04-01,2026-04-29,15:10,raw_time_basis_unknown,ai-s26-af53d42e33e905,expired,expired_not_compared_to_baseline
sha256=107983dc72d381e6897a5a333556946adcc98daef82e954d52cec1fc402c3086|page=02|physical_row=0006|station_section=1:Ahmedabad|printed_row=44,107983dc72d381e6897a5a333556946adcc98daef82e954d52cec1fc402c3086,2,6,1,Ahmedabad,44,p02-r44-n0044,p02-r44-n0044-arrival,arrival,BOM,AMD,AI 2503,AIC,AI,3,2026-05-13,2026-05-27,15:10,raw_time_basis_unknown,ai-s26-c3de9d3890cebb,expired,expired_not_compared_to_baseline
sha256=107983dc72d381e6897a5a333556946adcc98daef82e954d52cec1fc402c3086|page=02|physical_row=0007|station_section=1:Ahmedabad|printed_row=45,107983dc72d381e6897a5a333556946adcc98daef82e954d52cec1fc402c3086,2,7,1,Ahmedabad,45,p02-r45-n0045,p02-r45-n0045-arrival,arrival,BOM,AMD,AI 2503,AIC,AI,3,2026-06-03,2026-10-21,15:10,raw_time_basis_unknown,ai-s26-0dd09d0408d59b,current,confirmed_exact_designator
sha256=107983dc72d381e6897a5a333556946adcc98daef82e954d52cec1fc402c3086|page=02|physical_row=0008|station_section=1:Ahmedabad|printed_row=46,107983dc72d381e6897a5a333556946adcc98daef82e954d52cec1fc402c3086,2,8,1,Ahmedabad,46,p02-r46-n0046,p02-r46-n0046-arrival,arrival,DEL,AMD,AI 881,AIC,AI,3,2026-04-01,2026-04-29,15:15,raw_time_basis_unknown,ai-s26-0ba6790cd81328,expired,expired_not_compared_to_baseline
sha256=107983dc72d381e6897a5a333556946adcc98daef82e954d52cec1fc402c3086|page=02|physical_row=0009|station_section=1:Ahmedabad|printed_row=47,107983dc72d381e6897a5a333556946adcc98daef82e954d52cec1fc402c3086,2,9,1,Ahmedabad,47,p02-r47-n0047,p02-r47-n0047-arrival,arrival,DEL,AMD,AI 881,AIC,AI,3,2026-05-13,2026-10-21,15:15,raw_time_basis_unknown,ai-s26-ff9e1d48ac00d2,current,confirmed_exact_designator
sha256=107983dc72d381e6897a5a333556946adcc98daef82e954d52cec1fc402c3086|page=02|physical_row=0010|station_section=1:Ahmedabad|printed_row=48,107983dc72d381e6897a5a333556946adcc98daef82e954d52cec1fc402c3086,2,10,1,Ahmedabad,48,p02-r48-n0048,p02-r48-n0048-arrival,arrival,DEL,AMD,AI 881,AIC,AI,124567,2026-03-29,2026-10-24,15:15,raw_time_basis_unknown,ai-s26-245fc3868c078e,current,confirmed_exact_designator
sha256=107983dc72d381e6897a5a333556946adcc98daef82e954d52cec1fc402c3086|page=02|physical_row=0011|station_section=1:Ahmedabad|printed_row=49,107983dc72d381e6897a5a333556946adcc98daef82e954d52cec1fc402c3086,2,11,1,Ahmedabad,49,p02-r49-n0049,p02-r49-n0049-departure,departure,AMD,BOM,AI 2504,AIC,AI,3,2026-06-03,2026-10-21,15:50,raw_time_basis_unknown,ai-s26-c2579e18cf8370,current,confirmed_exact_designator
sha256=107983dc72d381e6897a5a333556946adcc98daef82e954d52cec1fc402c3086|page=02|physical_row=0012|station_section=1:Ahmedabad|printed_row=50,107983dc72d381e6897a5a333556946adcc98daef82e954d52cec1fc402c3086,2,12,1,Ahmedabad,50,p02-r50-n0050,p02-r50-n0050-departure,departure,AMD,DEL,AI 882,AIC,AI,3,2026-04-01,2026-04-29,15:55,raw_time_basis_unknown,ai-s26-f2831c8b5d2cba,expired,expired_not_compared_to_baseline
sha256=107983dc72d381e6897a5a333556946adcc98daef82e954d52cec1fc402c3086|page=02|physical_row=0013|station_section=1:Ahmedabad|printed_row=51,107983dc72d381e6897a5a333556946adcc98daef82e954d52cec1fc402c3086,2,13,1,Ahmedabad,51,p02-r51-n0051,p02-r51-n0051-departure,departure,AMD,DEL,AI 882,AIC,AI,3,2026-05-13,2026-10-21,15:55,raw_time_basis_unknown,ai-s26-57fa0ad655e33b,current,confirmed_exact_designator
sha256=107983dc72d381e6897a5a333556946adcc98daef82e954d52cec1fc402c3086|page=02|physical_row=0014|station_section=1:Ahmedabad|printed_row=52,107983dc72d381e6897a5a333556946adcc98daef82e954d52cec1fc402c3086,2,14,1,Ahmedabad,52,p02-r52-n0052,p02-r52-n0052-departure,departure,AMD,DEL,AI 882,AIC,AI,124567,2026-03-29,2026-10-24,15:55,raw_time_basis_unknown,ai-s26-3e06db4019c6a6,current,confirmed_exact_designator
sha256=107983dc72d381e6897a5a333556946adcc98daef82e954d52cec1fc402c3086|page=02|physical_row=0015|station_section=1:Ahmedabad|printed_row=53,107983dc72d381e6897a5a333556946adcc98daef82e954d52cec1fc402c3086,2,15,1,Ahmedabad,53,p02-r53-n0053,p02-r53-n0053-departure,departure,AMD,BOM,AI 2504,AIC,AI,3,2026-04-01,2026-04-29,15:55,raw_time_basis_unknown,ai-s26-0207895e21fdcc,expired,expired_not_compared_to_baseline
sha256=107983dc72d381e6897a5a333556946adcc98daef82e954d52cec1fc402c3086|page=02|physical_row=0016|station_section=1:Ahmedabad|printed_row=54,107983dc72d381e6897a5a333556946adcc98daef82e954d52cec1fc402c3086,2,16,1,Ahmedabad,54,p02-r54-n0054,p02-r54-n0054-departure,departure,AMD,BOM,AI 2504,AIC,AI,3,2026-05-13,2026-05-27,15:55,raw_time_basis_unknown,ai-s26-11b1046b54f465,expired,expired_not_compared_to_baseline
sha256=107983dc72d381e6897a5a333556946adcc98daef82e954d52cec1fc402c3086|page=02|physical_row=0017|station_section=1:Ahmedabad|printed_row=55,107983dc72d381e6897a5a333556946adcc98daef82e954d52cec1fc402c3086,2,17,1,Ahmedabad,55,p02-r55-n0055,p02-r55-n0055-arrival,arrival,BOM,AMD,AI 2915,AIC,AI,3,2026-06-03,2026-10-21,16:50,raw_time_basis_unknown,ai-s26-6004355b156fcb,current,confirmed_exact_designator
sha256=107983dc72d381e6897a5a333556946adcc98daef82e954d52cec1fc402c3086|page=02|physical_row=0018|station_section=1:Ahmedabad|printed_row=56,107983dc72d381e6897a5a333556946adcc98daef82e954d52cec1fc402c3086,2,18,1,Ahmedabad,56,p02-r56-n0056,p02-r56-n0056-arrival,arrival,BOM,AMD,AI 2915,AIC,AI,124567,2026-06-04,2026-10-24,16:50,raw_time_basis_unknown,ai-s26-86f12a85fc21fc,current,confirmed_exact_designator
sha256=107983dc72d381e6897a5a333556946adcc98daef82e954d52cec1fc402c3086|page=02|physical_row=0019|station_section=1:Ahmedabad|printed_row=57,107983dc72d381e6897a5a333556946adcc98daef82e954d52cec1fc402c3086,2,19,1,Ahmedabad,57,p02-r57-n0057,p02-r57-n0057-arrival,arrival,BOM,AMD,AI 2915,AIC,AI,1234567,2026-03-29,2026-05-05,16:50,raw_time_basis_unknown,ai-s26-4ced905de78ed7,expired,expired_not_compared_to_baseline
sha256=107983dc72d381e6897a5a333556946adcc98daef82e954d52cec1fc402c3086|page=02|physical_row=0020|station_section=1:Ahmedabad|printed_row=58,107983dc72d381e6897a5a333556946adcc98daef82e954d52cec1fc402c3086,2,20,1,Ahmedabad,58,p02-r58-n0058,p02-r58-n0058-arrival,arrival,BOM,AMD,AI 2915,AIC,AI,1234567,2026-05-07,2026-06-02,16:50,raw_time_basis_unknown,ai-s26-e5df8869961e2c,expired,expired_not_compared_to_baseline
sha256=107983dc72d381e6897a5a333556946adcc98daef82e954d52cec1fc402c3086|page=02|physical_row=0021|station_section=1:Ahmedabad|printed_row=59,107983dc72d381e6897a5a333556946adcc98daef82e954d52cec1fc402c3086,2,21,1,Ahmedabad,59,p02-r59-n0059,p02-r59-n0059-arrival,arrival,BOM,AMD,AI 2915,AIC,AI,3,2026-05-06,2026-05-06,17:05,raw_time_basis_unknown,ai-s26-def69ed56e7cfa,expired,expired_not_compared_to_baseline
sha256=107983dc72d381e6897a5a333556946adcc98daef82e954d52cec1fc402c3086|page=02|physical_row=0022|station_section=1:Ahmedabad|printed_row=60,107983dc72d381e6897a5a333556946adcc98daef82e954d52cec1fc402c3086,2,22,1,Ahmedabad,60,p02-r60-n0060,p02-r60-n0060-departure,departure,AMD,BOM,AI 2916,AIC,AI,3,2026-05-06,2026-05-06,17:55,raw_time_basis_unknown,ai-s26-1a4183c5c4b889,expired,expired_not_compared_to_baseline
sha256=107983dc72d381e6897a5a333556946adcc98daef82e954d52cec1fc402c3086|page=02|physical_row=0023|station_section=1:Ahmedabad|printed_row=61,107983dc72d381e6897a5a333556946adcc98daef82e954d52cec1fc402c3086,2,23,1,Ahmedabad,61,p02-r61-n0061,p02-r61-n0061-departure,departure,AMD,BOM,AI 2916,AIC,AI,3,2026-06-03,2026-10-21,17:55,raw_time_basis_unknown,ai-s26-8cd7ad331d84f5,current,confirmed_exact_designator
sha256=107983dc72d381e6897a5a333556946adcc98daef82e954d52cec1fc402c3086|page=02|physical_row=0024|station_section=1:Ahmedabad|printed_row=62,107983dc72d381e6897a5a333556946adcc98daef82e954d52cec1fc402c3086,2,24,1,Ahmedabad,62,p02-r62-n0062,p02-r62-n0062-departure,departure,AMD,BOM,AI 2916,AIC,AI,124567,2026-06-04,2026-10-24,17:55,raw_time_basis_unknown,ai-s26-e623c57099d5a1,current,confirmed_exact_designator
sha256=107983dc72d381e6897a5a333556946adcc98daef82e954d52cec1fc402c3086|page=02|physical_row=0025|station_section=1:Ahmedabad|printed_row=63,107983dc72d381e6897a5a333556946adcc98daef82e954d52cec1fc402c3086,2,25,1,Ahmedabad,63,p02-r63-n0063,p02-r63-n0063-departure,departure,AMD,BOM,AI 2916,AIC,AI,1234567,2026-03-29,2026-05-05,17:55,raw_time_basis_unknown,ai-s26-c9859c4bc8a718,expired,expired_not_compared_to_baseline
sha256=107983dc72d381e6897a5a333556946adcc98daef82e954d52cec1fc402c3086|page=02|physical_row=0026|station_section=1:Ahmedabad|printed_row=64,107983dc72d381e6897a5a333556946adcc98daef82e954d52cec1fc402c3086,2,26,1,Ahmedabad,64,p02-r64-n0064,p02-r64-n0064-departure,departure,AMD,BOM,AI 2916,AIC,AI,1234567,2026-05-07,2026-06-02,17:55,raw_time_basis_unknown,ai-s26-290fbda00034c9,expired,expired_not_compared_to_baseline
sha256=107983dc72d381e6897a5a333556946adcc98daef82e954d52cec1fc402c3086|page=02|physical_row=0027|station_section=1:Ahmedabad|printed_row=65,107983dc72d381e6897a5a333556946adcc98daef82e954d52cec1fc402c3086,2,27,1,Ahmedabad,65,p02-r65-n0065,p02-r65-n0065-arrival,arrival,DEL,AMD,AI 2939,AIC,AI,1234567,2026-03-29,2026-10-24,18:20,raw_time_basis_unknown,ai-s26-90d11135718234,current,confirmed_exact_designator
sha256=107983dc72d381e6897a5a333556946adcc98daef82e954d52cec1fc402c3086|page=02|physical_row=0028|station_section=1:Ahmedabad|printed_row=66,107983dc72d381e6897a5a333556946adcc98daef82e954d52cec1fc402c3086,2,28,1,Ahmedabad,66,p02-r66-n0066,p02-r66-n0066-departure,departure,AMD,DEL,AI 2938,AIC,AI,1234567,2026-03-29,2026-10-24,18:55,raw_time_basis_unknown,ai-s26-3da283d71c0a3b,current,confirmed_exact_designator
sha256=107983dc72d381e6897a5a333556946adcc98daef82e954d52cec1fc402c3086|page=02|physical_row=0029|station_section=1:Ahmedabad|printed_row=67,107983dc72d381e6897a5a333556946adcc98daef82e954d52cec1fc402c3086,2,29,1,Ahmedabad,67,p02-r67-n0067,p02-r67-n0067-arrival,arrival,DEL,AMD,AI 809,AIC,AI,1234567,2026-03-29,2026-10-24,19:20,raw_time_basis_unknown,ai-s26-6294f3af7a2422,current,confirmed_exact_designator
sha256=107983dc72d381e6897a5a333556946adcc98daef82e954d52cec1fc402c3086|page=02|physical_row=0030|station_section=1:Ahmedabad|printed_row=68,107983dc72d381e6897a5a333556946adcc98daef82e954d52cec1fc402c3086,2,30,1,Ahmedabad,68,p02-r68-n0068,p02-r68-n0068-arrival,arrival,BOM,AMD,AI 2493,AIC,AI,1234567,2026-03-29,2026-10-24,19:20,raw_time_basis_unknown,ai-s26-ea96abb2fe32de,current,confirmed_exact_designator
sha256=107983dc72d381e6897a5a333556946adcc98daef82e954d52cec1fc402c3086|page=02|physical_row=0031|station_section=1:Ahmedabad|printed_row=69,107983dc72d381e6897a5a333556946adcc98daef82e954d52cec1fc402c3086,2,31,1,Ahmedabad,69,p02-r69-n0069,p02-r69-n0069-departure,departure,AMD,DEL,AI 810,AIC,AI,1234567,2026-03-29,2026-10-24,20:15,raw_time_basis_unknown,ai-s26-3feb9b8f462058,current,confirmed_exact_designator
sha256=107983dc72d381e6897a5a333556946adcc98daef82e954d52cec1fc402c3086|page=02|physical_row=0032|station_section=1:Ahmedabad|printed_row=70,107983dc72d381e6897a5a333556946adcc98daef82e954d52cec1fc402c3086,2,32,1,Ahmedabad,70,p02-r70-n0070,p02-r70-n0070-arrival,arrival,DEL,AMD,AI 531,AIC,AI,1234567,2026-03-29,2026-10-24,20:50,raw_time_basis_unknown,ai-s26-ae20a160795f00,current,confirmed_exact_designator
sha256=107983dc72d381e6897a5a333556946adcc98daef82e954d52cec1fc402c3086|page=02|physical_row=0033|station_section=1:Ahmedabad|printed_row=71,107983dc72d381e6897a5a333556946adcc98daef82e954d52cec1fc402c3086,2,33,1,Ahmedabad,71,p02-r71-n0071,p02-r71-n0071-departure,departure,AMD,BOM,AI 2494,AIC,AI,1234567,2026-03-29,2026-10-24,21:00,raw_time_basis_unknown,ai-s26-4f4248617d983d,current,confirmed_exact_designator
sha256=107983dc72d381e6897a5a333556946adcc98daef82e954d52cec1fc402c3086|page=02|physical_row=0034|station_section=1:Ahmedabad|printed_row=72,107983dc72d381e6897a5a333556946adcc98daef82e954d52cec1fc402c3086,2,34,1,Ahmedabad,72,p02-r72-n0072,p02-r72-n0072-departure,departure,AMD,DEL,AI 532,AIC,AI,1234567,2026-03-29,2026-10-24,21:30,raw_time_basis_unknown,ai-s26-2aeababb69c334,current,confirmed_exact_designator
sha256=107983dc72d381e6897a5a333556946adcc98daef82e954d52cec1fc402c3086|page=02|physical_row=0035|station_section=1:Ahmedabad|printed_row=73,107983dc72d381e6897a5a333556946adcc98daef82e954d52cec1fc402c3086,2,35,1,Ahmedabad,73,p02-r73-n0073,p02-r73-n0073-arrival,arrival,DEL,AMD,AI 2545,AIC,AI,1234567,2026-03-29,2026-10-24,22:10,raw_time_basis_unknown,ai-s26-34036fd6110078,current,confirmed_exact_designator
sha256=107983dc72d381e6897a5a333556946adcc98daef82e954d52cec1fc402c3086|page=02|physical_row=0036|station_section=1:Ahmedabad|printed_row=74,107983dc72d381e6897a5a333556946adcc98daef82e954d52cec1fc402c3086,2,36,1,Ahmedabad,74,p02-r74-n0074,p02-r74-n0074-departure,departure,AMD,DEL,AI 2546,AIC,AI,1234567,2026-03-29,2026-10-24,23:00,raw_time_basis_unknown,ai-s26-f624c50696d416,current,confirmed_exact_designator
sha256=107983dc72d381e6897a5a333556946adcc98daef82e954d52cec1fc402c3086|page=02|physical_row=0037|station_section=1:Ahmedabad|printed_row=75,107983dc72d381e6897a5a333556946adcc98daef82e954d52cec1fc402c3086,2,37,1,Ahmedabad,75,p02-r75-n0075,p02-r75-n0075-arrival,arrival,BOM,AMD,AI 2919,AIC,AI,6,2026-10-24,2026-10-24,23:30,raw_time_basis_unknown,ai-s26-8105870df51588,future,confirmed_exact_designator
sha256=107983dc72d381e6897a5a333556946adcc98daef82e954d52cec1fc402c3086|page=02|physical_row=0038|station_section=1:Ahmedabad|printed_row=76,107983dc72d381e6897a5a333556946adcc98daef82e954d52cec1fc402c3086,2,38,1,Ahmedabad,76,p02-r76-n0076,p02-r76-n0076-arrival,arrival,BOM,AMD,AI 2919,AIC,AI,4,2026-04-02,2026-05-28,23:30,raw_time_basis_unknown,ai-s26-f04040ee0c704f,expired,expired_not_compared_to_baseline
sha256=107983dc72d381e6897a5a333556946adcc98daef82e954d52cec1fc402c3086|page=02|physical_row=0039|station_section=1:Ahmedabad|printed_row=77,107983dc72d381e6897a5a333556946adcc98daef82e954d52cec1fc402c3086,2,39,1,Ahmedabad,77,p02-r77-n0077,p02-r77-n0077-arrival,arrival,BOM,AMD,AI 2919,AIC,AI,4,2026-06-04,2026-10-22,23:30,raw_time_basis_unknown,ai-s26-21316c64808eb6,current,confirmed_exact_designator
sha256=107983dc72d381e6897a5a333556946adcc98daef82e954d52cec1fc402c3086|page=02|physical_row=0040|station_section=1:Ahmedabad|printed_row=78,107983dc72d381e6897a5a333556946adcc98daef82e954d52cec1fc402c3086,2,40,1,Ahmedabad,78,p02-r78-n0078,p02-r78-n0078-arrival,arrival,BOM,AMD,AI 2919,AIC,AI,123567,2026-03-29,2026-10-23,23:30,raw_time_basis_unknown,ai-s26-210576cf61165f,current,confirmed_exact_designator
sha256=107983dc72d381e6897a5a333556946adcc98daef82e954d52cec1fc402c3086|page=02|physical_row=0041|station_section=2:Amritsar|printed_row=1,107983dc72d381e6897a5a333556946adcc98daef82e954d52cec1fc402c3086,2,41,2,Amritsar,1,p02-r1-n0079,p02-r1-n0079-arrival,arrival,DEL,ATQ,AI 1703,AIC,AI,1234567,2026-03-29,2026-10-24,06:25,raw_time_basis_unknown,ai-s26-681c260909e6c9,current,confirmed_exact_designator
sha256=107983dc72d381e6897a5a333556946adcc98daef82e954d52cec1fc402c3086|page=02|physical_row=0042|station_section=2:Amritsar|printed_row=2,107983dc72d381e6897a5a333556946adcc98daef82e954d52cec1fc402c3086,2,42,2,Amritsar,2,p02-r2-n0080,p02-r2-n0080-departure,departure,ATQ,DEL,AI 1884,AIC,AI,1234567,2026-03-29,2026-10-24,07:05,raw_time_basis_unknown,ai-s26-07530aeead8111,current,confirmed_exact_designator
sha256=107983dc72d381e6897a5a333556946adcc98daef82e954d52cec1fc402c3086|page=02|physical_row=0043|station_section=2:Amritsar|printed_row=3,107983dc72d381e6897a5a333556946adcc98daef82e954d52cec1fc402c3086,2,43,2,Amritsar,3,p02-r3-n0081,p02-r3-n0081-arrival,arrival,BOM,ATQ,AI 2728,AIC,AI,3,2026-04-01,2026-10-21,07:10,raw_time_basis_unknown,ai-s26-23887e454003fc,current,confirmed_exact_designator
sha256=107983dc72d381e6897a5a333556946adcc98daef82e954d52cec1fc402c3086|page=02|physical_row=0044|station_section=2:Amritsar|printed_row=4,107983dc72d381e6897a5a333556946adcc98daef82e954d52cec1fc402c3086,2,44,2,Amritsar,4,p02-r4-n0082,p02-r4-n0082-arrival,arrival,BOM,ATQ,AI 2728,AIC,AI,124567,2026-03-29,2026-10-24,07:50,raw_time_basis_unknown,ai-s26-5466da00364e34,current,confirmed_exact_designator
sha256=107983dc72d381e6897a5a333556946adcc98daef82e954d52cec1fc402c3086|page=02|physical_row=0045|station_section=2:Amritsar|printed_row=5,107983dc72d381e6897a5a333556946adcc98daef82e954d52cec1fc402c3086,2,45,2,Amritsar,5,p02-r5-n0083,p02-r5-n0083-departure,departure,ATQ,BOM,AI 2729,AIC,AI,3,2026-04-01,2026-10-21,07:50,raw_time_basis_unknown,ai-s26-45e40013bb3b79,current,confirmed_exact_designator
sha256=107983dc72d381e6897a5a333556946adcc98daef82e954d52cec1fc402c3086|page=02|physical_row=0046|station_section=2:Amritsar|printed_row=6,107983dc72d381e6897a5a333556946adcc98daef82e954d52cec1fc402c3086,2,46,2,Amritsar,6,p02-r6-n0084,p02-r6-n0084-departure,departure,ATQ,BOM,AI 2729,AIC,AI,124567,2026-03-29,2026-10-24,08:30,raw_time_basis_unknown,ai-s26-d04f5ee92db7e2,current,confirmed_exact_designator
sha256=107983dc72d381e6897a5a333556946adcc98daef82e954d52cec1fc402c3086|page=02|physical_row=0047|station_section=2:Amritsar|printed_row=7,107983dc72d381e6897a5a333556946adcc98daef82e954d52cec1fc402c3086,2,47,2,Amritsar,7,p02-r7-n0085,p02-r7-n0085-arrival,arrival,DEL,ATQ,AI 495,AIC,AI,1234567,2026-03-29,2026-10-24,09:30,raw_time_basis_unknown,ai-s26-948b490f359adb,current,confirmed_exact_designator
sha256=107983dc72d381e6897a5a333556946adcc98daef82e954d52cec1fc402c3086|page=02|physical_row=0048|station_section=2:Amritsar|printed_row=8,107983dc72d381e6897a5a333556946adcc98daef82e954d52cec1fc402c3086,2,48,2,Amritsar,8,p02-r8-n0086,p02-r8-n0086-departure,departure,ATQ,DEL,AI 496,AIC,AI,1234567,2026-03-29,2026-10-24,10:20,raw_time_basis_unknown,ai-s26-c39a5ccab7116d,current,confirmed_exact_designator
sha256=107983dc72d381e6897a5a333556946adcc98daef82e954d52cec1fc402c3086|page=02|physical_row=0049|station_section=2:Amritsar|printed_row=9,107983dc72d381e6897a5a333556946adcc98daef82e954d52cec1fc402c3086,2,49,2,Amritsar,9,p02-r9-n0087,p02-r9-n0087-arrival,arrival,DEL,ATQ,AI 421,AIC,AI,3,2026-04-01,2026-10-21,11:00,raw_time_basis_unknown,ai-s26-e032f8c568aa84,current,confirmed_exact_designator
sha256=107983dc72d381e6897a5a333556946adcc98daef82e954d52cec1fc402c3086|page=02|physical_row=0050|station_section=2:Amritsar|printed_row=10,107983dc72d381e6897a5a333556946adcc98daef82e954d52cec1fc402c3086,2,50,2,Amritsar,10,p02-r10-n0088,p02-r10-n0088-arrival,arrival,DEL,ATQ,AI 421,AIC,AI,257,2026-03-29,2026-10-23,11:00,raw_time_basis_unknown,ai-s26-467f84b80074c1,current,confirmed_exact_designator
sha256=107983dc72d381e6897a5a333556946adcc98daef82e954d52cec1fc402c3086|page=02|physical_row=0051|station_section=2:Amritsar|printed_row=11,107983dc72d381e6897a5a333556946adcc98daef82e954d52cec1fc402c3086,2,51,2,Amritsar,11,p02-r11-n0089,p02-r11-n0089-arrival,arrival,DEL,ATQ,AI 1773,AIC,AI,1234567,2026-03-29,2026-10-24,11:40,raw_time_basis_unknown,ai-s26-068f89411703e9,current,confirmed_exact_designator
sha256=107983dc72d381e6897a5a333556946adcc98daef82e954d52cec1fc402c3086|page=02|physical_row=0052|station_section=2:Amritsar|printed_row=12,107983dc72d381e6897a5a333556946adcc98daef82e954d52cec1fc402c3086,2,52,2,Amritsar,12,p02-r12-n0090,p02-r12-n0090-departure,departure,ATQ,DEL,AI 1826,AIC,AI,1234567,2026-03-29,2026-10-24,12:20,raw_time_basis_unknown,ai-s26-27180c2efd2065,current,confirmed_exact_designator
sha256=107983dc72d381e6897a5a333556946adcc98daef82e954d52cec1fc402c3086|page=02|physical_row=0053|station_section=2:Amritsar|printed_row=13,107983dc72d381e6897a5a333556946adcc98daef82e954d52cec1fc402c3086,2,53,2,Amritsar,13,p02-r13-n0091,p02-r13-n0091-arrival,arrival,BOM,ATQ,AI 2997,AIC,AI,1234567,2026-03-29,2026-10-24,12:35,raw_time_basis_unknown,ai-s26-c3846852da59f3,current,confirmed_exact_designator
sha256=107983dc72d381e6897a5a333556946adcc98daef82e954d52cec1fc402c3086|page=02|physical_row=0054|station_section=2:Amritsar|printed_row=14,107983dc72d381e6897a5a333556946adcc98daef82e954d52cec1fc402c3086,2,54,2,Amritsar,14,p02-r14-n0092,p02-r14-n0092-departure,departure,ATQ,DEL,AI 422,AIC,AI,146,2026-03-30,2026-10-22,12:45,raw_time_basis_unknown,ai-s26-df17bf4f4d0dd4,current,confirmed_exact_designator
sha256=107983dc72d381e6897a5a333556946adcc98daef82e954d52cec1fc402c3086|page=02|physical_row=0055|station_section=2:Amritsar|printed_row=15,107983dc72d381e6897a5a333556946adcc98daef82e954d52cec1fc402c3086,2,55,2,Amritsar,15,p02-r15-n0093,p02-r15-n0093-arrival,arrival,DEL,ATQ,AI 491,AIC,AI,1234567,2026-03-29,2026-10-24,12:50,raw_time_basis_unknown,ai-s26-870bb94cf18613,current,confirmed_exact_designator
sha256=107983dc72d381e6897a5a333556946adcc98daef82e954d52cec1fc402c3086|page=02|physical_row=0056|station_section=2:Amritsar|printed_row=16,107983dc72d381e6897a5a333556946adcc98daef82e954d52cec1fc402c3086,2,56,2,Amritsar,16,p02-r16-n0094,p02-r16-n0094-departure,departure,ATQ,BOM,AI 2998,AIC,AI,1234567,2026-03-29,2026-10-24,13:15,raw_time_basis_unknown,ai-s26-f70ce8883ff49b,current,confirmed_exact_designator
sha256=107983dc72d381e6897a5a333556946adcc98daef82e954d52cec1fc402c3086|page=02|physical_row=0057|station_section=2:Amritsar|printed_row=17,107983dc72d381e6897a5a333556946adcc98daef82e954d52cec1fc402c3086,2,57,2,Amritsar,17,p02-r17-n0095,p02-r17-n0095-departure,departure,ATQ,DEL,AI 492,AIC,AI,1234567,2026-03-29,2026-10-24,13:25,raw_time_basis_unknown,ai-s26-df38a32ac3181a,current,confirmed_exact_designator
sha256=107983dc72d381e6897a5a333556946adcc98daef82e954d52cec1fc402c3086|page=03|physical_row=0001|station_section=1:Amritsar|printed_row=18,107983dc72d381e6897a5a333556946adcc98daef82e954d52cec1fc402c3086,3,1,1,Amritsar,18,p03-r18-n0096,p03-r18-n0096-arrival,arrival,DEL,ATQ,AI 855,AIC,AI,1234567,2026-03-29,2026-10-24,21:55,raw_time_basis_unknown,ai-s26-eb9d76be1cba0a,current,confirmed_exact_designator
sha256=107983dc72d381e6897a5a333556946adcc98daef82e954d52cec1fc402c3086|page=03|physical_row=0002|station_section=1:Amritsar|printed_row=19,107983dc72d381e6897a5a333556946adcc98daef82e954d52cec1fc402c3086,3,2,1,Amritsar,19,p03-r19-n0097,p03-r19-n0097-arrival,arrival,DEL,ATQ,AI 479,AIC,AI,1234567,2026-03-29,2026-10-24,22:30,raw_time_basis_unknown,ai-s26-95039d33696cde,current,confirmed_exact_designator
sha256=107983dc72d381e6897a5a333556946adcc98daef82e954d52cec1fc402c3086|page=03|physical_row=0003|station_section=1:Amritsar|printed_row=20,107983dc72d381e6897a5a333556946adcc98daef82e954d52cec1fc402c3086,3,3,1,Amritsar,20,p03-r20-n0098,p03-r20-n0098-departure,departure,ATQ,DEL,AI 856,AIC,AI,1234567,2026-03-29,2026-10-24,22:30,raw_time_basis_unknown,ai-s26-4fa2ba4ba74222,current,confirmed_exact_designator
sha256=107983dc72d381e6897a5a333556946adcc98daef82e954d52cec1fc402c3086|page=03|physical_row=0004|station_section=1:Amritsar|printed_row=21,107983dc72d381e6897a5a333556946adcc98daef82e954d52cec1fc402c3086,3,4,1,Amritsar,21,p03-r21-n0099,p03-r21-n0099-departure,departure,ATQ,DEL,AI 480,AIC,AI,1234567,2026-03-29,2026-10-24,23:20,raw_time_basis_unknown,ai-s26-c2e3ad77f36fb1,current,confirmed_exact_designator
sha256=107983dc72d381e6897a5a333556946adcc98daef82e954d52cec1fc402c3086|page=03|physical_row=0005|station_section=2:Aurangabad|printed_row=1,107983dc72d381e6897a5a333556946adcc98daef82e954d52cec1fc402c3086,3,5,2,Aurangabad,1,p03-r1-n0100,p03-r1-n0100-arrival,arrival,DEL,IXU,AI 1727,AIC,AI,1234567,2026-03-29,2026-10-24,08:00,raw_time_basis_unknown,ai-s26-305c7deafc8c98,current,confirmed_exact_designator
sha256=107983dc72d381e6897a5a333556946adcc98daef82e954d52cec1fc402c3086|page=03|physical_row=0006|station_section=2:Aurangabad|printed_row=2,107983dc72d381e6897a5a333556946adcc98daef82e954d52cec1fc402c3086,3,6,2,Aurangabad,2,p03-r2-n0101,p03-r2-n0101-departure,departure,IXU,DEL,AI 1836,AIC,AI,1234567,2026-03-29,2026-10-24,08:40,raw_time_basis_unknown,ai-s26-0aea1daf9ef6e4,current,confirmed_exact_designator
sha256=107983dc72d381e6897a5a333556946adcc98daef82e954d52cec1fc402c3086|page=03|physical_row=0007|station_section=2:Aurangabad|printed_row=3,107983dc72d381e6897a5a333556946adcc98daef82e954d52cec1fc402c3086,3,7,2,Aurangabad,3,p03-r3-n0102,p03-r3-n0102-arrival,arrival,DEL,IXU,AI 1781,AIC,AI,1234567,2026-03-29,2026-10-24,15:50,raw_time_basis_unknown,ai-s26-de7bafe859dbf2,current,confirmed_exact_designator
sha256=107983dc72d381e6897a5a333556946adcc98daef82e954d52cec1fc402c3086|page=03|physical_row=0008|station_section=2:Aurangabad|printed_row=4,107983dc72d381e6897a5a333556946adcc98daef82e954d52cec1fc402c3086,3,8,2,Aurangabad,4,p03-r4-n0103,p03-r4-n0103-departure,departure,IXU,DEL,AI 1843,AIC,AI,1234567,2026-03-29,2026-10-24,16:30,raw_time_basis_unknown,ai-s26-9947f4f0389e3c,current,confirmed_exact_designator
sha256=107983dc72d381e6897a5a333556946adcc98daef82e954d52cec1fc402c3086|page=03|physical_row=0009|station_section=3:Bangalore|printed_row=1,107983dc72d381e6897a5a333556946adcc98daef82e954d52cec1fc402c3086,3,9,3,Bangalore,1,p03-r1-n0104,p03-r1-n0104-departure,departure,BLR,DEL,AI 2758,AIC,AI,7,2026-03-29,2026-03-29,00:15,raw_time_basis_unknown,ai-s26-0c76c5f65b89c6,expired,expired_not_compared_to_baseline
sha256=107983dc72d381e6897a5a333556946adcc98daef82e954d52cec1fc402c3086|page=03|physical_row=0010|station_section=3:Bangalore|printed_row=2,107983dc72d381e6897a5a333556946adcc98daef82e954d52cec1fc402c3086,3,10,3,Bangalore,2,p03-r2-n0105,p03-r2-n0105-departure,departure,BLR,DEL,AI 2758,AIC,AI,5,2026-06-04,2026-10-22,00:15,raw_time_basis_unknown,ai-s26-df2b2657d89309,current,confirmed_exact_designator
sha256=107983dc72d381e6897a5a333556946adcc98daef82e954d52cec1fc402c3086|page=03|physical_row=0011|station_section=3:Bangalore|printed_row=3,107983dc72d381e6897a5a333556946adcc98daef82e954d52cec1fc402c3086,3,11,3,Bangalore,3,p03-r3-n0106,p03-r3-n0106-departure,departure,BLR,DEL,AI 2758,AIC,AI,123467,2026-06-05,2026-10-23,00:15,raw_time_basis_unknown,ai-s26-f5160c5f40f1b0,current,confirmed_exact_designator
sha256=107983dc72d381e6897a5a333556946adcc98daef82e954d52cec1fc402c3086|page=03|physical_row=0012|station_section=3:Bangalore|printed_row=4,107983dc72d381e6897a5a333556946adcc98daef82e954d52cec1fc402c3086,3,12,3,Bangalore,4,p03-r4-n0107,p03-r4-n0107-departure,departure,BLR,DEL,AI 2758,AIC,AI,1234567,2026-03-29,2026-06-03,00:15,raw_time_basis_unknown,ai-s26-13c4bde1fe4aa3,expired,expired_not_compared_to_baseline
sha256=107983dc72d381e6897a5a333556946adcc98daef82e954d52cec1fc402c3086|page=03|physical_row=0013|station_section=3:Bangalore|printed_row=5,107983dc72d381e6897a5a333556946adcc98daef82e954d52cec1fc402c3086,3,13,3,Bangalore,5,p03-r5-n0108,p03-r5-n0108-arrival,arrival,DEL,BLR,AI 2412,AIC,AI,1234567,2026-03-29,2026-10-24,00:25,raw_time_basis_unknown,ai-s26-b46bdd25597ccb,current,confirmed_exact_designator
sha256=107983dc72d381e6897a5a333556946adcc98daef82e954d52cec1fc402c3086|page=03|physical_row=0014|station_section=3:Bangalore|printed_row=6,107983dc72d381e6897a5a333556946adcc98daef82e954d52cec1fc402c3086,3,14,3,Bangalore,6,p03-r6-n0109,p03-r6-n0109-arrival,arrival,BOM,BLR,AI 2857,AIC,AI,7,2026-03-29,2026-03-29,01:35,raw_time_basis_unknown,ai-s26-4fbbfd1a6d3be1,expired,expired_not_compared_to_baseline
sha256=107983dc72d381e6897a5a333556946adcc98daef82e954d52cec1fc402c3086|page=03|physical_row=0015|station_section=3:Bangalore|printed_row=7,107983dc72d381e6897a5a333556946adcc98daef82e954d52cec1fc402c3086,3,15,3,Bangalore,7,p03-r7-n0110,p03-r7-n0110-arrival,arrival,BOM,BLR,AI 2857,AIC,AI,5,2026-06-05,2026-10-23,01:35,raw_time_basis_unknown,ai-s26-2f659d790a8a7a,current,confirmed_exact_designator
sha256=107983dc72d381e6897a5a333556946adcc98daef82e954d52cec1fc402c3086|page=03|physical_row=0016|station_section=3:Bangalore|printed_row=8,107983dc72d381e6897a5a333556946adcc98daef82e954d52cec1fc402c3086,3,16,3,Bangalore,8,p03-r8-n0111,p03-r8-n0111-arrival,arrival,BOM,BLR,AI 2857,AIC,AI,123467,2026-06-06,2026-10-24,01:35,raw_time_basis_unknown,ai-s26-4fd9179d771004,current,confirmed_exact_designator
sha256=107983dc72d381e6897a5a333556946adcc98daef82e954d52cec1fc402c3086|page=03|physical_row=0017|station_section=3:Bangalore|printed_row=9,107983dc72d381e6897a5a333556946adcc98daef82e954d52cec1fc402c3086,3,17,3,Bangalore,9,p03-r9-n0112,p03-r9-n0112-arrival,arrival,BOM,BLR,AI 2857,AIC,AI,1234567,2026-03-30,2026-06-04,01:35,raw_time_basis_unknown,ai-s26-c9996ce7ab9f59,expired,expired_not_compared_to_baseline
sha256=107983dc72d381e6897a5a333556946adcc98daef82e954d52cec1fc402c3086|page=03|physical_row=0018|station_section=3:Bangalore|printed_row=10,107983dc72d381e6897a5a333556946adcc98daef82e954d52cec1fc402c3086,3,18,3,Bangalore,10,p03-r10-n0113,p03-r10-n0113-departure,departure,BLR,BOM,AI 2858,AIC,AI,7,2026-03-29,2026-03-29,02:00,raw_time_basis_unknown,ai-s26-26f32aa902511c,expired,expired_not_compared_to_baseline
sha256=107983dc72d381e6897a5a333556946adcc98daef82e954d52cec1fc402c3086|page=03|physical_row=0019|station_section=3:Bangalore|printed_row=11,107983dc72d381e6897a5a333556946adcc98daef82e954d52cec1fc402c3086,3,19,3,Bangalore,11,p03-r11-n0114,p03-r11-n0114-departure,departure,BLR,BOM,AI 2858,AIC,AI,5,2026-06-04,2026-10-22,02:00,raw_time_basis_unknown,ai-s26-4ad9fa0752f8ae,current,confirmed_exact_designator
sha256=107983dc72d381e6897a5a333556946adcc98daef82e954d52cec1fc402c3086|page=03|physical_row=0020|station_section=3:Bangalore|printed_row=12,107983dc72d381e6897a5a333556946adcc98daef82e954d52cec1fc402c3086,3,20,3,Bangalore,12,p03-r12-n0115,p03-r12-n0115-departure,departure,BLR,BOM,AI 2858,AIC,AI,123467,2026-06-05,2026-10-23,02:00,raw_time_basis_unknown,ai-s26-e7d34e19a82803,current,confirmed_exact_designator
sha256=107983dc72d381e6897a5a333556946adcc98daef82e954d52cec1fc402c3086|page=03|physical_row=0021|station_section=3:Bangalore|printed_row=13,107983dc72d381e6897a5a333556946adcc98daef82e954d52cec1fc402c3086,3,21,3,Bangalore,13,p03-r13-n0116,p03-r13-n0116-departure,departure,BLR,BOM,AI 2858,AIC,AI,1234567,2026-03-29,2026-06-03,02:00,raw_time_basis_unknown,ai-s26-fa9ec901c7e29c,expired,expired_not_compared_to_baseline
sha256=107983dc72d381e6897a5a333556946adcc98daef82e954d52cec1fc402c3086|page=03|physical_row=0022|station_section=3:Bangalore|printed_row=14,107983dc72d381e6897a5a333556946adcc98daef82e954d52cec1fc402c3086,3,22,3,Bangalore,14,p03-r14-n0117,p03-r14-n0117-arrival,arrival,DEL,BLR,AI 2757,AIC,AI,1234567,2026-03-29,2026-10-24,03:10,raw_time_basis_unknown,ai-s26-07b8df238600df,current,confirmed_exact_designator
sha256=107983dc72d381e6897a5a333556946adcc98daef82e954d52cec1fc402c3086|page=03|physical_row=0023|station_section=3:Bangalore|printed_row=15,107983dc72d381e6897a5a333556946adcc98daef82e954d52cec1fc402c3086,3,23,3,Bangalore,15,p03-r15-n0118,p03-r15-n0118-arrival,arrival,BOM,BLR,AI 2812,AIC,AI,7,2026-03-29,2026-03-29,04:10,raw_time_basis_unknown,ai-s26-c117de2ed8d5a4,expired,expired_not_compared_to_baseline
sha256=107983dc72d381e6897a5a333556946adcc98daef82e954d52cec1fc402c3086|page=03|physical_row=0024|station_section=3:Bangalore|printed_row=16,107983dc72d381e6897a5a333556946adcc98daef82e954d52cec1fc402c3086,3,24,3,Bangalore,16,p03-r16-n0119,p03-r16-n0119-arrival,arrival,BOM,BLR,AI 2812,AIC,AI,1234567,2026-03-30,2026-10-24,04:10,raw_time_basis_unknown,ai-s26-ae7bb739778ac5,current,confirmed_exact_designator
sha256=107983dc72d381e6897a5a333556946adcc98daef82e954d52cec1fc402c3086|page=03|physical_row=0025|station_section=3:Bangalore|printed_row=17,107983dc72d381e6897a5a333556946adcc98daef82e954d52cec1fc402c3086,3,25,3,Bangalore,17,p03-r17-n0120,p03-r17-n0120-departure,departure,BLR,DEL,AI 2414,AIC,AI,1234567,2026-03-29,2026-10-24,05:30,raw_time_basis_unknown,ai-s26-3bc4836708bdad,current,confirmed_exact_designator
sha256=107983dc72d381e6897a5a333556946adcc98daef82e954d52cec1fc402c3086|page=03|physical_row=0026|station_section=3:Bangalore|printed_row=18,107983dc72d381e6897a5a333556946adcc98daef82e954d52cec1fc402c3086,3,26,3,Bangalore,18,p03-r18-n0121,p03-r18-n0121-departure,departure,BLR,DEL,AI 2810,AIC,AI,1234567,2026-03-29,2026-10-24,06:00,raw_time_basis_unknown,ai-s26-a3afe59f6a2b4e,current,confirmed_exact_designator
sha256=107983dc72d381e6897a5a333556946adcc98daef82e954d52cec1fc402c3086|page=03|physical_row=0027|station_section=3:Bangalore|printed_row=19,107983dc72d381e6897a5a333556946adcc98daef82e954d52cec1fc402c3086,3,27,3,Bangalore,19,p03-r19-n0122,p03-r19-n0122-departure,departure,BLR,BOM,AI 2402,AIC,AI,7,2026-03-29,2026-03-29,06:35,raw_time_basis_unknown,ai-s26-28cc3ca76dc757,expired,expired_not_compared_to_baseline
sha256=107983dc72d381e6897a5a333556946adcc98daef82e954d52cec1fc402c3086|page=03|physical_row=0028|station_section=3:Bangalore|printed_row=20,107983dc72d381e6897a5a333556946adcc98daef82e954d52cec1fc402c3086,3,28,3,Bangalore,20,p03-r20-n0123,p03-r20-n0123-departure,departure,BLR,BOM,AI 2402,AIC,AI,5,2026-06-04,2026-10-22,06:35,raw_time_basis_unknown,ai-s26-fcf65fc6e59872,current,confirmed_exact_designator
sha256=107983dc72d381e6897a5a333556946adcc98daef82e954d52cec1fc402c3086|page=03|physical_row=0029|station_section=3:Bangalore|printed_row=21,107983dc72d381e6897a5a333556946adcc98daef82e954d52cec1fc402c3086,3,29,3,Bangalore,21,p03-r21-n0124,p03-r21-n0124-departure,departure,BLR,BOM,AI 2402,AIC,AI,123467,2026-06-06,2026-10-24,06:35,raw_time_basis_unknown,ai-s26-7ddc4ab12aec1e,current,confirmed_exact_designator
sha256=107983dc72d381e6897a5a333556946adcc98daef82e954d52cec1fc402c3086|page=03|physical_row=0030|station_section=3:Bangalore|printed_row=22,107983dc72d381e6897a5a333556946adcc98daef82e954d52cec1fc402c3086,3,30,3,Bangalore,22,p03-r22-n0125,p03-r22-n0125-departure,departure,BLR,BOM,AI 2402,AIC,AI,1234567,2026-03-30,2026-06-04,06:35,raw_time_basis_unknown,ai-s26-4174b1edd6c362,expired,expired_not_compared_to_baseline
sha256=107983dc72d381e6897a5a333556946adcc98daef82e954d52cec1fc402c3086|page=03|physical_row=0031|station_section=3:Bangalore|printed_row=23,107983dc72d381e6897a5a333556946adcc98daef82e954d52cec1fc402c3086,3,31,3,Bangalore,23,p03-r23-n0126,p03-r23-n0126-departure,departure,BLR,DEL,AI 2654,AIC,AI,7,2026-03-29,2026-03-29,07:00,raw_time_basis_unknown,ai-s26-6b81babb03c69c,expired,expired_not_compared_to_baseline
sha256=107983dc72d381e6897a5a333556946adcc98daef82e954d52cec1fc402c3086|page=03|physical_row=0032|station_section=3:Bangalore|printed_row=24,107983dc72d381e6897a5a333556946adcc98daef82e954d52cec1fc402c3086,3,32,3,Bangalore,24,p03-r24-n0127,p03-r24-n0127-departure,departure,BLR,DEL,AI 2654,AIC,AI,1234567,2026-03-30,2026-10-24,07:00,raw_time_basis_unknown,ai-s26-adf782ed5c656d,current,confirmed_exact_designator
sha256=107983dc72d381e6897a5a333556946adcc98daef82e954d52cec1fc402c3086|page=03|physical_row=0033|station_section=3:Bangalore|printed_row=25,107983dc72d381e6897a5a333556946adcc98daef82e954d52cec1fc402c3086,3,33,3,Bangalore,25,p03-r25-n0128,p03-r25-n0128-arrival,arrival,DEL,BLR,AI 2653,AIC,AI,1234567,2026-03-29,2026-10-24,07:20,raw_time_basis_unknown,ai-s26-abdc158a21b16d,current,confirmed_exact_designator
sha256=107983dc72d381e6897a5a333556946adcc98daef82e954d52cec1fc402c3086|page=03|physical_row=0034|station_section=3:Bangalore|printed_row=26,107983dc72d381e6897a5a333556946adcc98daef82e954d52cec1fc402c3086,3,34,3,Bangalore,26,p03-r26-n0129,p03-r26-n0129-arrival,arrival,BOM,BLR,AI 2845,AIC,AI,1234567,2026-03-29,2026-10-24,07:35,raw_time_basis_unknown,ai-s26-c1ef590aebad41,current,confirmed_exact_designator
sha256=107983dc72d381e6897a5a333556946adcc98daef82e954d52cec1fc402c3086|page=03|physical_row=0035|station_section=3:Bangalore|printed_row=27,107983dc72d381e6897a5a333556946adcc98daef82e954d52cec1fc402c3086,3,35,3,Bangalore,27,p03-r27-n0130,p03-r27-n0130-departure,departure,BLR,DEL,AI 2808,AIC,AI,1234567,2026-03-29,2026-10-24,08:00,raw_time_basis_unknown,ai-s26-10fc1aea504412,current,confirmed_exact_designator
sha256=107983dc72d381e6897a5a333556946adcc98daef82e954d52cec1fc402c3086|page=03|physical_row=0036|station_section=3:Bangalore|printed_row=28,107983dc72d381e6897a5a333556946adcc98daef82e954d52cec1fc402c3086,3,36,3,Bangalore,28,p03-r28-n0131,p03-r28-n0131-departure,departure,BLR,BOM,AI 2846,AIC,AI,1234567,2026-03-29,2026-10-24,08:20,raw_time_basis_unknown,ai-s26-6011a8b69ddb92,current,confirmed_exact_designator
sha256=107983dc72d381e6897a5a333556946adcc98daef82e954d52cec1fc402c3086|page=03|physical_row=0037|station_section=3:Bangalore|printed_row=29,107983dc72d381e6897a5a333556946adcc98daef82e954d52cec1fc402c3086,3,37,3,Bangalore,29,p03-r29-n0132,p03-r29-n0132-arrival,arrival,BOM,BLR,AI 2603,AIC,AI,1234567,2026-03-29,2026-10-24,08:35,raw_time_basis_unknown,ai-s26-a6168ffc078456,current,confirmed_exact_designator
sha256=107983dc72d381e6897a5a333556946adcc98daef82e954d52cec1fc402c3086|page=03|physical_row=0038|station_section=3:Bangalore|printed_row=30,107983dc72d381e6897a5a333556946adcc98daef82e954d52cec1fc402c3086,3,38,3,Bangalore,30,p03-r30-n0133,p03-r30-n0133-arrival,arrival,DEL,BLR,AI 2409,AIC,AI,1234567,2026-03-29,2026-10-24,08:55,raw_time_basis_unknown,ai-s26-05ace062684467,current,confirmed_exact_designator
sha256=107983dc72d381e6897a5a333556946adcc98daef82e954d52cec1fc402c3086|page=03|physical_row=0039|station_section=3:Bangalore|printed_row=31,107983dc72d381e6897a5a333556946adcc98daef82e954d52cec1fc402c3086,3,39,3,Bangalore,31,p03-r31-n0134,p03-r31-n0134-departure,departure,BLR,DEL,AI 2868,AIC,AI,7,2026-03-29,2026-03-29,09:00,raw_time_basis_unknown,ai-s26-f3ffd2243d821d,expired,expired_not_compared_to_baseline
sha256=107983dc72d381e6897a5a333556946adcc98daef82e954d52cec1fc402c3086|page=03|physical_row=0040|station_section=3:Bangalore|printed_row=32,107983dc72d381e6897a5a333556946adcc98daef82e954d52cec1fc402c3086,3,40,3,Bangalore,32,p03-r32-n0135,p03-r32-n0135-departure,departure,BLR,DEL,AI 2868,AIC,AI,5,2026-06-05,2026-10-23,09:00,raw_time_basis_unknown,ai-s26-b8ad02188aea92,current,confirmed_exact_designator
sha256=107983dc72d381e6897a5a333556946adcc98daef82e954d52cec1fc402c3086|page=03|physical_row=0041|station_section=3:Bangalore|printed_row=33,107983dc72d381e6897a5a333556946adcc98daef82e954d52cec1fc402c3086,3,41,3,Bangalore,33,p03-r33-n0136,p03-r33-n0136-departure,departure,BLR,DEL,AI 2868,AIC,AI,4,2026-06-04,2026-06-04,09:00,raw_time_basis_unknown,ai-s26-9796fca48a0a27,expired,expired_not_compared_to_baseline
sha256=107983dc72d381e6897a5a333556946adcc98daef82e954d52cec1fc402c3086|page=03|physical_row=0042|station_section=3:Bangalore|printed_row=34,107983dc72d381e6897a5a333556946adcc98daef82e954d52cec1fc402c3086,3,42,3,Bangalore,34,p03-r34-n0137,p03-r34-n0137-departure,departure,BLR,DEL,AI 2868,AIC,AI,123467,2026-06-05,2026-10-23,09:00,raw_time_basis_unknown,ai-s26-281f9b12c0c473,current,confirmed_exact_designator
sha256=107983dc72d381e6897a5a333556946adcc98daef82e954d52cec1fc402c3086|page=03|physical_row=0043|station_section=3:Bangalore|printed_row=35,107983dc72d381e6897a5a333556946adcc98daef82e954d52cec1fc402c3086,3,43,3,Bangalore,35,p03-r35-n0138,p03-r35-n0138-departure,departure,BLR,DEL,AI 2868,AIC,AI,1234567,2026-03-29,2026-06-02,09:00,raw_time_basis_unknown,ai-s26-15b742be8944fd,expired,expired_not_compared_to_baseline
sha256=107983dc72d381e6897a5a333556946adcc98daef82e954d52cec1fc402c3086|page=03|physical_row=0044|station_section=3:Bangalore|printed_row=36,107983dc72d381e6897a5a333556946adcc98daef82e954d52cec1fc402c3086,3,44,3,Bangalore,36,p03-r36-n0139,p03-r36-n0139-departure,departure,BLR,BOM,AI 2604,AIC,AI,1234567,2026-03-29,2026-10-24,09:15,raw_time_basis_unknown,ai-s26-a34d27876ddc93,current,confirmed_exact_designator
sha256=107983dc72d381e6897a5a333556946adcc98daef82e954d52cec1fc402c3086|page=03|physical_row=0045|station_section=3:Bangalore|printed_row=37,107983dc72d381e6897a5a333556946adcc98daef82e954d52cec1fc402c3086,3,45,3,Bangalore,37,p03-r37-n0140,p03-r37-n0140-arrival,arrival,DEL,BLR,AI 2803,AIC,AI,1234567,2026-03-29,2026-10-24,09:25,raw_time_basis_unknown,ai-s26-f68108b378143b,current,confirmed_exact_designator
sha256=107983dc72d381e6897a5a333556946adcc98daef82e954d52cec1fc402c3086|page=03|physical_row=0046|station_section=3:Bangalore|printed_row=38,107983dc72d381e6897a5a333556946adcc98daef82e954d52cec1fc402c3086,3,46,3,Bangalore,38,p03-r38-n0141,p03-r38-n0141-arrival,arrival,DEL,BLR,AI 2815,AIC,AI,1234567,2026-03-29,2026-10-24,09:55,raw_time_basis_unknown,ai-s26-2c1af5825d3467,current,confirmed_exact_designator
sha256=107983dc72d381e6897a5a333556946adcc98daef82e954d52cec1fc402c3086|page=03|physical_row=0047|station_section=3:Bangalore|printed_row=39,107983dc72d381e6897a5a333556946adcc98daef82e954d52cec1fc402c3086,3,47,3,Bangalore,39,p03-r39-n0142,p03-r39-n0142-departure,departure,BLR,DEL,AI 2804,AIC,AI,1234567,2026-03-29,2026-10-24,10:00,raw_time_basis_unknown,ai-s26-3e329694f48d63,current,confirmed_exact_designator
sha256=107983dc72d381e6897a5a333556946adcc98daef82e954d52cec1fc402c3086|page=03|physical_row=0048|station_section=3:Bangalore|printed_row=40,107983dc72d381e6897a5a333556946adcc98daef82e954d52cec1fc402c3086,3,48,3,Bangalore,40,p03-r40-n0143,p03-r40-n0143-arrival,arrival,BOM,BLR,AI 2851,AIC,AI,1234567,2026-03-29,2026-10-24,10:05,raw_time_basis_unknown,ai-s26-d5b362581aca66,current,confirmed_exact_designator
sha256=107983dc72d381e6897a5a333556946adcc98daef82e954d52cec1fc402c3086|page=03|physical_row=0049|station_section=3:Bangalore|printed_row=41,107983dc72d381e6897a5a333556946adcc98daef82e954d52cec1fc402c3086,3,49,3,Bangalore,41,p03-r41-n0144,p03-r41-n0144-departure,departure,BLR,BOM,AI 2852,AIC,AI,1234567,2026-03-29,2026-10-24,10:30,raw_time_basis_unknown,ai-s26-928a3f3d67c40c,current,confirmed_exact_designator
sha256=107983dc72d381e6897a5a333556946adcc98daef82e954d52cec1fc402c3086|page=03|physical_row=0050|station_section=3:Bangalore|printed_row=42,107983dc72d381e6897a5a333556946adcc98daef82e954d52cec1fc402c3086,3,50,3,Bangalore,42,p03-r42-n0145,p03-r42-n0145-arrival,arrival,DEL,BLR,AI 2651,AIC,AI,234,2026-03-31,2026-10-22,10:55,raw_time_basis_unknown,ai-s26-877b5a55b025b8,current,confirmed_exact_designator
sha256=107983dc72d381e6897a5a333556946adcc98daef82e954d52cec1fc402c3086|page=03|physical_row=0051|station_section=3:Bangalore|printed_row=43,107983dc72d381e6897a5a333556946adcc98daef82e954d52cec1fc402c3086,3,51,3,Bangalore,43,p03-r43-n0146,p03-r43-n0146-arrival,arrival,DEL,BLR,AI 2651,AIC,AI,1,2026-03-30,2026-10-19,10:55,raw_time_basis_unknown,ai-s26-936d4b70622e63,current,confirmed_exact_designator
sha256=107983dc72d381e6897a5a333556946adcc98daef82e954d52cec1fc402c3086|page=03|physical_row=0052|station_section=3:Bangalore|printed_row=44,107983dc72d381e6897a5a333556946adcc98daef82e954d52cec1fc402c3086,3,52,3,Bangalore,44,p03-r44-n0147,p03-r44-n0147-departure,departure,BLR,DEL,AI 2406,AIC,AI,1234567,2026-03-29,2026-10-24,11:00,raw_time_basis_unknown,ai-s26-723f84bddf476d,current,confirmed_exact_designator
sha256=107983dc72d381e6897a5a333556946adcc98daef82e954d52cec1fc402c3086|page=03|physical_row=0053|station_section=3:Bangalore|printed_row=45,107983dc72d381e6897a5a333556946adcc98daef82e954d52cec1fc402c3086,3,53,3,Bangalore,45,p03-r45-n0148,p03-r45-n0148-arrival,arrival,DEL,BLR,AI 427,AIC,AI,1346,2026-08-01,2026-10-24,11:20,raw_time_basis_unknown,ai-s26-3e72775d991825,current,confirmed_exact_designator
sha256=107983dc72d381e6897a5a333556946adcc98daef82e954d52cec1fc402c3086|page=03|physical_row=0054|station_section=3:Bangalore|printed_row=46,107983dc72d381e6897a5a333556946adcc98daef82e954d52cec1fc402c3086,3,54,3,Bangalore,46,p03-r46-n0149,p03-r46-n0149-arrival,arrival,DEL,BLR,AI 427,AIC,AI,13456,2026-03-30,2026-07-31,11:20,raw_time_basis_unknown,ai-s26-63d39c40c1084b,expired,expired_not_compared_to_baseline
sha256=107983dc72d381e6897a5a333556946adcc98daef82e954d52cec1fc402c3086|page=03|physical_row=0055|station_section=3:Bangalore|printed_row=47,107983dc72d381e6897a5a333556946adcc98daef82e954d52cec1fc402c3086,3,55,3,Bangalore,47,p03-r47-n0150,p03-r47-n0150-departure,departure,BLR,BOM,AI 2630,AIC,AI,1234567,2026-03-29,2026-10-24,12:05,raw_time_basis_unknown,ai-s26-113f16605b6844,current,confirmed_exact_designator
sha256=107983dc72d381e6897a5a333556946adcc98daef82e954d52cec1fc402c3086|page=03|physical_row=0056|station_section=3:Bangalore|printed_row=48,107983dc72d381e6897a5a333556946adcc98daef82e954d52cec1fc402c3086,3,56,3,Bangalore,48,p03-r48-n0151,p03-r48-n0151-arrival,arrival,BOM,BLR,AI 2863,AIC,AI,1234567,2026-03-29,2026-10-24,12:05,raw_time_basis_unknown,ai-s26-2eac2eae6b3ac6,current,confirmed_exact_designator
sha256=107983dc72d381e6897a5a333556946adcc98daef82e954d52cec1fc402c3086|page=04|physical_row=0001|station_section=1:Bangalore|printed_row=49,107983dc72d381e6897a5a333556946adcc98daef82e954d52cec1fc402c3086,4,1,1,Bangalore,49,p04-r49-n0152,p04-r49-n0152-arrival,arrival,DEL,BLR,AI 2415,AIC,AI,1234567,2026-03-29,2026-10-24,12:25,raw_time_basis_unknown,ai-s26-2c0ef0a0198c5e,current,confirmed_exact_designator
sha256=107983dc72d381e6897a5a333556946adcc98daef82e954d52cec1fc402c3086|page=04|physical_row=0002|station_section=1:Bangalore|printed_row=50,107983dc72d381e6897a5a333556946adcc98daef82e954d52cec1fc402c3086,4,2,1,Bangalore,50,p04-r50-n0153,p04-r50-n0153-departure,departure,BLR,DEL,AI 2652,AIC,AI,234,2026-03-31,2026-10-22,12:30,raw_time_basis_unknown,ai-s26-6779fbc8ec294b,current,confirmed_exact_designator
sha256=107983dc72d381e6897a5a333556946adcc98daef82e954d52cec1fc402c3086|page=04|physical_row=0003|station_section=1:Bangalore|printed_row=51,107983dc72d381e6897a5a333556946adcc98daef82e954d52cec1fc402c3086,4,3,1,Bangalore,51,p04-r51-n0154,p04-r51-n0154-departure,departure,BLR,DEL,AI 2652,AIC,AI,1,2026-03-30,2026-10-19,12:30,raw_time_basis_unknown,ai-s26-1a8e62ba71338f,current,confirmed_exact_designator
sha256=107983dc72d381e6897a5a333556946adcc98daef82e954d52cec1fc402c3086|page=04|physical_row=0004|station_section=1:Bangalore|printed_row=52,107983dc72d381e6897a5a333556946adcc98daef82e954d52cec1fc402c3086,4,4,1,Bangalore,52,p04-r52-n0155,p04-r52-n0155-arrival,arrival,DEL,BLR,AI 2485,AIC,AI,1234567,2026-03-29,2026-10-24,13:20,raw_time_basis_unknown,ai-s26-dabf72c2636d05,current,confirmed_exact_designator
sha256=107983dc72d381e6897a5a333556946adcc98daef82e954d52cec1fc402c3086|page=04|physical_row=0005|station_section=1:Bangalore|printed_row=53,107983dc72d381e6897a5a333556946adcc98daef82e954d52cec1fc402c3086,4,5,1,Bangalore,53,p04-r53-n0156,p04-r53-n0156-departure,departure,BLR,DEL,AI 2486,AIC,AI,1234567,2026-03-29,2026-10-24,14:00,raw_time_basis_unknown,ai-s26-1a5d9ff74774eb,current,confirmed_exact_designator
sha256=107983dc72d381e6897a5a333556946adcc98daef82e954d52cec1fc402c3086|page=04|physical_row=0006|station_section=1:Bangalore|printed_row=54,107983dc72d381e6897a5a333556946adcc98daef82e954d52cec1fc402c3086,4,6,1,Bangalore,54,p04-r54-n0157,p04-r54-n0157-arrival,arrival,BOM,BLR,AI 2632,AIC,AI,1234567,2026-03-29,2026-10-24,14:05,raw_time_basis_unknown,ai-s26-433708bbf506c2,current,confirmed_exact_designator
sha256=107983dc72d381e6897a5a333556946adcc98daef82e954d52cec1fc402c3086|page=04|physical_row=0007|station_section=1:Bangalore|printed_row=55,107983dc72d381e6897a5a333556946adcc98daef82e954d52cec1fc402c3086,4,7,1,Bangalore,55,p04-r55-n0158,p04-r55-n0158-departure,departure,BLR,DEL,AI 428,AIC,AI,6,2026-04-04,2026-08-01,14:30,raw_time_basis_unknown,ai-s26-5a9d3d08ac8851,expired,expired_not_compared_to_baseline
sha256=107983dc72d381e6897a5a333556946adcc98daef82e954d52cec1fc402c3086|page=04|physical_row=0008|station_section=1:Bangalore|printed_row=56,107983dc72d381e6897a5a333556946adcc98daef82e954d52cec1fc402c3086,4,8,1,Bangalore,56,p04-r56-n0159,p04-r56-n0159-departure,departure,BLR,DEL,AI 428,AIC,AI,6,2026-08-08,2026-10-24,14:30,raw_time_basis_unknown,ai-s26-77d12a39644d8e,current,confirmed_exact_designator
sha256=107983dc72d381e6897a5a333556946adcc98daef82e954d52cec1fc402c3086|page=04|physical_row=0009|station_section=1:Bangalore|printed_row=57,107983dc72d381e6897a5a333556946adcc98daef82e954d52cec1fc402c3086,4,9,1,Bangalore,57,p04-r57-n0160,p04-r57-n0160-departure,departure,BLR,DEL,AI 428,AIC,AI,134,2026-08-03,2026-10-22,14:30,raw_time_basis_unknown,ai-s26-5fdaaddffd222e,current,confirmed_exact_designator
sha256=107983dc72d381e6897a5a333556946adcc98daef82e954d52cec1fc402c3086|page=04|physical_row=0010|station_section=1:Bangalore|printed_row=58,107983dc72d381e6897a5a333556946adcc98daef82e954d52cec1fc402c3086,4,10,1,Bangalore,58,p04-r58-n0161,p04-r58-n0161-departure,departure,BLR,DEL,AI 428,AIC,AI,1345,2026-03-30,2026-07-31,14:30,raw_time_basis_unknown,ai-s26-ab5f51461b4003,expired,expired_not_compared_to_baseline
sha256=107983dc72d381e6897a5a333556946adcc98daef82e954d52cec1fc402c3086|page=04|physical_row=0011|station_section=1:Bangalore|printed_row=59,107983dc72d381e6897a5a333556946adcc98daef82e954d52cec1fc402c3086,4,11,1,Bangalore,59,p04-r59-n0162,p04-r59-n0162-departure,departure,BLR,DEL,AI 2511,AIC,AI,1234567,2026-03-29,2026-10-24,15:00,raw_time_basis_unknown,ai-s26-cbd01a506f753b,current,confirmed_exact_designator
sha256=107983dc72d381e6897a5a333556946adcc98daef82e954d52cec1fc402c3086|page=04|physical_row=0012|station_section=1:Bangalore|printed_row=60,107983dc72d381e6897a5a333556946adcc98daef82e954d52cec1fc402c3086,4,12,1,Bangalore,60,p04-r60-n0163,p04-r60-n0163-arrival,arrival,DEL,BLR,AI 2417,AIC,AI,1234567,2026-03-29,2026-10-24,15:55,raw_time_basis_unknown,ai-s26-54ce04302011ed,current,confirmed_exact_designator
sha256=107983dc72d381e6897a5a333556946adcc98daef82e954d52cec1fc402c3086|page=04|physical_row=0013|station_section=1:Bangalore|printed_row=61,107983dc72d381e6897a5a333556946adcc98daef82e954d52cec1fc402c3086,4,13,1,Bangalore,61,p04-r61-n0164,p04-r61-n0164-departure,departure,BLR,DEL,AI 2418,AIC,AI,1234567,2026-03-29,2026-10-24,16:30,raw_time_basis_unknown,ai-s26-d5b456debbd66e,current,confirmed_exact_designator
sha256=107983dc72d381e6897a5a333556946adcc98daef82e954d52cec1fc402c3086|page=04|physical_row=0014|station_section=1:Bangalore|printed_row=62,107983dc72d381e6897a5a333556946adcc98daef82e954d52cec1fc402c3086,4,14,1,Bangalore,62,p04-r62-n0165,p04-r62-n0165-arrival,arrival,BOM,BLR,AI 2853,AIC,AI,1234567,2026-03-29,2026-10-24,17:35,raw_time_basis_unknown,ai-s26-51f4f355c6efc7,current,confirmed_exact_designator
sha256=107983dc72d381e6897a5a333556946adcc98daef82e954d52cec1fc402c3086|page=04|physical_row=0015|station_section=1:Bangalore|printed_row=63,107983dc72d381e6897a5a333556946adcc98daef82e954d52cec1fc402c3086,4,15,1,Bangalore,63,p04-r63-n0166,p04-r63-n0166-arrival,arrival,DEL,BLR,AI 2819,AIC,AI,1234567,2026-03-29,2026-10-24,17:55,raw_time_basis_unknown,ai-s26-9737d6cfa43bd8,current,confirmed_exact_designator
sha256=107983dc72d381e6897a5a333556946adcc98daef82e954d52cec1fc402c3086|page=04|physical_row=0016|station_section=1:Bangalore|printed_row=64,107983dc72d381e6897a5a333556946adcc98daef82e954d52cec1fc402c3086,4,16,1,Bangalore,64,p04-r64-n0167,p04-r64-n0167-departure,departure,BLR,DEL,AI 2820,AIC,AI,1234567,2026-03-29,2026-10-24,18:00,raw_time_basis_unknown,ai-s26-0b73a60c6c301a,current,confirmed_exact_designator
sha256=107983dc72d381e6897a5a333556946adcc98daef82e954d52cec1fc402c3086|page=04|physical_row=0017|station_section=1:Bangalore|printed_row=65,107983dc72d381e6897a5a333556946adcc98daef82e954d52cec1fc402c3086,4,17,1,Bangalore,65,p04-r65-n0168,p04-r65-n0168-departure,departure,BLR,BOM,AI 2854,AIC,AI,1234567,2026-03-29,2026-10-24,18:05,raw_time_basis_unknown,ai-s26-a506ccef9162d9,current,confirmed_exact_designator
sha256=107983dc72d381e6897a5a333556946adcc98daef82e954d52cec1fc402c3086|page=04|physical_row=0018|station_section=1:Bangalore|printed_row=66,107983dc72d381e6897a5a333556946adcc98daef82e954d52cec1fc402c3086,4,18,1,Bangalore,66,p04-r66-n0169,p04-r66-n0169-arrival,arrival,DEL,BLR,AI 2664,AIC,AI,2,2026-03-31,2026-03-31,18:10,raw_time_basis_unknown,ai-s26-d160b93bf42c30,expired,expired_not_compared_to_baseline
sha256=107983dc72d381e6897a5a333556946adcc98daef82e954d52cec1fc402c3086|page=04|physical_row=0019|station_section=1:Bangalore|printed_row=67,107983dc72d381e6897a5a333556946adcc98daef82e954d52cec1fc402c3086,4,19,1,Bangalore,67,p04-r67-n0170,p04-r67-n0170-arrival,arrival,DEL,BLR,AI 2664,AIC,AI,1234567,2026-04-02,2026-10-24,18:10,raw_time_basis_unknown,ai-s26-156497fd77bedb,current,confirmed_exact_designator
sha256=107983dc72d381e6897a5a333556946adcc98daef82e954d52cec1fc402c3086|page=04|physical_row=0020|station_section=1:Bangalore|printed_row=68,107983dc72d381e6897a5a333556946adcc98daef82e954d52cec1fc402c3086,4,20,1,Bangalore,68,p04-r68-n0171,p04-r68-n0171-arrival,arrival,DEL,BLR,AI 2664,AIC,AI,137,2026-03-29,2026-04-01,18:20,raw_time_basis_unknown,ai-s26-9cafb6be8d901b,expired,expired_not_compared_to_baseline
sha256=107983dc72d381e6897a5a333556946adcc98daef82e954d52cec1fc402c3086|page=04|physical_row=0021|station_section=1:Bangalore|printed_row=69,107983dc72d381e6897a5a333556946adcc98daef82e954d52cec1fc402c3086,4,21,1,Bangalore,69,p04-r69-n0172,p04-r69-n0172-departure,departure,BLR,BOM,AI 2610,AIC,AI,1234567,2026-03-29,2026-10-24,19:00,raw_time_basis_unknown,ai-s26-f0694c5bd66215,current,confirmed_exact_designator
sha256=107983dc72d381e6897a5a333556946adcc98daef82e954d52cec1fc402c3086|page=04|physical_row=0022|station_section=1:Bangalore|printed_row=70,107983dc72d381e6897a5a333556946adcc98daef82e954d52cec1fc402c3086,4,22,1,Bangalore,70,p04-r70-n0173,p04-r70-n0173-departure,departure,BLR,DEL,AI 2802,AIC,AI,1234567,2026-03-29,2026-10-24,19:00,raw_time_basis_unknown,ai-s26-7c9bec706f6e83,current,confirmed_exact_designator
sha256=107983dc72d381e6897a5a333556946adcc98daef82e954d52cec1fc402c3086|page=04|physical_row=0023|station_section=1:Bangalore|printed_row=71,107983dc72d381e6897a5a333556946adcc98daef82e954d52cec1fc402c3086,4,23,1,Bangalore,71,p04-r71-n0174,p04-r71-n0174-arrival,arrival,DEL,BLR,AI 2817,AIC,AI,1234567,2026-03-29,2026-10-24,19:15,raw_time_basis_unknown,ai-s26-bdeb9db0b79af1,current,confirmed_exact_designator
sha256=107983dc72d381e6897a5a333556946adcc98daef82e954d52cec1fc402c3086|page=04|physical_row=0024|station_section=1:Bangalore|printed_row=72,107983dc72d381e6897a5a333556946adcc98daef82e954d52cec1fc402c3086,4,24,1,Bangalore,72,p04-r72-n0175,p04-r72-n0175-departure,departure,BLR,DEL,AI 2665,AIC,AI,137,2026-03-29,2026-04-01,19:20,raw_time_basis_unknown,ai-s26-a795650ecefd09,expired,expired_not_compared_to_baseline
sha256=107983dc72d381e6897a5a333556946adcc98daef82e954d52cec1fc402c3086|page=04|physical_row=0025|station_section=1:Bangalore|printed_row=73,107983dc72d381e6897a5a333556946adcc98daef82e954d52cec1fc402c3086,4,25,1,Bangalore,73,p04-r73-n0176,p04-r73-n0176-arrival,arrival,BOM,BLR,AI 2849,AIC,AI,1234567,2026-03-29,2026-10-24,19:35,raw_time_basis_unknown,ai-s26-281f1dbd6ec8fd,current,confirmed_exact_designator
sha256=107983dc72d381e6897a5a333556946adcc98daef82e954d52cec1fc402c3086|page=04|physical_row=0026|station_section=1:Bangalore|printed_row=74,107983dc72d381e6897a5a333556946adcc98daef82e954d52cec1fc402c3086,4,26,1,Bangalore,74,p04-r74-n0177,p04-r74-n0177-departure,departure,BLR,DEL,AI 2665,AIC,AI,2,2026-03-31,2026-03-31,19:40,raw_time_basis_unknown,ai-s26-86ca3a44b38606,expired,expired_not_compared_to_baseline
sha256=107983dc72d381e6897a5a333556946adcc98daef82e954d52cec1fc402c3086|page=04|physical_row=0027|station_section=1:Bangalore|printed_row=75,107983dc72d381e6897a5a333556946adcc98daef82e954d52cec1fc402c3086,4,27,1,Bangalore,75,p04-r75-n0178,p04-r75-n0178-departure,departure,BLR,DEL,AI 2665,AIC,AI,1234567,2026-04-02,2026-10-24,19:40,raw_time_basis_unknown,ai-s26-82978d98a45eaa,current,confirmed_exact_designator
sha256=107983dc72d381e6897a5a333556946adcc98daef82e954d52cec1fc402c3086|page=04|physical_row=0028|station_section=1:Bangalore|printed_row=76,107983dc72d381e6897a5a333556946adcc98daef82e954d52cec1fc402c3086,4,28,1,Bangalore,76,p04-r76-n0179,p04-r76-n0179-arrival,arrival,DEL,BLR,AI 2600,AIC,AI,1234567,2026-03-29,2026-10-24,19:55,raw_time_basis_unknown,ai-s26-258eb7b247b01f,current,confirmed_exact_designator
sha256=107983dc72d381e6897a5a333556946adcc98daef82e954d52cec1fc402c3086|page=04|physical_row=0029|station_section=1:Bangalore|printed_row=77,107983dc72d381e6897a5a333556946adcc98daef82e954d52cec1fc402c3086,4,29,1,Bangalore,77,p04-r77-n0180,p04-r77-n0180-departure,departure,BLR,DEL,AI 2818,AIC,AI,1234567,2026-03-29,2026-10-24,20:00,raw_time_basis_unknown,ai-s26-9da46b582e1119,current,confirmed_exact_designator
sha256=107983dc72d381e6897a5a333556946adcc98daef82e954d52cec1fc402c3086|page=04|physical_row=0030|station_section=1:Bangalore|printed_row=78,107983dc72d381e6897a5a333556946adcc98daef82e954d52cec1fc402c3086,4,30,1,Bangalore,78,p04-r78-n0181,p04-r78-n0181-departure,departure,BLR,BOM,AI 2850,AIC,AI,1234567,2026-03-29,2026-10-24,20:30,raw_time_basis_unknown,ai-s26-52d25ff16e9e8d,current,confirmed_exact_designator
sha256=107983dc72d381e6897a5a333556946adcc98daef82e954d52cec1fc402c3086|page=04|physical_row=0031|station_section=1:Bangalore|printed_row=79,107983dc72d381e6897a5a333556946adcc98daef82e954d52cec1fc402c3086,4,31,1,Bangalore,79,p04-r79-n0182,p04-r79-n0182-arrival,arrival,BOM,BLR,AI 2641,AIC,AI,1234567,2026-03-29,2026-10-24,20:35,raw_time_basis_unknown,ai-s26-c3bcc5648665db,current,confirmed_exact_designator
sha256=107983dc72d381e6897a5a333556946adcc98daef82e954d52cec1fc402c3086|page=04|physical_row=0032|station_section=1:Bangalore|printed_row=80,107983dc72d381e6897a5a333556946adcc98daef82e954d52cec1fc402c3086,4,32,1,Bangalore,80,p04-r80-n0183,p04-r80-n0183-arrival,arrival,DEL,BLR,AI 2813,AIC,AI,1234567,2026-03-29,2026-10-24,20:55,raw_time_basis_unknown,ai-s26-0cd79f3d885ed6,current,confirmed_exact_designator
sha256=107983dc72d381e6897a5a333556946adcc98daef82e954d52cec1fc402c3086|page=04|physical_row=0033|station_section=1:Bangalore|printed_row=81,107983dc72d381e6897a5a333556946adcc98daef82e954d52cec1fc402c3086,4,33,1,Bangalore,81,p04-r81-n0184,p04-r81-n0184-departure,departure,BLR,DEL,AI 2661,AIC,AI,1234567,2026-03-29,2026-10-24,21:00,raw_time_basis_unknown,ai-s26-b12e3244f3e776,current,confirmed_exact_designator
sha256=107983dc72d381e6897a5a333556946adcc98daef82e954d52cec1fc402c3086|page=04|physical_row=0034|station_section=1:Bangalore|printed_row=82,107983dc72d381e6897a5a333556946adcc98daef82e954d52cec1fc402c3086,4,34,1,Bangalore,82,p04-r82-n0185,p04-r82-n0185-arrival,arrival,DEL,BLR,AI 2487,AIC,AI,1234567,2026-03-29,2026-10-24,21:25,raw_time_basis_unknown,ai-s26-42cde66efa7f39,current,confirmed_exact_designator
sha256=107983dc72d381e6897a5a333556946adcc98daef82e954d52cec1fc402c3086|page=04|physical_row=0035|station_section=1:Bangalore|printed_row=83,107983dc72d381e6897a5a333556946adcc98daef82e954d52cec1fc402c3086,4,35,1,Bangalore,83,p04-r83-n0186,p04-r83-n0186-departure,departure,BLR,BOM,AI 2642,AIC,AI,1234567,2026-03-29,2026-10-24,21:30,raw_time_basis_unknown,ai-s26-b554984a40efcd,current,confirmed_exact_designator
sha256=107983dc72d381e6897a5a333556946adcc98daef82e954d52cec1fc402c3086|page=04|physical_row=0036|station_section=1:Bangalore|printed_row=84,107983dc72d381e6897a5a333556946adcc98daef82e954d52cec1fc402c3086,4,36,1,Bangalore,84,p04-r84-n0187,p04-r84-n0187-arrival,arrival,BOM,BLR,AI 2865,AIC,AI,1234567,2026-03-29,2026-10-24,21:50,raw_time_basis_unknown,ai-s26-4948b5076f861e,current,confirmed_exact_designator
sha256=107983dc72d381e6897a5a333556946adcc98daef82e954d52cec1fc402c3086|page=04|physical_row=0037|station_section=1:Bangalore|printed_row=85,107983dc72d381e6897a5a333556946adcc98daef82e954d52cec1fc402c3086,4,37,1,Bangalore,85,p04-r85-n0188,p04-r85-n0188-arrival,arrival,DEL,BLR,AI 2512,AIC,AI,1234567,2026-03-29,2026-10-24,21:55,raw_time_basis_unknown,ai-s26-b39998fe17b009,current,confirmed_exact_designator
sha256=107983dc72d381e6897a5a333556946adcc98daef82e954d52cec1fc402c3086|page=04|physical_row=0038|station_section=1:Bangalore|printed_row=86,107983dc72d381e6897a5a333556946adcc98daef82e954d52cec1fc402c3086,4,38,1,Bangalore,86,p04-r86-n0189,p04-r86-n0189-departure,departure,BLR,DEL,AI 2814,AIC,AI,1234567,2026-03-29,2026-10-24,22:00,raw_time_basis_unknown,ai-s26-2971e27666c72d,current,confirmed_exact_designator
sha256=107983dc72d381e6897a5a333556946adcc98daef82e954d52cec1fc402c3086|page=04|physical_row=0039|station_section=1:Bangalore|printed_row=87,107983dc72d381e6897a5a333556946adcc98daef82e954d52cec1fc402c3086,4,39,1,Bangalore,87,p04-r87-n0190,p04-r87-n0190-arrival,arrival,DEL,BLR,AI 2809,AIC,AI,6,2026-10-24,2026-10-24,22:20,raw_time_basis_unknown,ai-s26-3179865a2d05bf,future,confirmed_exact_designator
sha256=107983dc72d381e6897a5a333556946adcc98daef82e954d52cec1fc402c3086|page=04|physical_row=0040|station_section=1:Bangalore|printed_row=88,107983dc72d381e6897a5a333556946adcc98daef82e954d52cec1fc402c3086,4,40,1,Bangalore,88,p04-r88-n0191,p04-r88-n0191-arrival,arrival,DEL,BLR,AI 2809,AIC,AI,4,2026-06-04,2026-10-22,22:20,raw_time_basis_unknown,ai-s26-7ac2b4a38080cd,current,confirmed_exact_designator
sha256=107983dc72d381e6897a5a333556946adcc98daef82e954d52cec1fc402c3086|page=04|physical_row=0041|station_section=1:Bangalore|printed_row=89,107983dc72d381e6897a5a333556946adcc98daef82e954d52cec1fc402c3086,4,41,1,Bangalore,89,p04-r89-n0192,p04-r89-n0192-arrival,arrival,DEL,BLR,AI 2809,AIC,AI,3,2026-06-03,2026-06-03,22:20,raw_time_basis_unknown,ai-s26-4f0e8096918036,expired,expired_not_compared_to_baseline
sha256=107983dc72d381e6897a5a333556946adcc98daef82e954d52cec1fc402c3086|page=04|physical_row=0042|station_section=1:Bangalore|printed_row=90,107983dc72d381e6897a5a333556946adcc98daef82e954d52cec1fc402c3086,4,42,1,Bangalore,90,p04-r90-n0193,p04-r90-n0193-arrival,arrival,DEL,BLR,AI 2809,AIC,AI,123567,2026-06-05,2026-10-23,22:20,raw_time_basis_unknown,ai-s26-b7a1ffbb86252f,current,confirmed_exact_designator
sha256=107983dc72d381e6897a5a333556946adcc98daef82e954d52cec1fc402c3086|page=04|physical_row=0043|station_section=1:Bangalore|printed_row=91,107983dc72d381e6897a5a333556946adcc98daef82e954d52cec1fc402c3086,4,43,1,Bangalore,91,p04-r91-n0194,p04-r91-n0194-arrival,arrival,DEL,BLR,AI 2809,AIC,AI,1234567,2026-03-29,2026-06-02,22:20,raw_time_basis_unknown,ai-s26-0f12b9df19f5c1,expired,expired_not_compared_to_baseline
sha256=107983dc72d381e6897a5a333556946adcc98daef82e954d52cec1fc402c3086|page=04|physical_row=0044|station_section=1:Bangalore|printed_row=92,107983dc72d381e6897a5a333556946adcc98daef82e954d52cec1fc402c3086,4,44,1,Bangalore,92,p04-r92-n0195,p04-r92-n0195-departure,departure,BLR,DEL,AI 2488,AIC,AI,1234567,2026-03-29,2026-10-24,22:30,raw_time_basis_unknown,ai-s26-3657b7fe02a180,current,confirmed_exact_designator
sha256=107983dc72d381e6897a5a333556946adcc98daef82e954d52cec1fc402c3086|page=04|physical_row=0045|station_section=1:Bangalore|printed_row=93,107983dc72d381e6897a5a333556946adcc98daef82e954d52cec1fc402c3086,4,45,1,Bangalore,93,p04-r93-n0196,p04-r93-n0196-departure,departure,BLR,BOM,AI 2840,AIC,AI,1234567,2026-03-29,2026-10-24,22:30,raw_time_basis_unknown,ai-s26-264b4344a7e608,current,confirmed_exact_designator
sha256=107983dc72d381e6897a5a333556946adcc98daef82e954d52cec1fc402c3086|page=04|physical_row=0046|station_section=1:Bangalore|printed_row=94,107983dc72d381e6897a5a333556946adcc98daef82e954d52cec1fc402c3086,4,46,1,Bangalore,94,p04-r94-n0197,p04-r94-n0197-arrival,arrival,BOM,BLR,AI 2401,AIC,AI,6,2026-10-24,2026-10-24,22:45,raw_time_basis_unknown,ai-s26-81e08c3855b2e0,future,confirmed_exact_designator
sha256=107983dc72d381e6897a5a333556946adcc98daef82e954d52cec1fc402c3086|page=04|physical_row=0047|station_section=1:Bangalore|printed_row=95,107983dc72d381e6897a5a333556946adcc98daef82e954d52cec1fc402c3086,4,47,1,Bangalore,95,p04-r95-n0198,p04-r95-n0198-arrival,arrival,BOM,BLR,AI 2401,AIC,AI,4,2026-06-04,2026-10-22,22:45,raw_time_basis_unknown,ai-s26-87f598e6fcb274,current,confirmed_exact_designator
sha256=107983dc72d381e6897a5a333556946adcc98daef82e954d52cec1fc402c3086|page=04|physical_row=0048|station_section=1:Bangalore|printed_row=96,107983dc72d381e6897a5a333556946adcc98daef82e954d52cec1fc402c3086,4,48,1,Bangalore,96,p04-r96-n0199,p04-r96-n0199-arrival,arrival,BOM,BLR,AI 2401,AIC,AI,123567,2026-06-05,2026-10-23,22:45,raw_time_basis_unknown,ai-s26-53d38a23502898,current,confirmed_exact_designator
sha256=107983dc72d381e6897a5a333556946adcc98daef82e954d52cec1fc402c3086|page=04|physical_row=0049|station_section=1:Bangalore|printed_row=97,107983dc72d381e6897a5a333556946adcc98daef82e954d52cec1fc402c3086,4,49,1,Bangalore,97,p04-r97-n0200,p04-r97-n0200-arrival,arrival,BOM,BLR,AI 2401,AIC,AI,1234567,2026-03-29,2026-06-03,22:45,raw_time_basis_unknown,ai-s26-9788b09bfe3323,expired,expired_not_compared_to_baseline
sha256=107983dc72d381e6897a5a333556946adcc98daef82e954d52cec1fc402c3086|page=04|physical_row=0050|station_section=1:Bangalore|printed_row=98,107983dc72d381e6897a5a333556946adcc98daef82e954d52cec1fc402c3086,4,50,1,Bangalore,98,p04-r98-n0201,p04-r98-n0201-arrival,arrival,DEL,BLR,AI 2807,AIC,AI,6,2026-10-24,2026-10-24,22:55,raw_time_basis_unknown,ai-s26-66f1374dcd2479,future,confirmed_exact_designator
sha256=107983dc72d381e6897a5a333556946adcc98daef82e954d52cec1fc402c3086|page=04|physical_row=0051|station_section=1:Bangalore|printed_row=99,107983dc72d381e6897a5a333556946adcc98daef82e954d52cec1fc402c3086,4,51,1,Bangalore,99,p04-r99-n0202,p04-r99-n0202-arrival,arrival,DEL,BLR,AI 2807,AIC,AI,4,2026-06-04,2026-10-22,22:55,raw_time_basis_unknown,ai-s26-b85c41522d99d6,current,confirmed_exact_designator
sha256=107983dc72d381e6897a5a333556946adcc98daef82e954d52cec1fc402c3086|page=04|physical_row=0052|station_section=1:Bangalore|printed_row=100,107983dc72d381e6897a5a333556946adcc98daef82e954d52cec1fc402c3086,4,52,1,Bangalore,100,p04-r100-n0203,p04-r100-n0203-arrival,arrival,DEL,BLR,AI 2807,AIC,AI,123567,2026-06-05,2026-10-23,22:55,raw_time_basis_unknown,ai-s26-8f8b5b82365b01,current,confirmed_exact_designator
sha256=107983dc72d381e6897a5a333556946adcc98daef82e954d52cec1fc402c3086|page=04|physical_row=0053|station_section=1:Bangalore|printed_row=101,107983dc72d381e6897a5a333556946adcc98daef82e954d52cec1fc402c3086,4,53,1,Bangalore,101,p04-r101-n0204,p04-r101-n0204-arrival,arrival,DEL,BLR,AI 2807,AIC,AI,1234567,2026-03-29,2026-06-03,22:55,raw_time_basis_unknown,ai-s26-8635c710fcee7e,expired,expired_not_compared_to_baseline
sha256=107983dc72d381e6897a5a333556946adcc98daef82e954d52cec1fc402c3086|page=04|physical_row=0054|station_section=1:Bangalore|printed_row=102,107983dc72d381e6897a5a333556946adcc98daef82e954d52cec1fc402c3086,4,54,1,Bangalore,102,p04-r102-n0205,p04-r102-n0205-departure,departure,BLR,BOM,AI 2811,AIC,AI,1234567,2026-03-29,2026-10-24,23:40,raw_time_basis_unknown,ai-s26-0f0a2abc481d36,current,confirmed_exact_designator
sha256=107983dc72d381e6897a5a333556946adcc98daef82e954d52cec1fc402c3086|page=04|physical_row=0055|station_section=2:Bhopal|printed_row=1,107983dc72d381e6897a5a333556946adcc98daef82e954d52cec1fc402c3086,4,55,2,Bhopal,1,p04-r1-n0206,p04-r1-n0206-arrival,arrival,DEL,BHO,AI 1705,AIC,AI,1234567,2026-03-29,2026-10-24,07:55,raw_time_basis_unknown,ai-s26-d0339bf61ed417,current,confirmed_exact_designator
sha256=107983dc72d381e6897a5a333556946adcc98daef82e954d52cec1fc402c3086|page=04|physical_row=0056|station_section=2:Bhopal|printed_row=2,107983dc72d381e6897a5a333556946adcc98daef82e954d52cec1fc402c3086,4,56,2,Bhopal,2,p04-r2-n0207,p04-r2-n0207-departure,departure,BHO,DEL,AI 1886,AIC,AI,1234567,2026-03-29,2026-10-24,08:25,raw_time_basis_unknown,ai-s26-b9b9ff06e805f2,current,confirmed_exact_designator
sha256=107983dc72d381e6897a5a333556946adcc98daef82e954d52cec1fc402c3086|page=04|physical_row=0057|station_section=2:Bhopal|printed_row=3,107983dc72d381e6897a5a333556946adcc98daef82e954d52cec1fc402c3086,4,57,2,Bhopal,3,p04-r3-n0208,p04-r3-n0208-arrival,arrival,DEL,BHO,AI 1723,AIC,AI,1234567,2026-03-29,2026-06-13,12:05,raw_time_basis_unknown,ai-s26-2b79044df0e8b9,expired,expired_not_compared_to_baseline
sha256=107983dc72d381e6897a5a333556946adcc98daef82e954d52cec1fc402c3086|page=05|physical_row=0001|station_section=1:Bhopal|printed_row=4,107983dc72d381e6897a5a333556946adcc98daef82e954d52cec1fc402c3086,5,1,1,Bhopal,4,p05-r4-n0209,p05-r4-n0209-arrival,arrival,DEL,BHO,AI 1723,AIC,AI,1234567,2026-06-14,2026-09-14,12:05,raw_time_basis_unknown,ai-s26-b67cec2f3e5e7d,expired,expired_not_compared_to_baseline
sha256=107983dc72d381e6897a5a333556946adcc98daef82e954d52cec1fc402c3086|page=05|physical_row=0002|station_section=1:Bhopal|printed_row=5,107983dc72d381e6897a5a333556946adcc98daef82e954d52cec1fc402c3086,5,2,1,Bhopal,5,p05-r5-n0210,p05-r5-n0210-arrival,arrival,DEL,BHO,AI 1723,AIC,AI,1234567,2026-09-15,2026-10-24,12:05,raw_time_basis_unknown,ai-s26-967b24b1634ff1,current,confirmed_exact_designator
sha256=107983dc72d381e6897a5a333556946adcc98daef82e954d52cec1fc402c3086|page=05|physical_row=0003|station_section=1:Bhopal|printed_row=6,107983dc72d381e6897a5a333556946adcc98daef82e954d52cec1fc402c3086,5,3,1,Bhopal,6,p05-r6-n0211,p05-r6-n0211-departure,departure,BHO,DEL,AI 1894,AIC,AI,1234567,2026-03-29,2026-06-13,12:35,raw_time_basis_unknown,ai-s26-d72ec02f5e936c,expired,expired_not_compared_to_baseline
sha256=107983dc72d381e6897a5a333556946adcc98daef82e954d52cec1fc402c3086|page=05|physical_row=0004|station_section=1:Bhopal|printed_row=7,107983dc72d381e6897a5a333556946adcc98daef82e954d52cec1fc402c3086,5,4,1,Bhopal,7,p05-r7-n0212,p05-r7-n0212-departure,departure,BHO,DEL,AI 1894,AIC,AI,1234567,2026-06-14,2026-09-14,12:35,raw_time_basis_unknown,ai-s26-a3f96828c2e2de,expired,expired_not_compared_to_baseline
sha256=107983dc72d381e6897a5a333556946adcc98daef82e954d52cec1fc402c3086|page=05|physical_row=0005|station_section=1:Bhopal|printed_row=8,107983dc72d381e6897a5a333556946adcc98daef82e954d52cec1fc402c3086,5,5,1,Bhopal,8,p05-r8-n0213,p05-r8-n0213-departure,departure,BHO,DEL,AI 1894,AIC,AI,1234567,2026-09-15,2026-10-24,12:35,raw_time_basis_unknown,ai-s26-ca0988490cfc86,current,confirmed_exact_designator
sha256=107983dc72d381e6897a5a333556946adcc98daef82e954d52cec1fc402c3086|page=05|physical_row=0006|station_section=1:Bhopal|printed_row=9,107983dc72d381e6897a5a333556946adcc98daef82e954d52cec1fc402c3086,5,6,1,Bhopal,9,p05-r9-n0214,p05-r9-n0214-arrival,arrival,BOM,BHO,AI 633,AIC,AI,1234567,2026-03-29,2026-10-24,13:00,raw_time_basis_unknown,ai-s26-19dea3800aeb4d,current,confirmed_exact_designator
sha256=107983dc72d381e6897a5a333556946adcc98daef82e954d52cec1fc402c3086|page=05|physical_row=0007|station_section=1:Bhopal|printed_row=10,107983dc72d381e6897a5a333556946adcc98daef82e954d52cec1fc402c3086,5,7,1,Bhopal,10,p05-r10-n0215,p05-r10-n0215-departure,departure,BHO,BOM,AI 634,AIC,AI,1234567,2026-03-29,2026-10-24,13:40,raw_time_basis_unknown,ai-s26-604f325e49024c,current,confirmed_exact_designator
sha256=107983dc72d381e6897a5a333556946adcc98daef82e954d52cec1fc402c3086|page=05|physical_row=0008|station_section=1:Bhopal|printed_row=11,107983dc72d381e6897a5a333556946adcc98daef82e954d52cec1fc402c3086,5,8,1,Bhopal,11,p05-r11-n0216,p05-r11-n0216-arrival,arrival,DEL,BHO,AI 2759,AIC,AI,246,2026-06-02,2026-06-27,19:00,raw_time_basis_unknown,ai-s26-d8a323c099c221,expired,expired_not_compared_to_baseline
sha256=107983dc72d381e6897a5a333556946adcc98daef82e954d52cec1fc402c3086|page=05|physical_row=0009|station_section=1:Bhopal|printed_row=12,107983dc72d381e6897a5a333556946adcc98daef82e954d52cec1fc402c3086,5,9,1,Bhopal,12,p05-r12-n0217,p05-r12-n0217-arrival,arrival,DEL,BHO,AI 2759,AIC,AI,1357,2026-05-31,2026-06-29,19:00,raw_time_basis_unknown,ai-s26-70eeff4e14e58f,expired,expired_not_compared_to_baseline
sha256=107983dc72d381e6897a5a333556946adcc98daef82e954d52cec1fc402c3086|page=05|physical_row=0010|station_section=1:Bhopal|printed_row=13,107983dc72d381e6897a5a333556946adcc98daef82e954d52cec1fc402c3086,5,10,1,Bhopal,13,p05-r13-n0218,p05-r13-n0218-arrival,arrival,DEL,BHO,AI 2759,AIC,AI,1234567,2026-03-29,2026-05-30,19:00,raw_time_basis_unknown,ai-s26-a3545ece2aacdf,expired,expired_not_compared_to_baseline
sha256=107983dc72d381e6897a5a333556946adcc98daef82e954d52cec1fc402c3086|page=05|physical_row=0011|station_section=1:Bhopal|printed_row=14,107983dc72d381e6897a5a333556946adcc98daef82e954d52cec1fc402c3086,5,11,1,Bhopal,14,p05-r14-n0219,p05-r14-n0219-arrival,arrival,DEL,BHO,AI 2759,AIC,AI,1234567,2026-06-30,2026-10-24,19:00,raw_time_basis_unknown,ai-s26-e343138e30409e,current,confirmed_exact_designator
sha256=107983dc72d381e6897a5a333556946adcc98daef82e954d52cec1fc402c3086|page=05|physical_row=0012|station_section=1:Bhopal|printed_row=15,107983dc72d381e6897a5a333556946adcc98daef82e954d52cec1fc402c3086,5,12,1,Bhopal,15,p05-r15-n0220,p05-r15-n0220-departure,departure,BHO,DEL,AI 2760,AIC,AI,246,2026-06-02,2026-06-27,19:50,raw_time_basis_unknown,ai-s26-324eaea1044a3b,expired,expired_not_compared_to_baseline
sha256=107983dc72d381e6897a5a333556946adcc98daef82e954d52cec1fc402c3086|page=05|physical_row=0013|station_section=1:Bhopal|printed_row=16,107983dc72d381e6897a5a333556946adcc98daef82e954d52cec1fc402c3086,5,13,1,Bhopal,16,p05-r16-n0221,p05-r16-n0221-departure,departure,BHO,DEL,AI 2760,AIC,AI,1357,2026-05-31,2026-06-29,19:50,raw_time_basis_unknown,ai-s26-1d2c8ea4bbdad2,expired,expired_not_compared_to_baseline
sha256=107983dc72d381e6897a5a333556946adcc98daef82e954d52cec1fc402c3086|page=05|physical_row=0014|station_section=1:Bhopal|printed_row=17,107983dc72d381e6897a5a333556946adcc98daef82e954d52cec1fc402c3086,5,14,1,Bhopal,17,p05-r17-n0222,p05-r17-n0222-departure,departure,BHO,DEL,AI 2760,AIC,AI,1234567,2026-03-29,2026-05-30,19:50,raw_time_basis_unknown,ai-s26-c5bb7c734ce3a4,expired,expired_not_compared_to_baseline
sha256=107983dc72d381e6897a5a333556946adcc98daef82e954d52cec1fc402c3086|page=05|physical_row=0015|station_section=1:Bhopal|printed_row=18,107983dc72d381e6897a5a333556946adcc98daef82e954d52cec1fc402c3086,5,15,1,Bhopal,18,p05-r18-n0223,p05-r18-n0223-departure,departure,BHO,DEL,AI 2760,AIC,AI,1234567,2026-06-30,2026-10-24,19:50,raw_time_basis_unknown,ai-s26-2b8c0e1a0d4ed4,current,confirmed_exact_designator
sha256=107983dc72d381e6897a5a333556946adcc98daef82e954d52cec1fc402c3086|page=05|physical_row=0016|station_section=2:Bhubneshwar|printed_row=1,107983dc72d381e6897a5a333556946adcc98daef82e954d52cec1fc402c3086,5,16,2,Bhubneshwar,1,p05-r1-n0224,p05-r1-n0224-arrival,arrival,DEL,BBI,AI 1747,AIC,AI,1234567,2026-03-29,2026-10-24,09:05,raw_time_basis_unknown,ai-s26-3ca4630d8baa71,current,confirmed_exact_designator
sha256=107983dc72d381e6897a5a333556946adcc98daef82e954d52cec1fc402c3086|page=05|physical_row=0017|station_section=2:Bhubneshwar|printed_row=2,107983dc72d381e6897a5a333556946adcc98daef82e954d52cec1fc402c3086,5,17,2,Bhubneshwar,2,p05-r2-n0225,p05-r2-n0225-departure,departure,BBI,DEL,AI 1814,AIC,AI,1234567,2026-03-29,2026-10-24,09:40,raw_time_basis_unknown,ai-s26-368f373f8d2311,current,confirmed_exact_designator
sha256=107983dc72d381e6897a5a333556946adcc98daef82e954d52cec1fc402c3086|page=05|physical_row=0018|station_section=2:Bhubneshwar|printed_row=3,107983dc72d381e6897a5a333556946adcc98daef82e954d52cec1fc402c3086,5,18,2,Bhubneshwar,3,p05-r3-n0226,p05-r3-n0226-arrival,arrival,DEL,BBI,AI 1795,AIC,AI,1234567,2026-03-29,2026-10-24,12:50,raw_time_basis_unknown,ai-s26-1d3f8d9c0cfcfc,current,confirmed_exact_designator
sha256=107983dc72d381e6897a5a333556946adcc98daef82e954d52cec1fc402c3086|page=05|physical_row=0019|station_section=2:Bhubneshwar|printed_row=4,107983dc72d381e6897a5a333556946adcc98daef82e954d52cec1fc402c3086,5,19,2,Bhubneshwar,4,p05-r4-n0227,p05-r4-n0227-departure,departure,BBI,DEL,AI 1898,AIC,AI,1234567,2026-03-29,2026-10-24,13:20,raw_time_basis_unknown,ai-s26-101fc6f2555f00,current,confirmed_exact_designator
sha256=107983dc72d381e6897a5a333556946adcc98daef82e954d52cec1fc402c3086|page=05|physical_row=0020|station_section=2:Bhubneshwar|printed_row=5,107983dc72d381e6897a5a333556946adcc98daef82e954d52cec1fc402c3086,5,20,2,Bhubneshwar,5,p05-r5-n0228,p05-r5-n0228-arrival,arrival,DEL,BBI,AI 1744,AIC,AI,1234567,2026-03-29,2026-10-24,20:45,raw_time_basis_unknown,ai-s26-00523e0a868998,current,confirmed_exact_designator
sha256=107983dc72d381e6897a5a333556946adcc98daef82e954d52cec1fc402c3086|page=05|physical_row=0021|station_section=2:Bhubneshwar|printed_row=6,107983dc72d381e6897a5a333556946adcc98daef82e954d52cec1fc402c3086,5,21,2,Bhubneshwar,6,p05-r6-n0229,p05-r6-n0229-departure,departure,BBI,DEL,AI 1847,AIC,AI,1234567,2026-03-29,2026-10-24,21:20,raw_time_basis_unknown,ai-s26-8418be748950b4,current,confirmed_exact_designator
sha256=107983dc72d381e6897a5a333556946adcc98daef82e954d52cec1fc402c3086|page=05|physical_row=0022|station_section=3:Bhuj|printed_row=1,107983dc72d381e6897a5a333556946adcc98daef82e954d52cec1fc402c3086,5,22,3,Bhuj,1,p05-r1-n0230,p05-r1-n0230-arrival,arrival,BOM,BHJ,AI 601,AIC,AI,1234567,2026-03-29,2026-10-24,07:45,raw_time_basis_unknown,ai-s26-d148f215054f50,current,confirmed_exact_designator
sha256=107983dc72d381e6897a5a333556946adcc98daef82e954d52cec1fc402c3086|page=05|physical_row=0023|station_section=3:Bhuj|printed_row=2,107983dc72d381e6897a5a333556946adcc98daef82e954d52cec1fc402c3086,5,23,3,Bhuj,2,p05-r2-n0231,p05-r2-n0231-departure,departure,BHJ,BOM,AI 602,AIC,AI,1234567,2026-03-29,2026-10-24,08:25,raw_time_basis_unknown,ai-s26-4dfd36dbadbf8a,current,confirmed_exact_designator
sha256=107983dc72d381e6897a5a333556946adcc98daef82e954d52cec1fc402c3086|page=05|physical_row=0024|station_section=3:Bhuj|printed_row=3,107983dc72d381e6897a5a333556946adcc98daef82e954d52cec1fc402c3086,5,24,3,Bhuj,3,p05-r3-n0232,p05-r3-n0232-arrival,arrival,BOM,BHJ,AI 2753,AIC,AI,123457,2026-03-29,2026-10-23,15:15,raw_time_basis_unknown,ai-s26-c8c0504ec6c6d7,current,confirmed_exact_designator
sha256=107983dc72d381e6897a5a333556946adcc98daef82e954d52cec1fc402c3086|page=05|physical_row=0025|station_section=3:Bhuj|printed_row=4,107983dc72d381e6897a5a333556946adcc98daef82e954d52cec1fc402c3086,5,25,3,Bhuj,4,p05-r4-n0233,p05-r4-n0233-departure,departure,BHJ,BOM,AI 2754,AIC,AI,123457,2026-03-29,2026-10-23,16:00,raw_time_basis_unknown,ai-s26-091cbecdd85961,current,confirmed_exact_designator
sha256=107983dc72d381e6897a5a333556946adcc98daef82e954d52cec1fc402c3086|page=05|physical_row=0026|station_section=3:Bhuj|printed_row=5,107983dc72d381e6897a5a333556946adcc98daef82e954d52cec1fc402c3086,5,26,3,Bhuj,5,p05-r5-n0234,p05-r5-n0234-arrival,arrival,DEL,BHJ,AI 1709,AIC,AI,1234567,2026-03-29,2026-10-24,16:50,raw_time_basis_unknown,ai-s26-480f1641dd3402,current,confirmed_exact_designator
sha256=107983dc72d381e6897a5a333556946adcc98daef82e954d52cec1fc402c3086|page=05|physical_row=0027|station_section=3:Bhuj|printed_row=6,107983dc72d381e6897a5a333556946adcc98daef82e954d52cec1fc402c3086,5,27,3,Bhuj,6,p05-r6-n0235,p05-r6-n0235-departure,departure,BHJ,DEL,AI 1859,AIC,AI,1234567,2026-03-29,2026-10-24,17:30,raw_time_basis_unknown,ai-s26-319d7e18602bb8,current,confirmed_exact_designator
sha256=107983dc72d381e6897a5a333556946adcc98daef82e954d52cec1fc402c3086|page=05|physical_row=0028|station_section=4:Chandigarh|printed_row=1,107983dc72d381e6897a5a333556946adcc98daef82e954d52cec1fc402c3086,5,28,4,Chandigarh,1,p05-r1-n0236,p05-r1-n0236-arrival,arrival,DEL,IXC,AI 1743,AIC,AI,7,2026-03-29,2026-10-18,07:15,raw_time_basis_unknown,ai-s26-a2134ff5d719cb,current,confirmed_exact_designator
sha256=107983dc72d381e6897a5a333556946adcc98daef82e954d52cec1fc402c3086|page=05|physical_row=0029|station_section=4:Chandigarh|printed_row=2,107983dc72d381e6897a5a333556946adcc98daef82e954d52cec1fc402c3086,5,29,4,Chandigarh,2,p05-r2-n0237,p05-r2-n0237-arrival,arrival,BOM,IXC,AI 471,AIC,AI,7,2026-03-29,2026-10-18,07:35,raw_time_basis_unknown,ai-s26-6d23b2a859cc3d,current,confirmed_exact_designator
sha256=107983dc72d381e6897a5a333556946adcc98daef82e954d52cec1fc402c3086|page=05|physical_row=0030|station_section=4:Chandigarh|printed_row=3,107983dc72d381e6897a5a333556946adcc98daef82e954d52cec1fc402c3086,5,30,4,Chandigarh,3,p05-r3-n0238,p05-r3-n0238-arrival,arrival,DEL,IXC,AI 1743,AIC,AI,123456,2026-03-30,2026-10-24,07:50,raw_time_basis_unknown,ai-s26-373ad1b9050fec,current,confirmed_exact_designator
sha256=107983dc72d381e6897a5a333556946adcc98daef82e954d52cec1fc402c3086|page=05|physical_row=0031|station_section=4:Chandigarh|printed_row=4,107983dc72d381e6897a5a333556946adcc98daef82e954d52cec1fc402c3086,5,31,4,Chandigarh,4,p05-r4-n0239,p05-r4-n0239-departure,departure,IXC,DEL,AI 1862,AIC,AI,7,2026-03-29,2026-10-18,07:50,raw_time_basis_unknown,ai-s26-db40750d506672,current,confirmed_exact_designator
sha256=107983dc72d381e6897a5a333556946adcc98daef82e954d52cec1fc402c3086|page=05|physical_row=0032|station_section=4:Chandigarh|printed_row=5,107983dc72d381e6897a5a333556946adcc98daef82e954d52cec1fc402c3086,5,32,4,Chandigarh,5,p05-r5-n0240,p05-r5-n0240-departure,departure,IXC,BOM,AI 472,AIC,AI,7,2026-03-29,2026-10-18,08:15,raw_time_basis_unknown,ai-s26-23a39ec90b06e9,current,confirmed_exact_designator
sha256=107983dc72d381e6897a5a333556946adcc98daef82e954d52cec1fc402c3086|page=05|physical_row=0033|station_section=4:Chandigarh|printed_row=6,107983dc72d381e6897a5a333556946adcc98daef82e954d52cec1fc402c3086,5,33,4,Chandigarh,6,p05-r6-n0241,p05-r6-n0241-arrival,arrival,BOM,IXC,AI 471,AIC,AI,123456,2026-03-30,2026-10-24,08:20,raw_time_basis_unknown,ai-s26-bca5da2843f376,current,confirmed_exact_designator
sha256=107983dc72d381e6897a5a333556946adcc98daef82e954d52cec1fc402c3086|page=05|physical_row=0034|station_section=4:Chandigarh|printed_row=7,107983dc72d381e6897a5a333556946adcc98daef82e954d52cec1fc402c3086,5,34,4,Chandigarh,7,p05-r7-n0242,p05-r7-n0242-departure,departure,IXC,DEL,AI 1862,AIC,AI,123456,2026-03-30,2026-10-24,08:30,raw_time_basis_unknown,ai-s26-d3d9c0cba7422e,current,confirmed_exact_designator
sha256=107983dc72d381e6897a5a333556946adcc98daef82e954d52cec1fc402c3086|page=05|physical_row=0035|station_section=4:Chandigarh|printed_row=8,107983dc72d381e6897a5a333556946adcc98daef82e954d52cec1fc402c3086,5,35,4,Chandigarh,8,p05-r8-n0243,p05-r8-n0243-departure,departure,IXC,BOM,AI 472,AIC,AI,123456,2026-03-30,2026-10-24,09:00,raw_time_basis_unknown,ai-s26-1351f0f1e6447f,current,confirmed_exact_designator
sha256=107983dc72d381e6897a5a333556946adcc98daef82e954d52cec1fc402c3086|page=05|physical_row=0036|station_section=4:Chandigarh|printed_row=9,107983dc72d381e6897a5a333556946adcc98daef82e954d52cec1fc402c3086,5,36,4,Chandigarh,9,p05-r9-n0244,p05-r9-n0244-arrival,arrival,IXL,IXC,AI 2427,AIC,AI,6,2026-10-24,2026-10-24,09:50,raw_time_basis_unknown,ai-s26-2d0b4aa047c979,future,confirmed_exact_designator
sha256=107983dc72d381e6897a5a333556946adcc98daef82e954d52cec1fc402c3086|page=05|physical_row=0037|station_section=4:Chandigarh|printed_row=10,107983dc72d381e6897a5a333556946adcc98daef82e954d52cec1fc402c3086,5,37,4,Chandigarh,10,p05-r10-n0245,p05-r10-n0245-arrival,arrival,IXL,IXC,AI 2427,AIC,AI,2,2026-03-31,2026-03-31,09:50,raw_time_basis_unknown,ai-s26-af81b5ad754edf,expired,expired_not_compared_to_baseline
sha256=107983dc72d381e6897a5a333556946adcc98daef82e954d52cec1fc402c3086|page=05|physical_row=0038|station_section=4:Chandigarh|printed_row=11,107983dc72d381e6897a5a333556946adcc98daef82e954d52cec1fc402c3086,5,38,4,Chandigarh,11,p05-r11-n0246,p05-r11-n0246-arrival,arrival,IXL,IXC,AI 2427,AIC,AI,26,2026-04-04,2026-10-20,10:00,raw_time_basis_unknown,ai-s26-6017f43d522fc2,current,confirmed_exact_designator
sha256=107983dc72d381e6897a5a333556946adcc98daef82e954d52cec1fc402c3086|page=05|physical_row=0039|station_section=4:Chandigarh|printed_row=12,107983dc72d381e6897a5a333556946adcc98daef82e954d52cec1fc402c3086,5,39,4,Chandigarh,12,p05-r12-n0247,p05-r12-n0247-departure,departure,IXC,IXL,AI 2448,AIC,AI,6,2026-10-24,2026-10-24,10:20,raw_time_basis_unknown,ai-s26-d3efe4d7ac74a1,future,confirmed_exact_designator
sha256=107983dc72d381e6897a5a333556946adcc98daef82e954d52cec1fc402c3086|page=05|physical_row=0040|station_section=4:Chandigarh|printed_row=13,107983dc72d381e6897a5a333556946adcc98daef82e954d52cec1fc402c3086,5,40,4,Chandigarh,13,p05-r13-n0248,p05-r13-n0248-departure,departure,IXC,IXL,AI 2448,AIC,AI,2,2026-03-31,2026-03-31,10:20,raw_time_basis_unknown,ai-s26-3723d412d7aad4,expired,expired_not_compared_to_baseline
sha256=107983dc72d381e6897a5a333556946adcc98daef82e954d52cec1fc402c3086|page=05|physical_row=0041|station_section=4:Chandigarh|printed_row=14,107983dc72d381e6897a5a333556946adcc98daef82e954d52cec1fc402c3086,5,41,4,Chandigarh,14,p05-r14-n0249,p05-r14-n0249-departure,departure,IXC,IXL,AI 2448,AIC,AI,26,2026-04-04,2026-10-20,10:35,raw_time_basis_unknown,ai-s26-4e0704eedb4624,current,confirmed_exact_designator
sha256=107983dc72d381e6897a5a333556946adcc98daef82e954d52cec1fc402c3086|page=05|physical_row=0042|station_section=4:Chandigarh|printed_row=15,107983dc72d381e6897a5a333556946adcc98daef82e954d52cec1fc402c3086,5,42,4,Chandigarh,15,p05-r15-n0250,p05-r15-n0250-arrival,arrival,DEL,IXC,AI 2532,AIC,AI,123456,2026-03-30,2026-10-24,12:20,raw_time_basis_unknown,ai-s26-2c847d7d13354a,current,confirmed_exact_designator
sha256=107983dc72d381e6897a5a333556946adcc98daef82e954d52cec1fc402c3086|page=05|physical_row=0043|station_section=4:Chandigarh|printed_row=16,107983dc72d381e6897a5a333556946adcc98daef82e954d52cec1fc402c3086,5,43,4,Chandigarh,16,p05-r16-n0251,p05-r16-n0251-departure,departure,IXC,DEL,AI 2533,AIC,AI,123456,2026-03-30,2026-10-24,13:50,raw_time_basis_unknown,ai-s26-6e539e74790a8a,current,confirmed_exact_designator
sha256=107983dc72d381e6897a5a333556946adcc98daef82e954d52cec1fc402c3086|page=05|physical_row=0044|station_section=4:Chandigarh|printed_row=17,107983dc72d381e6897a5a333556946adcc98daef82e954d52cec1fc402c3086,5,44,4,Chandigarh,17,p05-r17-n0252,p05-r17-n0252-arrival,arrival,DEL,IXC,AI 2706,AIC,AI,1234567,2026-03-29,2026-10-24,15:05,raw_time_basis_unknown,ai-s26-8f7f127603e977,current,confirmed_exact_designator
sha256=107983dc72d381e6897a5a333556946adcc98daef82e954d52cec1fc402c3086|page=05|physical_row=0045|station_section=4:Chandigarh|printed_row=18,107983dc72d381e6897a5a333556946adcc98daef82e954d52cec1fc402c3086,5,45,4,Chandigarh,18,p05-r18-n0253,p05-r18-n0253-departure,departure,IXC,DEL,AI 2403,AIC,AI,1234567,2026-03-29,2026-10-24,15:50,raw_time_basis_unknown,ai-s26-9617c2f77c2ac5,current,confirmed_exact_designator
sha256=107983dc72d381e6897a5a333556946adcc98daef82e954d52cec1fc402c3086|page=05|physical_row=0046|station_section=4:Chandigarh|printed_row=19,107983dc72d381e6897a5a333556946adcc98daef82e954d52cec1fc402c3086,5,46,4,Chandigarh,19,p05-r19-n0254,p05-r19-n0254-arrival,arrival,BOM,IXC,AI 2659,AIC,AI,1234567,2026-03-29,2026-10-24,17:15,raw_time_basis_unknown,ai-s26-6898d073cbb59f,current,confirmed_exact_designator
sha256=107983dc72d381e6897a5a333556946adcc98daef82e954d52cec1fc402c3086|page=05|physical_row=0047|station_section=4:Chandigarh|printed_row=20,107983dc72d381e6897a5a333556946adcc98daef82e954d52cec1fc402c3086,5,47,4,Chandigarh,20,p05-r20-n0255,p05-r20-n0255-departure,departure,IXC,BOM,AI 2660,AIC,AI,1234567,2026-03-29,2026-10-24,17:50,raw_time_basis_unknown,ai-s26-97c482dd056d10,current,confirmed_exact_designator
sha256=107983dc72d381e6897a5a333556946adcc98daef82e954d52cec1fc402c3086|page=05|physical_row=0048|station_section=4:Chandigarh|printed_row=21,107983dc72d381e6897a5a333556946adcc98daef82e954d52cec1fc402c3086,5,48,4,Chandigarh,21,p05-r21-n0256,p05-r21-n0256-arrival,arrival,DEL,IXC,AI 2601,AIC,AI,1234567,2026-03-29,2026-10-24,18:00,raw_time_basis_unknown,ai-s26-c3e081ba6af8fe,current,confirmed_exact_designator
sha256=107983dc72d381e6897a5a333556946adcc98daef82e954d52cec1fc402c3086|page=05|physical_row=0049|station_section=4:Chandigarh|printed_row=22,107983dc72d381e6897a5a333556946adcc98daef82e954d52cec1fc402c3086,5,49,4,Chandigarh,22,p05-r22-n0257,p05-r22-n0257-departure,departure,IXC,DEL,AI 2602,AIC,AI,1234567,2026-03-29,2026-10-24,18:45,raw_time_basis_unknown,ai-s26-a7853bc8bb9ab0,current,confirmed_exact_designator
sha256=107983dc72d381e6897a5a333556946adcc98daef82e954d52cec1fc402c3086|page=05|physical_row=0050|station_section=4:Chandigarh|printed_row=23,107983dc72d381e6897a5a333556946adcc98daef82e954d52cec1fc402c3086,5,50,4,Chandigarh,23,p05-r23-n0258,p05-r23-n0258-arrival,arrival,BOM,IXC,AI 2783,AIC,AI,1357,2026-03-29,2026-10-23,19:10,raw_time_basis_unknown,ai-s26-1595adf8f0bba0,current,confirmed_exact_designator
sha256=107983dc72d381e6897a5a333556946adcc98daef82e954d52cec1fc402c3086|page=05|physical_row=0051|station_section=4:Chandigarh|printed_row=24,107983dc72d381e6897a5a333556946adcc98daef82e954d52cec1fc402c3086,5,51,4,Chandigarh,24,p05-r24-n0259,p05-r24-n0259-departure,departure,IXC,BOM,AI 2784,AIC,AI,1357,2026-03-29,2026-10-23,19:40,raw_time_basis_unknown,ai-s26-dd5c7d985b1274,current,confirmed_exact_designator
sha256=107983dc72d381e6897a5a333556946adcc98daef82e954d52cec1fc402c3086|page=05|physical_row=0052|station_section=4:Chandigarh|printed_row=25,107983dc72d381e6897a5a333556946adcc98daef82e954d52cec1fc402c3086,5,52,4,Chandigarh,25,p05-r25-n0260,p05-r25-n0260-arrival,arrival,DEL,IXC,AI 1742,AIC,AI,1234567,2026-03-29,2026-10-24,20:55,raw_time_basis_unknown,ai-s26-586e89a0971f86,current,confirmed_exact_designator
sha256=107983dc72d381e6897a5a333556946adcc98daef82e954d52cec1fc402c3086|page=05|physical_row=0053|station_section=4:Chandigarh|printed_row=26,107983dc72d381e6897a5a333556946adcc98daef82e954d52cec1fc402c3086,5,53,4,Chandigarh,26,p05-r26-n0261,p05-r26-n0261-departure,departure,IXC,DEL,AI 1879,AIC,AI,1234567,2026-03-29,2026-10-24,22:00,raw_time_basis_unknown,ai-s26-492d6afd2f209e,current,confirmed_exact_designator
sha256=107983dc72d381e6897a5a333556946adcc98daef82e954d52cec1fc402c3086|page=05|physical_row=0054|station_section=5:Chennai|printed_row=1,107983dc72d381e6897a5a333556946adcc98daef82e954d52cec1fc402c3086,5,54,5,Chennai,1,p05-r1-n0262,p05-r1-n0262-arrival,arrival,DEL,MAA,AI 2895,AIC,AI,3,2026-04-01,2026-10-21,00:20,raw_time_basis_unknown,ai-s26-11e9f47c571788,current,confirmed_exact_designator
sha256=107983dc72d381e6897a5a333556946adcc98daef82e954d52cec1fc402c3086|page=06|physical_row=0001|station_section=1:Chennai|printed_row=2,107983dc72d381e6897a5a333556946adcc98daef82e954d52cec1fc402c3086,6,1,1,Chennai,2,p06-r2-n0263,p06-r2-n0263-arrival,arrival,DEL,MAA,AI 2895,AIC,AI,124567,2026-03-29,2026-10-24,00:20,raw_time_basis_unknown,ai-s26-938042a214ee46,current,confirmed_exact_designator
sha256=107983dc72d381e6897a5a333556946adcc98daef82e954d52cec1fc402c3086|page=06|physical_row=0002|station_section=1:Chennai|printed_row=3,107983dc72d381e6897a5a333556946adcc98daef82e954d52cec1fc402c3086,6,2,1,Chennai,3,p06-r3-n0264,p06-r3-n0264-arrival,arrival,BOM,MAA,AI 639,AIC,AI,7,2026-03-29,2026-03-29,01:05,raw_time_basis_unknown,ai-s26-f3c9dcfba5a7a1,expired,expired_not_compared_to_baseline
sha256=107983dc72d381e6897a5a333556946adcc98daef82e954d52cec1fc402c3086|page=06|physical_row=0003|station_section=1:Chennai|printed_row=4,107983dc72d381e6897a5a333556946adcc98daef82e954d52cec1fc402c3086,6,3,1,Chennai,4,p06-r4-n0265,p06-r4-n0265-arrival,arrival,BOM,MAA,AI 639,AIC,AI,1234567,2026-03-30,2026-10-24,01:05,raw_time_basis_unknown,ai-s26-655b4cd88f3b55,current,confirmed_exact_designator
sha256=107983dc72d381e6897a5a333556946adcc98daef82e954d52cec1fc402c3086|page=06|physical_row=0004|station_section=1:Chennai|printed_row=5,107983dc72d381e6897a5a333556946adcc98daef82e954d52cec1fc402c3086,6,4,1,Chennai,5,p06-r5-n0266,p06-r5-n0266-arrival,arrival,DEL,MAA,AI 2885,AIC,AI,1234567,2026-03-29,2026-10-24,04:55,raw_time_basis_unknown,ai-s26-fdd5d0191adedf,current,confirmed_exact_designator
sha256=107983dc72d381e6897a5a333556946adcc98daef82e954d52cec1fc402c3086|page=06|physical_row=0005|station_section=1:Chennai|printed_row=6,107983dc72d381e6897a5a333556946adcc98daef82e954d52cec1fc402c3086,6,5,1,Chennai,6,p06-r6-n0267,p06-r6-n0267-departure,departure,MAA,BOM,AI 2828,AIC,AI,4,2026-04-02,2026-10-22,05:30,raw_time_basis_unknown,ai-s26-95fa55e1ee3480,current,confirmed_exact_designator
sha256=107983dc72d381e6897a5a333556946adcc98daef82e954d52cec1fc402c3086|page=06|physical_row=0006|station_section=1:Chennai|printed_row=7,107983dc72d381e6897a5a333556946adcc98daef82e954d52cec1fc402c3086,6,6,1,Chennai,7,p06-r7-n0268,p06-r7-n0268-departure,departure,MAA,BOM,AI 2828,AIC,AI,7,2026-03-29,2026-03-29,05:55,raw_time_basis_unknown,ai-s26-8ead75e207a2d4,expired,expired_not_compared_to_baseline
sha256=107983dc72d381e6897a5a333556946adcc98daef82e954d52cec1fc402c3086|page=06|physical_row=0007|station_section=1:Chennai|printed_row=8,107983dc72d381e6897a5a333556946adcc98daef82e954d52cec1fc402c3086,6,7,1,Chennai,8,p06-r8-n0269,p06-r8-n0269-departure,departure,MAA,BOM,AI 2828,AIC,AI,123567,2026-03-30,2026-10-24,05:55,raw_time_basis_unknown,ai-s26-df8b667be8b15f,current,confirmed_exact_designator
sha256=107983dc72d381e6897a5a333556946adcc98daef82e954d52cec1fc402c3086|page=06|physical_row=0008|station_section=1:Chennai|printed_row=9,107983dc72d381e6897a5a333556946adcc98daef82e954d52cec1fc402c3086,6,8,1,Chennai,9,p06-r9-n0270,p06-r9-n0270-departure,departure,MAA,DEL,AI 2896,AIC,AI,1234567,2026-03-29,2026-10-24,06:00,raw_time_basis_unknown,ai-s26-cc4256e6caccb0,current,confirmed_exact_designator
sha256=107983dc72d381e6897a5a333556946adcc98daef82e954d52cec1fc402c3086|page=06|physical_row=0009|station_section=1:Chennai|printed_row=10,107983dc72d381e6897a5a333556946adcc98daef82e954d52cec1fc402c3086,6,9,1,Chennai,10,p06-r10-n0271,p06-r10-n0271-departure,departure,MAA,BOM,AI 2779,AIC,AI,3,2026-04-01,2026-10-21,06:25,raw_time_basis_unknown,ai-s26-1627bc49decc42,current,confirmed_exact_designator
sha256=107983dc72d381e6897a5a333556946adcc98daef82e954d52cec1fc402c3086|page=06|physical_row=0010|station_section=1:Chennai|printed_row=11,107983dc72d381e6897a5a333556946adcc98daef82e954d52cec1fc402c3086,6,10,1,Chennai,11,p06-r11-n0272,p06-r11-n0272-departure,departure,MAA,DEL,AI 2832,AIC,AI,1234567,2026-03-29,2026-10-24,06:55,raw_time_basis_unknown,ai-s26-2e15c360aefc2c,current,confirmed_exact_designator
sha256=107983dc72d381e6897a5a333556946adcc98daef82e954d52cec1fc402c3086|page=06|physical_row=0011|station_section=1:Chennai|printed_row=12,107983dc72d381e6897a5a333556946adcc98daef82e954d52cec1fc402c3086,6,11,1,Chennai,12,p06-r12-n0273,p06-r12-n0273-departure,departure,MAA,BOM,AI 2779,AIC,AI,124567,2026-03-29,2026-10-24,07:00,raw_time_basis_unknown,ai-s26-c54b9006b2d0d3,current,confirmed_exact_designator
sha256=107983dc72d381e6897a5a333556946adcc98daef82e954d52cec1fc402c3086|page=06|physical_row=0012|station_section=1:Chennai|printed_row=13,107983dc72d381e6897a5a333556946adcc98daef82e954d52cec1fc402c3086,6,12,1,Chennai,13,p06-r13-n0274,p06-r13-n0274-departure,departure,MAA,DEL,AI 2886,AIC,AI,1234567,2026-03-29,2026-10-24,08:05,raw_time_basis_unknown,ai-s26-f4551ff6ec168d,current,confirmed_exact_designator
sha256=107983dc72d381e6897a5a333556946adcc98daef82e954d52cec1fc402c3086|page=06|physical_row=0013|station_section=1:Chennai|printed_row=14,107983dc72d381e6897a5a333556946adcc98daef82e954d52cec1fc402c3086,6,13,1,Chennai,14,p06-r14-n0275,p06-r14-n0275-arrival,arrival,DEL,MAA,AI 2525,AIC,AI,1234567,2026-03-29,2026-10-24,08:40,raw_time_basis_unknown,ai-s26-196e9470e0c181,current,confirmed_exact_designator
sha256=107983dc72d381e6897a5a333556946adcc98daef82e954d52cec1fc402c3086|page=06|physical_row=0014|station_section=1:Chennai|printed_row=15,107983dc72d381e6897a5a333556946adcc98daef82e954d52cec1fc402c3086,6,14,1,Chennai,15,p06-r15-n0276,p06-r15-n0276-arrival,arrival,BOM,MAA,AI 2821,AIC,AI,1234567,2026-03-29,2026-10-24,08:55,raw_time_basis_unknown,ai-s26-afdcd0756004bd,current,confirmed_exact_designator
sha256=107983dc72d381e6897a5a333556946adcc98daef82e954d52cec1fc402c3086|page=06|physical_row=0015|station_section=1:Chennai|printed_row=16,107983dc72d381e6897a5a333556946adcc98daef82e954d52cec1fc402c3086,6,15,1,Chennai,16,p06-r16-n0277,p06-r16-n0277-departure,departure,MAA,BOM,AI 2822,AIC,AI,1234567,2026-03-29,2026-10-24,09:35,raw_time_basis_unknown,ai-s26-dc4c1b8405db65,current,confirmed_exact_designator
sha256=107983dc72d381e6897a5a333556946adcc98daef82e954d52cec1fc402c3086|page=06|physical_row=0016|station_section=1:Chennai|printed_row=17,107983dc72d381e6897a5a333556946adcc98daef82e954d52cec1fc402c3086,6,16,1,Chennai,17,p06-r17-n0278,p06-r17-n0278-departure,departure,MAA,DEL,AI 2526,AIC,AI,1234567,2026-03-29,2026-10-24,09:50,raw_time_basis_unknown,ai-s26-7965078d9ca94e,current,confirmed_exact_designator
sha256=107983dc72d381e6897a5a333556946adcc98daef82e954d52cec1fc402c3086|page=06|physical_row=0017|station_section=1:Chennai|printed_row=18,107983dc72d381e6897a5a333556946adcc98daef82e954d52cec1fc402c3086,6,17,1,Chennai,18,p06-r18-n0279,p06-r18-n0279-arrival,arrival,DEL,MAA,AI 2833,AIC,AI,1234567,2026-03-29,2026-10-24,10:25,raw_time_basis_unknown,ai-s26-cfe42db9d83791,current,confirmed_exact_designator
sha256=107983dc72d381e6897a5a333556946adcc98daef82e954d52cec1fc402c3086|page=06|physical_row=0018|station_section=1:Chennai|printed_row=19,107983dc72d381e6897a5a333556946adcc98daef82e954d52cec1fc402c3086,6,18,1,Chennai,19,p06-r19-n0280,p06-r19-n0280-departure,departure,MAA,DEL,AI 2836,AIC,AI,1234567,2026-03-29,2026-10-24,11:00,raw_time_basis_unknown,ai-s26-d455e23ba2f553,current,confirmed_exact_designator
sha256=107983dc72d381e6897a5a333556946adcc98daef82e954d52cec1fc402c3086|page=06|physical_row=0019|station_section=1:Chennai|printed_row=20,107983dc72d381e6897a5a333556946adcc98daef82e954d52cec1fc402c3086,6,19,1,Chennai,20,p06-r20-n0281,p06-r20-n0281-arrival,arrival,BOM,MAA,AI 2739,AIC,AI,1234567,2026-03-29,2026-10-24,11:10,raw_time_basis_unknown,ai-s26-02163a4ca48503,current,confirmed_exact_designator
sha256=107983dc72d381e6897a5a333556946adcc98daef82e954d52cec1fc402c3086|page=06|physical_row=0020|station_section=1:Chennai|printed_row=21,107983dc72d381e6897a5a333556946adcc98daef82e954d52cec1fc402c3086,6,20,1,Chennai,21,p06-r21-n0282,p06-r21-n0282-departure,departure,MAA,IXM,AI 2739,AIC,AI,1234567,2026-03-29,2026-10-24,11:50,raw_time_basis_unknown,ai-s26-49ed9e6fcc3f67,current,confirmed_exact_designator
sha256=107983dc72d381e6897a5a333556946adcc98daef82e954d52cec1fc402c3086|page=06|physical_row=0021|station_section=1:Chennai|printed_row=22,107983dc72d381e6897a5a333556946adcc98daef82e954d52cec1fc402c3086,6,21,1,Chennai,22,p06-r22-n0283,p06-r22-n0283-departure,departure,MAA,BOM,AI 574,AIC,AI,1234567,2026-03-29,2026-10-24,12:25,raw_time_basis_unknown,ai-s26-cc338395332ad2,current,confirmed_exact_designator
sha256=107983dc72d381e6897a5a333556946adcc98daef82e954d52cec1fc402c3086|page=06|physical_row=0022|station_section=1:Chennai|printed_row=23,107983dc72d381e6897a5a333556946adcc98daef82e954d52cec1fc402c3086,6,22,1,Chennai,23,p06-r23-n0284,p06-r23-n0284-arrival,arrival,DEL,MAA,AI 2467,AIC,AI,1234567,2026-03-29,2026-10-24,12:45,raw_time_basis_unknown,ai-s26-0ccad03ec7ea05,current,confirmed_exact_designator
sha256=107983dc72d381e6897a5a333556946adcc98daef82e954d52cec1fc402c3086|page=06|physical_row=0023|station_section=1:Chennai|printed_row=24,107983dc72d381e6897a5a333556946adcc98daef82e954d52cec1fc402c3086,6,23,1,Chennai,24,p06-r24-n0285,p06-r24-n0285-departure,departure,MAA,DEL,AI 2468,AIC,AI,1234567,2026-03-29,2026-10-24,14:00,raw_time_basis_unknown,ai-s26-d6ce021b5146c3,current,confirmed_exact_designator
sha256=107983dc72d381e6897a5a333556946adcc98daef82e954d52cec1fc402c3086|page=06|physical_row=0024|station_section=1:Chennai|printed_row=25,107983dc72d381e6897a5a333556946adcc98daef82e954d52cec1fc402c3086,6,24,1,Chennai,25,p06-r25-n0286,p06-r25-n0286-arrival,arrival,BOM,MAA,AI 2780,AIC,AI,13457,2026-03-29,2026-10-23,14:50,raw_time_basis_unknown,ai-s26-d26e05ff68d52d,current,confirmed_exact_designator
sha256=107983dc72d381e6897a5a333556946adcc98daef82e954d52cec1fc402c3086|page=06|physical_row=0025|station_section=1:Chennai|printed_row=26,107983dc72d381e6897a5a333556946adcc98daef82e954d52cec1fc402c3086,6,25,1,Chennai,26,p06-r26-n0287,p06-r26-n0287-arrival,arrival,DEL,MAA,AI 2483,AIC,AI,1234567,2026-03-29,2026-10-24,15:10,raw_time_basis_unknown,ai-s26-773349d9285a6a,current,confirmed_exact_designator
sha256=107983dc72d381e6897a5a333556946adcc98daef82e954d52cec1fc402c3086|page=06|physical_row=0026|station_section=1:Chennai|printed_row=27,107983dc72d381e6897a5a333556946adcc98daef82e954d52cec1fc402c3086,6,26,1,Chennai,27,p06-r27-n0288,p06-r27-n0288-arrival,arrival,IXM,MAA,AI 2740,AIC,AI,1234567,2026-03-29,2026-10-24,15:15,raw_time_basis_unknown,ai-s26-98257d00a80910,current,confirmed_exact_designator
sha256=107983dc72d381e6897a5a333556946adcc98daef82e954d52cec1fc402c3086|page=06|physical_row=0027|station_section=1:Chennai|printed_row=28,107983dc72d381e6897a5a333556946adcc98daef82e954d52cec1fc402c3086,6,27,1,Chennai,28,p06-r28-n0289,p06-r28-n0289-arrival,arrival,BOM,MAA,AI 2780,AIC,AI,26,2026-03-31,2026-10-24,15:20,raw_time_basis_unknown,ai-s26-f2739168a1e567,current,confirmed_exact_designator
sha256=107983dc72d381e6897a5a333556946adcc98daef82e954d52cec1fc402c3086|page=06|physical_row=0028|station_section=1:Chennai|printed_row=29,107983dc72d381e6897a5a333556946adcc98daef82e954d52cec1fc402c3086,6,28,1,Chennai,29,p06-r29-n0290,p06-r29-n0290-departure,departure,MAA,BOM,AI 2740,AIC,AI,1234567,2026-03-29,2026-10-24,15:40,raw_time_basis_unknown,ai-s26-4e74fe3dbe493a,current,confirmed_exact_designator
sha256=107983dc72d381e6897a5a333556946adcc98daef82e954d52cec1fc402c3086|page=06|physical_row=0029|station_section=1:Chennai|printed_row=30,107983dc72d381e6897a5a333556946adcc98daef82e954d52cec1fc402c3086,6,29,1,Chennai,30,p06-r30-n0291,p06-r30-n0291-departure,departure,MAA,DEL,AI 2484,AIC,AI,1234567,2026-03-29,2026-10-24,16:20,raw_time_basis_unknown,ai-s26-6b6f6f5dc7ec68,current,confirmed_exact_designator
sha256=107983dc72d381e6897a5a333556946adcc98daef82e954d52cec1fc402c3086|page=06|physical_row=0030|station_section=1:Chennai|printed_row=31,107983dc72d381e6897a5a333556946adcc98daef82e954d52cec1fc402c3086,6,30,1,Chennai,31,p06-r31-n0292,p06-r31-n0292-arrival,arrival,DEL,MAA,AI 2839,AIC,AI,1234567,2026-03-29,2026-10-24,16:35,raw_time_basis_unknown,ai-s26-aa0f78367e37dc,current,confirmed_exact_designator
sha256=107983dc72d381e6897a5a333556946adcc98daef82e954d52cec1fc402c3086|page=06|physical_row=0031|station_section=1:Chennai|printed_row=32,107983dc72d381e6897a5a333556946adcc98daef82e954d52cec1fc402c3086,6,31,1,Chennai,32,p06-r32-n0293,p06-r32-n0293-departure,departure,MAA,DEL,AI 2834,AIC,AI,1234567,2026-03-29,2026-10-24,17:30,raw_time_basis_unknown,ai-s26-00bfb335d12ad5,current,confirmed_exact_designator
sha256=107983dc72d381e6897a5a333556946adcc98daef82e954d52cec1fc402c3086|page=06|physical_row=0032|station_section=1:Chennai|printed_row=33,107983dc72d381e6897a5a333556946adcc98daef82e954d52cec1fc402c3086,6,32,1,Chennai,33,p06-r33-n0294,p06-r33-n0294-departure,departure,MAA,BOM,AI 640,AIC,AI,1234567,2026-03-29,2026-10-24,18:00,raw_time_basis_unknown,ai-s26-a7bcd207d6b84c,current,confirmed_exact_designator
sha256=107983dc72d381e6897a5a333556946adcc98daef82e954d52cec1fc402c3086|page=06|physical_row=0033|station_section=1:Chennai|printed_row=34,107983dc72d381e6897a5a333556946adcc98daef82e954d52cec1fc402c3086,6,33,1,Chennai,34,p06-r34-n0295,p06-r34-n0295-arrival,arrival,BOM,MAA,AI 573,AIC,AI,1234567,2026-03-29,2026-10-24,18:20,raw_time_basis_unknown,ai-s26-2195ac675a6840,current,confirmed_exact_designator
sha256=107983dc72d381e6897a5a333556946adcc98daef82e954d52cec1fc402c3086|page=06|physical_row=0034|station_section=1:Chennai|printed_row=35,107983dc72d381e6897a5a333556946adcc98daef82e954d52cec1fc402c3086,6,34,1,Chennai,35,p06-r35-n0296,p06-r35-n0296-arrival,arrival,DEL,MAA,AI 537,AIC,AI,1234567,2026-03-29,2026-10-24,19:05,raw_time_basis_unknown,ai-s26-c0183050c7f159,current,confirmed_exact_designator
sha256=107983dc72d381e6897a5a333556946adcc98daef82e954d52cec1fc402c3086|page=06|physical_row=0035|station_section=1:Chennai|printed_row=36,107983dc72d381e6897a5a333556946adcc98daef82e954d52cec1fc402c3086,6,35,1,Chennai,36,p06-r36-n0297,p06-r36-n0297-arrival,arrival,BOM,MAA,AI 435,AIC,AI,1234567,2026-03-29,2026-10-24,20:30,raw_time_basis_unknown,ai-s26-272438f9c27652,current,confirmed_exact_designator
sha256=107983dc72d381e6897a5a333556946adcc98daef82e954d52cec1fc402c3086|page=06|physical_row=0036|station_section=1:Chennai|printed_row=37,107983dc72d381e6897a5a333556946adcc98daef82e954d52cec1fc402c3086,6,36,1,Chennai,37,p06-r37-n0298,p06-r37-n0298-departure,departure,MAA,DEL,AI 538,AIC,AI,1234567,2026-03-29,2026-10-24,20:35,raw_time_basis_unknown,ai-s26-fa7d748fee7240,current,confirmed_exact_designator
sha256=107983dc72d381e6897a5a333556946adcc98daef82e954d52cec1fc402c3086|page=06|physical_row=0037|station_section=1:Chennai|printed_row=38,107983dc72d381e6897a5a333556946adcc98daef82e954d52cec1fc402c3086,6,37,1,Chennai,38,p06-r38-n0299,p06-r38-n0299-arrival,arrival,DEL,MAA,AI 2837,AIC,AI,1234567,2026-03-29,2026-10-24,20:55,raw_time_basis_unknown,ai-s26-445bcc7eff5e1a,current,confirmed_exact_designator
sha256=107983dc72d381e6897a5a333556946adcc98daef82e954d52cec1fc402c3086|page=06|physical_row=0038|station_section=1:Chennai|printed_row=39,107983dc72d381e6897a5a333556946adcc98daef82e954d52cec1fc402c3086,6,38,1,Chennai,39,p06-r39-n0300,p06-r39-n0300-departure,departure,MAA,BOM,AI 436,AIC,AI,1234567,2026-03-29,2026-10-24,21:05,raw_time_basis_unknown,ai-s26-9cf218e515fae3,current,confirmed_exact_designator
sha256=107983dc72d381e6897a5a333556946adcc98daef82e954d52cec1fc402c3086|page=06|physical_row=0039|station_section=1:Chennai|printed_row=40,107983dc72d381e6897a5a333556946adcc98daef82e954d52cec1fc402c3086,6,39,1,Chennai,40,p06-r40-n0301,p06-r40-n0301-departure,departure,MAA,DEL,AI 2838,AIC,AI,1234567,2026-03-29,2026-10-24,21:40,raw_time_basis_unknown,ai-s26-3c665a8e83b1c1,current,confirmed_exact_designator
sha256=107983dc72d381e6897a5a333556946adcc98daef82e954d52cec1fc402c3086|page=06|physical_row=0040|station_section=1:Chennai|printed_row=41,107983dc72d381e6897a5a333556946adcc98daef82e954d52cec1fc402c3086,6,40,1,Chennai,41,p06-r41-n0302,p06-r41-n0302-arrival,arrival,DEL,MAA,AI 2835,AIC,AI,6,2026-10-24,2026-10-24,22:20,raw_time_basis_unknown,ai-s26-2112e9bfbf7c2a,future,confirmed_exact_designator
sha256=107983dc72d381e6897a5a333556946adcc98daef82e954d52cec1fc402c3086|page=06|physical_row=0041|station_section=1:Chennai|printed_row=42,107983dc72d381e6897a5a333556946adcc98daef82e954d52cec1fc402c3086,6,41,1,Chennai,42,p06-r42-n0303,p06-r42-n0303-arrival,arrival,DEL,MAA,AI 2835,AIC,AI,3,2026-04-01,2026-10-21,22:20,raw_time_basis_unknown,ai-s26-6b394b58bfaccf,current,confirmed_exact_designator
sha256=107983dc72d381e6897a5a333556946adcc98daef82e954d52cec1fc402c3086|page=06|physical_row=0042|station_section=1:Chennai|printed_row=43,107983dc72d381e6897a5a333556946adcc98daef82e954d52cec1fc402c3086,6,42,1,Chennai,43,p06-r43-n0304,p06-r43-n0304-arrival,arrival,DEL,MAA,AI 2835,AIC,AI,124567,2026-03-29,2026-10-23,22:20,raw_time_basis_unknown,ai-s26-33c9dcd9bf3cc5,current,confirmed_exact_designator
sha256=107983dc72d381e6897a5a333556946adcc98daef82e954d52cec1fc402c3086|page=06|physical_row=0043|station_section=1:Chennai|printed_row=44,107983dc72d381e6897a5a333556946adcc98daef82e954d52cec1fc402c3086,6,43,1,Chennai,44,p06-r44-n0305,p06-r44-n0305-arrival,arrival,BOM,MAA,AI 2827,AIC,AI,1234567,2026-03-29,2026-10-24,22:35,raw_time_basis_unknown,ai-s26-bd41f33f5eb37f,current,confirmed_exact_designator
sha256=107983dc72d381e6897a5a333556946adcc98daef82e954d52cec1fc402c3086|page=06|physical_row=0044|station_section=2:Coimbatore|printed_row=1,107983dc72d381e6897a5a333556946adcc98daef82e954d52cec1fc402c3086,6,44,2,Coimbatore,1,p06-r1-n0306,p06-r1-n0306-arrival,arrival,BOM,CJB,AI 2507,AIC,AI,1234567,2026-03-29,2026-10-24,08:20,raw_time_basis_unknown,ai-s26-0482d706ed815c,current,confirmed_exact_designator
sha256=107983dc72d381e6897a5a333556946adcc98daef82e954d52cec1fc402c3086|page=06|physical_row=0045|station_section=2:Coimbatore|printed_row=2,107983dc72d381e6897a5a333556946adcc98daef82e954d52cec1fc402c3086,6,45,2,Coimbatore,2,p06-r2-n0307,p06-r2-n0307-departure,departure,CJB,BOM,AI 2508,AIC,AI,1234567,2026-03-29,2026-10-24,09:00,raw_time_basis_unknown,ai-s26-8524d8051aaed2,current,confirmed_exact_designator
sha256=107983dc72d381e6897a5a333556946adcc98daef82e954d52cec1fc402c3086|page=06|physical_row=0046|station_section=2:Coimbatore|printed_row=3,107983dc72d381e6897a5a333556946adcc98daef82e954d52cec1fc402c3086,6,46,2,Coimbatore,3,p06-r3-n0308,p06-r3-n0308-arrival,arrival,BOM,CJB,AI 2503,AIC,AI,1234567,2026-03-29,2026-10-24,13:45,raw_time_basis_unknown,ai-s26-9c6f7cb08c04a2,current,confirmed_exact_designator
sha256=107983dc72d381e6897a5a333556946adcc98daef82e954d52cec1fc402c3086|page=06|physical_row=0047|station_section=2:Coimbatore|printed_row=4,107983dc72d381e6897a5a333556946adcc98daef82e954d52cec1fc402c3086,6,47,2,Coimbatore,4,p06-r4-n0309,p06-r4-n0309-departure,departure,CJB,BOM,AI 2504,AIC,AI,1234567,2026-03-29,2026-10-24,14:20,raw_time_basis_unknown,ai-s26-3fcabe7742bed3,current,confirmed_exact_designator
sha256=107983dc72d381e6897a5a333556946adcc98daef82e954d52cec1fc402c3086|page=06|physical_row=0048|station_section=2:Coimbatore|printed_row=5,107983dc72d381e6897a5a333556946adcc98daef82e954d52cec1fc402c3086,6,48,2,Coimbatore,5,p06-r5-n0310,p06-r5-n0310-arrival,arrival,DEL,CJB,AI 1721,AIC,AI,1234567,2026-03-29,2026-10-24,14:45,raw_time_basis_unknown,ai-s26-b2a40bb44103e5,current,confirmed_exact_designator
sha256=107983dc72d381e6897a5a333556946adcc98daef82e954d52cec1fc402c3086|page=06|physical_row=0049|station_section=2:Coimbatore|printed_row=6,107983dc72d381e6897a5a333556946adcc98daef82e954d52cec1fc402c3086,6,49,2,Coimbatore,6,p06-r6-n0311,p06-r6-n0311-departure,departure,CJB,DEL,AI 1837,AIC,AI,1234567,2026-03-29,2026-10-24,15:20,raw_time_basis_unknown,ai-s26-2b073d4b095fe4,current,confirmed_exact_designator
sha256=107983dc72d381e6897a5a333556946adcc98daef82e954d52cec1fc402c3086|page=06|physical_row=0050|station_section=2:Coimbatore|printed_row=7,107983dc72d381e6897a5a333556946adcc98daef82e954d52cec1fc402c3086,6,50,2,Coimbatore,7,p06-r7-n0312,p06-r7-n0312-arrival,arrival,DEL,CJB,AI 1753,AIC,AI,1234567,2026-03-29,2026-10-24,18:10,raw_time_basis_unknown,ai-s26-4ae025aef159e5,current,confirmed_exact_designator
sha256=107983dc72d381e6897a5a333556946adcc98daef82e954d52cec1fc402c3086|page=06|physical_row=0051|station_section=2:Coimbatore|printed_row=8,107983dc72d381e6897a5a333556946adcc98daef82e954d52cec1fc402c3086,6,51,2,Coimbatore,8,p06-r8-n0313,p06-r8-n0313-departure,departure,CJB,DEL,AI 1809,AIC,AI,1234567,2026-03-29,2026-10-24,18:45,raw_time_basis_unknown,ai-s26-f65b7fdf01d14c,current,confirmed_exact_designator
sha256=107983dc72d381e6897a5a333556946adcc98daef82e954d52cec1fc402c3086|page=06|physical_row=0052|station_section=2:Coimbatore|printed_row=9,107983dc72d381e6897a5a333556946adcc98daef82e954d52cec1fc402c3086,6,52,2,Coimbatore,9,p06-r9-n0314,p06-r9-n0314-arrival,arrival,BOM,CJB,AI 2732,AIC,AI,1234567,2026-03-29,2026-10-24,21:05,raw_time_basis_unknown,ai-s26-819459113d445d,current,confirmed_exact_designator
sha256=107983dc72d381e6897a5a333556946adcc98daef82e954d52cec1fc402c3086|page=06|physical_row=0053|station_section=2:Coimbatore|printed_row=10,107983dc72d381e6897a5a333556946adcc98daef82e954d52cec1fc402c3086,6,53,2,Coimbatore,10,p06-r10-n0315,p06-r10-n0315-departure,departure,CJB,BOM,AI 2733,AIC,AI,1234567,2026-03-29,2026-10-24,21:45,raw_time_basis_unknown,ai-s26-2fd4f74e37e44e,current,confirmed_exact_designator
sha256=107983dc72d381e6897a5a333556946adcc98daef82e954d52cec1fc402c3086|page=06|physical_row=0054|station_section=3:Dehradun|printed_row=1,107983dc72d381e6897a5a333556946adcc98daef82e954d52cec1fc402c3086,6,54,3,Dehradun,1,p06-r1-n0316,p06-r1-n0316-arrival,arrival,BOM,DED,AI 2741,AIC,AI,1234567,2026-03-29,2026-10-24,09:55,raw_time_basis_unknown,ai-s26-7c6b3fd77f4b5f,current,confirmed_exact_designator
sha256=107983dc72d381e6897a5a333556946adcc98daef82e954d52cec1fc402c3086|page=06|physical_row=0055|station_section=3:Dehradun|printed_row=2,107983dc72d381e6897a5a333556946adcc98daef82e954d52cec1fc402c3086,6,55,3,Dehradun,2,p06-r2-n0317,p06-r2-n0317-departure,departure,DED,BOM,AI 2742,AIC,AI,1234567,2026-03-29,2026-10-24,10:25,raw_time_basis_unknown,ai-s26-d82195c1498db5,current,confirmed_exact_designator
sha256=107983dc72d381e6897a5a333556946adcc98daef82e954d52cec1fc402c3086|page=06|physical_row=0056|station_section=3:Dehradun|printed_row=3,107983dc72d381e6897a5a333556946adcc98daef82e954d52cec1fc402c3086,6,56,3,Dehradun,3,p06-r3-n0318,p06-r3-n0318-arrival,arrival,DEL,DED,AI 2907,AIC,AI,1234567,2026-03-29,2026-10-24,13:00,raw_time_basis_unknown,ai-s26-77d3bf9d43913c,current,confirmed_exact_designator
sha256=107983dc72d381e6897a5a333556946adcc98daef82e954d52cec1fc402c3086|page=07|physical_row=0001|station_section=1:Dehradun|printed_row=4,107983dc72d381e6897a5a333556946adcc98daef82e954d52cec1fc402c3086,7,1,1,Dehradun,4,p07-r4-n0319,p07-r4-n0319-departure,departure,DED,DEL,AI 2908,AIC,AI,1234567,2026-03-29,2026-10-24,13:30,raw_time_basis_unknown,ai-s26-2874c605360bc0,current,confirmed_exact_designator
sha256=107983dc72d381e6897a5a333556946adcc98daef82e954d52cec1fc402c3086|page=07|physical_row=0002|station_section=1:Dehradun|printed_row=5,107983dc72d381e6897a5a333556946adcc98daef82e954d52cec1fc402c3086,7,2,1,Dehradun,5,p07-r5-n0320,p07-r5-n0320-arrival,arrival,BOM,DED,AI 431,AIC,AI,1234567,2026-03-29,2026-10-24,14:20,raw_time_basis_unknown,ai-s26-c94daabf5b214a,current,confirmed_exact_designator
sha256=107983dc72d381e6897a5a333556946adcc98daef82e954d52cec1fc402c3086|page=07|physical_row=0003|station_section=1:Dehradun|printed_row=6,107983dc72d381e6897a5a333556946adcc98daef82e954d52cec1fc402c3086,7,3,1,Dehradun,6,p07-r6-n0321,p07-r6-n0321-arrival,arrival,DEL,DED,AI 2438,AIC,AI,4,2026-04-09,2026-04-09,14:45,raw_time_basis_unknown,ai-s26-d762de1e449818,expired,expired_not_compared_to_baseline
sha256=107983dc72d381e6897a5a333556946adcc98daef82e954d52cec1fc402c3086|page=07|physical_row=0004|station_section=1:Dehradun|printed_row=7,107983dc72d381e6897a5a333556946adcc98daef82e954d52cec1fc402c3086,7,4,1,Dehradun,7,p07-r7-n0322,p07-r7-n0322-arrival,arrival,DEL,DED,AI 2438,AIC,AI,17,2026-05-03,2026-05-04,14:45,raw_time_basis_unknown,ai-s26-f4ae21ee3522d6,expired,expired_not_compared_to_baseline
sha256=107983dc72d381e6897a5a333556946adcc98daef82e954d52cec1fc402c3086|page=07|physical_row=0005|station_section=1:Dehradun|printed_row=8,107983dc72d381e6897a5a333556946adcc98daef82e954d52cec1fc402c3086,7,5,1,Dehradun,8,p07-r8-n0323,p07-r8-n0323-arrival,arrival,DEL,DED,AI 2438,AIC,AI,123457,2026-06-14,2026-09-14,14:45,raw_time_basis_unknown,ai-s26-25d3466aa1f323,expired,expired_not_compared_to_baseline
sha256=107983dc72d381e6897a5a333556946adcc98daef82e954d52cec1fc402c3086|page=07|physical_row=0006|station_section=1:Dehradun|printed_row=9,107983dc72d381e6897a5a333556946adcc98daef82e954d52cec1fc402c3086,7,6,1,Dehradun,9,p07-r9-n0324,p07-r9-n0324-arrival,arrival,DEL,DED,AI 2438,AIC,AI,1234567,2026-04-10,2026-05-01,14:45,raw_time_basis_unknown,ai-s26-5fa3eb218e76bc,expired,expired_not_compared_to_baseline
sha256=107983dc72d381e6897a5a333556946adcc98daef82e954d52cec1fc402c3086|page=07|physical_row=0007|station_section=1:Dehradun|printed_row=10,107983dc72d381e6897a5a333556946adcc98daef82e954d52cec1fc402c3086,7,7,1,Dehradun,10,p07-r10-n0325,p07-r10-n0325-arrival,arrival,DEL,DED,AI 2438,AIC,AI,1234567,2026-05-06,2026-05-13,14:45,raw_time_basis_unknown,ai-s26-7c441f25381e5d,expired,expired_not_compared_to_baseline
sha256=107983dc72d381e6897a5a333556946adcc98daef82e954d52cec1fc402c3086|page=07|physical_row=0008|station_section=1:Dehradun|printed_row=11,107983dc72d381e6897a5a333556946adcc98daef82e954d52cec1fc402c3086,7,8,1,Dehradun,11,p07-r11-n0326,p07-r11-n0326-arrival,arrival,DEL,DED,AI 2438,AIC,AI,1234567,2026-09-15,2026-10-24,14:45,raw_time_basis_unknown,ai-s26-42e2d0551f4d17,current,confirmed_exact_designator
sha256=107983dc72d381e6897a5a333556946adcc98daef82e954d52cec1fc402c3086|page=07|physical_row=0009|station_section=1:Dehradun|printed_row=12,107983dc72d381e6897a5a333556946adcc98daef82e954d52cec1fc402c3086,7,9,1,Dehradun,12,p07-r12-n0327,p07-r12-n0327-departure,departure,DED,BOM,AI 432,AIC,AI,1234567,2026-03-29,2026-10-24,14:55,raw_time_basis_unknown,ai-s26-9f3f1a6705f18a,current,confirmed_exact_designator
sha256=107983dc72d381e6897a5a333556946adcc98daef82e954d52cec1fc402c3086|page=07|physical_row=0010|station_section=1:Dehradun|printed_row=13,107983dc72d381e6897a5a333556946adcc98daef82e954d52cec1fc402c3086,7,10,1,Dehradun,13,p07-r13-n0328,p07-r13-n0328-departure,departure,DED,DEL,AI 2498,AIC,AI,4,2026-04-09,2026-04-09,15:30,raw_time_basis_unknown,ai-s26-76ddc2be2876e6,expired,expired_not_compared_to_baseline
sha256=107983dc72d381e6897a5a333556946adcc98daef82e954d52cec1fc402c3086|page=07|physical_row=0011|station_section=1:Dehradun|printed_row=14,107983dc72d381e6897a5a333556946adcc98daef82e954d52cec1fc402c3086,7,11,1,Dehradun,14,p07-r14-n0329,p07-r14-n0329-departure,departure,DED,DEL,AI 2498,AIC,AI,17,2026-05-03,2026-05-04,15:30,raw_time_basis_unknown,ai-s26-65142ac6fe6b2d,expired,expired_not_compared_to_baseline
sha256=107983dc72d381e6897a5a333556946adcc98daef82e954d52cec1fc402c3086|page=07|physical_row=0012|station_section=1:Dehradun|printed_row=15,107983dc72d381e6897a5a333556946adcc98daef82e954d52cec1fc402c3086,7,12,1,Dehradun,15,p07-r15-n0330,p07-r15-n0330-departure,departure,DED,DEL,AI 2498,AIC,AI,123457,2026-06-14,2026-09-14,15:30,raw_time_basis_unknown,ai-s26-42161fdf657f63,expired,expired_not_compared_to_baseline
sha256=107983dc72d381e6897a5a333556946adcc98daef82e954d52cec1fc402c3086|page=07|physical_row=0013|station_section=1:Dehradun|printed_row=16,107983dc72d381e6897a5a333556946adcc98daef82e954d52cec1fc402c3086,7,13,1,Dehradun,16,p07-r16-n0331,p07-r16-n0331-departure,departure,DED,DEL,AI 2498,AIC,AI,1234567,2026-04-10,2026-05-01,15:30,raw_time_basis_unknown,ai-s26-2887469f81a714,expired,expired_not_compared_to_baseline
sha256=107983dc72d381e6897a5a333556946adcc98daef82e954d52cec1fc402c3086|page=07|physical_row=0014|station_section=1:Dehradun|printed_row=17,107983dc72d381e6897a5a333556946adcc98daef82e954d52cec1fc402c3086,7,14,1,Dehradun,17,p07-r17-n0332,p07-r17-n0332-departure,departure,DED,DEL,AI 2498,AIC,AI,1234567,2026-05-06,2026-05-13,15:30,raw_time_basis_unknown,ai-s26-9b4ce17bad1be7,expired,expired_not_compared_to_baseline
sha256=107983dc72d381e6897a5a333556946adcc98daef82e954d52cec1fc402c3086|page=07|physical_row=0015|station_section=1:Dehradun|printed_row=18,107983dc72d381e6897a5a333556946adcc98daef82e954d52cec1fc402c3086,7,15,1,Dehradun,18,p07-r18-n0333,p07-r18-n0333-departure,departure,DED,DEL,AI 2498,AIC,AI,1234567,2026-09-15,2026-10-24,15:30,raw_time_basis_unknown,ai-s26-70b5444cad02c7,current,confirmed_exact_designator
sha256=107983dc72d381e6897a5a333556946adcc98daef82e954d52cec1fc402c3086|page=07|physical_row=0016|station_section=1:Dehradun|printed_row=19,107983dc72d381e6897a5a333556946adcc98daef82e954d52cec1fc402c3086,7,16,1,Dehradun,19,p07-r19-n0334,p07-r19-n0334-arrival,arrival,DEL,DED,AI 1757,AIC,AI,1234567,2026-03-29,2026-10-24,16:35,raw_time_basis_unknown,ai-s26-d754637d4e6386,current,confirmed_exact_designator
sha256=107983dc72d381e6897a5a333556946adcc98daef82e954d52cec1fc402c3086|page=07|physical_row=0017|station_section=1:Dehradun|printed_row=20,107983dc72d381e6897a5a333556946adcc98daef82e954d52cec1fc402c3086,7,17,1,Dehradun,20,p07-r20-n0335,p07-r20-n0335-departure,departure,DED,DEL,AI 1869,AIC,AI,1234567,2026-03-29,2026-10-24,17:10,raw_time_basis_unknown,ai-s26-3fe0760aecbb96,current,confirmed_exact_designator
sha256=107983dc72d381e6897a5a333556946adcc98daef82e954d52cec1fc402c3086|page=07|physical_row=0018|station_section=2:Delhi|printed_row=1,107983dc72d381e6897a5a333556946adcc98daef82e954d52cec1fc402c3086,7,18,2,Delhi,1,p07-r1-n0336,p07-r1-n0336-arrival,arrival,VTZ,DEL,AI 652,AIC,AI,123,2026-03-30,2026-04-01,00:10,raw_time_basis_unknown,ai-s26-63e4e8218a7ed4,expired,expired_not_compared_to_baseline
sha256=107983dc72d381e6897a5a333556946adcc98daef82e954d52cec1fc402c3086|page=07|physical_row=0019|station_section=2:Delhi|printed_row=2,107983dc72d381e6897a5a333556946adcc98daef82e954d52cec1fc402c3086,7,19,2,Delhi,2,p07-r2-n0337,p07-r2-n0337-arrival,arrival,VTZ,DEL,AI 1802,AIC,AI,4567,2026-03-29,2026-10-24,00:10,raw_time_basis_unknown,ai-s26-10c387f4c18d12,current,confirmed_exact_designator
sha256=107983dc72d381e6897a5a333556946adcc98daef82e954d52cec1fc402c3086|page=07|physical_row=0020|station_section=2:Delhi|printed_row=3,107983dc72d381e6897a5a333556946adcc98daef82e954d52cec1fc402c3086,7,20,2,Delhi,3,p07-r3-n0338,p07-r3-n0338-arrival,arrival,VTZ,DEL,AI 1802,AIC,AI,123,2026-04-06,2026-10-21,00:10,raw_time_basis_unknown,ai-s26-e8b41dd171331e,current,confirmed_exact_designator
sha256=107983dc72d381e6897a5a333556946adcc98daef82e954d52cec1fc402c3086|page=07|physical_row=0021|station_section=2:Delhi|printed_row=4,107983dc72d381e6897a5a333556946adcc98daef82e954d52cec1fc402c3086,7,21,2,Delhi,4,p07-r4-n0339,p07-r4-n0339-arrival,arrival,BOM,DEL,AI 2950,AIC,AI,7,2026-03-29,2026-03-29,00:15,raw_time_basis_unknown,ai-s26-1c3153b63137e4,expired,expired_not_compared_to_baseline
sha256=107983dc72d381e6897a5a333556946adcc98daef82e954d52cec1fc402c3086|page=07|physical_row=0022|station_section=2:Delhi|printed_row=5,107983dc72d381e6897a5a333556946adcc98daef82e954d52cec1fc402c3086,7,22,2,Delhi,5,p07-r5-n0340,p07-r5-n0340-departure,departure,DEL,BLR,AI 2757,AIC,AI,1234567,2026-03-29,2026-10-24,00:15,raw_time_basis_unknown,ai-s26-07b8df238600df,current,confirmed_exact_designator
sha256=107983dc72d381e6897a5a333556946adcc98daef82e954d52cec1fc402c3086|page=07|physical_row=0023|station_section=2:Delhi|printed_row=6,107983dc72d381e6897a5a333556946adcc98daef82e954d52cec1fc402c3086,7,23,2,Delhi,6,p07-r6-n0341,p07-r6-n0341-arrival,arrival,PNQ,DEL,AI 1804,AIC,AI,1234567,2026-03-30,2026-10-24,00:25,raw_time_basis_unknown,ai-s26-226bd42bead97f,current,confirmed_exact_designator
sha256=107983dc72d381e6897a5a333556946adcc98daef82e954d52cec1fc402c3086|page=07|physical_row=0024|station_section=2:Delhi|printed_row=7,107983dc72d381e6897a5a333556946adcc98daef82e954d52cec1fc402c3086,7,24,2,Delhi,7,p07-r7-n0342,p07-r7-n0342-arrival,arrival,GOX,DEL,AI 1854,AIC,AI,1234567,2026-03-29,2026-10-24,00:25,raw_time_basis_unknown,ai-s26-a448c51aff7a69,current,candidate_exact_designator
sha256=107983dc72d381e6897a5a333556946adcc98daef82e954d52cec1fc402c3086|page=07|physical_row=0025|station_section=2:Delhi|printed_row=8,107983dc72d381e6897a5a333556946adcc98daef82e954d52cec1fc402c3086,7,25,2,Delhi,8,p07-r8-n0343,p07-r8-n0343-arrival,arrival,PAT,DEL,AI 896,AIC,AI,7,2026-03-29,2026-03-29,00:30,raw_time_basis_unknown,ai-s26-5c2e24236317f1,expired,expired_not_compared_to_baseline
sha256=107983dc72d381e6897a5a333556946adcc98daef82e954d52cec1fc402c3086|page=07|physical_row=0026|station_section=2:Delhi|printed_row=9,107983dc72d381e6897a5a333556946adcc98daef82e954d52cec1fc402c3086,7,26,2,Delhi,9,p07-r9-n0344,p07-r9-n0344-arrival,arrival,COK,DEL,AI 1828,AIC,AI,1234567,2026-03-29,2026-10-24,00:30,raw_time_basis_unknown,ai-s26-92444d42288295,current,confirmed_exact_designator
sha256=107983dc72d381e6897a5a333556946adcc98daef82e954d52cec1fc402c3086|page=07|physical_row=0027|station_section=2:Delhi|printed_row=10,107983dc72d381e6897a5a333556946adcc98daef82e954d52cec1fc402c3086,7,27,2,Delhi,10,p07-r10-n0345,p07-r10-n0345-arrival,arrival,ATQ,DEL,AI 480,AIC,AI,1234567,2026-03-29,2026-10-24,00:35,raw_time_basis_unknown,ai-s26-c2e3ad77f36fb1,current,confirmed_exact_designator
sha256=107983dc72d381e6897a5a333556946adcc98daef82e954d52cec1fc402c3086|page=07|physical_row=0028|station_section=2:Delhi|printed_row=11,107983dc72d381e6897a5a333556946adcc98daef82e954d52cec1fc402c3086,7,28,2,Delhi,11,p07-r11-n0346,p07-r11-n0346-arrival,arrival,CCU,DEL,AI 2710,AIC,AI,1234567,2026-03-29,2026-10-24,00:35,raw_time_basis_unknown,ai-s26-a7dce4b4576f36,current,confirmed_exact_designator
sha256=107983dc72d381e6897a5a333556946adcc98daef82e954d52cec1fc402c3086|page=07|physical_row=0029|station_section=2:Delhi|printed_row=12,107983dc72d381e6897a5a333556946adcc98daef82e954d52cec1fc402c3086,7,29,2,Delhi,12,p07-r12-n0347,p07-r12-n0347-arrival,arrival,GOI,DEL,AI 2448,AIC,AI,7,2026-03-29,2026-03-29,00:40,raw_time_basis_unknown,ai-s26-9cec8062da667e,expired,expired_not_compared_to_baseline
sha256=107983dc72d381e6897a5a333556946adcc98daef82e954d52cec1fc402c3086|page=07|physical_row=0030|station_section=2:Delhi|printed_row=13,107983dc72d381e6897a5a333556946adcc98daef82e954d52cec1fc402c3086,7,30,2,Delhi,13,p07-r13-n0348,p07-r13-n0348-arrival,arrival,MAA,DEL,AI 2838,AIC,AI,1234567,2026-03-30,2026-10-24,00:40,raw_time_basis_unknown,ai-s26-f584f0acced9fd,current,confirmed_exact_designator
sha256=107983dc72d381e6897a5a333556946adcc98daef82e954d52cec1fc402c3086|page=07|physical_row=0031|station_section=2:Delhi|printed_row=14,107983dc72d381e6897a5a333556946adcc98daef82e954d52cec1fc402c3086,7,31,2,Delhi,14,p07-r14-n0349,p07-r14-n0349-arrival,arrival,AMD,DEL,AI 456,AIC,AI,7,2026-03-29,2026-03-29,00:45,raw_time_basis_unknown,ai-s26-75be8eb4fc0b24,expired,expired_not_compared_to_baseline
sha256=107983dc72d381e6897a5a333556946adcc98daef82e954d52cec1fc402c3086|page=07|physical_row=0032|station_section=2:Delhi|printed_row=15,107983dc72d381e6897a5a333556946adcc98daef82e954d52cec1fc402c3086,7,32,2,Delhi,15,p07-r15-n0350,p07-r15-n0350-arrival,arrival,AMD,DEL,AI 2546,AIC,AI,1234567,2026-03-29,2026-10-24,00:45,raw_time_basis_unknown,ai-s26-f624c50696d416,current,confirmed_exact_designator
sha256=107983dc72d381e6897a5a333556946adcc98daef82e954d52cec1fc402c3086|page=07|physical_row=0033|station_section=2:Delhi|printed_row=16,107983dc72d381e6897a5a333556946adcc98daef82e954d52cec1fc402c3086,7,33,2,Delhi,16,p07-r16-n0351,p07-r16-n0351-arrival,arrival,BLR,DEL,AI 2814,AIC,AI,1234567,2026-03-30,2026-10-24,00:55,raw_time_basis_unknown,ai-s26-daddabdfdf712c,current,confirmed_exact_designator
sha256=107983dc72d381e6897a5a333556946adcc98daef82e954d52cec1fc402c3086|page=07|physical_row=0034|station_section=2:Delhi|printed_row=17,107983dc72d381e6897a5a333556946adcc98daef82e954d52cec1fc402c3086,7,34,2,Delhi,17,p07-r17-n0352,p07-r17-n0352-arrival,arrival,HYD,DEL,AI 1880,AIC,AI,1234567,2026-03-29,2026-10-24,01:00,raw_time_basis_unknown,ai-s26-157bfe7ff79866,current,confirmed_exact_designator
sha256=107983dc72d381e6897a5a333556946adcc98daef82e954d52cec1fc402c3086|page=07|physical_row=0035|station_section=2:Delhi|printed_row=18,107983dc72d381e6897a5a333556946adcc98daef82e954d52cec1fc402c3086,7,35,2,Delhi,18,p07-r18-n0353,p07-r18-n0353-arrival,arrival,LKO,DEL,AI 2461,AIC,AI,7,2026-03-29,2026-03-29,01:00,raw_time_basis_unknown,ai-s26-15eb26e2f5cf2a,expired,expired_not_compared_to_baseline
sha256=107983dc72d381e6897a5a333556946adcc98daef82e954d52cec1fc402c3086|page=07|physical_row=0036|station_section=2:Delhi|printed_row=19,107983dc72d381e6897a5a333556946adcc98daef82e954d52cec1fc402c3086,7,36,2,Delhi,19,p07-r19-n0354,p07-r19-n0354-arrival,arrival,BOM,DEL,AI 2986,AIC,AI,1234567,2026-03-29,2026-10-24,01:00,raw_time_basis_unknown,ai-s26-6ad00497a08110,current,confirmed_exact_designator
sha256=107983dc72d381e6897a5a333556946adcc98daef82e954d52cec1fc402c3086|page=07|physical_row=0037|station_section=2:Delhi|printed_row=20,107983dc72d381e6897a5a333556946adcc98daef82e954d52cec1fc402c3086,7,37,2,Delhi,20,p07-r20-n0355,p07-r20-n0355-arrival,arrival,MAA,DEL,AI 2838,AIC,AI,7,2026-03-29,2026-03-29,01:05,raw_time_basis_unknown,ai-s26-b38b91991d34ad,expired,expired_not_compared_to_baseline
sha256=107983dc72d381e6897a5a333556946adcc98daef82e954d52cec1fc402c3086|page=07|physical_row=0038|station_section=2:Delhi|printed_row=21,107983dc72d381e6897a5a333556946adcc98daef82e954d52cec1fc402c3086,7,38,2,Delhi,21,p07-r21-n0356,p07-r21-n0356-arrival,arrival,BLR,DEL,AI 2488,AIC,AI,1234567,2026-03-29,2026-10-24,01:25,raw_time_basis_unknown,ai-s26-3657b7fe02a180,current,confirmed_exact_designator
sha256=107983dc72d381e6897a5a333556946adcc98daef82e954d52cec1fc402c3086|page=07|physical_row=0039|station_section=2:Delhi|printed_row=22,107983dc72d381e6897a5a333556946adcc98daef82e954d52cec1fc402c3086,7,39,2,Delhi,22,p07-r22-n0357,p07-r22-n0357-arrival,arrival,HYD,DEL,AI 2776,AIC,AI,1234567,2026-03-29,2026-10-24,02:00,raw_time_basis_unknown,ai-s26-b276f6c31869c1,current,confirmed_exact_designator
sha256=107983dc72d381e6897a5a333556946adcc98daef82e954d52cec1fc402c3086|page=07|physical_row=0040|station_section=2:Delhi|printed_row=23,107983dc72d381e6897a5a333556946adcc98daef82e954d52cec1fc402c3086,7,40,2,Delhi,23,p07-r23-n0358,p07-r23-n0358-departure,departure,DEL,HYD,AI 2577,AIC,AI,1234567,2026-03-29,2026-10-24,02:00,raw_time_basis_unknown,ai-s26-dd94a6bb198ee1,current,confirmed_exact_designator
sha256=107983dc72d381e6897a5a333556946adcc98daef82e954d52cec1fc402c3086|page=07|physical_row=0041|station_section=2:Delhi|printed_row=24,107983dc72d381e6897a5a333556946adcc98daef82e954d52cec1fc402c3086,7,41,2,Delhi,24,p07-r24-n0359,p07-r24-n0359-arrival,arrival,BOM,DEL,AI 1882,AIC,AI,1234567,2026-03-29,2026-10-24,02:15,raw_time_basis_unknown,ai-s26-ddc8bbc4346750,current,confirmed_exact_designator
sha256=107983dc72d381e6897a5a333556946adcc98daef82e954d52cec1fc402c3086|page=07|physical_row=0042|station_section=2:Delhi|printed_row=25,107983dc72d381e6897a5a333556946adcc98daef82e954d52cec1fc402c3086,7,42,2,Delhi,25,p07-r25-n0360,p07-r25-n0360-departure,departure,DEL,MAA,AI 2885,AIC,AI,1234567,2026-03-29,2026-10-24,02:15,raw_time_basis_unknown,ai-s26-fdd5d0191adedf,current,confirmed_exact_designator
sha256=107983dc72d381e6897a5a333556946adcc98daef82e954d52cec1fc402c3086|page=07|physical_row=0043|station_section=2:Delhi|printed_row=26,107983dc72d381e6897a5a333556946adcc98daef82e954d52cec1fc402c3086,7,43,2,Delhi,26,p07-r26-n0361,p07-r26-n0361-arrival,arrival,COK,DEL,AI 506,AIC,AI,7,2026-03-29,2026-03-29,02:25,raw_time_basis_unknown,ai-s26-2576d09b80dd25,expired,expired_not_compared_to_baseline
sha256=107983dc72d381e6897a5a333556946adcc98daef82e954d52cec1fc402c3086|page=07|physical_row=0044|station_section=2:Delhi|printed_row=27,107983dc72d381e6897a5a333556946adcc98daef82e954d52cec1fc402c3086,7,44,2,Delhi,27,p07-r27-n0362,p07-r27-n0362-arrival,arrival,COK,DEL,AI 1858,AIC,AI,1234567,2026-03-29,2026-10-24,02:25,raw_time_basis_unknown,ai-s26-34696f788bf86c,current,confirmed_exact_designator
sha256=107983dc72d381e6897a5a333556946adcc98daef82e954d52cec1fc402c3086|page=07|physical_row=0045|station_section=2:Delhi|printed_row=28,107983dc72d381e6897a5a333556946adcc98daef82e954d52cec1fc402c3086,7,45,2,Delhi,28,p07-r28-n0363,p07-r28-n0363-departure,departure,DEL,CCU,AI 2702,AIC,AI,1234567,2026-03-29,2026-10-24,02:30,raw_time_basis_unknown,ai-s26-3c24e8deaf73be,current,confirmed_exact_designator
sha256=107983dc72d381e6897a5a333556946adcc98daef82e954d52cec1fc402c3086|page=07|physical_row=0046|station_section=2:Delhi|printed_row=29,107983dc72d381e6897a5a333556946adcc98daef82e954d52cec1fc402c3086,7,46,2,Delhi,29,p07-r29-n0364,p07-r29-n0364-arrival,arrival,PNQ,DEL,AI 2608,AIC,AI,1234567,2026-03-29,2026-10-24,03:00,raw_time_basis_unknown,ai-s26-8f98cd60d5b515,current,confirmed_exact_designator
sha256=107983dc72d381e6897a5a333556946adcc98daef82e954d52cec1fc402c3086|page=07|physical_row=0047|station_section=2:Delhi|printed_row=30,107983dc72d381e6897a5a333556946adcc98daef82e954d52cec1fc402c3086,7,47,2,Delhi,30,p07-r30-n0365,p07-r30-n0365-arrival,arrival,CCU,DEL,AI 1832,AIC,AI,1234567,2026-03-29,2026-10-24,03:05,raw_time_basis_unknown,ai-s26-0b9c24ded57fc0,current,confirmed_exact_designator
sha256=107983dc72d381e6897a5a333556946adcc98daef82e954d52cec1fc402c3086|page=07|physical_row=0048|station_section=2:Delhi|printed_row=31,107983dc72d381e6897a5a333556946adcc98daef82e954d52cec1fc402c3086,7,48,2,Delhi,31,p07-r31-n0366,p07-r31-n0366-arrival,arrival,BLR,DEL,AI 2758,AIC,AI,1234567,2026-03-29,2026-10-24,03:10,raw_time_basis_unknown,ai-s26-55572e85f6092e,current,confirmed_exact_designator
sha256=107983dc72d381e6897a5a333556946adcc98daef82e954d52cec1fc402c3086|page=07|physical_row=0049|station_section=2:Delhi|printed_row=32,107983dc72d381e6897a5a333556946adcc98daef82e954d52cec1fc402c3086,7,49,2,Delhi,32,p07-r32-n0367,p07-r32-n0367-arrival,arrival,BOM,DEL,AI 2422,AIC,AI,1234567,2026-03-29,2026-10-23,03:20,raw_time_basis_unknown,ai-s26-af8b63558aafa1,current,confirmed_exact_designator
sha256=107983dc72d381e6897a5a333556946adcc98daef82e954d52cec1fc402c3086|page=07|physical_row=0050|station_section=2:Delhi|printed_row=33,107983dc72d381e6897a5a333556946adcc98daef82e954d52cec1fc402c3086,7,50,2,Delhi,33,p07-r33-n0368,p07-r33-n0368-departure,departure,DEL,BLR,AI 2653,AIC,AI,1234567,2026-03-29,2026-10-24,04:30,raw_time_basis_unknown,ai-s26-abdc158a21b16d,current,confirmed_exact_designator
sha256=107983dc72d381e6897a5a333556946adcc98daef82e954d52cec1fc402c3086|page=07|physical_row=0051|station_section=2:Delhi|printed_row=34,107983dc72d381e6897a5a333556946adcc98daef82e954d52cec1fc402c3086,7,51,2,Delhi,34,p07-r34-n0369,p07-r34-n0369-departure,departure,DEL,PNQ,AI 2469,AIC,AI,6,2026-04-04,2026-10-24,04:45,raw_time_basis_unknown,ai-s26-0fcf49d7975165,current,confirmed_exact_designator
sha256=107983dc72d381e6897a5a333556946adcc98daef82e954d52cec1fc402c3086|page=07|physical_row=0052|station_section=2:Delhi|printed_row=35,107983dc72d381e6897a5a333556946adcc98daef82e954d52cec1fc402c3086,7,52,2,Delhi,35,p07-r35-n0370,p07-r35-n0370-departure,departure,DEL,PNQ,AI 2469,AIC,AI,123457,2026-03-29,2026-10-23,04:45,raw_time_basis_unknown,ai-s26-0edca999299efc,current,confirmed_exact_designator
sha256=107983dc72d381e6897a5a333556946adcc98daef82e954d52cec1fc402c3086|page=07|physical_row=0053|station_section=2:Delhi|printed_row=36,107983dc72d381e6897a5a333556946adcc98daef82e954d52cec1fc402c3086,7,53,2,Delhi,36,p07-r36-n0371,p07-r36-n0371-departure,departure,DEL,IXL,AI 2479,AIC,AI,1234567,2026-03-29,2026-10-24,04:55,raw_time_basis_unknown,ai-s26-47f50bcee7b5c0,current,confirmed_exact_designator
sha256=107983dc72d381e6897a5a333556946adcc98daef82e954d52cec1fc402c3086|page=07|physical_row=0054|station_section=2:Delhi|printed_row=37,107983dc72d381e6897a5a333556946adcc98daef82e954d52cec1fc402c3086,7,54,2,Delhi,37,p07-r37-n0372,p07-r37-n0372-departure,departure,DEL,ATQ,AI 1703,AIC,AI,1234567,2026-03-29,2026-10-24,05:10,raw_time_basis_unknown,ai-s26-681c260909e6c9,current,confirmed_exact_designator
sha256=107983dc72d381e6897a5a333556946adcc98daef82e954d52cec1fc402c3086|page=07|physical_row=0055|station_section=2:Delhi|printed_row=38,107983dc72d381e6897a5a333556946adcc98daef82e954d52cec1fc402c3086,7,55,2,Delhi,38,p07-r38-n0373,p07-r38-n0373-arrival,arrival,BOM,DEL,AI 2452,AIC,AI,5,2026-04-03,2026-10-23,05:25,raw_time_basis_unknown,ai-s26-6322febd2dd7f4,current,confirmed_exact_designator
sha256=107983dc72d381e6897a5a333556946adcc98daef82e954d52cec1fc402c3086|page=07|physical_row=0056|station_section=2:Delhi|printed_row=39,107983dc72d381e6897a5a333556946adcc98daef82e954d52cec1fc402c3086,7,56,2,Delhi,39,p07-r39-n0374,p07-r39-n0374-departure,departure,DEL,BOM,AI 1745,AIC,AI,1234567,2026-03-29,2026-10-24,05:30,raw_time_basis_unknown,ai-s26-40333c0d0e2d72,current,confirmed_exact_designator
sha256=107983dc72d381e6897a5a333556946adcc98daef82e954d52cec1fc402c3086|page=07|physical_row=0057|station_section=2:Delhi|printed_row=40,107983dc72d381e6897a5a333556946adcc98daef82e954d52cec1fc402c3086,7,57,2,Delhi,40,p07-r40-n0375,p07-r40-n0375-departure,departure,DEL,SXR,AI 3427,AIC,AI,1367,2026-03-29,2026-10-24,05:30,raw_time_basis_unknown,ai-s26-f7ae5926520c80,current,confirmed_exact_designator
sha256=107983dc72d381e6897a5a333556946adcc98daef82e954d52cec1fc402c3086|page=08|physical_row=0001|station_section=1:Delhi|printed_row=41,107983dc72d381e6897a5a333556946adcc98daef82e954d52cec1fc402c3086,8,1,1,Delhi,41,p08-r41-n0376,p08-r41-n0376-departure,departure,DEL,IDR,AI 1725,AIC,AI,1234567,2026-03-29,2026-10-24,05:40,raw_time_basis_unknown,ai-s26-aa05fcfbc52978,current,confirmed_exact_designator
sha256=107983dc72d381e6897a5a333556946adcc98daef82e954d52cec1fc402c3086|page=08|physical_row=0002|station_section=1:Delhi|printed_row=42,107983dc72d381e6897a5a333556946adcc98daef82e954d52cec1fc402c3086,8,2,1,Delhi,42,p08-r42-n0377,p08-r42-n0377-departure,departure,DEL,BDQ,AI 1701,AIC,AI,1234567,2026-03-29,2026-10-24,05:45,raw_time_basis_unknown,ai-s26-d711ab4d9a3185,current,confirmed_exact_designator
sha256=107983dc72d381e6897a5a333556946adcc98daef82e954d52cec1fc402c3086|page=08|physical_row=0003|station_section=1:Delhi|printed_row=43,107983dc72d381e6897a5a333556946adcc98daef82e954d52cec1fc402c3086,8,3,1,Delhi,43,p08-r43-n0378,p08-r43-n0378-departure,departure,DEL,PNQ,AI 1797,AIC,AI,1234567,2026-03-29,2026-10-24,05:45,raw_time_basis_unknown,ai-s26-c6613e94730101,current,confirmed_exact_designator
sha256=107983dc72d381e6897a5a333556946adcc98daef82e954d52cec1fc402c3086|page=08|physical_row=0004|station_section=1:Delhi|printed_row=44,107983dc72d381e6897a5a333556946adcc98daef82e954d52cec1fc402c3086,8,4,1,Delhi,44,p08-r44-n0379,p08-r44-n0379-departure,departure,DEL,VGA,AI 2571,AIC,AI,1234567,2026-03-29,2026-10-24,05:45,raw_time_basis_unknown,ai-s26-fe7f42764a011c,current,confirmed_exact_designator
sha256=107983dc72d381e6897a5a333556946adcc98daef82e954d52cec1fc402c3086|page=08|physical_row=0005|station_section=1:Delhi|printed_row=45,107983dc72d381e6897a5a333556946adcc98daef82e954d52cec1fc402c3086,8,5,1,Delhi,45,p08-r45-n0380,p08-r45-n0380-departure,departure,DEL,IXL,AI 3425,AIC,AI,123467,2026-03-29,2026-10-24,05:50,raw_time_basis_unknown,ai-s26-4c32506330825d,current,confirmed_exact_designator
sha256=107983dc72d381e6897a5a333556946adcc98daef82e954d52cec1fc402c3086|page=08|physical_row=0006|station_section=1:Delhi|printed_row=46,107983dc72d381e6897a5a333556946adcc98daef82e954d52cec1fc402c3086,8,6,1,Delhi,46,p08-r46-n0381,p08-r46-n0381-departure,departure,DEL,AMD,AI 817,AIC,AI,1234567,2026-03-29,2026-10-24,05:55,raw_time_basis_unknown,ai-s26-ab62cf0fac4a93,current,confirmed_exact_designator
sha256=107983dc72d381e6897a5a333556946adcc98daef82e954d52cec1fc402c3086|page=08|physical_row=0007|station_section=1:Delhi|printed_row=47,107983dc72d381e6897a5a333556946adcc98daef82e954d52cec1fc402c3086,8,7,1,Delhi,47,p08-r47-n0382,p08-r47-n0382-departure,departure,DEL,IXU,AI 1727,AIC,AI,1234567,2026-03-29,2026-10-24,05:55,raw_time_basis_unknown,ai-s26-305c7deafc8c98,current,confirmed_exact_designator
sha256=107983dc72d381e6897a5a333556946adcc98daef82e954d52cec1fc402c3086|page=08|physical_row=0008|station_section=1:Delhi|printed_row=48,107983dc72d381e6897a5a333556946adcc98daef82e954d52cec1fc402c3086,8,8,1,Delhi,48,p08-r48-n0383,p08-r48-n0383-departure,departure,DEL,HYD,AI 1793,AIC,AI,1234567,2026-03-29,2026-10-24,06:00,raw_time_basis_unknown,ai-s26-eca27dfacb199e,current,confirmed_exact_designator
sha256=107983dc72d381e6897a5a333556946adcc98daef82e954d52cec1fc402c3086|page=08|physical_row=0009|station_section=1:Delhi|printed_row=49,107983dc72d381e6897a5a333556946adcc98daef82e954d52cec1fc402c3086,8,9,1,Delhi,49,p08-r49-n0384,p08-r49-n0384-departure,departure,DEL,BLR,AI 2409,AIC,AI,1234567,2026-03-29,2026-10-24,06:00,raw_time_basis_unknown,ai-s26-05ace062684467,current,confirmed_exact_designator
sha256=107983dc72d381e6897a5a333556946adcc98daef82e954d52cec1fc402c3086|page=08|physical_row=0010|station_section=1:Delhi|printed_row=50,107983dc72d381e6897a5a333556946adcc98daef82e954d52cec1fc402c3086,8,10,1,Delhi,50,p08-r50-n0385,p08-r50-n0385-departure,departure,DEL,LKO,AI 2499,AIC,AI,1234567,2026-03-29,2026-10-24,06:00,raw_time_basis_unknown,ai-s26-5e0cd3b206ce52,current,confirmed_exact_designator
sha256=107983dc72d381e6897a5a333556946adcc98daef82e954d52cec1fc402c3086|page=08|physical_row=0011|station_section=1:Delhi|printed_row=51,107983dc72d381e6897a5a333556946adcc98daef82e954d52cec1fc402c3086,8,11,1,Delhi,51,p08-r51-n0386,p08-r51-n0386-departure,departure,DEL,MAA,AI 2525,AIC,AI,123457,2026-03-29,2026-10-23,06:00,raw_time_basis_unknown,ai-s26-b161b7263dae41,current,confirmed_exact_designator
sha256=107983dc72d381e6897a5a333556946adcc98daef82e954d52cec1fc402c3086|page=08|physical_row=0012|station_section=1:Delhi|printed_row=52,107983dc72d381e6897a5a333556946adcc98daef82e954d52cec1fc402c3086,8,12,1,Delhi,52,p08-r52-n0387,p08-r52-n0387-departure,departure,DEL,MAA,AI 2525,AIC,AI,6,2026-04-04,2026-10-24,06:00,raw_time_basis_unknown,ai-s26-a691517982d5b4,current,confirmed_exact_designator
sha256=107983dc72d381e6897a5a333556946adcc98daef82e954d52cec1fc402c3086|page=08|physical_row=0013|station_section=1:Delhi|printed_row=53,107983dc72d381e6897a5a333556946adcc98daef82e954d52cec1fc402c3086,8,13,1,Delhi,53,p08-r53-n0388,p08-r53-n0388-departure,departure,DEL,NAG,AI 415,AIC,AI,1234567,2026-03-29,2026-10-24,06:20,raw_time_basis_unknown,ai-s26-72f6717c770d10,current,confirmed_exact_designator
sha256=107983dc72d381e6897a5a333556946adcc98daef82e954d52cec1fc402c3086|page=08|physical_row=0014|station_section=1:Delhi|printed_row=54,107983dc72d381e6897a5a333556946adcc98daef82e954d52cec1fc402c3086,8,14,1,Delhi,54,p08-r54-n0389,p08-r54-n0389-departure,departure,DEL,BHO,AI 1705,AIC,AI,1234567,2026-03-29,2026-10-24,06:30,raw_time_basis_unknown,ai-s26-d0339bf61ed417,current,confirmed_exact_designator
sha256=107983dc72d381e6897a5a333556946adcc98daef82e954d52cec1fc402c3086|page=08|physical_row=0015|station_section=1:Delhi|printed_row=55,107983dc72d381e6897a5a333556946adcc98daef82e954d52cec1fc402c3086,8,15,1,Delhi,55,p08-r55-n0390,p08-r55-n0390-departure,departure,DEL,RPR,AI 1729,AIC,AI,1234567,2026-03-29,2026-10-24,06:30,raw_time_basis_unknown,ai-s26-e7cd329ff3d77d,current,confirmed_exact_designator
sha256=107983dc72d381e6897a5a333556946adcc98daef82e954d52cec1fc402c3086|page=08|physical_row=0016|station_section=1:Delhi|printed_row=56,107983dc72d381e6897a5a333556946adcc98daef82e954d52cec1fc402c3086,8,16,1,Delhi,56,p08-r56-n0391,p08-r56-n0391-departure,departure,DEL,SXR,AI 2611,AIC,AI,1367,2026-03-29,2026-10-24,06:30,raw_time_basis_unknown,ai-s26-dce31184faba13,current,confirmed_exact_designator
sha256=107983dc72d381e6897a5a333556946adcc98daef82e954d52cec1fc402c3086|page=08|physical_row=0017|station_section=1:Delhi|printed_row=57,107983dc72d381e6897a5a333556946adcc98daef82e954d52cec1fc402c3086,8,17,1,Delhi,57,p08-r57-n0392,p08-r57-n0392-departure,departure,DEL,BLR,AI 2803,AIC,AI,1234567,2026-03-29,2026-10-24,06:30,raw_time_basis_unknown,ai-s26-f68108b378143b,current,confirmed_exact_designator
sha256=107983dc72d381e6897a5a333556946adcc98daef82e954d52cec1fc402c3086|page=08|physical_row=0018|station_section=1:Delhi|printed_row=58,107983dc72d381e6897a5a333556946adcc98daef82e954d52cec1fc402c3086,8,18,1,Delhi,58,p08-r58-n0393,p08-r58-n0393-departure,departure,DEL,BOM,AI 2975,AIC,AI,1234567,2026-03-29,2026-10-24,06:30,raw_time_basis_unknown,ai-s26-3c1ac5145311b4,current,confirmed_exact_designator
sha256=107983dc72d381e6897a5a333556946adcc98daef82e954d52cec1fc402c3086|page=08|physical_row=0019|station_section=1:Delhi|printed_row=59,107983dc72d381e6897a5a333556946adcc98daef82e954d52cec1fc402c3086,8,19,1,Delhi,59,p08-r59-n0394,p08-r59-n0394-departure,departure,DEL,GAU,AI 879,AIC,AI,1234567,2026-03-29,2026-10-24,06:40,raw_time_basis_unknown,ai-s26-3e1963e529aa10,current,confirmed_exact_designator
sha256=107983dc72d381e6897a5a333556946adcc98daef82e954d52cec1fc402c3086|page=08|physical_row=0020|station_section=1:Delhi|printed_row=60,107983dc72d381e6897a5a333556946adcc98daef82e954d52cec1fc402c3086,8,20,1,Delhi,60,p08-r60-n0395,p08-r60-n0395-departure,departure,DEL,SXR,AI 1799,AIC,AI,1234567,2026-03-31,2026-10-23,06:40,raw_time_basis_unknown,ai-s26-321911eb7a8d72,current,confirmed_exact_designator
sha256=107983dc72d381e6897a5a333556946adcc98daef82e954d52cec1fc402c3086|page=08|physical_row=0021|station_section=1:Delhi|printed_row=61,107983dc72d381e6897a5a333556946adcc98daef82e954d52cec1fc402c3086,8,21,1,Delhi,61,p08-r61-n0396,p08-r61-n0396-departure,departure,DEL,IXL,AI 2463,AIC,AI,1234567,2026-03-29,2026-10-24,06:40,raw_time_basis_unknown,ai-s26-e3d156deb4e468,current,confirmed_exact_designator
sha256=107983dc72d381e6897a5a333556946adcc98daef82e954d52cec1fc402c3086|page=08|physical_row=0022|station_section=1:Delhi|printed_row=62,107983dc72d381e6897a5a333556946adcc98daef82e954d52cec1fc402c3086,8,22,1,Delhi,62,p08-r62-n0397,p08-r62-n0397-departure,departure,DEL,CCU,AI 2535,AIC,AI,1234567,2026-03-29,2026-10-24,06:40,raw_time_basis_unknown,ai-s26-553f4a38681a98,current,confirmed_exact_designator
sha256=107983dc72d381e6897a5a333556946adcc98daef82e954d52cec1fc402c3086|page=08|physical_row=0023|station_section=1:Delhi|printed_row=63,107983dc72d381e6897a5a333556946adcc98daef82e954d52cec1fc402c3086,8,23,1,Delhi,63,p08-r63-n0398,p08-r63-n0398-departure,departure,DEL,IXL,AI 3419,AIC,AI,36,2026-04-04,2026-10-24,06:40,raw_time_basis_unknown,ai-s26-340c2b7e11f72c,current,confirmed_exact_designator
sha256=107983dc72d381e6897a5a333556946adcc98daef82e954d52cec1fc402c3086|page=08|physical_row=0024|station_section=1:Delhi|printed_row=64,107983dc72d381e6897a5a333556946adcc98daef82e954d52cec1fc402c3086,8,24,1,Delhi,64,p08-r64-n0399,p08-r64-n0399-departure,departure,DEL,IXL,AI 2461,AIC,AI,246,2026-03-31,2026-10-24,06:50,raw_time_basis_unknown,ai-s26-88592ac994e0b9,current,confirmed_exact_designator
sha256=107983dc72d381e6897a5a333556946adcc98daef82e954d52cec1fc402c3086|page=08|physical_row=0025|station_section=1:Delhi|printed_row=65,107983dc72d381e6897a5a333556946adcc98daef82e954d52cec1fc402c3086,8,25,1,Delhi,65,p08-r65-n0400,p08-r65-n0400-departure,departure,DEL,BOM,AI 2429,AIC,AI,1234567,2026-03-29,2026-10-24,07:00,raw_time_basis_unknown,ai-s26-77b23a4be5bc07,current,confirmed_exact_designator
sha256=107983dc72d381e6897a5a333556946adcc98daef82e954d52cec1fc402c3086|page=08|physical_row=0026|station_section=1:Delhi|printed_row=66,107983dc72d381e6897a5a333556946adcc98daef82e954d52cec1fc402c3086,8,26,1,Delhi,66,p08-r66-n0401,p08-r66-n0401-departure,departure,DEL,HYD,AI 2560,AIC,AI,1234567,2026-03-29,2026-10-24,07:00,raw_time_basis_unknown,ai-s26-ec01d6072d7c86,current,confirmed_exact_designator
sha256=107983dc72d381e6897a5a333556946adcc98daef82e954d52cec1fc402c3086|page=08|physical_row=0027|station_section=1:Delhi|printed_row=67,107983dc72d381e6897a5a333556946adcc98daef82e954d52cec1fc402c3086,8,27,1,Delhi,67,p08-r67-n0402,p08-r67-n0402-departure,departure,DEL,BLR,AI 2815,AIC,AI,1234567,2026-03-29,2026-10-24,07:00,raw_time_basis_unknown,ai-s26-2c1af5825d3467,current,confirmed_exact_designator
sha256=107983dc72d381e6897a5a333556946adcc98daef82e954d52cec1fc402c3086|page=08|physical_row=0028|station_section=1:Delhi|printed_row=68,107983dc72d381e6897a5a333556946adcc98daef82e954d52cec1fc402c3086,8,28,1,Delhi,68,p08-r68-n0403,p08-r68-n0403-arrival,arrival,LKO,DEL,AI 2478,AIC,AI,7,2026-03-29,2026-03-29,07:05,raw_time_basis_unknown,ai-s26-11dc3aa70a8d8a,expired,expired_not_compared_to_baseline
sha256=107983dc72d381e6897a5a333556946adcc98daef82e954d52cec1fc402c3086|page=08|physical_row=0029|station_section=1:Delhi|printed_row=69,107983dc72d381e6897a5a333556946adcc98daef82e954d52cec1fc402c3086,8,29,1,Delhi,69,p08-r69-n0404,p08-r69-n0404-departure,departure,DEL,BBI,AI 1747,AIC,AI,1234567,2026-03-29,2026-10-24,07:10,raw_time_basis_unknown,ai-s26-3ca4630d8baa71,current,confirmed_exact_designator
sha256=107983dc72d381e6897a5a333556946adcc98daef82e954d52cec1fc402c3086|page=08|physical_row=0030|station_section=1:Delhi|printed_row=70,107983dc72d381e6897a5a333556946adcc98daef82e954d52cec1fc402c3086,8,30,1,Delhi,70,p08-r70-n0405,p08-r70-n0405-departure,departure,DEL,TRV,AI 1769,AIC,AI,1234567,2026-03-29,2026-10-24,07:10,raw_time_basis_unknown,ai-s26-95b6f15a2c5973,current,confirmed_exact_designator
sha256=107983dc72d381e6897a5a333556946adcc98daef82e954d52cec1fc402c3086|page=08|physical_row=0031|station_section=1:Delhi|printed_row=71,107983dc72d381e6897a5a333556946adcc98daef82e954d52cec1fc402c3086,8,31,1,Delhi,71,p08-r71-n0406,p08-r71-n0406-departure,departure,DEL,AMD,AI 2959,AIC,AI,1234567,2026-03-29,2026-10-24,07:10,raw_time_basis_unknown,ai-s26-ae983bc748b1d5,current,confirmed_exact_designator
sha256=107983dc72d381e6897a5a333556946adcc98daef82e954d52cec1fc402c3086|page=08|physical_row=0032|station_section=1:Delhi|printed_row=72,107983dc72d381e6897a5a333556946adcc98daef82e954d52cec1fc402c3086,8,32,1,Delhi,72,p08-r72-n0407,p08-r72-n0407-departure,departure,DEL,COK,AI 1715,AIC,AI,1234567,2026-03-29,2026-10-24,07:20,raw_time_basis_unknown,ai-s26-35d9dc647dcbd9,current,confirmed_exact_designator
sha256=107983dc72d381e6897a5a333556946adcc98daef82e954d52cec1fc402c3086|page=08|physical_row=0033|station_section=1:Delhi|printed_row=73,107983dc72d381e6897a5a333556946adcc98daef82e954d52cec1fc402c3086,8,33,1,Delhi,73,p08-r73-n0408,p08-r73-n0408-departure,departure,DEL,IXC,AI 1743,AIC,AI,1234567,2026-03-30,2026-10-24,07:20,raw_time_basis_unknown,ai-s26-e194d843040e81,current,confirmed_exact_designator
sha256=107983dc72d381e6897a5a333556946adcc98daef82e954d52cec1fc402c3086|page=08|physical_row=0034|station_section=1:Delhi|printed_row=74,107983dc72d381e6897a5a333556946adcc98daef82e954d52cec1fc402c3086,8,34,1,Delhi,74,p08-r74-n0409,p08-r74-n0409-departure,departure,DEL,JAI,AI 1767,AIC,AI,1234567,2026-03-29,2026-10-24,07:20,raw_time_basis_unknown,ai-s26-8061f706b24af0,current,confirmed_exact_designator
sha256=107983dc72d381e6897a5a333556946adcc98daef82e954d52cec1fc402c3086|page=08|physical_row=0035|station_section=1:Delhi|printed_row=75,107983dc72d381e6897a5a333556946adcc98daef82e954d52cec1fc402c3086,8,35,1,Delhi,75,p08-r75-n0410,p08-r75-n0410-departure,departure,DEL,IXZ,AI 2937,AIC,AI,1234567,2026-03-29,2026-10-24,07:20,raw_time_basis_unknown,ai-s26-ee38aa22ccafe2,current,confirmed_exact_designator
sha256=107983dc72d381e6897a5a333556946adcc98daef82e954d52cec1fc402c3086|page=08|physical_row=0036|station_section=1:Delhi|printed_row=76,107983dc72d381e6897a5a333556946adcc98daef82e954d52cec1fc402c3086,8,36,1,Delhi,76,p08-r76-n0411,p08-r76-n0411-departure,departure,DEL,HSR,AI 885,AIC,AI,1234567,2026-03-29,2026-10-24,07:25,raw_time_basis_unknown,ai-s26-16a632239b4422,current,confirmed_exact_designator
sha256=107983dc72d381e6897a5a333556946adcc98daef82e954d52cec1fc402c3086|page=08|physical_row=0037|station_section=1:Delhi|printed_row=77,107983dc72d381e6897a5a333556946adcc98daef82e954d52cec1fc402c3086,8,37,1,Delhi,77,p08-r77-n0412,p08-r77-n0412-departure,departure,DEL,CCU,AI 2705,AIC,AI,1234567,2026-03-29,2026-10-24,07:30,raw_time_basis_unknown,ai-s26-605f43dcd98ce9,current,confirmed_exact_designator
sha256=107983dc72d381e6897a5a333556946adcc98daef82e954d52cec1fc402c3086|page=08|physical_row=0038|station_section=1:Delhi|printed_row=78,107983dc72d381e6897a5a333556946adcc98daef82e954d52cec1fc402c3086,8,38,1,Delhi,78,p08-r78-n0413,p08-r78-n0413-departure,departure,DEL,MAA,AI 2833,AIC,AI,1234567,2026-03-29,2026-10-24,07:30,raw_time_basis_unknown,ai-s26-cfe42db9d83791,current,confirmed_exact_designator
sha256=107983dc72d381e6897a5a333556946adcc98daef82e954d52cec1fc402c3086|page=08|physical_row=0039|station_section=1:Delhi|printed_row=79,107983dc72d381e6897a5a333556946adcc98daef82e954d52cec1fc402c3086,8,39,1,Delhi,79,p08-r79-n0414,p08-r79-n0414-departure,departure,DEL,BOM,AI 2943,AIC,AI,1234567,2026-03-29,2026-10-24,07:30,raw_time_basis_unknown,ai-s26-6604ca12b9a8f9,current,confirmed_exact_designator
sha256=107983dc72d381e6897a5a333556946adcc98daef82e954d52cec1fc402c3086|page=08|physical_row=0040|station_section=1:Delhi|printed_row=80,107983dc72d381e6897a5a333556946adcc98daef82e954d52cec1fc402c3086,8,40,1,Delhi,80,p08-r80-n0415,p08-r80-n0415-departure,departure,DEL,SXR,AI 3423,AIC,AI,1234567,2026-03-29,2026-10-24,07:30,raw_time_basis_unknown,ai-s26-f12259996dfb7e,current,confirmed_exact_designator
sha256=107983dc72d381e6897a5a333556946adcc98daef82e954d52cec1fc402c3086|page=08|physical_row=0041|station_section=1:Delhi|printed_row=81,107983dc72d381e6897a5a333556946adcc98daef82e954d52cec1fc402c3086,8,41,1,Delhi,81,p08-r81-n0416,p08-r81-n0416-arrival,arrival,TRV,DEL,AI 830,AIC,AI,1234567,2026-03-29,2026-10-24,07:45,raw_time_basis_unknown,ai-s26-e1a285aa40e2bc,current,confirmed_exact_designator
sha256=107983dc72d381e6897a5a333556946adcc98daef82e954d52cec1fc402c3086|page=08|physical_row=0042|station_section=1:Delhi|printed_row=82,107983dc72d381e6897a5a333556946adcc98daef82e954d52cec1fc402c3086,8,42,1,Delhi,82,p08-r82-n0417,p08-r82-n0417-arrival,arrival,MAA,DEL,AI 892,AIC,AI,7,2026-03-29,2026-03-29,07:45,raw_time_basis_unknown,ai-s26-1937f18aacb8a3,expired,expired_not_compared_to_baseline
sha256=107983dc72d381e6897a5a333556946adcc98daef82e954d52cec1fc402c3086|page=08|physical_row=0043|station_section=1:Delhi|printed_row=83,107983dc72d381e6897a5a333556946adcc98daef82e954d52cec1fc402c3086,8,43,1,Delhi,83,p08-r83-n0418,p08-r83-n0418-arrival,arrival,PNQ,DEL,AI 2404,AIC,AI,1234567,2026-03-29,2026-10-24,07:45,raw_time_basis_unknown,ai-s26-e661ea52ae568b,current,confirmed_exact_designator
sha256=107983dc72d381e6897a5a333556946adcc98daef82e954d52cec1fc402c3086|page=08|physical_row=0044|station_section=1:Delhi|printed_row=84,107983dc72d381e6897a5a333556946adcc98daef82e954d52cec1fc402c3086,8,44,1,Delhi,84,p08-r84-n0419,p08-r84-n0419-arrival,arrival,HYD,DEL,AI 1806,AIC,AI,1234567,2026-03-29,2026-10-24,07:55,raw_time_basis_unknown,ai-s26-9a737268ee38d7,current,confirmed_exact_designator
sha256=107983dc72d381e6897a5a333556946adcc98daef82e954d52cec1fc402c3086|page=08|physical_row=0045|station_section=1:Delhi|printed_row=85,107983dc72d381e6897a5a333556946adcc98daef82e954d52cec1fc402c3086,8,45,1,Delhi,85,p08-r85-n0420,p08-r85-n0420-departure,departure,DEL,PAT,AI 1749,AIC,AI,1234567,2026-03-29,2026-10-24,08:00,raw_time_basis_unknown,ai-s26-94c0000bb71357,current,confirmed_exact_designator
sha256=107983dc72d381e6897a5a333556946adcc98daef82e954d52cec1fc402c3086|page=08|physical_row=0046|station_section=1:Delhi|printed_row=86,107983dc72d381e6897a5a333556946adcc98daef82e954d52cec1fc402c3086,8,46,1,Delhi,86,p08-r86-n0421,p08-r86-n0421-departure,departure,DEL,VNS,AI 1765,AIC,AI,1234567,2026-03-29,2026-10-24,08:00,raw_time_basis_unknown,ai-s26-9a8b4928bce698,current,confirmed_exact_designator
sha256=107983dc72d381e6897a5a333556946adcc98daef82e954d52cec1fc402c3086|page=08|physical_row=0047|station_section=1:Delhi|printed_row=87,107983dc72d381e6897a5a333556946adcc98daef82e954d52cec1fc402c3086,8,47,1,Delhi,87,p08-r87-n0422,p08-r87-n0422-departure,departure,DEL,IXL,AI 2454,AIC,AI,1234567,2026-03-29,2026-10-24,08:00,raw_time_basis_unknown,ai-s26-b8f8ac2ca386da,current,confirmed_exact_designator
sha256=107983dc72d381e6897a5a333556946adcc98daef82e954d52cec1fc402c3086|page=08|physical_row=0048|station_section=1:Delhi|printed_row=88,107983dc72d381e6897a5a333556946adcc98daef82e954d52cec1fc402c3086,8,48,1,Delhi,88,p08-r88-n0423,p08-r88-n0423-departure,departure,DEL,BLR,AI 2651,AIC,AI,167,2026-03-29,2026-10-24,08:00,raw_time_basis_unknown,ai-s26-e14dd20ce44c00,current,confirmed_exact_designator
sha256=107983dc72d381e6897a5a333556946adcc98daef82e954d52cec1fc402c3086|page=08|physical_row=0049|station_section=1:Delhi|printed_row=89,107983dc72d381e6897a5a333556946adcc98daef82e954d52cec1fc402c3086,8,49,1,Delhi,89,p08-r89-n0424,p08-r89-n0424-departure,departure,DEL,BLR,AI 2651,AIC,AI,2345,2026-03-31,2026-10-23,08:00,raw_time_basis_unknown,ai-s26-c02678a3c6fb9d,current,confirmed_exact_designator
sha256=107983dc72d381e6897a5a333556946adcc98daef82e954d52cec1fc402c3086|page=08|physical_row=0050|station_section=1:Delhi|printed_row=90,107983dc72d381e6897a5a333556946adcc98daef82e954d52cec1fc402c3086,8,50,1,Delhi,90,p08-r90-n0425,p08-r90-n0425-departure,departure,DEL,ATQ,AI 495,AIC,AI,1234567,2026-03-29,2026-10-24,08:10,raw_time_basis_unknown,ai-s26-948b490f359adb,current,confirmed_exact_designator
sha256=107983dc72d381e6897a5a333556946adcc98daef82e954d52cec1fc402c3086|page=08|physical_row=0051|station_section=1:Delhi|printed_row=91,107983dc72d381e6897a5a333556946adcc98daef82e954d52cec1fc402c3086,8,51,1,Delhi,91,p08-r91-n0426,p08-r91-n0426-arrival,arrival,IXL,DEL,AI 2480,AIC,AI,1234567,2026-03-29,2026-10-24,08:15,raw_time_basis_unknown,ai-s26-f5654c5e4d8718,current,confirmed_exact_designator
sha256=107983dc72d381e6897a5a333556946adcc98daef82e954d52cec1fc402c3086|page=08|physical_row=0052|station_section=1:Delhi|printed_row=92,107983dc72d381e6897a5a333556946adcc98daef82e954d52cec1fc402c3086,8,52,1,Delhi,92,p08-r92-n0427,p08-r92-n0427-arrival,arrival,AMD,DEL,AI 2906,AIC,AI,1234567,2026-03-29,2026-10-24,08:15,raw_time_basis_unknown,ai-s26-d7d12ad21f2719,current,confirmed_exact_designator
sha256=107983dc72d381e6897a5a333556946adcc98daef82e954d52cec1fc402c3086|page=08|physical_row=0053|station_section=1:Delhi|printed_row=93,107983dc72d381e6897a5a333556946adcc98daef82e954d52cec1fc402c3086,8,53,1,Delhi,93,p08-r93-n0428,p08-r93-n0428-departure,departure,DEL,SXR,AI 1761,AIC,AI,1234567,2026-03-29,2026-04-05,08:20,raw_time_basis_unknown,ai-s26-61281500a0df25,expired,expired_not_compared_to_baseline
sha256=107983dc72d381e6897a5a333556946adcc98daef82e954d52cec1fc402c3086|page=08|physical_row=0054|station_section=1:Delhi|printed_row=94,107983dc72d381e6897a5a333556946adcc98daef82e954d52cec1fc402c3086,8,54,1,Delhi,94,p08-r94-n0429,p08-r94-n0429-departure,departure,DEL,SXR,AI 1761,AIC,AI,1234567,2026-04-06,2026-10-24,08:20,raw_time_basis_unknown,ai-s26-483e86c266ae32,current,confirmed_exact_designator
sha256=107983dc72d381e6897a5a333556946adcc98daef82e954d52cec1fc402c3086|page=08|physical_row=0055|station_section=1:Delhi|printed_row=95,107983dc72d381e6897a5a333556946adcc98daef82e954d52cec1fc402c3086,8,55,1,Delhi,95,p08-r95-n0430,p08-r95-n0430-arrival,arrival,ATQ,DEL,AI 1884,AIC,AI,1234567,2026-03-29,2026-10-24,08:25,raw_time_basis_unknown,ai-s26-07530aeead8111,current,confirmed_exact_designator
sha256=107983dc72d381e6897a5a333556946adcc98daef82e954d52cec1fc402c3086|page=08|physical_row=0056|station_section=1:Delhi|printed_row=96,107983dc72d381e6897a5a333556946adcc98daef82e954d52cec1fc402c3086,8,56,1,Delhi,96,p08-r96-n0431,p08-r96-n0431-arrival,arrival,BLR,DEL,AI 2414,AIC,AI,1234567,2026-03-29,2026-10-24,08:25,raw_time_basis_unknown,ai-s26-3bc4836708bdad,current,confirmed_exact_designator
sha256=107983dc72d381e6897a5a333556946adcc98daef82e954d52cec1fc402c3086|page=08|physical_row=0057|station_section=1:Delhi|printed_row=97,107983dc72d381e6897a5a333556946adcc98daef82e954d52cec1fc402c3086,8,57,1,Delhi,97,p08-r97-n0432,p08-r97-n0432-departure,departure,DEL,BLR,AI 427,AIC,AI,45,2026-04-02,2026-06-26,08:30,raw_time_basis_unknown,ai-s26-b0ad289a120202,expired,expired_not_compared_to_baseline
sha256=107983dc72d381e6897a5a333556946adcc98daef82e954d52cec1fc402c3086|page=08|physical_row=0058|station_section=1:Delhi|printed_row=98,107983dc72d381e6897a5a333556946adcc98daef82e954d52cec1fc402c3086,8,58,1,Delhi,98,p08-r98-n0433,p08-r98-n0433-departure,departure,DEL,BLR,AI 427,AIC,AI,45,2026-07-02,2026-07-31,08:30,raw_time_basis_unknown,ai-s26-ade63d1c44b606,expired,expired_not_compared_to_baseline
sha256=107983dc72d381e6897a5a333556946adcc98daef82e954d52cec1fc402c3086|page=09|physical_row=0001|station_section=1:Delhi|printed_row=99,107983dc72d381e6897a5a333556946adcc98daef82e954d52cec1fc402c3086,9,1,1,Delhi,99,p09-r99-n0434,p09-r99-n0434-departure,departure,DEL,BLR,AI 427,AIC,AI,136,2026-03-30,2026-06-29,08:30,raw_time_basis_unknown,ai-s26-801eed9b40666f,expired,expired_not_compared_to_baseline
sha256=107983dc72d381e6897a5a333556946adcc98daef82e954d52cec1fc402c3086|page=09|physical_row=0002|station_section=1:Delhi|printed_row=100,107983dc72d381e6897a5a333556946adcc98daef82e954d52cec1fc402c3086,9,2,1,Delhi,100,p09-r100-n0435,p09-r100-n0435-departure,departure,DEL,BLR,AI 427,AIC,AI,136,2026-07-01,2026-07-29,08:30,raw_time_basis_unknown,ai-s26-106ed08da59789,expired,expired_not_compared_to_baseline
sha256=107983dc72d381e6897a5a333556946adcc98daef82e954d52cec1fc402c3086|page=09|physical_row=0003|station_section=1:Delhi|printed_row=101,107983dc72d381e6897a5a333556946adcc98daef82e954d52cec1fc402c3086,9,3,1,Delhi,101,p09-r101-n0436,p09-r101-n0436-departure,departure,DEL,BLR,AI 427,AIC,AI,45,2026-08-06,2026-10-23,08:30,raw_time_basis_unknown,ai-s26-5e0b0fbcde2243,current,confirmed_exact_designator
sha256=107983dc72d381e6897a5a333556946adcc98daef82e954d52cec1fc402c3086|page=09|physical_row=0004|station_section=1:Delhi|printed_row=102,107983dc72d381e6897a5a333556946adcc98daef82e954d52cec1fc402c3086,9,4,1,Delhi,102,p09-r102-n0437,p09-r102-n0437-departure,departure,DEL,BLR,AI 427,AIC,AI,136,2026-08-01,2026-10-24,08:30,raw_time_basis_unknown,ai-s26-6a70c219f6b61a,current,confirmed_exact_designator
sha256=107983dc72d381e6897a5a333556946adcc98daef82e954d52cec1fc402c3086|page=09|physical_row=0005|station_section=1:Delhi|printed_row=103,107983dc72d381e6897a5a333556946adcc98daef82e954d52cec1fc402c3086,9,5,1,Delhi,103,p09-r103-n0438,p09-r103-n0438-departure,departure,DEL,BOM,AI 2678,AIC,AI,1234567,2026-03-29,2026-10-24,08:30,raw_time_basis_unknown,ai-s26-c61cc6d42575df,current,confirmed_exact_designator
sha256=107983dc72d381e6897a5a333556946adcc98daef82e954d52cec1fc402c3086|page=09|physical_row=0006|station_section=1:Delhi|printed_row=104,107983dc72d381e6897a5a333556946adcc98daef82e954d52cec1fc402c3086,9,6,1,Delhi,104,p09-r104-n0439,p09-r104-n0439-departure,departure,DEL,HWR,AI 481,AIC,AI,1234567,2026-03-29,2026-10-24,08:35,raw_time_basis_unknown,ai-s26-9c9af8b01d1c02,current,confirmed_exact_designator
sha256=107983dc72d381e6897a5a333556946adcc98daef82e954d52cec1fc402c3086|page=09|physical_row=0007|station_section=1:Delhi|printed_row=105,107983dc72d381e6897a5a333556946adcc98daef82e954d52cec1fc402c3086,9,7,1,Delhi,105,p09-r105-n0440,p09-r105-n0440-arrival,arrival,SXR,DEL,AI 1848,AIC,AI,1234567,2026-03-29,2026-10-24,08:40,raw_time_basis_unknown,ai-s26-0e52b2fdee679c,current,confirmed_exact_designator
sha256=107983dc72d381e6897a5a333556946adcc98daef82e954d52cec1fc402c3086|page=09|physical_row=0008|station_section=1:Delhi|printed_row=106,107983dc72d381e6897a5a333556946adcc98daef82e954d52cec1fc402c3086,9,8,1,Delhi,106,p09-r106-n0441,p09-r106-n0441-arrival,arrival,BOM,DEL,AI 2928,AIC,AI,1234567,2026-03-29,2026-10-24,08:40,raw_time_basis_unknown,ai-s26-31ff57e48be21c,current,confirmed_exact_designator
sha256=107983dc72d381e6897a5a333556946adcc98daef82e954d52cec1fc402c3086|page=09|physical_row=0009|station_section=1:Delhi|printed_row=107,107983dc72d381e6897a5a333556946adcc98daef82e954d52cec1fc402c3086,9,9,1,Delhi,107,p09-r107-n0442,p09-r107-n0442-arrival,arrival,BHO,DEL,AI 1886,AIC,AI,1234567,2026-03-29,2026-10-24,08:45,raw_time_basis_unknown,ai-s26-b9b9ff06e805f2,current,confirmed_exact_designator
sha256=107983dc72d381e6897a5a333556946adcc98daef82e954d52cec1fc402c3086|page=09|physical_row=0010|station_section=1:Delhi|printed_row=108,107983dc72d381e6897a5a333556946adcc98daef82e954d52cec1fc402c3086,9,10,1,Delhi,108,p09-r108-n0443,p09-r108-n0443-arrival,arrival,BLR,DEL,AI 2810,AIC,AI,1234567,2026-03-29,2026-10-24,08:45,raw_time_basis_unknown,ai-s26-a3afe59f6a2b4e,current,confirmed_exact_designator
sha256=107983dc72d381e6897a5a333556946adcc98daef82e954d52cec1fc402c3086|page=09|physical_row=0011|station_section=1:Delhi|printed_row=109,107983dc72d381e6897a5a333556946adcc98daef82e954d52cec1fc402c3086,9,11,1,Delhi,109,p09-r109-n0444,p09-r109-n0444-arrival,arrival,MAA,DEL,AI 2896,AIC,AI,1234567,2026-03-29,2026-10-24,08:50,raw_time_basis_unknown,ai-s26-cc4256e6caccb0,current,confirmed_exact_designator
sha256=107983dc72d381e6897a5a333556946adcc98daef82e954d52cec1fc402c3086|page=09|physical_row=0012|station_section=1:Delhi|printed_row=110,107983dc72d381e6897a5a333556946adcc98daef82e954d52cec1fc402c3086,9,12,1,Delhi,110,p09-r110-n0445,p09-r110-n0445-departure,departure,DEL,ATQ,AI 421,AIC,AI,357,2026-03-29,2026-10-23,09:00,raw_time_basis_unknown,ai-s26-295d08d0fe8bcb,current,confirmed_exact_designator
sha256=107983dc72d381e6897a5a333556946adcc98daef82e954d52cec1fc402c3086|page=09|physical_row=0013|station_section=1:Delhi|printed_row=111,107983dc72d381e6897a5a333556946adcc98daef82e954d52cec1fc402c3086,9,13,1,Delhi,111,p09-r111-n0446,p09-r111-n0446-departure,departure,DEL,BOM,AI 2963,AIC,AI,1234567,2026-03-29,2026-10-24,09:00,raw_time_basis_unknown,ai-s26-a67cb614edec6f,current,confirmed_exact_designator
sha256=107983dc72d381e6897a5a333556946adcc98daef82e954d52cec1fc402c3086|page=09|physical_row=0014|station_section=1:Delhi|printed_row=112,107983dc72d381e6897a5a333556946adcc98daef82e954d52cec1fc402c3086,9,14,1,Delhi,112,p09-r112-n0447,p09-r112-n0447-arrival,arrival,BOM,DEL,AI 2424,AIC,AI,1234567,2026-03-29,2026-10-24,09:15,raw_time_basis_unknown,ai-s26-e5afd1169ffa53,current,confirmed_exact_designator
sha256=107983dc72d381e6897a5a333556946adcc98daef82e954d52cec1fc402c3086|page=09|physical_row=0015|station_section=1:Delhi|printed_row=113,107983dc72d381e6897a5a333556946adcc98daef82e954d52cec1fc402c3086,9,15,1,Delhi,113,p09-r113-n0448,p09-r113-n0448-arrival,arrival,SXR,DEL,AI 3426,AIC,AI,123467,2026-03-29,2026-10-24,09:15,raw_time_basis_unknown,ai-s26-ce4fdfc1fbd3ae,current,confirmed_exact_designator
sha256=107983dc72d381e6897a5a333556946adcc98daef82e954d52cec1fc402c3086|page=09|physical_row=0016|station_section=1:Delhi|printed_row=114,107983dc72d381e6897a5a333556946adcc98daef82e954d52cec1fc402c3086,9,16,1,Delhi,114,p09-r114-n0449,p09-r114-n0449-arrival,arrival,COK,DEL,AI 2884,AIC,AI,1234567,2026-03-29,2026-10-24,09:20,raw_time_basis_unknown,ai-s26-e1df87a8430d47,current,confirmed_exact_designator
sha256=107983dc72d381e6897a5a333556946adcc98daef82e954d52cec1fc402c3086|page=09|physical_row=0017|station_section=1:Delhi|printed_row=115,107983dc72d381e6897a5a333556946adcc98daef82e954d52cec1fc402c3086,9,17,1,Delhi,115,p09-r115-n0450,p09-r115-n0450-arrival,arrival,AMD,DEL,AI 818,AIC,AI,1234567,2026-03-29,2026-10-24,09:25,raw_time_basis_unknown,ai-s26-dfd722e74fd011,current,confirmed_exact_designator
sha256=107983dc72d381e6897a5a333556946adcc98daef82e954d52cec1fc402c3086|page=09|physical_row=0018|station_section=1:Delhi|printed_row=116,107983dc72d381e6897a5a333556946adcc98daef82e954d52cec1fc402c3086,9,18,1,Delhi,116,p09-r116-n0451,p09-r116-n0451-arrival,arrival,LKO,DEL,AI 2500,AIC,AI,1234567,2026-03-29,2026-10-24,09:25,raw_time_basis_unknown,ai-s26-9e5fb6da7eb1fe,current,confirmed_exact_designator
sha256=107983dc72d381e6897a5a333556946adcc98daef82e954d52cec1fc402c3086|page=09|physical_row=0019|station_section=1:Delhi|printed_row=117,107983dc72d381e6897a5a333556946adcc98daef82e954d52cec1fc402c3086,9,19,1,Delhi,117,p09-r117-n0452,p09-r117-n0452-departure,departure,DEL,CCU,AI 1791,AIC,AI,1234567,2026-03-29,2026-10-24,09:30,raw_time_basis_unknown,ai-s26-69340f860aa30b,current,confirmed_exact_designator
sha256=107983dc72d381e6897a5a333556946adcc98daef82e954d52cec1fc402c3086|page=09|physical_row=0020|station_section=1:Delhi|printed_row=118,107983dc72d381e6897a5a333556946adcc98daef82e954d52cec1fc402c3086,9,20,1,Delhi,118,p09-r118-n0453,p09-r118-n0453-departure,departure,DEL,BLR,AI 2415,AIC,AI,1234567,2026-03-29,2026-10-24,09:30,raw_time_basis_unknown,ai-s26-2c0ef0a0198c5e,current,confirmed_exact_designator
sha256=107983dc72d381e6897a5a333556946adcc98daef82e954d52cec1fc402c3086|page=09|physical_row=0021|station_section=1:Delhi|printed_row=119,107983dc72d381e6897a5a333556946adcc98daef82e954d52cec1fc402c3086,9,21,1,Delhi,119,p09-r119-n0454,p09-r119-n0454-departure,departure,DEL,BOM,AI 2927,AIC,AI,1234567,2026-03-29,2026-10-24,09:30,raw_time_basis_unknown,ai-s26-cf53aac5e63a0a,current,confirmed_exact_designator
sha256=107983dc72d381e6897a5a333556946adcc98daef82e954d52cec1fc402c3086|page=09|physical_row=0022|station_section=1:Delhi|printed_row=120,107983dc72d381e6897a5a333556946adcc98daef82e954d52cec1fc402c3086,9,22,1,Delhi,120,p09-r120-n0455,p09-r120-n0455-arrival,arrival,JAI,DEL,AI 1834,AIC,AI,1234567,2026-03-29,2026-10-24,09:35,raw_time_basis_unknown,ai-s26-ccfa23151b1345,current,confirmed_exact_designator
sha256=107983dc72d381e6897a5a333556946adcc98daef82e954d52cec1fc402c3086|page=09|physical_row=0023|station_section=1:Delhi|printed_row=121,107983dc72d381e6897a5a333556946adcc98daef82e954d52cec1fc402c3086,9,23,1,Delhi,121,p09-r121-n0456,p09-r121-n0456-arrival,arrival,IDR,DEL,AI 1860,AIC,AI,1234567,2026-03-29,2026-10-24,09:35,raw_time_basis_unknown,ai-s26-c06e28b1bc96f7,current,confirmed_exact_designator
sha256=107983dc72d381e6897a5a333556946adcc98daef82e954d52cec1fc402c3086|page=09|physical_row=0024|station_section=1:Delhi|printed_row=122,107983dc72d381e6897a5a333556946adcc98daef82e954d52cec1fc402c3086,9,24,1,Delhi,122,p09-r122-n0457,p09-r122-n0457-arrival,arrival,CCU,DEL,AI 2720,AIC,AI,1234567,2026-03-29,2026-10-24,09:35,raw_time_basis_unknown,ai-s26-692ce2bec76b08,current,confirmed_exact_designator
sha256=107983dc72d381e6897a5a333556946adcc98daef82e954d52cec1fc402c3086|page=09|physical_row=0025|station_section=1:Delhi|printed_row=123,107983dc72d381e6897a5a333556946adcc98daef82e954d52cec1fc402c3086,9,25,1,Delhi,123,p09-r123-n0458,p09-r123-n0458-arrival,arrival,HYD,DEL,AI 2860,AIC,AI,1234567,2026-03-29,2026-10-24,09:35,raw_time_basis_unknown,ai-s26-22f0e42489e4cf,current,confirmed_exact_designator
sha256=107983dc72d381e6897a5a333556946adcc98daef82e954d52cec1fc402c3086|page=09|physical_row=0026|station_section=1:Delhi|printed_row=124,107983dc72d381e6897a5a333556946adcc98daef82e954d52cec1fc402c3086,9,26,1,Delhi,124,p09-r124-n0459,p09-r124-n0459-arrival,arrival,IXC,DEL,AI 1862,AIC,AI,1234567,2026-03-29,2026-10-24,09:40,raw_time_basis_unknown,ai-s26-26d437f60f1809,current,confirmed_exact_designator
sha256=107983dc72d381e6897a5a333556946adcc98daef82e954d52cec1fc402c3086|page=09|physical_row=0027|station_section=1:Delhi|printed_row=125,107983dc72d381e6897a5a333556946adcc98daef82e954d52cec1fc402c3086,9,27,1,Delhi,125,p09-r125-n0460,p09-r125-n0460-arrival,arrival,IXL,DEL,AI 3420,AIC,AI,6,2026-04-04,2026-10-24,09:40,raw_time_basis_unknown,ai-s26-5e87aae6d8d75b,current,confirmed_exact_designator
sha256=107983dc72d381e6897a5a333556946adcc98daef82e954d52cec1fc402c3086|page=09|physical_row=0028|station_section=1:Delhi|printed_row=126,107983dc72d381e6897a5a333556946adcc98daef82e954d52cec1fc402c3086,9,28,1,Delhi,126,p09-r126-n0461,p09-r126-n0461-departure,departure,DEL,HYD,AI 2542,AIC,AI,1234567,2026-03-29,2026-10-24,09:40,raw_time_basis_unknown,ai-s26-90af9d893f44b4,current,confirmed_exact_designator
sha256=107983dc72d381e6897a5a333556946adcc98daef82e954d52cec1fc402c3086|page=09|physical_row=0029|station_section=1:Delhi|printed_row=127,107983dc72d381e6897a5a333556946adcc98daef82e954d52cec1fc402c3086,9,29,1,Delhi,127,p09-r127-n0462,p09-r127-n0462-arrival,arrival,BDQ,DEL,AI 1808,AIC,AI,1234567,2026-03-29,2026-10-24,09:45,raw_time_basis_unknown,ai-s26-2d9934d30d1d13,current,confirmed_exact_designator
sha256=107983dc72d381e6897a5a333556946adcc98daef82e954d52cec1fc402c3086|page=09|physical_row=0030|station_section=1:Delhi|printed_row=128,107983dc72d381e6897a5a333556946adcc98daef82e954d52cec1fc402c3086,9,30,1,Delhi,128,p09-r128-n0463,p09-r128-n0463-arrival,arrival,BOM,DEL,AI 2930,AIC,AI,1234567,2026-03-29,2026-10-24,09:45,raw_time_basis_unknown,ai-s26-c6112618eeb287,current,confirmed_exact_designator
sha256=107983dc72d381e6897a5a333556946adcc98daef82e954d52cec1fc402c3086|page=09|physical_row=0031|station_section=1:Delhi|printed_row=129,107983dc72d381e6897a5a333556946adcc98daef82e954d52cec1fc402c3086,9,31,1,Delhi,129,p09-r129-n0464,p09-r129-n0464-departure,departure,DEL,AMD,AI 423,AIC,AI,14,2026-03-30,2026-10-22,09:50,raw_time_basis_unknown,ai-s26-09fac4f8a683bf,current,confirmed_exact_designator
sha256=107983dc72d381e6897a5a333556946adcc98daef82e954d52cec1fc402c3086|page=09|physical_row=0032|station_section=1:Delhi|printed_row=130,107983dc72d381e6897a5a333556946adcc98daef82e954d52cec1fc402c3086,9,32,1,Delhi,130,p09-r130-n0465,p09-r130-n0465-departure,departure,DEL,SXR,AI 1792,AIC,AI,1234567,2026-03-29,2026-10-24,09:50,raw_time_basis_unknown,ai-s26-e8df184eadcfea,current,confirmed_exact_designator
sha256=107983dc72d381e6897a5a333556946adcc98daef82e954d52cec1fc402c3086|page=09|physical_row=0033|station_section=1:Delhi|printed_row=131,107983dc72d381e6897a5a333556946adcc98daef82e954d52cec1fc402c3086,9,33,1,Delhi,131,p09-r131-n0466,p09-r131-n0466-arrival,arrival,MAA,DEL,AI 2832,AIC,AI,1234567,2026-03-29,2026-10-24,09:55,raw_time_basis_unknown,ai-s26-2e15c360aefc2c,current,confirmed_exact_designator
sha256=107983dc72d381e6897a5a333556946adcc98daef82e954d52cec1fc402c3086|page=09|physical_row=0034|station_section=1:Delhi|printed_row=132,107983dc72d381e6897a5a333556946adcc98daef82e954d52cec1fc402c3086,9,34,1,Delhi,132,p09-r132-n0467,p09-r132-n0467-arrival,arrival,BLR,DEL,AI 2654,AIC,AI,1234567,2026-03-29,2026-10-24,10:00,raw_time_basis_unknown,ai-s26-b9fc38838218d5,current,confirmed_exact_designator
sha256=107983dc72d381e6897a5a333556946adcc98daef82e954d52cec1fc402c3086|page=09|physical_row=0035|station_section=1:Delhi|printed_row=133,107983dc72d381e6897a5a333556946adcc98daef82e954d52cec1fc402c3086,9,35,1,Delhi,133,p09-r133-n0468,p09-r133-n0468-departure,departure,DEL,MAA,AI 2467,AIC,AI,1234567,2026-03-29,2026-10-24,10:00,raw_time_basis_unknown,ai-s26-0ccad03ec7ea05,current,confirmed_exact_designator
sha256=107983dc72d381e6897a5a333556946adcc98daef82e954d52cec1fc402c3086|page=09|physical_row=0036|station_section=1:Delhi|printed_row=134,107983dc72d381e6897a5a333556946adcc98daef82e954d52cec1fc402c3086,9,36,1,Delhi,134,p09-r134-n0469,p09-r134-n0469-departure,departure,DEL,BOM,AI 2995,AIC,AI,1234567,2026-03-29,2026-10-24,10:00,raw_time_basis_unknown,ai-s26-7551e857752a31,current,confirmed_exact_designator
sha256=107983dc72d381e6897a5a333556946adcc98daef82e954d52cec1fc402c3086|page=09|physical_row=0037|station_section=1:Delhi|printed_row=135,107983dc72d381e6897a5a333556946adcc98daef82e954d52cec1fc402c3086,9,37,1,Delhi,135,p09-r135-n0470,p09-r135-n0470-arrival,arrival,PNQ,DEL,AI 2470,AIC,AI,6,2026-04-04,2026-10-24,10:05,raw_time_basis_unknown,ai-s26-06bb2f46e8f726,current,confirmed_exact_designator
sha256=107983dc72d381e6897a5a333556946adcc98daef82e954d52cec1fc402c3086|page=09|physical_row=0038|station_section=1:Delhi|printed_row=136,107983dc72d381e6897a5a333556946adcc98daef82e954d52cec1fc402c3086,9,38,1,Delhi,136,p09-r136-n0471,p09-r136-n0471-arrival,arrival,PNQ,DEL,AI 2470,AIC,AI,123457,2026-03-29,2026-10-23,10:05,raw_time_basis_unknown,ai-s26-3328ef51da6113,current,confirmed_exact_designator
sha256=107983dc72d381e6897a5a333556946adcc98daef82e954d52cec1fc402c3086|page=09|physical_row=0039|station_section=1:Delhi|printed_row=137,107983dc72d381e6897a5a333556946adcc98daef82e954d52cec1fc402c3086,9,39,1,Delhi,137,p09-r137-n0472,p09-r137-n0472-arrival,arrival,BOM,DEL,AI 2428,AIC,AI,1234567,2026-03-29,2026-10-24,10:20,raw_time_basis_unknown,ai-s26-638046577f2fee,current,confirmed_exact_designator
sha256=107983dc72d381e6897a5a333556946adcc98daef82e954d52cec1fc402c3086|page=09|physical_row=0040|station_section=1:Delhi|printed_row=138,107983dc72d381e6897a5a333556946adcc98daef82e954d52cec1fc402c3086,9,40,1,Delhi,138,p09-r138-n0473,p09-r138-n0473-arrival,arrival,NAG,DEL,AI 416,AIC,AI,1234567,2026-03-29,2026-10-24,10:25,raw_time_basis_unknown,ai-s26-ff2197ca277383,current,confirmed_exact_designator
sha256=107983dc72d381e6897a5a333556946adcc98daef82e954d52cec1fc402c3086|page=09|physical_row=0041|station_section=1:Delhi|printed_row=139,107983dc72d381e6897a5a333556946adcc98daef82e954d52cec1fc402c3086,9,41,1,Delhi,139,p09-r139-n0474,p09-r139-n0474-departure,departure,DEL,COK,AI 1763,AIC,AI,1234567,2026-03-29,2026-10-24,10:25,raw_time_basis_unknown,ai-s26-4b1e7c87080368,current,confirmed_exact_designator
sha256=107983dc72d381e6897a5a333556946adcc98daef82e954d52cec1fc402c3086|page=09|physical_row=0042|station_section=1:Delhi|printed_row=140,107983dc72d381e6897a5a333556946adcc98daef82e954d52cec1fc402c3086,9,42,1,Delhi,140,p09-r140-n0475,p09-r140-n0475-departure,departure,DEL,ATQ,AI 1773,AIC,AI,1234567,2026-03-29,2026-10-24,10:25,raw_time_basis_unknown,ai-s26-068f89411703e9,current,confirmed_exact_designator
sha256=107983dc72d381e6897a5a333556946adcc98daef82e954d52cec1fc402c3086|page=09|physical_row=0043|station_section=1:Delhi|printed_row=141,107983dc72d381e6897a5a333556946adcc98daef82e954d52cec1fc402c3086,9,43,1,Delhi,141,p09-r141-n0476,p09-r141-n0476-departure,departure,DEL,BBI,AI 1795,AIC,AI,1234567,2026-03-29,2026-10-24,10:30,raw_time_basis_unknown,ai-s26-1d3f8d9c0cfcfc,current,confirmed_exact_designator
sha256=107983dc72d381e6897a5a333556946adcc98daef82e954d52cec1fc402c3086|page=09|physical_row=0044|station_section=1:Delhi|printed_row=142,107983dc72d381e6897a5a333556946adcc98daef82e954d52cec1fc402c3086,9,44,1,Delhi,142,p09-r142-n0477,p09-r142-n0477-departure,departure,DEL,BOM,AI 2425,AIC,AI,123567,2026-03-29,2026-10-24,10:30,raw_time_basis_unknown,ai-s26-1e946e8b061a7c,current,confirmed_exact_designator
sha256=107983dc72d381e6897a5a333556946adcc98daef82e954d52cec1fc402c3086|page=09|physical_row=0045|station_section=1:Delhi|printed_row=143,107983dc72d381e6897a5a333556946adcc98daef82e954d52cec1fc402c3086,9,45,1,Delhi,143,p09-r143-n0478,p09-r143-n0478-departure,departure,DEL,BOM,AI 2425,AIC,AI,4,2026-04-02,2026-10-22,10:30,raw_time_basis_unknown,ai-s26-15d426b6d7af29,current,confirmed_exact_designator
sha256=107983dc72d381e6897a5a333556946adcc98daef82e954d52cec1fc402c3086|page=09|physical_row=0046|station_section=1:Delhi|printed_row=144,107983dc72d381e6897a5a333556946adcc98daef82e954d52cec1fc402c3086,9,46,1,Delhi,144,p09-r144-n0479,p09-r144-n0479-departure,departure,DEL,BLR,AI 2485,AIC,AI,1234567,2026-03-29,2026-10-24,10:30,raw_time_basis_unknown,ai-s26-dabf72c2636d05,current,confirmed_exact_designator
sha256=107983dc72d381e6897a5a333556946adcc98daef82e954d52cec1fc402c3086|page=09|physical_row=0047|station_section=1:Delhi|printed_row=145,107983dc72d381e6897a5a333556946adcc98daef82e954d52cec1fc402c3086,9,47,1,Delhi,145,p09-r145-n0480,p09-r145-n0480-departure,departure,DEL,HYD,AI 2859,AIC,AI,1234567,2026-03-29,2026-10-24,10:30,raw_time_basis_unknown,ai-s26-eef95930b78daf,current,confirmed_exact_designator
sha256=107983dc72d381e6897a5a333556946adcc98daef82e954d52cec1fc402c3086|page=09|physical_row=0048|station_section=1:Delhi|printed_row=146,107983dc72d381e6897a5a333556946adcc98daef82e954d52cec1fc402c3086,9,48,1,Delhi,146,p09-r146-n0481,p09-r146-n0481-arrival,arrival,SXR,DEL,AI 1810,AIC,AI,1234567,2026-03-31,2026-10-23,10:35,raw_time_basis_unknown,ai-s26-776fb87db0a27d,current,confirmed_exact_designator
sha256=107983dc72d381e6897a5a333556946adcc98daef82e954d52cec1fc402c3086|page=09|physical_row=0049|station_section=1:Delhi|printed_row=147,107983dc72d381e6897a5a333556946adcc98daef82e954d52cec1fc402c3086,9,49,1,Delhi,147,p09-r147-n0482,p09-r147-n0482-arrival,arrival,CCU,DEL,AI 2778,AIC,AI,1234567,2026-03-29,2026-10-24,10:35,raw_time_basis_unknown,ai-s26-49abfdf45a7469,current,confirmed_exact_designator
sha256=107983dc72d381e6897a5a333556946adcc98daef82e954d52cec1fc402c3086|page=09|physical_row=0050|station_section=1:Delhi|printed_row=148,107983dc72d381e6897a5a333556946adcc98daef82e954d52cec1fc402c3086,9,50,1,Delhi,148,p09-r148-n0483,p09-r148-n0483-arrival,arrival,IXL,DEL,AI 3420,AIC,AI,3,2026-04-01,2026-10-21,10:35,raw_time_basis_unknown,ai-s26-88f55cda314d3c,current,confirmed_exact_designator
sha256=107983dc72d381e6897a5a333556946adcc98daef82e954d52cec1fc402c3086|page=09|physical_row=0051|station_section=1:Delhi|printed_row=149,107983dc72d381e6897a5a333556946adcc98daef82e954d52cec1fc402c3086,9,51,1,Delhi,149,p09-r149-n0484,p09-r149-n0484-arrival,arrival,IXU,DEL,AI 1836,AIC,AI,1234567,2026-03-29,2026-10-24,10:40,raw_time_basis_unknown,ai-s26-0aea1daf9ef6e4,current,confirmed_exact_designator
sha256=107983dc72d381e6897a5a333556946adcc98daef82e954d52cec1fc402c3086|page=09|physical_row=0052|station_section=1:Delhi|printed_row=150,107983dc72d381e6897a5a333556946adcc98daef82e954d52cec1fc402c3086,9,52,1,Delhi,150,p09-r150-n0485,p09-r150-n0485-departure,departure,DEL,BHO,AI 1723,AIC,AI,1234567,2026-03-29,2026-10-24,10:40,raw_time_basis_unknown,ai-s26-b03721993cb364,current,confirmed_exact_designator
sha256=107983dc72d381e6897a5a333556946adcc98daef82e954d52cec1fc402c3086|page=09|physical_row=0053|station_section=1:Delhi|printed_row=151,107983dc72d381e6897a5a333556946adcc98daef82e954d52cec1fc402c3086,9,53,1,Delhi,151,p09-r151-n0486,p09-r151-n0486-departure,departure,DEL,PAT,AI 2523,AIC,AI,1234567,2026-03-29,2026-10-24,10:45,raw_time_basis_unknown,ai-s26-931bba6a8f232a,current,confirmed_exact_designator
sha256=107983dc72d381e6897a5a333556946adcc98daef82e954d52cec1fc402c3086|page=09|physical_row=0054|station_section=1:Delhi|printed_row=152,107983dc72d381e6897a5a333556946adcc98daef82e954d52cec1fc402c3086,9,54,1,Delhi,152,p09-r152-n0487,p09-r152-n0487-departure,departure,DEL,GOI,AI 2627,AIC,AI,1234567,2026-03-29,2026-10-24,10:45,raw_time_basis_unknown,ai-s26-195b899bac065d,current,confirmed_exact_designator
sha256=107983dc72d381e6897a5a333556946adcc98daef82e954d52cec1fc402c3086|page=09|physical_row=0055|station_section=1:Delhi|printed_row=153,107983dc72d381e6897a5a333556946adcc98daef82e954d52cec1fc402c3086,9,55,1,Delhi,153,p09-r153-n0488,p09-r153-n0488-arrival,arrival,BOM,DEL,AI 2970,AIC,AI,1234567,2026-03-29,2026-10-24,10:50,raw_time_basis_unknown,ai-s26-55668551a22180,current,confirmed_exact_designator
sha256=107983dc72d381e6897a5a333556946adcc98daef82e954d52cec1fc402c3086|page=09|physical_row=0056|station_section=1:Delhi|printed_row=154,107983dc72d381e6897a5a333556946adcc98daef82e954d52cec1fc402c3086,9,56,1,Delhi,154,p09-r154-n0489,p09-r154-n0489-arrival,arrival,HYD,DEL,AI 2466,AIC,AI,1234567,2026-03-29,2026-10-24,10:55,raw_time_basis_unknown,ai-s26-21bafdd233fe78,current,confirmed_exact_designator
sha256=107983dc72d381e6897a5a333556946adcc98daef82e954d52cec1fc402c3086|page=09|physical_row=0057|station_section=1:Delhi|printed_row=155,107983dc72d381e6897a5a333556946adcc98daef82e954d52cec1fc402c3086,9,57,1,Delhi,155,p09-r155-n0490,p09-r155-n0490-arrival,arrival,BLR,DEL,AI 2808,AIC,AI,1234567,2026-03-29,2026-10-24,10:55,raw_time_basis_unknown,ai-s26-10fc1aea504412,current,confirmed_exact_designator
sha256=107983dc72d381e6897a5a333556946adcc98daef82e954d52cec1fc402c3086|page=09|physical_row=0058|station_section=1:Delhi|printed_row=156,107983dc72d381e6897a5a333556946adcc98daef82e954d52cec1fc402c3086,9,58,1,Delhi,156,p09-r156-n0491,p09-r156-n0491-arrival,arrival,SXR,DEL,AI 3428,AIC,AI,1367,2026-03-29,2026-10-24,11:00,raw_time_basis_unknown,ai-s26-e68ad3defea06a,current,confirmed_exact_designator
sha256=107983dc72d381e6897a5a333556946adcc98daef82e954d52cec1fc402c3086|page=10|physical_row=0001|station_section=1:Delhi|printed_row=157,107983dc72d381e6897a5a333556946adcc98daef82e954d52cec1fc402c3086,10,1,1,Delhi,157,p10-r157-n0492,p10-r157-n0492-departure,departure,DEL,BOM,AI 2945,AIC,AI,1234567,2026-03-29,2026-10-24,11:00,raw_time_basis_unknown,ai-s26-63f275f1b80064,current,confirmed_exact_designator
sha256=107983dc72d381e6897a5a333556946adcc98daef82e954d52cec1fc402c3086|page=10|physical_row=0002|station_section=1:Delhi|printed_row=158,107983dc72d381e6897a5a333556946adcc98daef82e954d52cec1fc402c3086,10,2,1,Delhi,158,p10-r158-n0493,p10-r158-n0493-arrival,arrival,MAA,DEL,AI 2886,AIC,AI,1234567,2026-03-29,2026-10-24,11:05,raw_time_basis_unknown,ai-s26-f4551ff6ec168d,current,confirmed_exact_designator
sha256=107983dc72d381e6897a5a333556946adcc98daef82e954d52cec1fc402c3086|page=10|physical_row=0003|station_section=1:Delhi|printed_row=159,107983dc72d381e6897a5a333556946adcc98daef82e954d52cec1fc402c3086,10,3,1,Delhi,159,p10-r159-n0494,p10-r159-n0494-arrival,arrival,RPR,DEL,AI 1812,AIC,AI,1234567,2026-03-29,2026-10-24,11:10,raw_time_basis_unknown,ai-s26-8c501c4a3c6f55,current,confirmed_exact_designator
sha256=107983dc72d381e6897a5a333556946adcc98daef82e954d52cec1fc402c3086|page=10|physical_row=0004|station_section=1:Delhi|printed_row=160,107983dc72d381e6897a5a333556946adcc98daef82e954d52cec1fc402c3086,10,4,1,Delhi,160,p10-r160-n0495,p10-r160-n0495-arrival,arrival,PNQ,DEL,AI 1838,AIC,AI,1234567,2026-03-29,2026-10-24,11:10,raw_time_basis_unknown,ai-s26-4f23e27001ec40,current,confirmed_exact_designator
sha256=107983dc72d381e6897a5a333556946adcc98daef82e954d52cec1fc402c3086|page=10|physical_row=0005|station_section=1:Delhi|printed_row=161,107983dc72d381e6897a5a333556946adcc98daef82e954d52cec1fc402c3086,10,5,1,Delhi,161,p10-r161-n0496,p10-r161-n0496-departure,departure,DEL,IXC,AI 2532,AIC,AI,123456,2026-03-30,2026-10-24,11:10,raw_time_basis_unknown,ai-s26-2c847d7d13354a,current,confirmed_exact_designator
sha256=107983dc72d381e6897a5a333556946adcc98daef82e954d52cec1fc402c3086|page=10|physical_row=0006|station_section=1:Delhi|printed_row=162,107983dc72d381e6897a5a333556946adcc98daef82e954d52cec1fc402c3086,10,6,1,Delhi,162,p10-r162-n0497,p10-r162-n0497-arrival,arrival,BOM,DEL,AI 1890,AIC,AI,1234567,2026-03-29,2026-10-24,11:15,raw_time_basis_unknown,ai-s26-d9363b00287a2e,current,confirmed_exact_designator
sha256=107983dc72d381e6897a5a333556946adcc98daef82e954d52cec1fc402c3086|page=10|physical_row=0007|station_section=1:Delhi|printed_row=163,107983dc72d381e6897a5a333556946adcc98daef82e954d52cec1fc402c3086,10,7,1,Delhi,163,p10-r163-n0498,p10-r163-n0498-arrival,arrival,IDR,DEL,AI 2591,AIC,AI,1234567,2026-03-29,2026-10-24,11:15,raw_time_basis_unknown,ai-s26-208ce614f2f232,current,confirmed_exact_designator
sha256=107983dc72d381e6897a5a333556946adcc98daef82e954d52cec1fc402c3086|page=10|physical_row=0008|station_section=1:Delhi|printed_row=164,107983dc72d381e6897a5a333556946adcc98daef82e954d52cec1fc402c3086,10,8,1,Delhi,164,p10-r164-n0499,p10-r164-n0499-arrival,arrival,SXR,DEL,AI 828,AIC,AI,7,2026-03-29,2026-03-29,11:20,raw_time_basis_unknown,ai-s26-a715debbed1277,expired,expired_not_compared_to_baseline
sha256=107983dc72d381e6897a5a333556946adcc98daef82e954d52cec1fc402c3086|page=10|physical_row=0009|station_section=1:Delhi|printed_row=165,107983dc72d381e6897a5a333556946adcc98daef82e954d52cec1fc402c3086,10,9,1,Delhi,165,p10-r165-n0500,p10-r165-n0500-arrival,arrival,SXR,DEL,AI 828,AIC,AI,6,2026-10-24,2026-10-24,11:20,raw_time_basis_unknown,ai-s26-c0f26e10e2c305,future,existing_route_unlisted_designator
sha256=107983dc72d381e6897a5a333556946adcc98daef82e954d52cec1fc402c3086|page=10|physical_row=0010|station_section=1:Delhi|printed_row=166,107983dc72d381e6897a5a333556946adcc98daef82e954d52cec1fc402c3086,10,10,1,Delhi,166,p10-r166-n0501,p10-r166-n0501-arrival,arrival,AMD,DEL,AI 2946,AIC,AI,1234567,2026-03-29,2026-10-24,11:20,raw_time_basis_unknown,ai-s26-d7bd4683c7ade3,current,confirmed_exact_designator
sha256=107983dc72d381e6897a5a333556946adcc98daef82e954d52cec1fc402c3086|page=10|physical_row=0011|station_section=1:Delhi|printed_row=167,107983dc72d381e6897a5a333556946adcc98daef82e954d52cec1fc402c3086,10,11,1,Delhi,167,p10-r167-n0502,p10-r167-n0502-arrival,arrival,VNS,DEL,AI 1850,AIC,AI,1234567,2026-03-29,2026-10-24,11:30,raw_time_basis_unknown,ai-s26-21a898afb1e91e,current,confirmed_exact_designator
sha256=107983dc72d381e6897a5a333556946adcc98daef82e954d52cec1fc402c3086|page=10|physical_row=0012|station_section=1:Delhi|printed_row=168,107983dc72d381e6897a5a333556946adcc98daef82e954d52cec1fc402c3086,10,12,1,Delhi,168,p10-r168-n0503,p10-r168-n0503-arrival,arrival,VGA,DEL,AI 2572,AIC,AI,1234567,2026-03-29,2026-10-24,11:30,raw_time_basis_unknown,ai-s26-885c6c1d785f0b,current,confirmed_exact_designator
sha256=107983dc72d381e6897a5a333556946adcc98daef82e954d52cec1fc402c3086|page=10|physical_row=0013|station_section=1:Delhi|printed_row=169,107983dc72d381e6897a5a333556946adcc98daef82e954d52cec1fc402c3086,10,13,1,Delhi,169,p10-r169-n0504,p10-r169-n0504-departure,departure,DEL,ATQ,AI 491,AIC,AI,1234567,2026-03-29,2026-10-24,11:30,raw_time_basis_unknown,ai-s26-870bb94cf18613,current,confirmed_exact_designator
sha256=107983dc72d381e6897a5a333556946adcc98daef82e954d52cec1fc402c3086|page=10|physical_row=0014|station_section=1:Delhi|printed_row=170,107983dc72d381e6897a5a333556946adcc98daef82e954d52cec1fc402c3086,10,14,1,Delhi,170,p10-r170-n0505,p10-r170-n0505-departure,departure,DEL,CJB,AI 1721,AIC,AI,1234567,2026-03-29,2026-10-24,11:30,raw_time_basis_unknown,ai-s26-b2a40bb44103e5,current,confirmed_exact_designator
sha256=107983dc72d381e6897a5a333556946adcc98daef82e954d52cec1fc402c3086|page=10|physical_row=0015|station_section=1:Delhi|printed_row=171,107983dc72d381e6897a5a333556946adcc98daef82e954d52cec1fc402c3086,10,15,1,Delhi,171,p10-r171-n0506,p10-r171-n0506-departure,departure,DEL,SXR,AI 1739,AIC,AI,1234567,2026-03-29,2026-10-24,11:30,raw_time_basis_unknown,ai-s26-1ed8317492e498,current,confirmed_exact_designator
sha256=107983dc72d381e6897a5a333556946adcc98daef82e954d52cec1fc402c3086|page=10|physical_row=0016|station_section=1:Delhi|printed_row=172,107983dc72d381e6897a5a333556946adcc98daef82e954d52cec1fc402c3086,10,16,1,Delhi,172,p10-r172-n0507,p10-r172-n0507-arrival,arrival,IXL,DEL,AI 2455,AIC,AI,1234567,2026-03-29,2026-10-24,11:40,raw_time_basis_unknown,ai-s26-5114bfeea0b013,current,confirmed_exact_designator
sha256=107983dc72d381e6897a5a333556946adcc98daef82e954d52cec1fc402c3086|page=10|physical_row=0017|station_section=1:Delhi|printed_row=173,107983dc72d381e6897a5a333556946adcc98daef82e954d52cec1fc402c3086,10,17,1,Delhi,173,p10-r173-n0508,p10-r173-n0508-departure,departure,DEL,AMD,AI 2715,AIC,AI,124567,2026-03-29,2026-10-24,11:40,raw_time_basis_unknown,ai-s26-9adc2208a455db,current,confirmed_exact_designator
sha256=107983dc72d381e6897a5a333556946adcc98daef82e954d52cec1fc402c3086|page=10|physical_row=0018|station_section=1:Delhi|printed_row=174,107983dc72d381e6897a5a333556946adcc98daef82e954d52cec1fc402c3086,10,18,1,Delhi,174,p10-r174-n0509,p10-r174-n0509-arrival,arrival,ATQ,DEL,AI 496,AIC,AI,1234567,2026-03-29,2026-10-24,11:50,raw_time_basis_unknown,ai-s26-c39a5ccab7116d,current,confirmed_exact_designator
sha256=107983dc72d381e6897a5a333556946adcc98daef82e954d52cec1fc402c3086|page=10|physical_row=0019|station_section=1:Delhi|printed_row=175,107983dc72d381e6897a5a333556946adcc98daef82e954d52cec1fc402c3086,10,19,1,Delhi,175,p10-r175-n0510,p10-r175-n0510-arrival,arrival,BOM,DEL,AI 2432,AIC,AI,1234567,2026-03-29,2026-10-24,11:50,raw_time_basis_unknown,ai-s26-1849b87025f002,current,confirmed_exact_designator
sha256=107983dc72d381e6897a5a333556946adcc98daef82e954d52cec1fc402c3086|page=10|physical_row=0020|station_section=1:Delhi|printed_row=176,107983dc72d381e6897a5a333556946adcc98daef82e954d52cec1fc402c3086,10,20,1,Delhi,176,p10-r176-n0511,p10-r176-n0511-departure,departure,DEL,UDR,AI 1737,AIC,AI,1234567,2026-03-29,2026-10-24,11:50,raw_time_basis_unknown,ai-s26-f6fee1589807e2,current,confirmed_exact_designator
sha256=107983dc72d381e6897a5a333556946adcc98daef82e954d52cec1fc402c3086|page=10|physical_row=0021|station_section=1:Delhi|printed_row=177,107983dc72d381e6897a5a333556946adcc98daef82e954d52cec1fc402c3086,10,21,1,Delhi,177,p10-r177-n0512,p10-r177-n0512-departure,departure,DEL,JAI,AI 1719,AIC,AI,1234567,2026-03-29,2026-10-24,11:55,raw_time_basis_unknown,ai-s26-80b20d33881040,current,confirmed_exact_designator
sha256=107983dc72d381e6897a5a333556946adcc98daef82e954d52cec1fc402c3086|page=10|physical_row=0022|station_section=1:Delhi|printed_row=178,107983dc72d381e6897a5a333556946adcc98daef82e954d52cec1fc402c3086,10,22,1,Delhi,178,p10-r178-n0513,p10-r178-n0513-arrival,arrival,HSR,DEL,AI 886,AIC,AI,1234567,2026-03-29,2026-10-24,12:00,raw_time_basis_unknown,ai-s26-32fb7a06c74d17,current,confirmed_exact_designator
sha256=107983dc72d381e6897a5a333556946adcc98daef82e954d52cec1fc402c3086|page=10|physical_row=0023|station_section=1:Delhi|printed_row=179,107983dc72d381e6897a5a333556946adcc98daef82e954d52cec1fc402c3086,10,23,1,Delhi,179,p10-r179-n0514,p10-r179-n0514-arrival,arrival,BLR,DEL,AI 2868,AIC,AI,1234567,2026-03-29,2026-10-24,12:00,raw_time_basis_unknown,ai-s26-ac4798cf65f9b6,current,confirmed_exact_designator
sha256=107983dc72d381e6897a5a333556946adcc98daef82e954d52cec1fc402c3086|page=10|physical_row=0024|station_section=1:Delhi|printed_row=180,107983dc72d381e6897a5a333556946adcc98daef82e954d52cec1fc402c3086,10,24,1,Delhi,180,p10-r180-n0515,p10-r180-n0515-departure,departure,DEL,BOM,AI 1785,AIC,AI,1234567,2026-03-29,2026-10-24,12:00,raw_time_basis_unknown,ai-s26-8025f309b7d982,current,confirmed_exact_designator
sha256=107983dc72d381e6897a5a333556946adcc98daef82e954d52cec1fc402c3086|page=10|physical_row=0025|station_section=1:Delhi|printed_row=181,107983dc72d381e6897a5a333556946adcc98daef82e954d52cec1fc402c3086,10,25,1,Delhi,181,p10-r181-n0516,p10-r181-n0516-departure,departure,DEL,DED,AI 2907,AIC,AI,1234567,2026-03-29,2026-10-24,12:00,raw_time_basis_unknown,ai-s26-77d3bf9d43913c,current,confirmed_exact_designator
sha256=107983dc72d381e6897a5a333556946adcc98daef82e954d52cec1fc402c3086|page=10|physical_row=0026|station_section=1:Delhi|printed_row=182,107983dc72d381e6897a5a333556946adcc98daef82e954d52cec1fc402c3086,10,26,1,Delhi,182,p10-r182-n0517,p10-r182-n0517-arrival,arrival,BBI,DEL,AI 1814,AIC,AI,1234567,2026-03-29,2026-10-24,12:05,raw_time_basis_unknown,ai-s26-368f373f8d2311,current,confirmed_exact_designator
sha256=107983dc72d381e6897a5a333556946adcc98daef82e954d52cec1fc402c3086|page=10|physical_row=0027|station_section=1:Delhi|printed_row=183,107983dc72d381e6897a5a333556946adcc98daef82e954d52cec1fc402c3086,10,27,1,Delhi,183,p10-r183-n0518,p10-r183-n0518-arrival,arrival,HWR,DEL,AI 482,AIC,AI,1234567,2026-03-29,2026-10-24,12:10,raw_time_basis_unknown,ai-s26-58525255bf608a,current,confirmed_exact_designator
sha256=107983dc72d381e6897a5a333556946adcc98daef82e954d52cec1fc402c3086|page=10|physical_row=0028|station_section=1:Delhi|printed_row=184,107983dc72d381e6897a5a333556946adcc98daef82e954d52cec1fc402c3086,10,28,1,Delhi,184,p10-r184-n0519,p10-r184-n0519-arrival,arrival,HYD,DEL,AI 1866,AIC,AI,1234567,2026-03-29,2026-10-24,12:10,raw_time_basis_unknown,ai-s26-fe0fa226777bb9,current,confirmed_exact_designator
sha256=107983dc72d381e6897a5a333556946adcc98daef82e954d52cec1fc402c3086|page=10|physical_row=0029|station_section=1:Delhi|printed_row=185,107983dc72d381e6897a5a333556946adcc98daef82e954d52cec1fc402c3086,10,29,1,Delhi,185,p10-r185-n0520,p10-r185-n0520-departure,departure,DEL,COK,AI 2458,AIC,AI,134567,2026-03-29,2026-10-24,12:10,raw_time_basis_unknown,ai-s26-6da9b0af28ed40,current,confirmed_exact_designator
sha256=107983dc72d381e6897a5a333556946adcc98daef82e954d52cec1fc402c3086|page=10|physical_row=0030|station_section=1:Delhi|printed_row=186,107983dc72d381e6897a5a333556946adcc98daef82e954d52cec1fc402c3086,10,30,1,Delhi,186,p10-r186-n0521,p10-r186-n0521-departure,departure,DEL,MAA,AI 2483,AIC,AI,1234567,2026-03-29,2026-10-24,12:10,raw_time_basis_unknown,ai-s26-773349d9285a6a,current,confirmed_exact_designator
sha256=107983dc72d381e6897a5a333556946adcc98daef82e954d52cec1fc402c3086|page=10|physical_row=0031|station_section=1:Delhi|printed_row=187,107983dc72d381e6897a5a333556946adcc98daef82e954d52cec1fc402c3086,10,31,1,Delhi,187,p10-r187-n0522,p10-r187-n0522-departure,departure,DEL,IDR,AI 2515,AIC,AI,1234567,2026-03-29,2026-10-24,12:10,raw_time_basis_unknown,ai-s26-f064c6dba93542,current,confirmed_exact_designator
sha256=107983dc72d381e6897a5a333556946adcc98daef82e954d52cec1fc402c3086|page=10|physical_row=0032|station_section=1:Delhi|printed_row=188,107983dc72d381e6897a5a333556946adcc98daef82e954d52cec1fc402c3086,10,32,1,Delhi,188,p10-r188-n0523,p10-r188-n0523-departure,departure,DEL,RPR,AI 2635,AIC,AI,1234567,2026-03-29,2026-10-24,12:10,raw_time_basis_unknown,ai-s26-be0406a74bcb0c,current,confirmed_exact_designator
sha256=107983dc72d381e6897a5a333556946adcc98daef82e954d52cec1fc402c3086|page=10|physical_row=0033|station_section=1:Delhi|printed_row=189,107983dc72d381e6897a5a333556946adcc98daef82e954d52cec1fc402c3086,10,33,1,Delhi,189,p10-r189-n0524,p10-r189-n0524-arrival,arrival,PAT,DEL,AI 1892,AIC,AI,1234567,2026-03-29,2026-10-24,12:20,raw_time_basis_unknown,ai-s26-ab1206a6fe1ffb,current,confirmed_exact_designator
sha256=107983dc72d381e6897a5a333556946adcc98daef82e954d52cec1fc402c3086|page=10|physical_row=0034|station_section=1:Delhi|printed_row=190,107983dc72d381e6897a5a333556946adcc98daef82e954d52cec1fc402c3086,10,34,1,Delhi,190,p10-r190-n0525,p10-r190-n0525-arrival,arrival,BOM,DEL,AI 2430,AIC,AI,1234567,2026-03-29,2026-10-24,12:20,raw_time_basis_unknown,ai-s26-39b578284111e6,current,confirmed_exact_designator
sha256=107983dc72d381e6897a5a333556946adcc98daef82e954d52cec1fc402c3086|page=10|physical_row=0035|station_section=1:Delhi|printed_row=191,107983dc72d381e6897a5a333556946adcc98daef82e954d52cec1fc402c3086,10,35,1,Delhi,191,p10-r191-n0526,p10-r191-n0526-arrival,arrival,GAU,DEL,AI 880,AIC,AI,1234567,2026-03-29,2026-10-24,12:30,raw_time_basis_unknown,ai-s26-66b09a12034303,current,confirmed_exact_designator
sha256=107983dc72d381e6897a5a333556946adcc98daef82e954d52cec1fc402c3086|page=10|physical_row=0036|station_section=1:Delhi|printed_row=192,107983dc72d381e6897a5a333556946adcc98daef82e954d52cec1fc402c3086,10,36,1,Delhi,192,p10-r192-n0527,p10-r192-n0527-departure,departure,DEL,HYD,AI 2899,AIC,AI,1234567,2026-03-29,2026-10-24,12:30,raw_time_basis_unknown,ai-s26-3768ba25fe2fc5,current,confirmed_exact_designator
sha256=107983dc72d381e6897a5a333556946adcc98daef82e954d52cec1fc402c3086|page=10|physical_row=0037|station_section=1:Delhi|printed_row=193,107983dc72d381e6897a5a333556946adcc98daef82e954d52cec1fc402c3086,10,37,1,Delhi,193,p10-r193-n0528,p10-r193-n0528-arrival,arrival,CCU,DEL,AI 2536,AIC,AI,1234567,2026-03-29,2026-10-24,12:35,raw_time_basis_unknown,ai-s26-679a49bd073341,current,confirmed_exact_designator
sha256=107983dc72d381e6897a5a333556946adcc98daef82e954d52cec1fc402c3086|page=10|physical_row=0038|station_section=1:Delhi|printed_row=194,107983dc72d381e6897a5a333556946adcc98daef82e954d52cec1fc402c3086,10,38,1,Delhi,194,p10-r194-n0529,p10-r194-n0529-arrival,arrival,MAA,DEL,AI 2526,AIC,AI,123457,2026-03-29,2026-10-23,12:45,raw_time_basis_unknown,ai-s26-27c51619f5129e,current,confirmed_exact_designator
sha256=107983dc72d381e6897a5a333556946adcc98daef82e954d52cec1fc402c3086|page=10|physical_row=0039|station_section=1:Delhi|printed_row=195,107983dc72d381e6897a5a333556946adcc98daef82e954d52cec1fc402c3086,10,39,1,Delhi,195,p10-r195-n0530,p10-r195-n0530-arrival,arrival,MAA,DEL,AI 2526,AIC,AI,6,2026-04-04,2026-10-24,12:45,raw_time_basis_unknown,ai-s26-fe9e92bff98439,current,confirmed_exact_designator
sha256=107983dc72d381e6897a5a333556946adcc98daef82e954d52cec1fc402c3086|page=10|physical_row=0040|station_section=1:Delhi|printed_row=196,107983dc72d381e6897a5a333556946adcc98daef82e954d52cec1fc402c3086,10,40,1,Delhi,196,p10-r196-n0531,p10-r196-n0531-departure,departure,DEL,HWR,AI 483,AIC,AI,1234567,2026-03-29,2026-10-24,12:55,raw_time_basis_unknown,ai-s26-b295d0c534a1d0,current,confirmed_exact_designator
sha256=107983dc72d381e6897a5a333556946adcc98daef82e954d52cec1fc402c3086|page=10|physical_row=0041|station_section=1:Delhi|printed_row=197,107983dc72d381e6897a5a333556946adcc98daef82e954d52cec1fc402c3086,10,41,1,Delhi,197,p10-r197-n0532,p10-r197-n0532-arrival,arrival,BLR,DEL,AI 2804,AIC,AI,1234567,2026-03-29,2026-10-24,13:00,raw_time_basis_unknown,ai-s26-3e329694f48d63,current,confirmed_exact_designator
sha256=107983dc72d381e6897a5a333556946adcc98daef82e954d52cec1fc402c3086|page=10|physical_row=0042|station_section=1:Delhi|printed_row=198,107983dc72d381e6897a5a333556946adcc98daef82e954d52cec1fc402c3086,10,42,1,Delhi,198,p10-r198-n0533,p10-r198-n0533-departure,departure,DEL,PNQ,AI 1735,AIC,AI,123457,2026-03-29,2026-10-23,13:00,raw_time_basis_unknown,ai-s26-9ed2ec2024141f,current,confirmed_exact_designator
sha256=107983dc72d381e6897a5a333556946adcc98daef82e954d52cec1fc402c3086|page=10|physical_row=0043|station_section=1:Delhi|printed_row=199,107983dc72d381e6897a5a333556946adcc98daef82e954d52cec1fc402c3086,10,43,1,Delhi,199,p10-r199-n0534,p10-r199-n0534-departure,departure,DEL,BLR,AI 2417,AIC,AI,1234567,2026-03-29,2026-10-24,13:00,raw_time_basis_unknown,ai-s26-54ce04302011ed,current,confirmed_exact_designator
sha256=107983dc72d381e6897a5a333556946adcc98daef82e954d52cec1fc402c3086|page=10|physical_row=0044|station_section=1:Delhi|printed_row=200,107983dc72d381e6897a5a333556946adcc98daef82e954d52cec1fc402c3086,10,44,1,Delhi,200,p10-r200-n0535,p10-r200-n0535-departure,departure,DEL,CCU,AI 2767,AIC,AI,1234567,2026-03-29,2026-10-24,13:00,raw_time_basis_unknown,ai-s26-9f8c51e7c28e55,current,confirmed_exact_designator
sha256=107983dc72d381e6897a5a333556946adcc98daef82e954d52cec1fc402c3086|page=10|physical_row=0045|station_section=1:Delhi|printed_row=201,107983dc72d381e6897a5a333556946adcc98daef82e954d52cec1fc402c3086,10,45,1,Delhi,201,p10-r201-n0536,p10-r201-n0536-arrival,arrival,HYD,DEL,AI 2543,AIC,AI,1234567,2026-03-29,2026-10-24,13:05,raw_time_basis_unknown,ai-s26-f96ff24d14bc0b,current,confirmed_exact_designator
sha256=107983dc72d381e6897a5a333556946adcc98daef82e954d52cec1fc402c3086|page=10|physical_row=0046|station_section=1:Delhi|printed_row=202,107983dc72d381e6897a5a333556946adcc98daef82e954d52cec1fc402c3086,10,46,1,Delhi,202,p10-r202-n0537,p10-r202-n0537-arrival,arrival,CCU,DEL,AI 2706,AIC,AI,1234567,2026-03-29,2026-10-24,13:05,raw_time_basis_unknown,ai-s26-54e49df8d7b55e,current,confirmed_exact_designator
sha256=107983dc72d381e6897a5a333556946adcc98daef82e954d52cec1fc402c3086|page=10|physical_row=0047|station_section=1:Delhi|printed_row=203,107983dc72d381e6897a5a333556946adcc98daef82e954d52cec1fc402c3086,10,47,1,Delhi,203,p10-r203-n0538,p10-r203-n0538-departure,departure,DEL,PAT,AI 2645,AIC,AI,1234567,2026-03-29,2026-10-24,13:05,raw_time_basis_unknown,ai-s26-ed40ba5d636c02,current,confirmed_exact_designator
sha256=107983dc72d381e6897a5a333556946adcc98daef82e954d52cec1fc402c3086|page=10|physical_row=0048|station_section=1:Delhi|printed_row=204,107983dc72d381e6897a5a333556946adcc98daef82e954d52cec1fc402c3086,10,48,1,Delhi,204,p10-r204-n0539,p10-r204-n0539-arrival,arrival,BOM,DEL,AI 2952,AIC,AI,1234567,2026-03-29,2026-10-24,13:25,raw_time_basis_unknown,ai-s26-f30912ce783d7a,current,confirmed_exact_designator
sha256=107983dc72d381e6897a5a333556946adcc98daef82e954d52cec1fc402c3086|page=10|physical_row=0049|station_section=1:Delhi|printed_row=205,107983dc72d381e6897a5a333556946adcc98daef82e954d52cec1fc402c3086,10,49,1,Delhi,205,p10-r205-n0540,p10-r205-n0540-departure,departure,DEL,LKO,AI 1717,AIC,AI,1234567,2026-03-29,2026-10-24,13:25,raw_time_basis_unknown,ai-s26-4da3d14d055a40,current,confirmed_exact_designator
sha256=107983dc72d381e6897a5a333556946adcc98daef82e954d52cec1fc402c3086|page=10|physical_row=0050|station_section=1:Delhi|printed_row=206,107983dc72d381e6897a5a333556946adcc98daef82e954d52cec1fc402c3086,10,50,1,Delhi,206,p10-r206-n0541,p10-r206-n0541-departure,departure,DEL,BOM,AI 2951,AIC,AI,1234567,2026-03-29,2026-10-24,13:30,raw_time_basis_unknown,ai-s26-564ac090a7b588,current,confirmed_exact_designator
sha256=107983dc72d381e6897a5a333556946adcc98daef82e954d52cec1fc402c3086|page=10|physical_row=0051|station_section=1:Delhi|printed_row=207,107983dc72d381e6897a5a333556946adcc98daef82e954d52cec1fc402c3086,10,51,1,Delhi,207,p10-r207-n0542,p10-r207-n0542-arrival,arrival,ATQ,DEL,AI 1826,AIC,AI,1234567,2026-03-29,2026-10-24,13:35,raw_time_basis_unknown,ai-s26-27180c2efd2065,current,confirmed_exact_designator
sha256=107983dc72d381e6897a5a333556946adcc98daef82e954d52cec1fc402c3086|page=10|physical_row=0052|station_section=1:Delhi|printed_row=208,107983dc72d381e6897a5a333556946adcc98daef82e954d52cec1fc402c3086,10,52,1,Delhi,208,p10-r208-n0543,p10-r208-n0543-arrival,arrival,IXL,DEL,AI 2464,AIC,AI,1234567,2026-03-29,2026-10-24,13:35,raw_time_basis_unknown,ai-s26-baef9db07eeb35,current,confirmed_exact_designator
sha256=107983dc72d381e6897a5a333556946adcc98daef82e954d52cec1fc402c3086|page=10|physical_row=0053|station_section=1:Delhi|printed_row=209,107983dc72d381e6897a5a333556946adcc98daef82e954d52cec1fc402c3086,10,53,1,Delhi,209,p10-r209-n0544,p10-r209-n0544-departure,departure,DEL,VTZ,AI 419,AIC,AI,1234567,2026-03-29,2026-10-24,13:35,raw_time_basis_unknown,ai-s26-4724aa6845e765,current,confirmed_exact_designator
sha256=107983dc72d381e6897a5a333556946adcc98daef82e954d52cec1fc402c3086|page=10|physical_row=0054|station_section=1:Delhi|printed_row=210,107983dc72d381e6897a5a333556946adcc98daef82e954d52cec1fc402c3086,10,54,1,Delhi,210,p10-r210-n0545,p10-r210-n0545-departure,departure,DEL,AMD,AI 881,AIC,AI,1234567,2026-03-29,2026-10-24,13:35,raw_time_basis_unknown,ai-s26-efc01c5eb1987d,current,confirmed_exact_designator
sha256=107983dc72d381e6897a5a333556946adcc98daef82e954d52cec1fc402c3086|page=10|physical_row=0055|station_section=1:Delhi|printed_row=211,107983dc72d381e6897a5a333556946adcc98daef82e954d52cec1fc402c3086,10,55,1,Delhi,211,p10-r211-n0546,p10-r211-n0546-departure,departure,DEL,VNS,AI 2623,AIC,AI,1234567,2026-03-29,2026-10-24,13:35,raw_time_basis_unknown,ai-s26-45f954d2346a35,current,confirmed_exact_designator
sha256=107983dc72d381e6897a5a333556946adcc98daef82e954d52cec1fc402c3086|page=10|physical_row=0056|station_section=1:Delhi|printed_row=212,107983dc72d381e6897a5a333556946adcc98daef82e954d52cec1fc402c3086,10,56,1,Delhi,212,p10-r212-n0547,p10-r212-n0547-arrival,arrival,SXR,DEL,AI 3424,AIC,AI,1234567,2026-03-29,2026-10-24,13:40,raw_time_basis_unknown,ai-s26-1322bca4e085c6,current,confirmed_exact_designator
sha256=107983dc72d381e6897a5a333556946adcc98daef82e954d52cec1fc402c3086|page=10|physical_row=0057|station_section=1:Delhi|printed_row=213,107983dc72d381e6897a5a333556946adcc98daef82e954d52cec1fc402c3086,10,57,1,Delhi,213,p10-r213-n0548,p10-r213-n0548-arrival,arrival,SXR,DEL,AI 1893,AIC,AI,1234567,2026-03-29,2026-10-24,13:45,raw_time_basis_unknown,ai-s26-a80ce3b9594aa7,current,confirmed_exact_designator
sha256=107983dc72d381e6897a5a333556946adcc98daef82e954d52cec1fc402c3086|page=10|physical_row=0058|station_section=1:Delhi|printed_row=214,107983dc72d381e6897a5a333556946adcc98daef82e954d52cec1fc402c3086,10,58,1,Delhi,214,p10-r214-n0549,p10-r214-n0549-departure,departure,DEL,JDH,AI 1759,AIC,AI,1234567,2026-03-29,2026-10-24,13:45,raw_time_basis_unknown,ai-s26-48a526408db7c9,current,confirmed_exact_designator
sha256=107983dc72d381e6897a5a333556946adcc98daef82e954d52cec1fc402c3086|page=11|physical_row=0001|station_section=1:Delhi|printed_row=215,107983dc72d381e6897a5a333556946adcc98daef82e954d52cec1fc402c3086,11,1,1,Delhi,215,p11-r215-n0550,p11-r215-n0550-departure,departure,DEL,IXU,AI 1781,AIC,AI,1234567,2026-03-29,2026-10-24,13:50,raw_time_basis_unknown,ai-s26-de7bafe859dbf2,current,confirmed_exact_designator
sha256=107983dc72d381e6897a5a333556946adcc98daef82e954d52cec1fc402c3086|page=11|physical_row=0002|station_section=1:Delhi|printed_row=216,107983dc72d381e6897a5a333556946adcc98daef82e954d52cec1fc402c3086,11,2,1,Delhi,216,p11-r216-n0551,p11-r216-n0551-arrival,arrival,ATQ,DEL,AI 422,AIC,AI,146,2026-03-30,2026-10-24,13:55,raw_time_basis_unknown,ai-s26-871cc998554ce6,current,confirmed_exact_designator
sha256=107983dc72d381e6897a5a333556946adcc98daef82e954d52cec1fc402c3086|page=11|physical_row=0003|station_section=1:Delhi|printed_row=217,107983dc72d381e6897a5a333556946adcc98daef82e954d52cec1fc402c3086,11,3,1,Delhi,217,p11-r217-n0552,p11-r217-n0552-arrival,arrival,IXL,DEL,AI 2462,AIC,AI,246,2026-03-31,2026-10-24,13:55,raw_time_basis_unknown,ai-s26-02e149c28ab146,current,confirmed_exact_designator
sha256=107983dc72d381e6897a5a333556946adcc98daef82e954d52cec1fc402c3086|page=11|physical_row=0004|station_section=1:Delhi|printed_row=218,107983dc72d381e6897a5a333556946adcc98daef82e954d52cec1fc402c3086,11,4,1,Delhi,218,p11-r218-n0553,p11-r218-n0553-departure,departure,DEL,UDR,AI 1779,AIC,AI,1234567,2026-03-29,2026-10-24,13:55,raw_time_basis_unknown,ai-s26-6c37c5fedc228f,current,confirmed_exact_designator
sha256=107983dc72d381e6897a5a333556946adcc98daef82e954d52cec1fc402c3086|page=11|physical_row=0005|station_section=1:Delhi|printed_row=219,107983dc72d381e6897a5a333556946adcc98daef82e954d52cec1fc402c3086,11,5,1,Delhi,219,p11-r219-n0554,p11-r219-n0554-arrival,arrival,BLR,DEL,AI 2406,AIC,AI,1234567,2026-03-29,2026-10-24,14:00,raw_time_basis_unknown,ai-s26-723f84bddf476d,current,confirmed_exact_designator
sha256=107983dc72d381e6897a5a333556946adcc98daef82e954d52cec1fc402c3086|page=11|physical_row=0006|station_section=1:Delhi|printed_row=220,107983dc72d381e6897a5a333556946adcc98daef82e954d52cec1fc402c3086,11,6,1,Delhi,220,p11-r220-n0555,p11-r220-n0555-arrival,arrival,MAA,DEL,AI 2836,AIC,AI,1234567,2026-03-29,2026-10-24,14:00,raw_time_basis_unknown,ai-s26-d455e23ba2f553,current,confirmed_exact_designator
sha256=107983dc72d381e6897a5a333556946adcc98daef82e954d52cec1fc402c3086|page=11|physical_row=0007|station_section=1:Delhi|printed_row=221,107983dc72d381e6897a5a333556946adcc98daef82e954d52cec1fc402c3086,11,7,1,Delhi,221,p11-r221-n0556,p11-r221-n0556-arrival,arrival,BHO,DEL,AI 1894,AIC,AI,1234567,2026-03-29,2026-10-24,14:05,raw_time_basis_unknown,ai-s26-4fa26e893b1f7f,current,confirmed_exact_designator
sha256=107983dc72d381e6897a5a333556946adcc98daef82e954d52cec1fc402c3086|page=11|physical_row=0008|station_section=1:Delhi|printed_row=222,107983dc72d381e6897a5a333556946adcc98daef82e954d52cec1fc402c3086,11,8,1,Delhi,222,p11-r222-n0557,p11-r222-n0557-arrival,arrival,AMD,DEL,AI 424,AIC,AI,35,2026-04-01,2026-10-23,14:10,raw_time_basis_unknown,ai-s26-365cc13f34e886,current,confirmed_exact_designator
sha256=107983dc72d381e6897a5a333556946adcc98daef82e954d52cec1fc402c3086|page=11|physical_row=0009|station_section=1:Delhi|printed_row=223,107983dc72d381e6897a5a333556946adcc98daef82e954d52cec1fc402c3086,11,9,1,Delhi,223,p11-r223-n0558,p11-r223-n0558-arrival,arrival,SXR,DEL,AI 2612,AIC,AI,1367,2026-03-29,2026-04-27,14:10,raw_time_basis_unknown,ai-s26-9eab5eab38b944,expired,expired_not_compared_to_baseline
sha256=107983dc72d381e6897a5a333556946adcc98daef82e954d52cec1fc402c3086|page=11|physical_row=0010|station_section=1:Delhi|printed_row=224,107983dc72d381e6897a5a333556946adcc98daef82e954d52cec1fc402c3086,11,10,1,Delhi,224,p11-r224-n0559,p11-r224-n0559-departure,departure,DEL,BOM,AI 2441,AIC,AI,1234567,2026-03-29,2026-10-24,14:10,raw_time_basis_unknown,ai-s26-6b3714a8948357,current,confirmed_exact_designator
sha256=107983dc72d381e6897a5a333556946adcc98daef82e954d52cec1fc402c3086|page=11|physical_row=0011|station_section=1:Delhi|printed_row=225,107983dc72d381e6897a5a333556946adcc98daef82e954d52cec1fc402c3086,11,11,1,Delhi,225,p11-r225-n0560,p11-r225-n0560-departure,departure,DEL,IXC,AI 2706,AIC,AI,1234567,2026-03-29,2026-10-24,14:10,raw_time_basis_unknown,ai-s26-8f7f127603e977,current,confirmed_exact_designator
sha256=107983dc72d381e6897a5a333556946adcc98daef82e954d52cec1fc402c3086|page=11|physical_row=0012|station_section=1:Delhi|printed_row=226,107983dc72d381e6897a5a333556946adcc98daef82e954d52cec1fc402c3086,11,12,1,Delhi,226,p11-r226-n0561,p11-r226-n0561-arrival,arrival,BOM,DEL,AI 2419,AIC,AI,1234567,2026-03-29,2026-10-24,14:20,raw_time_basis_unknown,ai-s26-b0469e7fbbd958,current,confirmed_exact_designator
sha256=107983dc72d381e6897a5a333556946adcc98daef82e954d52cec1fc402c3086|page=11|physical_row=0013|station_section=1:Delhi|printed_row=227,107983dc72d381e6897a5a333556946adcc98daef82e954d52cec1fc402c3086,11,13,1,Delhi,227,p11-r227-n0562,p11-r227-n0562-arrival,arrival,JAI,DEL,AI 1844,AIC,AI,1234567,2026-03-29,2026-10-24,14:30,raw_time_basis_unknown,ai-s26-7d39c9a598cbaf,current,confirmed_exact_designator
sha256=107983dc72d381e6897a5a333556946adcc98daef82e954d52cec1fc402c3086|page=11|physical_row=0014|station_section=1:Delhi|printed_row=228,107983dc72d381e6897a5a333556946adcc98daef82e954d52cec1fc402c3086,11,14,1,Delhi,228,p11-r228-n0563,p11-r228-n0563-arrival,arrival,DED,DEL,AI 2908,AIC,AI,1234567,2026-03-29,2026-10-24,14:30,raw_time_basis_unknown,ai-s26-2874c605360bc0,current,confirmed_exact_designator
sha256=107983dc72d381e6897a5a333556946adcc98daef82e954d52cec1fc402c3086|page=11|physical_row=0015|station_section=1:Delhi|printed_row=229,107983dc72d381e6897a5a333556946adcc98daef82e954d52cec1fc402c3086,11,15,1,Delhi,229,p11-r229-n0564,p11-r229-n0564-departure,departure,DEL,GAU,AI 1755,AIC,AI,1234567,2026-03-29,2026-10-24,14:30,raw_time_basis_unknown,ai-s26-1f1cbfbe40c50a,current,confirmed_exact_designator
sha256=107983dc72d381e6897a5a333556946adcc98daef82e954d52cec1fc402c3086|page=11|physical_row=0016|station_section=1:Delhi|printed_row=230,107983dc72d381e6897a5a333556946adcc98daef82e954d52cec1fc402c3086,11,16,1,Delhi,230,p11-r230-n0565,p11-r230-n0565-departure,departure,DEL,HYD,AI 2465,AIC,AI,1234567,2026-03-29,2026-10-24,14:30,raw_time_basis_unknown,ai-s26-04eceb3859f24d,current,confirmed_exact_designator
sha256=107983dc72d381e6897a5a333556946adcc98daef82e954d52cec1fc402c3086|page=11|physical_row=0017|station_section=1:Delhi|printed_row=231,107983dc72d381e6897a5a333556946adcc98daef82e954d52cec1fc402c3086,11,17,1,Delhi,231,p11-r231-n0566,p11-r231-n0566-departure,departure,DEL,IDR,AI 2592,AIC,AI,1234567,2026-03-29,2026-10-24,14:30,raw_time_basis_unknown,ai-s26-3f852fb252a899,current,confirmed_exact_designator
sha256=107983dc72d381e6897a5a333556946adcc98daef82e954d52cec1fc402c3086|page=11|physical_row=0018|station_section=1:Delhi|printed_row=232,107983dc72d381e6897a5a333556946adcc98daef82e954d52cec1fc402c3086,11,18,1,Delhi,232,p11-r232-n0567,p11-r232-n0567-arrival,arrival,COK,DEL,AI 1816,AIC,AI,1234567,2026-03-29,2026-10-24,14:40,raw_time_basis_unknown,ai-s26-e0d328fb2a0568,current,confirmed_exact_designator
sha256=107983dc72d381e6897a5a333556946adcc98daef82e954d52cec1fc402c3086|page=11|physical_row=0019|station_section=1:Delhi|printed_row=233,107983dc72d381e6897a5a333556946adcc98daef82e954d52cec1fc402c3086,11,19,1,Delhi,233,p11-r233-n0568,p11-r233-n0568-arrival,arrival,TRV,DEL,AI 1896,AIC,AI,1234567,2026-03-29,2026-10-24,14:40,raw_time_basis_unknown,ai-s26-960cb4f95bc553,current,confirmed_exact_designator
sha256=107983dc72d381e6897a5a333556946adcc98daef82e954d52cec1fc402c3086|page=11|physical_row=0020|station_section=1:Delhi|printed_row=234,107983dc72d381e6897a5a333556946adcc98daef82e954d52cec1fc402c3086,11,20,1,Delhi,234,p11-r234-n0569,p11-r234-n0569-arrival,arrival,ATQ,DEL,AI 492,AIC,AI,1234567,2026-03-29,2026-10-24,14:50,raw_time_basis_unknown,ai-s26-df38a32ac3181a,current,confirmed_exact_designator
sha256=107983dc72d381e6897a5a333556946adcc98daef82e954d52cec1fc402c3086|page=11|physical_row=0021|station_section=1:Delhi|printed_row=235,107983dc72d381e6897a5a333556946adcc98daef82e954d52cec1fc402c3086,11,21,1,Delhi,235,p11-r235-n0570,p11-r235-n0570-arrival,arrival,IXC,DEL,AI 2533,AIC,AI,123456,2026-03-30,2026-10-24,14:50,raw_time_basis_unknown,ai-s26-6e539e74790a8a,current,confirmed_exact_designator
sha256=107983dc72d381e6897a5a333556946adcc98daef82e954d52cec1fc402c3086|page=11|physical_row=0022|station_section=1:Delhi|printed_row=236,107983dc72d381e6897a5a333556946adcc98daef82e954d52cec1fc402c3086,11,22,1,Delhi,236,p11-r236-n0571,p11-r236-n0571-arrival,arrival,HWR,DEL,AI 484,AIC,AI,7,2026-03-29,2026-06-28,14:55,raw_time_basis_unknown,ai-s26-bb7cd1e2d432a5,expired,expired_not_compared_to_baseline
sha256=107983dc72d381e6897a5a333556946adcc98daef82e954d52cec1fc402c3086|page=11|physical_row=0023|station_section=1:Delhi|printed_row=237,107983dc72d381e6897a5a333556946adcc98daef82e954d52cec1fc402c3086,11,23,1,Delhi,237,p11-r237-n0572,p11-r237-n0572-departure,departure,DEL,BHJ,AI 1709,AIC,AI,1234567,2026-03-29,2026-10-24,15:00,raw_time_basis_unknown,ai-s26-480f1641dd3402,current,confirmed_exact_designator
sha256=107983dc72d381e6897a5a333556946adcc98daef82e954d52cec1fc402c3086|page=11|physical_row=0024|station_section=1:Delhi|printed_row=238,107983dc72d381e6897a5a333556946adcc98daef82e954d52cec1fc402c3086,11,24,1,Delhi,238,p11-r238-n0573,p11-r238-n0573-departure,departure,DEL,CJB,AI 1753,AIC,AI,123457,2026-03-29,2026-10-23,15:00,raw_time_basis_unknown,ai-s26-da761988521ae9,current,confirmed_exact_designator
sha256=107983dc72d381e6897a5a333556946adcc98daef82e954d52cec1fc402c3086|page=11|physical_row=0025|station_section=1:Delhi|printed_row=239,107983dc72d381e6897a5a333556946adcc98daef82e954d52cec1fc402c3086,11,25,1,Delhi,239,p11-r239-n0574,p11-r239-n0574-departure,departure,DEL,BLR,AI 2819,AIC,AI,1234567,2026-03-29,2026-10-24,15:00,raw_time_basis_unknown,ai-s26-9737d6cfa43bd8,current,confirmed_exact_designator
sha256=107983dc72d381e6897a5a333556946adcc98daef82e954d52cec1fc402c3086|page=11|physical_row=0026|station_section=1:Delhi|printed_row=240,107983dc72d381e6897a5a333556946adcc98daef82e954d52cec1fc402c3086,11,26,1,Delhi,240,p11-r240-n0575,p11-r240-n0575-arrival,arrival,PAT,DEL,AI 2524,AIC,AI,1234567,2026-03-29,2026-10-24,15:05,raw_time_basis_unknown,ai-s26-5455dc042e7070,current,confirmed_exact_designator
sha256=107983dc72d381e6897a5a333556946adcc98daef82e954d52cec1fc402c3086|page=11|physical_row=0027|station_section=1:Delhi|printed_row=241,107983dc72d381e6897a5a333556946adcc98daef82e954d52cec1fc402c3086,11,27,1,Delhi,241,p11-r241-n0576,p11-r241-n0576-departure,departure,DEL,BDQ,AI 2866,AIC,AI,12357,2026-03-29,2026-10-23,15:10,raw_time_basis_unknown,ai-s26-25528ac4be5d6a,current,confirmed_exact_designator
sha256=107983dc72d381e6897a5a333556946adcc98daef82e954d52cec1fc402c3086|page=11|physical_row=0028|station_section=1:Delhi|printed_row=242,107983dc72d381e6897a5a333556946adcc98daef82e954d52cec1fc402c3086,11,28,1,Delhi,242,p11-r242-n0577,p11-r242-n0577-arrival,arrival,UDR,DEL,AI 1820,AIC,AI,1234567,2026-03-29,2026-10-24,15:15,raw_time_basis_unknown,ai-s26-348ed9d60aceba,current,confirmed_exact_designator
sha256=107983dc72d381e6897a5a333556946adcc98daef82e954d52cec1fc402c3086|page=11|physical_row=0029|station_section=1:Delhi|printed_row=243,107983dc72d381e6897a5a333556946adcc98daef82e954d52cec1fc402c3086,11,29,1,Delhi,243,p11-r243-n0578,p11-r243-n0578-arrival,arrival,BOM,DEL,AI 2677,AIC,AI,1234567,2026-03-29,2026-10-24,15:15,raw_time_basis_unknown,ai-s26-1d32c8c3a9328c,current,confirmed_exact_designator
sha256=107983dc72d381e6897a5a333556946adcc98daef82e954d52cec1fc402c3086|page=11|physical_row=0030|station_section=1:Delhi|printed_row=244,107983dc72d381e6897a5a333556946adcc98daef82e954d52cec1fc402c3086,11,30,1,Delhi,244,p11-r244-n0579,p11-r244-n0579-arrival,arrival,HYD,DEL,AI 2559,AIC,AI,1234567,2026-03-29,2026-10-24,15:20,raw_time_basis_unknown,ai-s26-4314a0564a76da,current,confirmed_exact_designator
sha256=107983dc72d381e6897a5a333556946adcc98daef82e954d52cec1fc402c3086|page=11|physical_row=0031|station_section=1:Delhi|printed_row=245,107983dc72d381e6897a5a333556946adcc98daef82e954d52cec1fc402c3086,11,31,1,Delhi,245,p11-r245-n0580,p11-r245-n0580-arrival,arrival,SXR,DEL,AI 1818,AIC,AI,1234567,2026-03-29,2026-10-24,15:25,raw_time_basis_unknown,ai-s26-8e65368ae735e2,current,confirmed_exact_designator
sha256=107983dc72d381e6897a5a333556946adcc98daef82e954d52cec1fc402c3086|page=11|physical_row=0032|station_section=1:Delhi|printed_row=246,107983dc72d381e6897a5a333556946adcc98daef82e954d52cec1fc402c3086,11,32,1,Delhi,246,p11-r246-n0581,p11-r246-n0581-arrival,arrival,IXZ,DEL,AI 2936,AIC,AI,1234567,2026-03-29,2026-10-24,15:25,raw_time_basis_unknown,ai-s26-2db4345d6ef116,current,confirmed_exact_designator
sha256=107983dc72d381e6897a5a333556946adcc98daef82e954d52cec1fc402c3086|page=11|physical_row=0033|station_section=1:Delhi|printed_row=247,107983dc72d381e6897a5a333556946adcc98daef82e954d52cec1fc402c3086,11,33,1,Delhi,247,p11-r247-n0582,p11-r247-n0582-departure,departure,DEL,COK,AI 2473,AIC,AI,1234567,2026-03-29,2026-10-24,15:25,raw_time_basis_unknown,ai-s26-3d2d3ba6dd0d0a,current,confirmed_exact_designator
sha256=107983dc72d381e6897a5a333556946adcc98daef82e954d52cec1fc402c3086|page=11|physical_row=0034|station_section=1:Delhi|printed_row=248,107983dc72d381e6897a5a333556946adcc98daef82e954d52cec1fc402c3086,11,34,1,Delhi,248,p11-r248-n0583,p11-r248-n0583-arrival,arrival,CCU,DEL,AI 1874,AIC,AI,1234567,2026-03-29,2026-10-24,15:30,raw_time_basis_unknown,ai-s26-32a48055559c61,current,confirmed_exact_designator
sha256=107983dc72d381e6897a5a333556946adcc98daef82e954d52cec1fc402c3086|page=11|physical_row=0035|station_section=1:Delhi|printed_row=249,107983dc72d381e6897a5a333556946adcc98daef82e954d52cec1fc402c3086,11,35,1,Delhi,249,p11-r249-n0584,p11-r249-n0584-arrival,arrival,BLR,DEL,AI 2652,AIC,AI,167,2026-03-29,2026-10-24,15:30,raw_time_basis_unknown,ai-s26-e26af7e90524c3,current,confirmed_exact_designator
sha256=107983dc72d381e6897a5a333556946adcc98daef82e954d52cec1fc402c3086|page=11|physical_row=0036|station_section=1:Delhi|printed_row=250,107983dc72d381e6897a5a333556946adcc98daef82e954d52cec1fc402c3086,11,36,1,Delhi,250,p11-r250-n0585,p11-r250-n0585-arrival,arrival,BLR,DEL,AI 2652,AIC,AI,5,2026-04-03,2026-04-24,15:30,raw_time_basis_unknown,ai-s26-f6baaeb07f3628,expired,expired_not_compared_to_baseline
sha256=107983dc72d381e6897a5a333556946adcc98daef82e954d52cec1fc402c3086|page=11|physical_row=0037|station_section=1:Delhi|printed_row=251,107983dc72d381e6897a5a333556946adcc98daef82e954d52cec1fc402c3086,11,37,1,Delhi,251,p11-r251-n0586,p11-r251-n0586-arrival,arrival,BLR,DEL,AI 2652,AIC,AI,234,2026-03-31,2026-10-22,15:30,raw_time_basis_unknown,ai-s26-6779fbc8ec294b,current,confirmed_exact_designator
sha256=107983dc72d381e6897a5a333556946adcc98daef82e954d52cec1fc402c3086|page=11|physical_row=0038|station_section=1:Delhi|printed_row=252,107983dc72d381e6897a5a333556946adcc98daef82e954d52cec1fc402c3086,11,38,1,Delhi,252,p11-r252-n0587,p11-r252-n0587-departure,departure,DEL,TRV,AI 1713,AIC,AI,1234567,2026-03-29,2026-10-24,15:30,raw_time_basis_unknown,ai-s26-a5ca5a477ef342,current,confirmed_exact_designator
sha256=107983dc72d381e6897a5a333556946adcc98daef82e954d52cec1fc402c3086|page=11|physical_row=0039|station_section=1:Delhi|printed_row=253,107983dc72d381e6897a5a333556946adcc98daef82e954d52cec1fc402c3086,11,39,1,Delhi,253,p11-r253-n0588,p11-r253-n0588-departure,departure,DEL,BLR,AI 2664,AIC,AI,1367,2026-03-29,2026-10-24,15:30,raw_time_basis_unknown,ai-s26-9160ff417686bc,current,confirmed_exact_designator
sha256=107983dc72d381e6897a5a333556946adcc98daef82e954d52cec1fc402c3086|page=11|physical_row=0040|station_section=1:Delhi|printed_row=254,107983dc72d381e6897a5a333556946adcc98daef82e954d52cec1fc402c3086,11,40,1,Delhi,254,p11-r254-n0589,p11-r254-n0589-departure,departure,DEL,BLR,AI 2664,AIC,AI,245,2026-03-31,2026-10-23,15:30,raw_time_basis_unknown,ai-s26-44593d4ab9f049,current,confirmed_exact_designator
sha256=107983dc72d381e6897a5a333556946adcc98daef82e954d52cec1fc402c3086|page=11|physical_row=0041|station_section=1:Delhi|printed_row=255,107983dc72d381e6897a5a333556946adcc98daef82e954d52cec1fc402c3086,11,41,1,Delhi,255,p11-r255-n0590,p11-r255-n0590-departure,departure,DEL,BOM,AI 2933,AIC,AI,1234567,2026-03-29,2026-10-24,15:30,raw_time_basis_unknown,ai-s26-427e921df0ce5c,current,confirmed_exact_designator
sha256=107983dc72d381e6897a5a333556946adcc98daef82e954d52cec1fc402c3086|page=11|physical_row=0042|station_section=1:Delhi|printed_row=256,107983dc72d381e6897a5a333556946adcc98daef82e954d52cec1fc402c3086,11,42,1,Delhi,256,p11-r256-n0591,p11-r256-n0591-arrival,arrival,AMD,DEL,AI 2716,AIC,AI,124567,2026-03-29,2026-10-24,15:35,raw_time_basis_unknown,ai-s26-cd0398d7160ce7,current,confirmed_exact_designator
sha256=107983dc72d381e6897a5a333556946adcc98daef82e954d52cec1fc402c3086|page=11|physical_row=0043|station_section=1:Delhi|printed_row=257,107983dc72d381e6897a5a333556946adcc98daef82e954d52cec1fc402c3086,11,43,1,Delhi,257,p11-r257-n0592,p11-r257-n0592-departure,departure,DEL,JAI,AI 2761,AIC,AI,1234567,2026-03-29,2026-10-24,15:35,raw_time_basis_unknown,ai-s26-a6ecd477fc9dec,current,confirmed_exact_designator
sha256=107983dc72d381e6897a5a333556946adcc98daef82e954d52cec1fc402c3086|page=11|physical_row=0044|station_section=1:Delhi|printed_row=258,107983dc72d381e6897a5a333556946adcc98daef82e954d52cec1fc402c3086,11,44,1,Delhi,258,p11-r258-n0593,p11-r258-n0593-departure,departure,DEL,DED,AI 1757,AIC,AI,1234567,2026-03-29,2026-10-24,15:40,raw_time_basis_unknown,ai-s26-d754637d4e6386,current,confirmed_exact_designator
sha256=107983dc72d381e6897a5a333556946adcc98daef82e954d52cec1fc402c3086|page=11|physical_row=0045|station_section=1:Delhi|printed_row=259,107983dc72d381e6897a5a333556946adcc98daef82e954d52cec1fc402c3086,11,45,1,Delhi,259,p11-r259-n0594,p11-r259-n0594-arrival,arrival,BBI,DEL,AI 1898,AIC,AI,1234567,2026-03-29,2026-10-24,15:45,raw_time_basis_unknown,ai-s26-101fc6f2555f00,current,confirmed_exact_designator
sha256=107983dc72d381e6897a5a333556946adcc98daef82e954d52cec1fc402c3086|page=11|physical_row=0046|station_section=1:Delhi|printed_row=260,107983dc72d381e6897a5a333556946adcc98daef82e954d52cec1fc402c3086,11,46,1,Delhi,260,p11-r260-n0595,p11-r260-n0595-arrival,arrival,HWR,DEL,AI 484,AIC,AI,7,2026-07-05,2026-10-18,15:55,raw_time_basis_unknown,ai-s26-3ad465ba9dfaaf,current,confirmed_exact_designator
sha256=107983dc72d381e6897a5a333556946adcc98daef82e954d52cec1fc402c3086|page=11|physical_row=0047|station_section=1:Delhi|printed_row=261,107983dc72d381e6897a5a333556946adcc98daef82e954d52cec1fc402c3086,11,47,1,Delhi,261,p11-r261-n0596,p11-r261-n0596-arrival,arrival,HWR,DEL,AI 484,AIC,AI,123456,2026-03-30,2026-07-04,15:55,raw_time_basis_unknown,ai-s26-98f230a996bdec,expired,expired_not_compared_to_baseline
sha256=107983dc72d381e6897a5a333556946adcc98daef82e954d52cec1fc402c3086|page=11|physical_row=0048|station_section=1:Delhi|printed_row=262,107983dc72d381e6897a5a333556946adcc98daef82e954d52cec1fc402c3086,11,48,1,Delhi,262,p11-r262-n0597,p11-r262-n0597-arrival,arrival,HWR,DEL,AI 484,AIC,AI,123456,2026-07-06,2026-10-24,15:55,raw_time_basis_unknown,ai-s26-b7b252dac0ecda,current,confirmed_exact_designator
sha256=107983dc72d381e6897a5a333556946adcc98daef82e954d52cec1fc402c3086|page=11|physical_row=0049|station_section=1:Delhi|printed_row=263,107983dc72d381e6897a5a333556946adcc98daef82e954d52cec1fc402c3086,11,49,1,Delhi,263,p11-r263-n0598,p11-r263-n0598-arrival,arrival,IDR,DEL,AI 2516,AIC,AI,1234567,2026-03-29,2026-10-24,15:55,raw_time_basis_unknown,ai-s26-4bbd7616b62c14,current,confirmed_exact_designator
sha256=107983dc72d381e6897a5a333556946adcc98daef82e954d52cec1fc402c3086|page=11|physical_row=0050|station_section=1:Delhi|printed_row=264,107983dc72d381e6897a5a333556946adcc98daef82e954d52cec1fc402c3086,11,50,1,Delhi,264,p11-r264-n0599,p11-r264-n0599-arrival,arrival,BOM,DEL,AI 2960,AIC,AI,1234567,2026-03-29,2026-10-24,15:55,raw_time_basis_unknown,ai-s26-8ff1523d3914d3,current,confirmed_exact_designator
sha256=107983dc72d381e6897a5a333556946adcc98daef82e954d52cec1fc402c3086|page=11|physical_row=0051|station_section=1:Delhi|printed_row=265,107983dc72d381e6897a5a333556946adcc98daef82e954d52cec1fc402c3086,11,51,1,Delhi,265,p11-r265-n0600,p11-r265-n0600-departure,departure,DEL,GOI,AI 487,AIC,AI,1234567,2026-03-29,2026-10-24,16:00,raw_time_basis_unknown,ai-s26-b6c037be9c9df7,current,confirmed_exact_designator
sha256=107983dc72d381e6897a5a333556946adcc98daef82e954d52cec1fc402c3086|page=11|physical_row=0052|station_section=1:Delhi|printed_row=266,107983dc72d381e6897a5a333556946adcc98daef82e954d52cec1fc402c3086,11,52,1,Delhi,266,p11-r266-n0601,p11-r266-n0601-departure,departure,DEL,HYD,AI 544,AIC,AI,3,2026-04-01,2026-10-21,16:00,raw_time_basis_unknown,ai-s26-0096d15b53ef99,current,confirmed_exact_designator
sha256=107983dc72d381e6897a5a333556946adcc98daef82e954d52cec1fc402c3086|page=11|physical_row=0053|station_section=1:Delhi|printed_row=267,107983dc72d381e6897a5a333556946adcc98daef82e954d52cec1fc402c3086,11,53,1,Delhi,267,p11-r267-n0602,p11-r267-n0602-departure,departure,DEL,HYD,AI 544,AIC,AI,1,2026-03-30,2026-05-04,16:00,raw_time_basis_unknown,ai-s26-46a937c76697ce,expired,expired_not_compared_to_baseline
sha256=107983dc72d381e6897a5a333556946adcc98daef82e954d52cec1fc402c3086|page=11|physical_row=0054|station_section=1:Delhi|printed_row=268,107983dc72d381e6897a5a333556946adcc98daef82e954d52cec1fc402c3086,11,54,1,Delhi,268,p11-r268-n0603,p11-r268-n0603-departure,departure,DEL,BOM,AI 1777,AIC,AI,1234567,2026-03-29,2026-10-24,16:00,raw_time_basis_unknown,ai-s26-697307a5058d30,current,confirmed_exact_designator
sha256=107983dc72d381e6897a5a333556946adcc98daef82e954d52cec1fc402c3086|page=11|physical_row=0055|station_section=1:Delhi|printed_row=269,107983dc72d381e6897a5a333556946adcc98daef82e954d52cec1fc402c3086,11,55,1,Delhi,269,p11-r269-n0604,p11-r269-n0604-departure,departure,DEL,HYD,AI 2519,AIC,AI,24567,2026-03-29,2026-10-24,16:00,raw_time_basis_unknown,ai-s26-fb3c48c3a8a489,current,confirmed_exact_designator
sha256=107983dc72d381e6897a5a333556946adcc98daef82e954d52cec1fc402c3086|page=11|physical_row=0056|station_section=1:Delhi|printed_row=270,107983dc72d381e6897a5a333556946adcc98daef82e954d52cec1fc402c3086,11,56,1,Delhi,270,p11-r270-n0605,p11-r270-n0605-departure,departure,DEL,HYD,AI 2519,AIC,AI,1,2026-05-11,2026-10-19,16:00,raw_time_basis_unknown,ai-s26-b30b1eb5aa024f,current,confirmed_exact_designator
sha256=107983dc72d381e6897a5a333556946adcc98daef82e954d52cec1fc402c3086|page=11|physical_row=0057|station_section=1:Delhi|printed_row=271,107983dc72d381e6897a5a333556946adcc98daef82e954d52cec1fc402c3086,11,57,1,Delhi,271,p11-r271-n0606,p11-r271-n0606-departure,departure,DEL,PNQ,AI 2971,AIC,AI,1234567,2026-03-29,2026-10-24,16:00,raw_time_basis_unknown,ai-s26-3ee390dda3dca6,current,confirmed_exact_designator
sha256=107983dc72d381e6897a5a333556946adcc98daef82e954d52cec1fc402c3086|page=11|physical_row=0058|station_section=1:Delhi|printed_row=272,107983dc72d381e6897a5a333556946adcc98daef82e954d52cec1fc402c3086,11,58,1,Delhi,272,p11-r272-n0607,p11-r272-n0607-departure,departure,DEL,MAA,AI 537,AIC,AI,1234567,2026-03-29,2026-10-24,16:15,raw_time_basis_unknown,ai-s26-c0183050c7f159,current,confirmed_exact_designator
sha256=107983dc72d381e6897a5a333556946adcc98daef82e954d52cec1fc402c3086|page=12|physical_row=0001|station_section=1:Delhi|printed_row=273,107983dc72d381e6897a5a333556946adcc98daef82e954d52cec1fc402c3086,12,1,1,Delhi,273,p12-r273-n0608,p12-r273-n0608-departure,departure,DEL,CCU,AI 1733,AIC,AI,1234567,2026-03-29,2026-10-24,16:15,raw_time_basis_unknown,ai-s26-5e6f9af03d1809,current,confirmed_exact_designator
sha256=107983dc72d381e6897a5a333556946adcc98daef82e954d52cec1fc402c3086|page=12|physical_row=0002|station_section=1:Delhi|printed_row=274,107983dc72d381e6897a5a333556946adcc98daef82e954d52cec1fc402c3086,12,2,1,Delhi,274,p12-r274-n0609,p12-r274-n0609-departure,departure,DEL,NAG,AI 465,AIC,AI,1234567,2026-03-29,2026-10-24,16:20,raw_time_basis_unknown,ai-s26-d46aefbf0c077f,current,confirmed_exact_designator
sha256=107983dc72d381e6897a5a333556946adcc98daef82e954d52cec1fc402c3086|page=12|physical_row=0003|station_section=1:Delhi|printed_row=275,107983dc72d381e6897a5a333556946adcc98daef82e954d52cec1fc402c3086,12,3,1,Delhi,275,p12-r275-n0610,p12-r275-n0610-departure,departure,DEL,BLR,AI 2817,AIC,AI,6,2026-04-04,2026-10-24,16:30,raw_time_basis_unknown,ai-s26-61a58dcea838f6,current,confirmed_exact_designator
sha256=107983dc72d381e6897a5a333556946adcc98daef82e954d52cec1fc402c3086|page=12|physical_row=0004|station_section=1:Delhi|printed_row=276,107983dc72d381e6897a5a333556946adcc98daef82e954d52cec1fc402c3086,12,4,1,Delhi,276,p12-r276-n0611,p12-r276-n0611-departure,departure,DEL,BLR,AI 2817,AIC,AI,123457,2026-03-29,2026-10-23,16:30,raw_time_basis_unknown,ai-s26-2cfce9b75ebb91,current,confirmed_exact_designator
sha256=107983dc72d381e6897a5a333556946adcc98daef82e954d52cec1fc402c3086|page=12|physical_row=0005|station_section=1:Delhi|printed_row=277,107983dc72d381e6897a5a333556946adcc98daef82e954d52cec1fc402c3086,12,5,1,Delhi,277,p12-r277-n0612,p12-r277-n0612-departure,departure,DEL,BOM,AI 2941,AIC,AI,1234567,2026-03-29,2026-10-24,16:30,raw_time_basis_unknown,ai-s26-908936272fde5a,current,confirmed_exact_designator
sha256=107983dc72d381e6897a5a333556946adcc98daef82e954d52cec1fc402c3086|page=12|physical_row=0006|station_section=1:Delhi|printed_row=278,107983dc72d381e6897a5a333556946adcc98daef82e954d52cec1fc402c3086,12,6,1,Delhi,278,p12-r278-n0613,p12-r278-n0613-arrival,arrival,GOI,DEL,AI 2628,AIC,AI,1234567,2026-03-29,2026-10-24,16:40,raw_time_basis_unknown,ai-s26-cb656370bb4882,current,confirmed_exact_designator
sha256=107983dc72d381e6897a5a333556946adcc98daef82e954d52cec1fc402c3086|page=12|physical_row=0007|station_section=1:Delhi|printed_row=279,107983dc72d381e6897a5a333556946adcc98daef82e954d52cec1fc402c3086,12,7,1,Delhi,279,p12-r279-n0614,p12-r279-n0614-departure,departure,DEL,AMD,AI 2939,AIC,AI,1234567,2026-03-29,2026-10-24,16:40,raw_time_basis_unknown,ai-s26-90d11135718234,current,confirmed_exact_designator
sha256=107983dc72d381e6897a5a333556946adcc98daef82e954d52cec1fc402c3086|page=12|physical_row=0008|station_section=1:Delhi|printed_row=280,107983dc72d381e6897a5a333556946adcc98daef82e954d52cec1fc402c3086,12,8,1,Delhi,280,p12-r280-n0615,p12-r280-n0615-arrival,arrival,BLR,DEL,AI 2486,AIC,AI,1234567,2026-03-29,2026-10-24,16:45,raw_time_basis_unknown,ai-s26-1a5d9ff74774eb,current,confirmed_exact_designator
sha256=107983dc72d381e6897a5a333556946adcc98daef82e954d52cec1fc402c3086|page=12|physical_row=0009|station_section=1:Delhi|printed_row=281,107983dc72d381e6897a5a333556946adcc98daef82e954d52cec1fc402c3086,12,9,1,Delhi,281,p12-r281-n0616,p12-r281-n0616-arrival,arrival,RPR,DEL,AI 2636,AIC,AI,1234567,2026-03-29,2026-10-24,16:45,raw_time_basis_unknown,ai-s26-c7733044e381da,current,confirmed_exact_designator
sha256=107983dc72d381e6897a5a333556946adcc98daef82e954d52cec1fc402c3086|page=12|physical_row=0010|station_section=1:Delhi|printed_row=282,107983dc72d381e6897a5a333556946adcc98daef82e954d52cec1fc402c3086,12,10,1,Delhi,282,p12-r282-n0617,p12-r282-n0617-departure,departure,DEL,PAT,AI 1746,AIC,AI,1234567,2026-03-29,2026-10-24,16:45,raw_time_basis_unknown,ai-s26-c542b6164aeff7,current,confirmed_exact_designator
sha256=107983dc72d381e6897a5a333556946adcc98daef82e954d52cec1fc402c3086|page=12|physical_row=0011|station_section=1:Delhi|printed_row=283,107983dc72d381e6897a5a333556946adcc98daef82e954d52cec1fc402c3086,12,11,1,Delhi,283,p12-r283-n0618,p12-r283-n0618-arrival,arrival,LKO,DEL,AI 1824,AIC,AI,1234567,2026-03-29,2026-10-24,16:55,raw_time_basis_unknown,ai-s26-3f780b34031f4e,current,confirmed_exact_designator
sha256=107983dc72d381e6897a5a333556946adcc98daef82e954d52cec1fc402c3086|page=12|physical_row=0012|station_section=1:Delhi|printed_row=284,107983dc72d381e6897a5a333556946adcc98daef82e954d52cec1fc402c3086,12,12,1,Delhi,284,p12-r284-n0619,p12-r284-n0619-arrival,arrival,IXC,DEL,AI 2403,AIC,AI,1234567,2026-03-29,2026-10-24,16:55,raw_time_basis_unknown,ai-s26-9617c2f77c2ac5,current,confirmed_exact_designator
sha256=107983dc72d381e6897a5a333556946adcc98daef82e954d52cec1fc402c3086|page=12|physical_row=0013|station_section=1:Delhi|printed_row=285,107983dc72d381e6897a5a333556946adcc98daef82e954d52cec1fc402c3086,12,13,1,Delhi,285,p12-r285-n0620,p12-r285-n0620-arrival,arrival,MAA,DEL,AI 2468,AIC,AI,1234567,2026-03-29,2026-10-24,16:55,raw_time_basis_unknown,ai-s26-d6ce021b5146c3,current,confirmed_exact_designator
sha256=107983dc72d381e6897a5a333556946adcc98daef82e954d52cec1fc402c3086|page=12|physical_row=0014|station_section=1:Delhi|printed_row=286,107983dc72d381e6897a5a333556946adcc98daef82e954d52cec1fc402c3086,12,14,1,Delhi,286,p12-r286-n0621,p12-r286-n0621-arrival,arrival,BOM,DEL,AI 2944,AIC,AI,1234567,2026-03-29,2026-10-24,16:55,raw_time_basis_unknown,ai-s26-b27c88a42b0970,current,confirmed_exact_designator
sha256=107983dc72d381e6897a5a333556946adcc98daef82e954d52cec1fc402c3086|page=12|physical_row=0015|station_section=1:Delhi|printed_row=287,107983dc72d381e6897a5a333556946adcc98daef82e954d52cec1fc402c3086,12,15,1,Delhi,287,p12-r287-n0622,p12-r287-n0622-departure,departure,DEL,BOM,AI 441,AIC,AI,37,2026-03-29,2026-10-21,17:00,raw_time_basis_unknown,ai-s26-2dd9ad9f0d11e4,current,confirmed_exact_designator
sha256=107983dc72d381e6897a5a333556946adcc98daef82e954d52cec1fc402c3086|page=12|physical_row=0016|station_section=1:Delhi|printed_row=288,107983dc72d381e6897a5a333556946adcc98daef82e954d52cec1fc402c3086,12,16,1,Delhi,288,p12-r288-n0623,p12-r288-n0623-departure,departure,DEL,BOM,AI 441,AIC,AI,12456,2026-03-30,2026-10-24,17:00,raw_time_basis_unknown,ai-s26-500d2cd585992d,current,confirmed_exact_designator
sha256=107983dc72d381e6897a5a333556946adcc98daef82e954d52cec1fc402c3086|page=12|physical_row=0017|station_section=1:Delhi|printed_row=289,107983dc72d381e6897a5a333556946adcc98daef82e954d52cec1fc402c3086,12,17,1,Delhi,289,p12-r289-n0624,p12-r289-n0624-departure,departure,DEL,COK,AI 1738,AIC,AI,1234567,2026-03-29,2026-10-24,17:00,raw_time_basis_unknown,ai-s26-5eda12756a3ddd,current,confirmed_exact_designator
sha256=107983dc72d381e6897a5a333556946adcc98daef82e954d52cec1fc402c3086|page=12|physical_row=0018|station_section=1:Delhi|printed_row=290,107983dc72d381e6897a5a333556946adcc98daef82e954d52cec1fc402c3086,12,18,1,Delhi,290,p12-r290-n0625,p12-r290-n0625-departure,departure,DEL,IXC,AI 2601,AIC,AI,1234567,2026-03-29,2026-10-24,17:00,raw_time_basis_unknown,ai-s26-c3e081ba6af8fe,current,confirmed_exact_designator
sha256=107983dc72d381e6897a5a333556946adcc98daef82e954d52cec1fc402c3086|page=12|physical_row=0019|station_section=1:Delhi|printed_row=291,107983dc72d381e6897a5a333556946adcc98daef82e954d52cec1fc402c3086,12,19,1,Delhi,291,p12-r291-n0626,p12-r291-n0626-arrival,arrival,BLR,DEL,AI 428,AIC,AI,13456,2026-03-30,2026-07-01,17:15,raw_time_basis_unknown,ai-s26-88724f76572155,expired,expired_not_compared_to_baseline
sha256=107983dc72d381e6897a5a333556946adcc98daef82e954d52cec1fc402c3086|page=12|physical_row=0020|station_section=1:Delhi|printed_row=292,107983dc72d381e6897a5a333556946adcc98daef82e954d52cec1fc402c3086,12,20,1,Delhi,292,p12-r292-n0627,p12-r292-n0627-arrival,arrival,BLR,DEL,AI 428,AIC,AI,13456,2026-07-02,2026-08-01,17:15,raw_time_basis_unknown,ai-s26-da407e94bd75d6,expired,expired_not_compared_to_baseline
sha256=107983dc72d381e6897a5a333556946adcc98daef82e954d52cec1fc402c3086|page=12|physical_row=0021|station_section=1:Delhi|printed_row=293,107983dc72d381e6897a5a333556946adcc98daef82e954d52cec1fc402c3086,12,21,1,Delhi,293,p12-r293-n0628,p12-r293-n0628-arrival,arrival,BLR,DEL,AI 428,AIC,AI,13456,2026-08-03,2026-10-24,17:15,raw_time_basis_unknown,ai-s26-f9522cd9cc2779,current,confirmed_exact_designator
sha256=107983dc72d381e6897a5a333556946adcc98daef82e954d52cec1fc402c3086|page=12|physical_row=0022|station_section=1:Delhi|printed_row=294,107983dc72d381e6897a5a333556946adcc98daef82e954d52cec1fc402c3086,12,22,1,Delhi,294,p12-r294-n0629,p12-r294-n0629-arrival,arrival,JDH,DEL,AI 1846,AIC,AI,1234567,2026-04-28,2026-10-24,17:15,raw_time_basis_unknown,ai-s26-11a064bd1b6fd5,current,confirmed_exact_designator
sha256=107983dc72d381e6897a5a333556946adcc98daef82e954d52cec1fc402c3086|page=12|physical_row=0023|station_section=1:Delhi|printed_row=295,107983dc72d381e6897a5a333556946adcc98daef82e954d52cec1fc402c3086,12,23,1,Delhi,295,p12-r295-n0630,p12-r295-n0630-arrival,arrival,PAT,DEL,AI 2646,AIC,AI,1234567,2026-03-29,2026-10-24,17:15,raw_time_basis_unknown,ai-s26-090bada645e9e5,current,confirmed_exact_designator
sha256=107983dc72d381e6897a5a333556946adcc98daef82e954d52cec1fc402c3086|page=12|physical_row=0024|station_section=1:Delhi|printed_row=296,107983dc72d381e6897a5a333556946adcc98daef82e954d52cec1fc402c3086,12,24,1,Delhi,296,p12-r296-n0631,p12-r296-n0631-arrival,arrival,UDR,DEL,AI 1897,AIC,AI,1234567,2026-03-29,2026-10-24,17:20,raw_time_basis_unknown,ai-s26-7f0347e615ebd8,current,confirmed_exact_designator
sha256=107983dc72d381e6897a5a333556946adcc98daef82e954d52cec1fc402c3086|page=12|physical_row=0025|station_section=1:Delhi|printed_row=297,107983dc72d381e6897a5a333556946adcc98daef82e954d52cec1fc402c3086,12,25,1,Delhi,297,p12-r297-n0632,p12-r297-n0632-arrival,arrival,BOM,DEL,AI 2442,AIC,AI,123567,2026-03-29,2026-10-24,17:20,raw_time_basis_unknown,ai-s26-41aff5e241d06a,current,confirmed_exact_designator
sha256=107983dc72d381e6897a5a333556946adcc98daef82e954d52cec1fc402c3086|page=12|physical_row=0026|station_section=1:Delhi|printed_row=298,107983dc72d381e6897a5a333556946adcc98daef82e954d52cec1fc402c3086,12,26,1,Delhi,298,p12-r298-n0633,p12-r298-n0633-arrival,arrival,VNS,DEL,AI 2624,AIC,AI,1234567,2026-03-29,2026-10-24,17:30,raw_time_basis_unknown,ai-s26-132238bb813d77,current,confirmed_exact_designator
sha256=107983dc72d381e6897a5a333556946adcc98daef82e954d52cec1fc402c3086|page=12|physical_row=0027|station_section=1:Delhi|printed_row=299,107983dc72d381e6897a5a333556946adcc98daef82e954d52cec1fc402c3086,12,27,1,Delhi,299,p12-r299-n0634,p12-r299-n0634-departure,departure,DEL,BOM,AI 1736,AIC,AI,1234567,2026-03-29,2026-10-24,17:30,raw_time_basis_unknown,ai-s26-b4e9870dd31b7d,current,confirmed_exact_designator
sha256=107983dc72d381e6897a5a333556946adcc98daef82e954d52cec1fc402c3086|page=12|physical_row=0028|station_section=1:Delhi|printed_row=300,107983dc72d381e6897a5a333556946adcc98daef82e954d52cec1fc402c3086,12,28,1,Delhi,300,p12-r300-n0635,p12-r300-n0635-departure,departure,DEL,HSR,AI 2537,AIC,AI,1234567,2026-03-29,2026-10-24,17:30,raw_time_basis_unknown,ai-s26-3321ab1a4d6d21,current,confirmed_exact_designator
sha256=107983dc72d381e6897a5a333556946adcc98daef82e954d52cec1fc402c3086|page=12|physical_row=0029|station_section=1:Delhi|printed_row=301,107983dc72d381e6897a5a333556946adcc98daef82e954d52cec1fc402c3086,12,29,1,Delhi,301,p12-r301-n0636,p12-r301-n0636-departure,departure,DEL,PNQ,AI 1740,AIC,AI,1234567,2026-03-29,2026-10-24,17:40,raw_time_basis_unknown,ai-s26-dcc702b3ec9117,current,confirmed_exact_designator
sha256=107983dc72d381e6897a5a333556946adcc98daef82e954d52cec1fc402c3086|page=12|physical_row=0030|station_section=1:Delhi|printed_row=302,107983dc72d381e6897a5a333556946adcc98daef82e954d52cec1fc402c3086,12,30,1,Delhi,302,p12-r302-n0637,p12-r302-n0637-departure,departure,DEL,BHO,AI 2759,AIC,AI,1234567,2026-03-29,2026-10-24,17:40,raw_time_basis_unknown,ai-s26-649a7a42e90ed9,current,confirmed_exact_designator
sha256=107983dc72d381e6897a5a333556946adcc98daef82e954d52cec1fc402c3086|page=12|physical_row=0031|station_section=1:Delhi|printed_row=303,107983dc72d381e6897a5a333556946adcc98daef82e954d52cec1fc402c3086,12,31,1,Delhi,303,p12-r303-n0638,p12-r303-n0638-departure,departure,DEL,VGA,AI 2903,AIC,AI,1234567,2026-03-29,2026-10-24,17:40,raw_time_basis_unknown,ai-s26-97bf3010549afa,current,confirmed_exact_designator
sha256=107983dc72d381e6897a5a333556946adcc98daef82e954d52cec1fc402c3086|page=12|physical_row=0032|station_section=1:Delhi|printed_row=304,107983dc72d381e6897a5a333556946adcc98daef82e954d52cec1fc402c3086,12,32,1,Delhi,304,p12-r304-n0639,p12-r304-n0639-departure,departure,DEL,AMD,AI 809,AIC,AI,1234567,2026-03-29,2026-10-24,17:40,raw_time_basis_unknown,ai-s26-6294f3af7a2422,current,confirmed_exact_designator
sha256=107983dc72d381e6897a5a333556946adcc98daef82e954d52cec1fc402c3086|page=12|physical_row=0033|station_section=1:Delhi|printed_row=305,107983dc72d381e6897a5a333556946adcc98daef82e954d52cec1fc402c3086,12,33,1,Delhi,305,p12-r305-n0640,p12-r305-n0640-arrival,arrival,AMD,DEL,AI 882,AIC,AI,1234567,2026-03-29,2026-10-24,17:45,raw_time_basis_unknown,ai-s26-4c5fd013ff63d3,current,confirmed_exact_designator
sha256=107983dc72d381e6897a5a333556946adcc98daef82e954d52cec1fc402c3086|page=12|physical_row=0034|station_section=1:Delhi|printed_row=306,107983dc72d381e6897a5a333556946adcc98daef82e954d52cec1fc402c3086,12,34,1,Delhi,306,p12-r306-n0641,p12-r306-n0641-arrival,arrival,COK,DEL,AI 1873,AIC,AI,1234567,2026-03-29,2026-10-24,17:50,raw_time_basis_unknown,ai-s26-3362dad49aeceb,current,confirmed_exact_designator
sha256=107983dc72d381e6897a5a333556946adcc98daef82e954d52cec1fc402c3086|page=12|physical_row=0035|station_section=1:Delhi|printed_row=307,107983dc72d381e6897a5a333556946adcc98daef82e954d52cec1fc402c3086,12,35,1,Delhi,307,p12-r307-n0642,p12-r307-n0642-departure,departure,DEL,RPR,AI 1718,AIC,AI,1234567,2026-03-29,2026-10-24,17:55,raw_time_basis_unknown,ai-s26-284b19efbbf18a,current,confirmed_exact_designator
sha256=107983dc72d381e6897a5a333556946adcc98daef82e954d52cec1fc402c3086|page=12|physical_row=0036|station_section=1:Delhi|printed_row=308,107983dc72d381e6897a5a333556946adcc98daef82e954d52cec1fc402c3086,12,36,1,Delhi,308,p12-r308-n0643,p12-r308-n0643-arrival,arrival,BOM,DEL,AI 1851,AIC,AI,1234567,2026-03-29,2026-10-24,18:00,raw_time_basis_unknown,ai-s26-7614ed9d7aea35,current,confirmed_exact_designator
sha256=107983dc72d381e6897a5a333556946adcc98daef82e954d52cec1fc402c3086|page=12|physical_row=0037|station_section=1:Delhi|printed_row=309,107983dc72d381e6897a5a333556946adcc98daef82e954d52cec1fc402c3086,12,37,1,Delhi,309,p12-r309-n0644,p12-r309-n0644-arrival,arrival,BLR,DEL,AI 2511,AIC,AI,1234567,2026-03-29,2026-10-24,18:00,raw_time_basis_unknown,ai-s26-cbd01a506f753b,current,confirmed_exact_designator
sha256=107983dc72d381e6897a5a333556946adcc98daef82e954d52cec1fc402c3086|page=12|physical_row=0038|station_section=1:Delhi|printed_row=310,107983dc72d381e6897a5a333556946adcc98daef82e954d52cec1fc402c3086,12,38,1,Delhi,310,p12-r310-n0645,p12-r310-n0645-arrival,arrival,HYD,DEL,AI 2541,AIC,AI,1234567,2026-03-29,2026-10-24,18:00,raw_time_basis_unknown,ai-s26-f23b69a7e4939f,current,confirmed_exact_designator
sha256=107983dc72d381e6897a5a333556946adcc98daef82e954d52cec1fc402c3086|page=12|physical_row=0039|station_section=1:Delhi|printed_row=311,107983dc72d381e6897a5a333556946adcc98daef82e954d52cec1fc402c3086,12,39,1,Delhi,311,p12-r311-n0646,p12-r311-n0646-departure,departure,DEL,CCU,AI 2403,AIC,AI,1234567,2026-03-29,2026-10-24,18:00,raw_time_basis_unknown,ai-s26-8286afd567c89d,current,confirmed_exact_designator
sha256=107983dc72d381e6897a5a333556946adcc98daef82e954d52cec1fc402c3086|page=12|physical_row=0040|station_section=1:Delhi|printed_row=312,107983dc72d381e6897a5a333556946adcc98daef82e954d52cec1fc402c3086,12,40,1,Delhi,312,p12-r312-n0647,p12-r312-n0647-departure,departure,DEL,BLR,AI 2813,AIC,AI,1234567,2026-03-29,2026-10-24,18:00,raw_time_basis_unknown,ai-s26-0cd79f3d885ed6,current,confirmed_exact_designator
sha256=107983dc72d381e6897a5a333556946adcc98daef82e954d52cec1fc402c3086|page=12|physical_row=0041|station_section=1:Delhi|printed_row=313,107983dc72d381e6897a5a333556946adcc98daef82e954d52cec1fc402c3086,12,41,1,Delhi,313,p12-r313-n0648,p12-r313-n0648-departure,departure,DEL,MAA,AI 2837,AIC,AI,1234567,2026-03-29,2026-10-24,18:00,raw_time_basis_unknown,ai-s26-445bcc7eff5e1a,current,confirmed_exact_designator
sha256=107983dc72d381e6897a5a333556946adcc98daef82e954d52cec1fc402c3086|page=12|physical_row=0042|station_section=1:Delhi|printed_row=314,107983dc72d381e6897a5a333556946adcc98daef82e954d52cec1fc402c3086,12,42,1,Delhi,314,p12-r314-n0649,p12-r314-n0649-departure,departure,DEL,HYD,AI 2879,AIC,AI,1234567,2026-03-29,2026-10-24,18:00,raw_time_basis_unknown,ai-s26-08ec30f327f621,current,confirmed_exact_designator
sha256=107983dc72d381e6897a5a333556946adcc98daef82e954d52cec1fc402c3086|page=12|physical_row=0043|station_section=1:Delhi|printed_row=315,107983dc72d381e6897a5a333556946adcc98daef82e954d52cec1fc402c3086,12,43,1,Delhi,315,p12-r315-n0650,p12-r315-n0650-departure,departure,DEL,BOM,AI 2955,AIC,AI,1234567,2026-03-29,2026-10-24,18:00,raw_time_basis_unknown,ai-s26-00d2e17b762dd0,current,confirmed_exact_designator
sha256=107983dc72d381e6897a5a333556946adcc98daef82e954d52cec1fc402c3086|page=12|physical_row=0044|station_section=1:Delhi|printed_row=316,107983dc72d381e6897a5a333556946adcc98daef82e954d52cec1fc402c3086,12,44,1,Delhi,316,p12-r316-n0651,p12-r316-n0651-arrival,arrival,JAI,DEL,AI 2762,AIC,AI,1234567,2026-03-29,2026-10-24,18:10,raw_time_basis_unknown,ai-s26-0ffd1aedc48898,current,confirmed_exact_designator
sha256=107983dc72d381e6897a5a333556946adcc98daef82e954d52cec1fc402c3086|page=12|physical_row=0045|station_section=1:Delhi|printed_row=317,107983dc72d381e6897a5a333556946adcc98daef82e954d52cec1fc402c3086,12,45,1,Delhi,317,p12-r317-n0652,p12-r317-n0652-arrival,arrival,PNQ,DEL,AI 1839,AIC,AI,123457,2026-03-29,2026-10-23,18:15,raw_time_basis_unknown,ai-s26-ed50264bf7d0ba,current,confirmed_exact_designator
sha256=107983dc72d381e6897a5a333556946adcc98daef82e954d52cec1fc402c3086|page=12|physical_row=0046|station_section=1:Delhi|printed_row=318,107983dc72d381e6897a5a333556946adcc98daef82e954d52cec1fc402c3086,12,46,1,Delhi,318,p12-r318-n0653,p12-r318-n0653-arrival,arrival,DED,DEL,AI 1869,AIC,AI,1234567,2026-03-29,2026-10-24,18:20,raw_time_basis_unknown,ai-s26-3fe0760aecbb96,current,confirmed_exact_designator
sha256=107983dc72d381e6897a5a333556946adcc98daef82e954d52cec1fc402c3086|page=12|physical_row=0047|station_section=1:Delhi|printed_row=319,107983dc72d381e6897a5a333556946adcc98daef82e954d52cec1fc402c3086,12,47,1,Delhi,319,p12-r319-n0654,p12-r319-n0654-departure,departure,DEL,GOX,AI 1734,AIC,AI,1234567,2026-03-29,2026-10-24,18:20,raw_time_basis_unknown,ai-s26-6cdfa77c5bdb2c,current,candidate_exact_designator
sha256=107983dc72d381e6897a5a333556946adcc98daef82e954d52cec1fc402c3086|page=12|physical_row=0048|station_section=1:Delhi|printed_row=320,107983dc72d381e6897a5a333556946adcc98daef82e954d52cec1fc402c3086,12,48,1,Delhi,320,p12-r320-n0655,p12-r320-n0655-departure,departure,DEL,BDQ,AI 2881,AIC,AI,1234567,2026-03-29,2026-10-24,18:25,raw_time_basis_unknown,ai-s26-32fd345f1eb3cf,current,confirmed_exact_designator
sha256=107983dc72d381e6897a5a333556946adcc98daef82e954d52cec1fc402c3086|page=12|physical_row=0049|station_section=1:Delhi|printed_row=321,107983dc72d381e6897a5a333556946adcc98daef82e954d52cec1fc402c3086,12,49,1,Delhi,321,p12-r321-n0656,p12-r321-n0656-arrival,arrival,CJB,DEL,AI 1837,AIC,AI,1234567,2026-03-29,2026-10-24,18:30,raw_time_basis_unknown,ai-s26-2b073d4b095fe4,current,confirmed_exact_designator
sha256=107983dc72d381e6897a5a333556946adcc98daef82e954d52cec1fc402c3086|page=12|physical_row=0050|station_section=1:Delhi|printed_row=322,107983dc72d381e6897a5a333556946adcc98daef82e954d52cec1fc402c3086,12,50,1,Delhi,322,p12-r322-n0657,p12-r322-n0657-arrival,arrival,IXU,DEL,AI 1843,AIC,AI,1234567,2026-03-29,2026-10-24,18:30,raw_time_basis_unknown,ai-s26-9947f4f0389e3c,current,confirmed_exact_designator
sha256=107983dc72d381e6897a5a333556946adcc98daef82e954d52cec1fc402c3086|page=12|physical_row=0051|station_section=1:Delhi|printed_row=323,107983dc72d381e6897a5a333556946adcc98daef82e954d52cec1fc402c3086,12,51,1,Delhi,323,p12-r323-n0658,p12-r323-n0658-departure,departure,DEL,VTZ,AI 651,AIC,AI,127,2026-03-29,2026-03-31,18:30,raw_time_basis_unknown,ai-s26-e93cd97cf14766,expired,expired_not_compared_to_baseline
sha256=107983dc72d381e6897a5a333556946adcc98daef82e954d52cec1fc402c3086|page=12|physical_row=0052|station_section=1:Delhi|printed_row=324,107983dc72d381e6897a5a333556946adcc98daef82e954d52cec1fc402c3086,12,52,1,Delhi,324,p12-r324-n0659,p12-r324-n0659-departure,departure,DEL,VTZ,AI 1702,AIC,AI,1234567,2026-04-01,2026-10-24,18:30,raw_time_basis_unknown,ai-s26-bd41f7b7cd151f,current,confirmed_exact_designator
sha256=107983dc72d381e6897a5a333556946adcc98daef82e954d52cec1fc402c3086|page=12|physical_row=0053|station_section=1:Delhi|printed_row=325,107983dc72d381e6897a5a333556946adcc98daef82e954d52cec1fc402c3086,12,53,1,Delhi,325,p12-r325-n0660,p12-r325-n0660-departure,departure,DEL,BLR,AI 2487,AIC,AI,1234567,2026-03-29,2026-10-24,18:30,raw_time_basis_unknown,ai-s26-42cde66efa7f39,current,confirmed_exact_designator
sha256=107983dc72d381e6897a5a333556946adcc98daef82e954d52cec1fc402c3086|page=12|physical_row=0054|station_section=1:Delhi|printed_row=326,107983dc72d381e6897a5a333556946adcc98daef82e954d52cec1fc402c3086,12,54,1,Delhi,326,p12-r326-n0661,p12-r326-n0661-departure,departure,DEL,LKO,AI 1710,AIC,AI,1234567,2026-03-29,2026-10-24,18:35,raw_time_basis_unknown,ai-s26-5511468874fd06,current,confirmed_exact_designator
sha256=107983dc72d381e6897a5a333556946adcc98daef82e954d52cec1fc402c3086|page=12|physical_row=0055|station_section=1:Delhi|printed_row=327,107983dc72d381e6897a5a333556946adcc98daef82e954d52cec1fc402c3086,12,55,1,Delhi,327,p12-r327-n0662,p12-r327-n0662-arrival,arrival,CCU,DEL,AI 2768,AIC,AI,1234567,2026-03-29,2026-10-24,18:40,raw_time_basis_unknown,ai-s26-586aea4d4fd26a,current,confirmed_exact_designator
sha256=107983dc72d381e6897a5a333556946adcc98daef82e954d52cec1fc402c3086|page=12|physical_row=0056|station_section=1:Delhi|printed_row=328,107983dc72d381e6897a5a333556946adcc98daef82e954d52cec1fc402c3086,12,56,1,Delhi,328,p12-r328-n0663,p12-r328-n0663-departure,departure,DEL,IDR,AI 1716,AIC,AI,1234567,2026-03-29,2026-10-24,18:40,raw_time_basis_unknown,ai-s26-e11e59e4d7eeab,current,confirmed_exact_designator
sha256=107983dc72d381e6897a5a333556946adcc98daef82e954d52cec1fc402c3086|page=12|physical_row=0057|station_section=1:Delhi|printed_row=329,107983dc72d381e6897a5a333556946adcc98daef82e954d52cec1fc402c3086,12,57,1,Delhi,329,p12-r329-n0664,p12-r329-n0664-departure,departure,DEL,BBI,AI 1744,AIC,AI,1234567,2026-03-29,2026-10-24,18:45,raw_time_basis_unknown,ai-s26-00523e0a868998,current,confirmed_exact_designator
sha256=107983dc72d381e6897a5a333556946adcc98daef82e954d52cec1fc402c3086|page=12|physical_row=0058|station_section=1:Delhi|printed_row=330,107983dc72d381e6897a5a333556946adcc98daef82e954d52cec1fc402c3086,12,58,1,Delhi,330,p12-r330-n0665,p12-r330-n0665-arrival,arrival,BOM,DEL,AI 2687,AIC,AI,1234567,2026-03-29,2026-10-24,19:00,raw_time_basis_unknown,ai-s26-2b87568d137632,current,confirmed_exact_designator
sha256=107983dc72d381e6897a5a333556946adcc98daef82e954d52cec1fc402c3086|page=13|physical_row=0001|station_section=1:Delhi|printed_row=331,107983dc72d381e6897a5a333556946adcc98daef82e954d52cec1fc402c3086,13,1,1,Delhi,331,p13-r331-n0666,p13-r331-n0666-departure,departure,DEL,BLR,AI 2512,AIC,AI,1234567,2026-03-29,2026-10-24,19:00,raw_time_basis_unknown,ai-s26-b39998fe17b009,current,confirmed_exact_designator
sha256=107983dc72d381e6897a5a333556946adcc98daef82e954d52cec1fc402c3086|page=13|physical_row=0002|station_section=1:Delhi|printed_row=332,107983dc72d381e6897a5a333556946adcc98daef82e954d52cec1fc402c3086,13,2,1,Delhi,332,p13-r332-n0667,p13-r332-n0667-departure,departure,DEL,BOM,AI 2977,AIC,AI,1234567,2026-03-29,2026-10-24,19:00,raw_time_basis_unknown,ai-s26-92d98ca559675e,current,confirmed_exact_designator
sha256=107983dc72d381e6897a5a333556946adcc98daef82e954d52cec1fc402c3086|page=13|physical_row=0003|station_section=1:Delhi|printed_row=333,107983dc72d381e6897a5a333556946adcc98daef82e954d52cec1fc402c3086,13,3,1,Delhi,333,p13-r333-n0668,p13-r333-n0668-departure,departure,DEL,PNQ,AI 1730,AIC,AI,1234567,2026-03-29,2026-10-23,19:10,raw_time_basis_unknown,ai-s26-3783a26bab4916,current,confirmed_exact_designator
sha256=107983dc72d381e6897a5a333556946adcc98daef82e954d52cec1fc402c3086|page=13|physical_row=0004|station_section=1:Delhi|printed_row=334,107983dc72d381e6897a5a333556946adcc98daef82e954d52cec1fc402c3086,13,4,1,Delhi,334,p13-r334-n0669,p13-r334-n0669-departure,departure,DEL,CCU,AI 2709,AIC,AI,1234567,2026-03-29,2026-10-24,19:10,raw_time_basis_unknown,ai-s26-d74c64d87b6ad4,current,confirmed_exact_designator
sha256=107983dc72d381e6897a5a333556946adcc98daef82e954d52cec1fc402c3086|page=13|physical_row=0005|station_section=1:Delhi|printed_row=335,107983dc72d381e6897a5a333556946adcc98daef82e954d52cec1fc402c3086,13,5,1,Delhi,335,p13-r335-n0670,p13-r335-n0670-arrival,arrival,VTZ,DEL,AI 420,AIC,AI,1234567,2026-03-29,2026-10-24,19:15,raw_time_basis_unknown,ai-s26-32249bee56a9b4,current,confirmed_exact_designator
sha256=107983dc72d381e6897a5a333556946adcc98daef82e954d52cec1fc402c3086|page=13|physical_row=0006|station_section=1:Delhi|printed_row=336,107983dc72d381e6897a5a333556946adcc98daef82e954d52cec1fc402c3086,13,6,1,Delhi,336,p13-r336-n0671,p13-r336-n0671-arrival,arrival,COK,DEL,AI 2459,AIC,AI,134567,2026-03-29,2026-10-24,19:20,raw_time_basis_unknown,ai-s26-d15d07ea712bdf,current,confirmed_exact_designator
sha256=107983dc72d381e6897a5a333556946adcc98daef82e954d52cec1fc402c3086|page=13|physical_row=0007|station_section=1:Delhi|printed_row=337,107983dc72d381e6897a5a333556946adcc98daef82e954d52cec1fc402c3086,13,7,1,Delhi,337,p13-r337-n0672,p13-r337-n0672-arrival,arrival,MAA,DEL,AI 2484,AIC,AI,1234567,2026-03-29,2026-10-24,19:20,raw_time_basis_unknown,ai-s26-6b6f6f5dc7ec68,current,confirmed_exact_designator
sha256=107983dc72d381e6897a5a333556946adcc98daef82e954d52cec1fc402c3086|page=13|physical_row=0008|station_section=1:Delhi|printed_row=338,107983dc72d381e6897a5a333556946adcc98daef82e954d52cec1fc402c3086,13,8,1,Delhi,338,p13-r338-n0673,p13-r338-n0673-departure,departure,DEL,AMD,AI 531,AIC,AI,1234567,2026-03-29,2026-10-24,19:20,raw_time_basis_unknown,ai-s26-ae20a160795f00,current,confirmed_exact_designator
sha256=107983dc72d381e6897a5a333556946adcc98daef82e954d52cec1fc402c3086|page=13|physical_row=0009|station_section=1:Delhi|printed_row=339,107983dc72d381e6897a5a333556946adcc98daef82e954d52cec1fc402c3086,13,9,1,Delhi,339,p13-r339-n0674,p13-r339-n0674-departure,departure,DEL,COK,AI 1724,AIC,AI,1234567,2026-03-29,2026-10-24,19:20,raw_time_basis_unknown,ai-s26-62625ea4dd3987,current,confirmed_exact_designator
sha256=107983dc72d381e6897a5a333556946adcc98daef82e954d52cec1fc402c3086|page=13|physical_row=0010|station_section=1:Delhi|printed_row=340,107983dc72d381e6897a5a333556946adcc98daef82e954d52cec1fc402c3086,13,10,1,Delhi,340,p13-r340-n0675,p13-r340-n0675-arrival,arrival,BLR,DEL,AI 2418,AIC,AI,1234567,2026-03-29,2026-10-24,19:25,raw_time_basis_unknown,ai-s26-d5b456debbd66e,current,confirmed_exact_designator
sha256=107983dc72d381e6897a5a333556946adcc98daef82e954d52cec1fc402c3086|page=13|physical_row=0011|station_section=1:Delhi|printed_row=341,107983dc72d381e6897a5a333556946adcc98daef82e954d52cec1fc402c3086,13,11,1,Delhi,341,p13-r341-n0676,p13-r341-n0676-arrival,arrival,BDQ,DEL,AI 2867,AIC,AI,12357,2026-03-29,2026-10-23,19:30,raw_time_basis_unknown,ai-s26-4a5add952545ec,current,confirmed_exact_designator
sha256=107983dc72d381e6897a5a333556946adcc98daef82e954d52cec1fc402c3086|page=13|physical_row=0012|station_section=1:Delhi|printed_row=342,107983dc72d381e6897a5a333556946adcc98daef82e954d52cec1fc402c3086,13,12,1,Delhi,342,p13-r342-n0677,p13-r342-n0677-departure,departure,DEL,HYD,AI 1708,AIC,AI,1234567,2026-03-29,2026-10-24,19:30,raw_time_basis_unknown,ai-s26-ecad3adbad343b,current,confirmed_exact_designator
sha256=107983dc72d381e6897a5a333556946adcc98daef82e954d52cec1fc402c3086|page=13|physical_row=0013|station_section=1:Delhi|printed_row=343,107983dc72d381e6897a5a333556946adcc98daef82e954d52cec1fc402c3086,13,13,1,Delhi,343,p13-r343-n0678,p13-r343-n0678-departure,departure,DEL,BLR,AI 2809,AIC,AI,1234567,2026-03-29,2026-10-24,19:30,raw_time_basis_unknown,ai-s26-c783b9e0fdc2ee,current,confirmed_exact_designator
sha256=107983dc72d381e6897a5a333556946adcc98daef82e954d52cec1fc402c3086|page=13|physical_row=0014|station_section=1:Delhi|printed_row=344,107983dc72d381e6897a5a333556946adcc98daef82e954d52cec1fc402c3086,13,14,1,Delhi,344,p13-r344-n0679,p13-r344-n0679-departure,departure,DEL,MAA,AI 2835,AIC,AI,1234567,2026-03-29,2026-10-24,19:30,raw_time_basis_unknown,ai-s26-29a5bb3579523a,current,confirmed_exact_designator
sha256=107983dc72d381e6897a5a333556946adcc98daef82e954d52cec1fc402c3086|page=13|physical_row=0015|station_section=1:Delhi|printed_row=345,107983dc72d381e6897a5a333556946adcc98daef82e954d52cec1fc402c3086,13,15,1,Delhi,345,p13-r345-n0680,p13-r345-n0680-departure,departure,DEL,BOM,AI 2985,AIC,AI,1234567,2026-03-29,2026-10-24,19:30,raw_time_basis_unknown,ai-s26-224b39dbb854a0,current,confirmed_exact_designator
sha256=107983dc72d381e6897a5a333556946adcc98daef82e954d52cec1fc402c3086|page=13|physical_row=0016|station_section=1:Delhi|printed_row=346,107983dc72d381e6897a5a333556946adcc98daef82e954d52cec1fc402c3086,13,16,1,Delhi,346,p13-r346-n0681,p13-r346-n0681-arrival,arrival,BHJ,DEL,AI 1859,AIC,AI,1234567,2026-03-29,2026-10-24,19:35,raw_time_basis_unknown,ai-s26-319d7e18602bb8,current,confirmed_exact_designator
sha256=107983dc72d381e6897a5a333556946adcc98daef82e954d52cec1fc402c3086|page=13|physical_row=0017|station_section=1:Delhi|printed_row=347,107983dc72d381e6897a5a333556946adcc98daef82e954d52cec1fc402c3086,13,17,1,Delhi,347,p13-r347-n0682,p13-r347-n0682-arrival,arrival,BOM,DEL,AI 2910,AIC,AI,1234567,2026-03-29,2026-10-24,19:50,raw_time_basis_unknown,ai-s26-03c285808c9e00,current,confirmed_exact_designator
sha256=107983dc72d381e6897a5a333556946adcc98daef82e954d52cec1fc402c3086|page=13|physical_row=0018|station_section=1:Delhi|printed_row=348,107983dc72d381e6897a5a333556946adcc98daef82e954d52cec1fc402c3086,13,18,1,Delhi,348,p13-r348-n0683,p13-r348-n0683-arrival,arrival,IXC,DEL,AI 2602,AIC,AI,1234567,2026-03-29,2026-10-24,20:00,raw_time_basis_unknown,ai-s26-a7853bc8bb9ab0,current,confirmed_exact_designator
sha256=107983dc72d381e6897a5a333556946adcc98daef82e954d52cec1fc402c3086|page=13|physical_row=0019|station_section=1:Delhi|printed_row=349,107983dc72d381e6897a5a333556946adcc98daef82e954d52cec1fc402c3086,13,19,1,Delhi,349,p13-r349-n0684,p13-r349-n0684-departure,departure,DEL,IXC,AI 1742,AIC,AI,1234567,2026-03-29,2026-10-24,20:00,raw_time_basis_unknown,ai-s26-586e89a0971f86,current,confirmed_exact_designator
sha256=107983dc72d381e6897a5a333556946adcc98daef82e954d52cec1fc402c3086|page=13|physical_row=0020|station_section=1:Delhi|printed_row=350,107983dc72d381e6897a5a333556946adcc98daef82e954d52cec1fc402c3086,13,20,1,Delhi,350,p13-r350-n0685,p13-r350-n0685-departure,departure,DEL,BOM,AI 2805,AIC,AI,1234567,2026-03-29,2026-10-24,20:00,raw_time_basis_unknown,ai-s26-d7c25bf4bd6cec,current,confirmed_exact_designator
sha256=107983dc72d381e6897a5a333556946adcc98daef82e954d52cec1fc402c3086|page=13|physical_row=0021|station_section=1:Delhi|printed_row=351,107983dc72d381e6897a5a333556946adcc98daef82e954d52cec1fc402c3086,13,21,1,Delhi,351,p13-r351-n0686,p13-r351-n0686-departure,departure,DEL,BLR,AI 2807,AIC,AI,1234567,2026-03-29,2026-10-24,20:00,raw_time_basis_unknown,ai-s26-571ce51933339b,current,confirmed_exact_designator
sha256=107983dc72d381e6897a5a333556946adcc98daef82e954d52cec1fc402c3086|page=13|physical_row=0022|station_section=1:Delhi|printed_row=352,107983dc72d381e6897a5a333556946adcc98daef82e954d52cec1fc402c3086,13,22,1,Delhi,352,p13-r352-n0687,p13-r352-n0687-arrival,arrival,HYD,DEL,AI 2890,AIC,AI,1234567,2026-03-29,2026-10-24,20:10,raw_time_basis_unknown,ai-s26-4a20ec7fa7e04d,current,confirmed_exact_designator
sha256=107983dc72d381e6897a5a333556946adcc98daef82e954d52cec1fc402c3086|page=13|physical_row=0023|station_section=1:Delhi|printed_row=353,107983dc72d381e6897a5a333556946adcc98daef82e954d52cec1fc402c3086,13,23,1,Delhi,353,p13-r353-n0688,p13-r353-n0688-arrival,arrival,GAU,DEL,AI 1867,AIC,AI,1234567,2026-03-29,2026-10-24,20:15,raw_time_basis_unknown,ai-s26-1b63e5359e1a9a,current,confirmed_exact_designator
sha256=107983dc72d381e6897a5a333556946adcc98daef82e954d52cec1fc402c3086|page=13|physical_row=0024|station_section=1:Delhi|printed_row=354,107983dc72d381e6897a5a333556946adcc98daef82e954d52cec1fc402c3086,13,24,1,Delhi,354,p13-r354-n0689,p13-r354-n0689-arrival,arrival,BOM,DEL,AI 2440,AIC,AI,123567,2026-03-29,2026-10-24,20:20,raw_time_basis_unknown,ai-s26-617ac0e48d76bb,current,confirmed_exact_designator
sha256=107983dc72d381e6897a5a333556946adcc98daef82e954d52cec1fc402c3086|page=13|physical_row=0025|station_section=1:Delhi|printed_row=355,107983dc72d381e6897a5a333556946adcc98daef82e954d52cec1fc402c3086,13,25,1,Delhi,355,p13-r355-n0690,p13-r355-n0690-arrival,arrival,BOM,DEL,AI 2440,AIC,AI,4,2026-04-02,2026-10-22,20:25,raw_time_basis_unknown,ai-s26-26b7a10fd78b43,current,confirmed_exact_designator
sha256=107983dc72d381e6897a5a333556946adcc98daef82e954d52cec1fc402c3086|page=13|physical_row=0026|station_section=1:Delhi|printed_row=356,107983dc72d381e6897a5a333556946adcc98daef82e954d52cec1fc402c3086,13,26,1,Delhi,356,p13-r356-n0691,p13-r356-n0691-departure,departure,DEL,ATQ,AI 855,AIC,AI,1234567,2026-03-29,2026-10-24,20:30,raw_time_basis_unknown,ai-s26-eb9d76be1cba0a,current,confirmed_exact_designator
sha256=107983dc72d381e6897a5a333556946adcc98daef82e954d52cec1fc402c3086|page=13|physical_row=0027|station_section=1:Delhi|printed_row=357,107983dc72d381e6897a5a333556946adcc98daef82e954d52cec1fc402c3086,13,27,1,Delhi,357,p13-r357-n0692,p13-r357-n0692-departure,departure,DEL,LKO,AI 1720,AIC,AI,1234567,2026-03-29,2026-10-24,20:30,raw_time_basis_unknown,ai-s26-ee4a89c62a3333,current,confirmed_exact_designator
sha256=107983dc72d381e6897a5a333556946adcc98daef82e954d52cec1fc402c3086|page=13|physical_row=0028|station_section=1:Delhi|printed_row=358,107983dc72d381e6897a5a333556946adcc98daef82e954d52cec1fc402c3086,13,28,1,Delhi,358,p13-r358-n0693,p13-r358-n0693-departure,departure,DEL,AMD,AI 2545,AIC,AI,1234567,2026-03-29,2026-10-24,20:30,raw_time_basis_unknown,ai-s26-34036fd6110078,current,confirmed_exact_designator
sha256=107983dc72d381e6897a5a333556946adcc98daef82e954d52cec1fc402c3086|page=13|physical_row=0029|station_section=1:Delhi|printed_row=359,107983dc72d381e6897a5a333556946adcc98daef82e954d52cec1fc402c3086,13,29,1,Delhi,359,p13-r359-n0694,p13-r359-n0694-departure,departure,DEL,HYD,AI 2871,AIC,AI,1234567,2026-03-29,2026-10-24,20:30,raw_time_basis_unknown,ai-s26-4cbef732952f84,current,confirmed_exact_designator
sha256=107983dc72d381e6897a5a333556946adcc98daef82e954d52cec1fc402c3086|page=13|physical_row=0030|station_section=1:Delhi|printed_row=360,107983dc72d381e6897a5a333556946adcc98daef82e954d52cec1fc402c3086,13,30,1,Delhi,360,p13-r360-n0695,p13-r360-n0695-departure,departure,DEL,BOM,AI 2957,AIC,AI,1234567,2026-03-29,2026-10-24,20:30,raw_time_basis_unknown,ai-s26-4593720a44662b,current,confirmed_exact_designator
sha256=107983dc72d381e6897a5a333556946adcc98daef82e954d52cec1fc402c3086|page=13|physical_row=0031|station_section=1:Delhi|printed_row=361,107983dc72d381e6897a5a333556946adcc98daef82e954d52cec1fc402c3086,13,31,1,Delhi,361,p13-r361-n0696,p13-r361-n0696-arrival,arrival,NAG,DEL,AI 466,AIC,AI,1234567,2026-03-29,2026-10-24,20:35,raw_time_basis_unknown,ai-s26-8d7f0387f8d320,current,confirmed_exact_designator
sha256=107983dc72d381e6897a5a333556946adcc98daef82e954d52cec1fc402c3086|page=13|physical_row=0032|station_section=1:Delhi|printed_row=362,107983dc72d381e6897a5a333556946adcc98daef82e954d52cec1fc402c3086,13,32,1,Delhi,362,p13-r362-n0697,p13-r362-n0697-arrival,arrival,AMD,DEL,AI 2938,AIC,AI,1234567,2026-03-29,2026-10-24,20:40,raw_time_basis_unknown,ai-s26-3da283d71c0a3b,current,confirmed_exact_designator
sha256=107983dc72d381e6897a5a333556946adcc98daef82e954d52cec1fc402c3086|page=13|physical_row=0033|station_section=1:Delhi|printed_row=363,107983dc72d381e6897a5a333556946adcc98daef82e954d52cec1fc402c3086,13,33,1,Delhi,363,p13-r363-n0698,p13-r363-n0698-arrival,arrival,BLR,DEL,AI 2820,AIC,AI,1234567,2026-03-29,2026-10-24,20:45,raw_time_basis_unknown,ai-s26-0b73a60c6c301a,current,confirmed_exact_designator
sha256=107983dc72d381e6897a5a333556946adcc98daef82e954d52cec1fc402c3086|page=13|physical_row=0034|station_section=1:Delhi|printed_row=364,107983dc72d381e6897a5a333556946adcc98daef82e954d52cec1fc402c3086,13,34,1,Delhi,364,p13-r364-n0699,p13-r364-n0699-arrival,arrival,BOM,DEL,AI 2996,AIC,AI,1234567,2026-03-29,2026-10-24,20:50,raw_time_basis_unknown,ai-s26-e3481f4855f4e1,current,confirmed_exact_designator
sha256=107983dc72d381e6897a5a333556946adcc98daef82e954d52cec1fc402c3086|page=13|physical_row=0035|station_section=1:Delhi|printed_row=365,107983dc72d381e6897a5a333556946adcc98daef82e954d52cec1fc402c3086,13,35,1,Delhi,365,p13-r365-n0700,p13-r365-n0700-departure,departure,DEL,PNQ,AI 2973,AIC,AI,1234567,2026-03-29,2026-10-24,20:50,raw_time_basis_unknown,ai-s26-c9f9539ef40bd2,current,confirmed_exact_designator
sha256=107983dc72d381e6897a5a333556946adcc98daef82e954d52cec1fc402c3086|page=13|physical_row=0036|station_section=1:Delhi|printed_row=366,107983dc72d381e6897a5a333556946adcc98daef82e954d52cec1fc402c3086,13,36,1,Delhi,366,p13-r366-n0701,p13-r366-n0701-arrival,arrival,PAT,DEL,AI 1819,AIC,AI,1234567,2026-03-29,2026-10-24,20:55,raw_time_basis_unknown,ai-s26-cf868629331203,current,confirmed_exact_designator
sha256=107983dc72d381e6897a5a333556946adcc98daef82e954d52cec1fc402c3086|page=13|physical_row=0037|station_section=1:Delhi|printed_row=367,107983dc72d381e6897a5a333556946adcc98daef82e954d52cec1fc402c3086,13,37,1,Delhi,367,p13-r367-n0702,p13-r367-n0702-arrival,arrival,HYD,DEL,AI 2880,AIC,AI,1234567,2026-03-29,2026-10-24,21:00,raw_time_basis_unknown,ai-s26-4d746df5a86be4,current,confirmed_exact_designator
sha256=107983dc72d381e6897a5a333556946adcc98daef82e954d52cec1fc402c3086|page=13|physical_row=0038|station_section=1:Delhi|printed_row=368,107983dc72d381e6897a5a333556946adcc98daef82e954d52cec1fc402c3086,13,38,1,Delhi,368,p13-r368-n0703,p13-r368-n0703-departure,departure,DEL,CCU,AI 1714,AIC,AI,1234567,2026-03-29,2026-10-24,21:00,raw_time_basis_unknown,ai-s26-ada7e730dda62c,current,confirmed_exact_designator
sha256=107983dc72d381e6897a5a333556946adcc98daef82e954d52cec1fc402c3086|page=13|physical_row=0039|station_section=1:Delhi|printed_row=369,107983dc72d381e6897a5a333556946adcc98daef82e954d52cec1fc402c3086,13,39,1,Delhi,369,p13-r369-n0704,p13-r369-n0704-departure,departure,DEL,COK,AI 2883,AIC,AI,1234567,2026-03-29,2026-10-24,21:00,raw_time_basis_unknown,ai-s26-72eb9a62c76b19,current,confirmed_exact_designator
sha256=107983dc72d381e6897a5a333556946adcc98daef82e954d52cec1fc402c3086|page=13|physical_row=0040|station_section=1:Delhi|printed_row=370,107983dc72d381e6897a5a333556946adcc98daef82e954d52cec1fc402c3086,13,40,1,Delhi,370,p13-r370-n0705,p13-r370-n0705-departure,departure,DEL,BOM,AI 2981,AIC,AI,1234567,2026-03-29,2026-10-24,21:00,raw_time_basis_unknown,ai-s26-301d1505f1d4cf,current,confirmed_exact_designator
sha256=107983dc72d381e6897a5a333556946adcc98daef82e954d52cec1fc402c3086|page=13|physical_row=0041|station_section=1:Delhi|printed_row=371,107983dc72d381e6897a5a333556946adcc98daef82e954d52cec1fc402c3086,13,41,1,Delhi,371,p13-r371-n0706,p13-r371-n0706-arrival,arrival,PNQ,DEL,AI 2972,AIC,AI,1234567,2026-03-29,2026-10-24,21:10,raw_time_basis_unknown,ai-s26-147e6c60eab728,current,confirmed_exact_designator
sha256=107983dc72d381e6897a5a333556946adcc98daef82e954d52cec1fc402c3086|page=13|physical_row=0042|station_section=1:Delhi|printed_row=372,107983dc72d381e6897a5a333556946adcc98daef82e954d52cec1fc402c3086,13,42,1,Delhi,372,p13-r372-n0707,p13-r372-n0707-departure,departure,DEL,ATQ,AI 479,AIC,AI,1234567,2026-03-29,2026-10-24,21:15,raw_time_basis_unknown,ai-s26-95039d33696cde,current,confirmed_exact_designator
sha256=107983dc72d381e6897a5a333556946adcc98daef82e954d52cec1fc402c3086|page=13|physical_row=0043|station_section=1:Delhi|printed_row=373,107983dc72d381e6897a5a333556946adcc98daef82e954d52cec1fc402c3086,13,43,1,Delhi,373,p13-r373-n0708,p13-r373-n0708-arrival,arrival,BOM,DEL,AI 2426,AIC,AI,123467,2026-03-29,2026-10-24,21:20,raw_time_basis_unknown,ai-s26-da66020a9f1fb2,current,confirmed_exact_designator
sha256=107983dc72d381e6897a5a333556946adcc98daef82e954d52cec1fc402c3086|page=13|physical_row=0044|station_section=1:Delhi|printed_row=374,107983dc72d381e6897a5a333556946adcc98daef82e954d52cec1fc402c3086,13,44,1,Delhi,374,p13-r374-n0709,p13-r374-n0709-arrival,arrival,BOM,DEL,AI 2426,AIC,AI,5,2026-04-03,2026-10-23,21:20,raw_time_basis_unknown,ai-s26-72f3ae4e493e52,current,confirmed_exact_designator
sha256=107983dc72d381e6897a5a333556946adcc98daef82e954d52cec1fc402c3086|page=13|physical_row=0045|station_section=1:Delhi|printed_row=375,107983dc72d381e6897a5a333556946adcc98daef82e954d52cec1fc402c3086,13,45,1,Delhi,375,p13-r375-n0710,p13-r375-n0710-arrival,arrival,BHO,DEL,AI 2760,AIC,AI,1234567,2026-03-29,2026-10-24,21:20,raw_time_basis_unknown,ai-s26-538ec083b11211,current,confirmed_exact_designator
sha256=107983dc72d381e6897a5a333556946adcc98daef82e954d52cec1fc402c3086|page=13|physical_row=0046|station_section=1:Delhi|printed_row=376,107983dc72d381e6897a5a333556946adcc98daef82e954d52cec1fc402c3086,13,46,1,Delhi,376,p13-r376-n0711,p13-r376-n0711-departure,departure,DEL,BLR,AI 2412,AIC,AI,1234567,2026-03-29,2026-10-24,21:30,raw_time_basis_unknown,ai-s26-b46bdd25597ccb,current,confirmed_exact_designator
sha256=107983dc72d381e6897a5a333556946adcc98daef82e954d52cec1fc402c3086|page=13|physical_row=0047|station_section=1:Delhi|printed_row=377,107983dc72d381e6897a5a333556946adcc98daef82e954d52cec1fc402c3086,13,47,1,Delhi,377,p13-r377-n0712,p13-r377-n0712-departure,departure,DEL,BOM,AI 2433,AIC,AI,1234567,2026-03-29,2026-10-24,21:30,raw_time_basis_unknown,ai-s26-016a4e07195062,current,confirmed_exact_designator
sha256=107983dc72d381e6897a5a333556946adcc98daef82e954d52cec1fc402c3086|page=13|physical_row=0048|station_section=1:Delhi|printed_row=378,107983dc72d381e6897a5a333556946adcc98daef82e954d52cec1fc402c3086,13,48,1,Delhi,378,p13-r378-n0713,p13-r378-n0713-departure,departure,DEL,MAA,AI 2895,AIC,AI,1234567,2026-03-29,2026-10-24,21:30,raw_time_basis_unknown,ai-s26-f8eca3766ef242,current,confirmed_exact_designator
sha256=107983dc72d381e6897a5a333556946adcc98daef82e954d52cec1fc402c3086|page=13|physical_row=0049|station_section=1:Delhi|printed_row=379,107983dc72d381e6897a5a333556946adcc98daef82e954d52cec1fc402c3086,13,49,1,Delhi,379,p13-r379-n0714,p13-r379-n0714-arrival,arrival,CCU,DEL,AI 1863,AIC,AI,1234567,2026-03-29,2026-10-24,21:35,raw_time_basis_unknown,ai-s26-824e3d9e9751fe,current,confirmed_exact_designator
sha256=107983dc72d381e6897a5a333556946adcc98daef82e954d52cec1fc402c3086|page=13|physical_row=0050|station_section=1:Delhi|printed_row=380,107983dc72d381e6897a5a333556946adcc98daef82e954d52cec1fc402c3086,13,50,1,Delhi,380,p13-r380-n0715,p13-r380-n0715-arrival,arrival,GOI,DEL,AI 488,AIC,AI,1234567,2026-03-29,2026-10-24,21:45,raw_time_basis_unknown,ai-s26-4a36b62431bd03,current,confirmed_exact_designator
sha256=107983dc72d381e6897a5a333556946adcc98daef82e954d52cec1fc402c3086|page=13|physical_row=0051|station_section=1:Delhi|printed_row=381,107983dc72d381e6897a5a333556946adcc98daef82e954d52cec1fc402c3086,13,51,1,Delhi,381,p13-r381-n0716,p13-r381-n0716-arrival,arrival,BOM,DEL,AI 2408,AIC,AI,1234567,2026-03-29,2026-10-24,21:45,raw_time_basis_unknown,ai-s26-83e87601224407,current,confirmed_exact_designator
sha256=107983dc72d381e6897a5a333556946adcc98daef82e954d52cec1fc402c3086|page=13|physical_row=0052|station_section=1:Delhi|printed_row=382,107983dc72d381e6897a5a333556946adcc98daef82e954d52cec1fc402c3086,13,52,1,Delhi,382,p13-r382-n0717,p13-r382-n0717-arrival,arrival,BLR,DEL,AI 2802,AIC,AI,1234567,2026-03-29,2026-10-24,21:45,raw_time_basis_unknown,ai-s26-7c9bec706f6e83,current,confirmed_exact_designator
sha256=107983dc72d381e6897a5a333556946adcc98daef82e954d52cec1fc402c3086|page=13|physical_row=0053|station_section=1:Delhi|printed_row=383,107983dc72d381e6897a5a333556946adcc98daef82e954d52cec1fc402c3086,13,53,1,Delhi,383,p13-r383-n0718,p13-r383-n0718-arrival,arrival,LKO,DEL,AI 1877,AIC,AI,1234567,2026-03-29,2026-10-24,21:50,raw_time_basis_unknown,ai-s26-437eabefa6a194,current,confirmed_exact_designator
sha256=107983dc72d381e6897a5a333556946adcc98daef82e954d52cec1fc402c3086|page=13|physical_row=0054|station_section=1:Delhi|printed_row=384,107983dc72d381e6897a5a333556946adcc98daef82e954d52cec1fc402c3086,13,54,1,Delhi,384,p13-r384-n0719,p13-r384-n0719-arrival,arrival,HSR,DEL,AI 2538,AIC,AI,1234567,2026-03-29,2026-10-24,21:55,raw_time_basis_unknown,ai-s26-1a90427c33e8a1,current,confirmed_exact_designator
sha256=107983dc72d381e6897a5a333556946adcc98daef82e954d52cec1fc402c3086|page=13|physical_row=0055|station_section=1:Delhi|printed_row=385,107983dc72d381e6897a5a333556946adcc98daef82e954d52cec1fc402c3086,13,55,1,Delhi,385,p13-r385-n0720,p13-r385-n0720-arrival,arrival,AMD,DEL,AI 810,AIC,AI,1234567,2026-03-29,2026-10-24,22:00,raw_time_basis_unknown,ai-s26-3feb9b8f462058,current,confirmed_exact_designator
sha256=107983dc72d381e6897a5a333556946adcc98daef82e954d52cec1fc402c3086|page=13|physical_row=0056|station_section=1:Delhi|printed_row=386,107983dc72d381e6897a5a333556946adcc98daef82e954d52cec1fc402c3086,13,56,1,Delhi,386,p13-r386-n0721,p13-r386-n0721-departure,departure,DEL,HYD,AI 2449,AIC,AI,1234567,2026-03-29,2026-10-24,22:00,raw_time_basis_unknown,ai-s26-3946d1d939f78c,current,confirmed_exact_designator
sha256=107983dc72d381e6897a5a333556946adcc98daef82e954d52cec1fc402c3086|page=13|physical_row=0057|station_section=1:Delhi|printed_row=387,107983dc72d381e6897a5a333556946adcc98daef82e954d52cec1fc402c3086,13,57,1,Delhi,387,p13-r387-n0722,p13-r387-n0722-departure,departure,DEL,CCU,AI 2727,AIC,AI,1234567,2026-03-29,2026-10-24,22:00,raw_time_basis_unknown,ai-s26-122ba6ad23a6bf,current,confirmed_exact_designator
sha256=107983dc72d381e6897a5a333556946adcc98daef82e954d52cec1fc402c3086|page=13|physical_row=0058|station_section=1:Delhi|printed_row=388,107983dc72d381e6897a5a333556946adcc98daef82e954d52cec1fc402c3086,13,58,1,Delhi,388,p13-r388-n0723,p13-r388-n0723-departure,departure,DEL,BOM,AI 2999,AIC,AI,1234567,2026-03-29,2026-10-24,22:00,raw_time_basis_unknown,ai-s26-f983be4afdd7f7,current,confirmed_exact_designator
sha256=107983dc72d381e6897a5a333556946adcc98daef82e954d52cec1fc402c3086|page=14|physical_row=0001|station_section=1:Delhi|printed_row=389,107983dc72d381e6897a5a333556946adcc98daef82e954d52cec1fc402c3086,14,1,1,Delhi,389,p14-r389-n0724,p14-r389-n0724-arrival,arrival,CJB,DEL,AI 1809,AIC,AI,123457,2026-03-29,2026-10-23,22:10,raw_time_basis_unknown,ai-s26-4d0d7bdb7870c6,current,confirmed_exact_designator
sha256=107983dc72d381e6897a5a333556946adcc98daef82e954d52cec1fc402c3086|page=14|physical_row=0002|station_section=1:Delhi|printed_row=390,107983dc72d381e6897a5a333556946adcc98daef82e954d52cec1fc402c3086,14,2,1,Delhi,390,p14-r390-n0725,p14-r390-n0725-arrival,arrival,BOM,DEL,AI 2940,AIC,AI,1234567,2026-03-29,2026-10-24,22:20,raw_time_basis_unknown,ai-s26-0c3610832e4023,current,confirmed_exact_designator
sha256=107983dc72d381e6897a5a333556946adcc98daef82e954d52cec1fc402c3086|page=14|physical_row=0003|station_section=1:Delhi|printed_row=391,107983dc72d381e6897a5a333556946adcc98daef82e954d52cec1fc402c3086,14,3,1,Delhi,391,p14-r391-n0726,p14-r391-n0726-arrival,arrival,HYD,DEL,AI 840,AIC,AI,3,2026-04-01,2026-10-21,22:25,raw_time_basis_unknown,ai-s26-29a591fb4c4e6f,current,confirmed_exact_designator
sha256=107983dc72d381e6897a5a333556946adcc98daef82e954d52cec1fc402c3086|page=14|physical_row=0004|station_section=1:Delhi|printed_row=392,107983dc72d381e6897a5a333556946adcc98daef82e954d52cec1fc402c3086,14,4,1,Delhi,392,p14-r392-n0727,p14-r392-n0727-arrival,arrival,HYD,DEL,AI 840,AIC,AI,1,2026-03-30,2026-05-04,22:25,raw_time_basis_unknown,ai-s26-70bdf94a02227a,expired,expired_not_compared_to_baseline
sha256=107983dc72d381e6897a5a333556946adcc98daef82e954d52cec1fc402c3086|page=14|physical_row=0005|station_section=1:Delhi|printed_row=393,107983dc72d381e6897a5a333556946adcc98daef82e954d52cec1fc402c3086,14,5,1,Delhi,393,p14-r393-n0728,p14-r393-n0728-arrival,arrival,HYD,DEL,AI 2520,AIC,AI,24567,2026-03-29,2026-10-24,22:25,raw_time_basis_unknown,ai-s26-4acc7d773afb78,current,confirmed_exact_designator
sha256=107983dc72d381e6897a5a333556946adcc98daef82e954d52cec1fc402c3086|page=14|physical_row=0006|station_section=1:Delhi|printed_row=394,107983dc72d381e6897a5a333556946adcc98daef82e954d52cec1fc402c3086,14,6,1,Delhi,394,p14-r394-n0729,p14-r394-n0729-arrival,arrival,HYD,DEL,AI 2520,AIC,AI,1,2026-05-11,2026-10-19,22:25,raw_time_basis_unknown,ai-s26-d7b86fb46e1579,current,confirmed_exact_designator
sha256=107983dc72d381e6897a5a333556946adcc98daef82e954d52cec1fc402c3086|page=14|physical_row=0007|station_section=1:Delhi|printed_row=395,107983dc72d381e6897a5a333556946adcc98daef82e954d52cec1fc402c3086,14,7,1,Delhi,395,p14-r395-n0730,p14-r395-n0730-arrival,arrival,BLR,DEL,AI 2665,AIC,AI,1367,2026-03-29,2026-10-24,22:25,raw_time_basis_unknown,ai-s26-6838ba15b2fa13,current,confirmed_exact_designator
sha256=107983dc72d381e6897a5a333556946adcc98daef82e954d52cec1fc402c3086|page=14|physical_row=0008|station_section=1:Delhi|printed_row=396,107983dc72d381e6897a5a333556946adcc98daef82e954d52cec1fc402c3086,14,8,1,Delhi,396,p14-r396-n0731,p14-r396-n0731-arrival,arrival,BLR,DEL,AI 2665,AIC,AI,245,2026-03-31,2026-10-23,22:25,raw_time_basis_unknown,ai-s26-3494dfce3990d6,current,confirmed_exact_designator
sha256=107983dc72d381e6897a5a333556946adcc98daef82e954d52cec1fc402c3086|page=14|physical_row=0009|station_section=1:Delhi|printed_row=397,107983dc72d381e6897a5a333556946adcc98daef82e954d52cec1fc402c3086,14,9,1,Delhi,397,p14-r397-n0732,p14-r397-n0732-departure,departure,DEL,BOM,AI 2437,AIC,AI,1234567,2026-03-29,2026-10-24,22:30,raw_time_basis_unknown,ai-s26-f5f25839184030,current,confirmed_exact_designator
sha256=107983dc72d381e6897a5a333556946adcc98daef82e954d52cec1fc402c3086|page=14|physical_row=0010|station_section=1:Delhi|printed_row=398,107983dc72d381e6897a5a333556946adcc98daef82e954d52cec1fc402c3086,14,10,1,Delhi,398,p14-r398-n0733,p14-r398-n0733-departure,departure,DEL,AMD,AI 2909,AIC,AI,1234567,2026-03-29,2026-10-24,22:30,raw_time_basis_unknown,ai-s26-3bcd2d9334a8cc,current,confirmed_exact_designator
sha256=107983dc72d381e6897a5a333556946adcc98daef82e954d52cec1fc402c3086|page=14|physical_row=0011|station_section=1:Delhi|printed_row=399,107983dc72d381e6897a5a333556946adcc98daef82e954d52cec1fc402c3086,14,11,1,Delhi,399,p14-r399-n0734,p14-r399-n0734-arrival,arrival,IDR,DEL,AI 1865,AIC,AI,1234567,2026-03-29,2026-10-24,22:35,raw_time_basis_unknown,ai-s26-c4490c363fae7c,current,confirmed_exact_designator
sha256=107983dc72d381e6897a5a333556946adcc98daef82e954d52cec1fc402c3086|page=14|physical_row=0012|station_section=1:Delhi|printed_row=400,107983dc72d381e6897a5a333556946adcc98daef82e954d52cec1fc402c3086,14,12,1,Delhi,400,p14-r400-n0735,p14-r400-n0735-arrival,arrival,COK,DEL,AI 2474,AIC,AI,1234567,2026-03-29,2026-10-24,22:45,raw_time_basis_unknown,ai-s26-bb385e797675d0,current,confirmed_exact_designator
sha256=107983dc72d381e6897a5a333556946adcc98daef82e954d52cec1fc402c3086|page=14|physical_row=0013|station_section=1:Delhi|printed_row=401,107983dc72d381e6897a5a333556946adcc98daef82e954d52cec1fc402c3086,14,13,1,Delhi,401,p14-r401-n0736,p14-r401-n0736-arrival,arrival,BLR,DEL,AI 2818,AIC,AI,6,2026-04-04,2026-10-24,22:45,raw_time_basis_unknown,ai-s26-3d54511e9d08a8,current,confirmed_exact_designator
sha256=107983dc72d381e6897a5a333556946adcc98daef82e954d52cec1fc402c3086|page=14|physical_row=0014|station_section=1:Delhi|printed_row=402,107983dc72d381e6897a5a333556946adcc98daef82e954d52cec1fc402c3086,14,14,1,Delhi,402,p14-r402-n0737,p14-r402-n0737-arrival,arrival,BLR,DEL,AI 2818,AIC,AI,123457,2026-03-29,2026-10-23,22:45,raw_time_basis_unknown,ai-s26-95a3fdd26817a3,current,confirmed_exact_designator
sha256=107983dc72d381e6897a5a333556946adcc98daef82e954d52cec1fc402c3086|page=14|physical_row=0015|station_section=1:Delhi|printed_row=403,107983dc72d381e6897a5a333556946adcc98daef82e954d52cec1fc402c3086,14,15,1,Delhi,403,p14-r403-n0738,p14-r403-n0738-arrival,arrival,BDQ,DEL,AI 2882,AIC,AI,1234567,2026-03-29,2026-10-24,22:45,raw_time_basis_unknown,ai-s26-3893cf83bf2874,current,confirmed_exact_designator
sha256=107983dc72d381e6897a5a333556946adcc98daef82e954d52cec1fc402c3086|page=14|physical_row=0016|station_section=1:Delhi|printed_row=404,107983dc72d381e6897a5a333556946adcc98daef82e954d52cec1fc402c3086,14,16,1,Delhi,404,p14-r404-n0739,p14-r404-n0739-arrival,arrival,IXC,DEL,AI 1879,AIC,AI,1234567,2026-03-29,2026-10-24,22:50,raw_time_basis_unknown,ai-s26-492d6afd2f209e,current,confirmed_exact_designator
sha256=107983dc72d381e6897a5a333556946adcc98daef82e954d52cec1fc402c3086|page=14|physical_row=0017|station_section=1:Delhi|printed_row=405,107983dc72d381e6897a5a333556946adcc98daef82e954d52cec1fc402c3086,14,17,1,Delhi,405,p14-r405-n0740,p14-r405-n0740-arrival,arrival,BOM,DEL,AI 2988,AIC,AI,1234567,2026-03-29,2026-10-24,22:50,raw_time_basis_unknown,ai-s26-766f30799f9d7d,current,confirmed_exact_designator
sha256=107983dc72d381e6897a5a333556946adcc98daef82e954d52cec1fc402c3086|page=14|physical_row=0018|station_section=1:Delhi|printed_row=406,107983dc72d381e6897a5a333556946adcc98daef82e954d52cec1fc402c3086,14,18,1,Delhi,406,p14-r406-n0741,p14-r406-n0741-arrival,arrival,RPR,DEL,AI 1811,AIC,AI,1234567,2026-03-29,2026-10-24,22:55,raw_time_basis_unknown,ai-s26-4f55bd7e8b4c9a,current,confirmed_exact_designator
sha256=107983dc72d381e6897a5a333556946adcc98daef82e954d52cec1fc402c3086|page=14|physical_row=0019|station_section=1:Delhi|printed_row=407,107983dc72d381e6897a5a333556946adcc98daef82e954d52cec1fc402c3086,14,19,1,Delhi,407,p14-r407-n0742,p14-r407-n0742-arrival,arrival,PNQ,DEL,AI 1853,AIC,AI,1234567,2026-03-29,2026-10-24,22:55,raw_time_basis_unknown,ai-s26-26f27a83112fc5,current,confirmed_exact_designator
sha256=107983dc72d381e6897a5a333556946adcc98daef82e954d52cec1fc402c3086|page=14|physical_row=0020|station_section=1:Delhi|printed_row=408,107983dc72d381e6897a5a333556946adcc98daef82e954d52cec1fc402c3086,14,20,1,Delhi,408,p14-r408-n0743,p14-r408-n0743-departure,departure,DEL,TRV,AI 829,AIC,AI,1234567,2026-03-29,2026-10-24,22:55,raw_time_basis_unknown,ai-s26-d89f8471d9f00a,current,confirmed_exact_designator
sha256=107983dc72d381e6897a5a333556946adcc98daef82e954d52cec1fc402c3086|page=14|physical_row=0021|station_section=1:Delhi|printed_row=409,107983dc72d381e6897a5a333556946adcc98daef82e954d52cec1fc402c3086,14,21,1,Delhi,409,p14-r409-n0744,p14-r409-n0744-departure,departure,DEL,HYD,AI 1706,AIC,AI,1234567,2026-03-29,2026-10-24,23:00,raw_time_basis_unknown,ai-s26-b019a4b73d55b2,current,confirmed_exact_designator
sha256=107983dc72d381e6897a5a333556946adcc98daef82e954d52cec1fc402c3086|page=14|physical_row=0022|station_section=1:Delhi|printed_row=410,107983dc72d381e6897a5a333556946adcc98daef82e954d52cec1fc402c3086,14,22,1,Delhi,410,p14-r410-n0745,p14-r410-n0745-departure,departure,DEL,BOM,AI 2439,AIC,AI,123467,2026-03-29,2026-10-24,23:00,raw_time_basis_unknown,ai-s26-f7864bcb08ea5e,current,confirmed_exact_designator
sha256=107983dc72d381e6897a5a333556946adcc98daef82e954d52cec1fc402c3086|page=14|physical_row=0023|station_section=1:Delhi|printed_row=411,107983dc72d381e6897a5a333556946adcc98daef82e954d52cec1fc402c3086,14,23,1,Delhi,411,p14-r411-n0746,p14-r411-n0746-departure,departure,DEL,BOM,AI 2439,AIC,AI,5,2026-04-03,2026-10-23,23:00,raw_time_basis_unknown,ai-s26-938bd20e13dfc2,current,confirmed_exact_designator
sha256=107983dc72d381e6897a5a333556946adcc98daef82e954d52cec1fc402c3086|page=14|physical_row=0024|station_section=1:Delhi|printed_row=412,107983dc72d381e6897a5a333556946adcc98daef82e954d52cec1fc402c3086,14,24,1,Delhi,412,p14-r412-n0747,p14-r412-n0747-arrival,arrival,TRV,DEL,AI 1830,AIC,AI,1234567,2026-03-29,2026-10-24,23:10,raw_time_basis_unknown,ai-s26-4014a5db2e57e8,current,confirmed_exact_designator
sha256=107983dc72d381e6897a5a333556946adcc98daef82e954d52cec1fc402c3086|page=14|physical_row=0025|station_section=1:Delhi|printed_row=413,107983dc72d381e6897a5a333556946adcc98daef82e954d52cec1fc402c3086,14,25,1,Delhi,413,p14-r413-n0748,p14-r413-n0748-arrival,arrival,BOM,DEL,AI 816,AIC,AI,37,2026-03-29,2026-10-21,23:15,raw_time_basis_unknown,ai-s26-8cdd0aa41a4190,current,confirmed_exact_designator
sha256=107983dc72d381e6897a5a333556946adcc98daef82e954d52cec1fc402c3086|page=14|physical_row=0026|station_section=1:Delhi|printed_row=414,107983dc72d381e6897a5a333556946adcc98daef82e954d52cec1fc402c3086,14,26,1,Delhi,414,p14-r414-n0749,p14-r414-n0749-arrival,arrival,BOM,DEL,AI 816,AIC,AI,12456,2026-03-30,2026-10-24,23:15,raw_time_basis_unknown,ai-s26-f92866b7439348,current,confirmed_exact_designator
sha256=107983dc72d381e6897a5a333556946adcc98daef82e954d52cec1fc402c3086|page=14|physical_row=0027|station_section=1:Delhi|printed_row=415,107983dc72d381e6897a5a333556946adcc98daef82e954d52cec1fc402c3086,14,27,1,Delhi,415,p14-r415-n0750,p14-r415-n0750-arrival,arrival,VGA,DEL,AI 2904,AIC,AI,1234567,2026-03-29,2026-10-24,23:20,raw_time_basis_unknown,ai-s26-91812d5e806269,current,confirmed_exact_designator
sha256=107983dc72d381e6897a5a333556946adcc98daef82e954d52cec1fc402c3086|page=14|physical_row=0028|station_section=1:Delhi|printed_row=416,107983dc72d381e6897a5a333556946adcc98daef82e954d52cec1fc402c3086,14,28,1,Delhi,416,p14-r416-n0751,p14-r416-n0751-arrival,arrival,MAA,DEL,AI 538,AIC,AI,1234567,2026-03-29,2026-10-24,23:25,raw_time_basis_unknown,ai-s26-fa7d748fee7240,current,confirmed_exact_designator
sha256=107983dc72d381e6897a5a333556946adcc98daef82e954d52cec1fc402c3086|page=14|physical_row=0029|station_section=1:Delhi|printed_row=417,107983dc72d381e6897a5a333556946adcc98daef82e954d52cec1fc402c3086,14,29,1,Delhi,417,p14-r417-n0752,p14-r417-n0752-arrival,arrival,AMD,DEL,AI 532A,AIC,AI,6,2026-10-24,2026-10-24,23:35,raw_time_basis_unknown,ai-s26-310dff3f8d3660,future,existing_route_unlisted_designator
sha256=107983dc72d381e6897a5a333556946adcc98daef82e954d52cec1fc402c3086|page=14|physical_row=0030|station_section=1:Delhi|printed_row=418,107983dc72d381e6897a5a333556946adcc98daef82e954d52cec1fc402c3086,14,30,1,Delhi,418,p14-r418-n0753,p14-r418-n0753-arrival,arrival,CCU,DEL,AI 2708,AIC,AI,1234567,2026-03-29,2026-10-24,23:35,raw_time_basis_unknown,ai-s26-47f4c71ef532f0,current,confirmed_exact_designator
sha256=107983dc72d381e6897a5a333556946adcc98daef82e954d52cec1fc402c3086|page=14|physical_row=0031|station_section=1:Delhi|printed_row=419,107983dc72d381e6897a5a333556946adcc98daef82e954d52cec1fc402c3086,14,31,1,Delhi,419,p14-r419-n0754,p14-r419-n0754-arrival,arrival,AMD,DEL,AI 532,AIC,AI,1234567,2026-03-29,2026-10-24,23:40,raw_time_basis_unknown,ai-s26-2aeababb69c334,current,confirmed_exact_designator
sha256=107983dc72d381e6897a5a333556946adcc98daef82e954d52cec1fc402c3086|page=14|physical_row=0032|station_section=1:Delhi|printed_row=420,107983dc72d381e6897a5a333556946adcc98daef82e954d52cec1fc402c3086,14,32,1,Delhi,420,p14-r420-n0755,p14-r420-n0755-arrival,arrival,ATQ,DEL,AI 856,AIC,AI,1234567,2026-03-29,2026-10-24,23:45,raw_time_basis_unknown,ai-s26-4fa2ba4ba74222,current,confirmed_exact_designator
sha256=107983dc72d381e6897a5a333556946adcc98daef82e954d52cec1fc402c3086|page=14|physical_row=0033|station_section=1:Delhi|printed_row=421,107983dc72d381e6897a5a333556946adcc98daef82e954d52cec1fc402c3086,14,33,1,Delhi,421,p14-r421-n0756,p14-r421-n0756-arrival,arrival,BOM,DEL,AI 1895,AIC,AI,1234567,2026-03-29,2026-10-24,23:45,raw_time_basis_unknown,ai-s26-5dc6ec640af639,current,confirmed_exact_designator
sha256=107983dc72d381e6897a5a333556946adcc98daef82e954d52cec1fc402c3086|page=14|physical_row=0034|station_section=1:Delhi|printed_row=422,107983dc72d381e6897a5a333556946adcc98daef82e954d52cec1fc402c3086,14,34,1,Delhi,422,p14-r422-n0757,p14-r422-n0757-arrival,arrival,BBI,DEL,AI 1847,AIC,AI,1234567,2026-03-29,2026-10-24,23:50,raw_time_basis_unknown,ai-s26-8418be748950b4,current,confirmed_exact_designator
sha256=107983dc72d381e6897a5a333556946adcc98daef82e954d52cec1fc402c3086|page=14|physical_row=0035|station_section=1:Delhi|printed_row=423,107983dc72d381e6897a5a333556946adcc98daef82e954d52cec1fc402c3086,14,35,1,Delhi,423,p14-r423-n0758,p14-r423-n0758-departure,departure,DEL,PNQ,AI 2609,AIC,AI,1234567,2026-03-29,2026-10-24,23:50,raw_time_basis_unknown,ai-s26-b338a721015059,current,confirmed_exact_designator
sha256=107983dc72d381e6897a5a333556946adcc98daef82e954d52cec1fc402c3086|page=14|physical_row=0036|station_section=1:Delhi|printed_row=424,107983dc72d381e6897a5a333556946adcc98daef82e954d52cec1fc402c3086,14,36,1,Delhi,424,p14-r424-n0759,p14-r424-n0759-arrival,arrival,LKO,DEL,AI 1821,AIC,AI,1234567,2026-03-29,2026-10-24,23:55,raw_time_basis_unknown,ai-s26-6f50fd05c43612,current,confirmed_exact_designator
sha256=107983dc72d381e6897a5a333556946adcc98daef82e954d52cec1fc402c3086|page=14|physical_row=0037|station_section=1:Delhi|printed_row=425,107983dc72d381e6897a5a333556946adcc98daef82e954d52cec1fc402c3086,14,37,1,Delhi,425,p14-r425-n0760,p14-r425-n0760-arrival,arrival,HYD,DEL,AI 2870,AIC,AI,1234567,2026-03-29,2026-10-24,23:55,raw_time_basis_unknown,ai-s26-9fc9c2a249382b,current,confirmed_exact_designator
sha256=107983dc72d381e6897a5a333556946adcc98daef82e954d52cec1fc402c3086|page=14|physical_row=0038|station_section=2:Goa|printed_row=1,107983dc72d381e6897a5a333556946adcc98daef82e954d52cec1fc402c3086,14,38,2,Goa,1,p14-r1-n0761,p14-r1-n0761-arrival,arrival,BOM,GOI,AI 603,AIC,AI,1234567,2026-03-29,2026-10-24,06:30,raw_time_basis_unknown,ai-s26-234fcd48f4599b,current,confirmed_exact_designator
sha256=107983dc72d381e6897a5a333556946adcc98daef82e954d52cec1fc402c3086|page=14|physical_row=0039|station_section=2:Goa|printed_row=2,107983dc72d381e6897a5a333556946adcc98daef82e954d52cec1fc402c3086,14,39,2,Goa,2,p14-r2-n0762,p14-r2-n0762-departure,departure,GOI,BOM,AI 604,AIC,AI,1234567,2026-03-29,2026-10-24,07:05,raw_time_basis_unknown,ai-s26-023c05291499f8,current,confirmed_exact_designator
sha256=107983dc72d381e6897a5a333556946adcc98daef82e954d52cec1fc402c3086|page=14|physical_row=0040|station_section=2:Goa|printed_row=3,107983dc72d381e6897a5a333556946adcc98daef82e954d52cec1fc402c3086,14,40,2,Goa,3,p14-r3-n0763,p14-r3-n0763-arrival,arrival,BOM,GOI,AI 2841,AIC,AI,1234567,2026-03-29,2026-10-24,12:40,raw_time_basis_unknown,ai-s26-9c392dbf39c5c2,current,confirmed_exact_designator
sha256=107983dc72d381e6897a5a333556946adcc98daef82e954d52cec1fc402c3086|page=14|physical_row=0041|station_section=2:Goa|printed_row=4,107983dc72d381e6897a5a333556946adcc98daef82e954d52cec1fc402c3086,14,41,2,Goa,4,p14-r4-n0764,p14-r4-n0764-departure,departure,GOI,BOM,AI 2842,AIC,AI,1234567,2026-03-29,2026-10-24,13:15,raw_time_basis_unknown,ai-s26-be58aa4ca1f7b9,current,confirmed_exact_designator
sha256=107983dc72d381e6897a5a333556946adcc98daef82e954d52cec1fc402c3086|page=14|physical_row=0042|station_section=2:Goa|printed_row=5,107983dc72d381e6897a5a333556946adcc98daef82e954d52cec1fc402c3086,14,42,2,Goa,5,p14-r5-n0765,p14-r5-n0765-arrival,arrival,DEL,GOI,AI 2627,AIC,AI,1234567,2026-03-29,2026-10-24,13:30,raw_time_basis_unknown,ai-s26-195b899bac065d,current,confirmed_exact_designator
sha256=107983dc72d381e6897a5a333556946adcc98daef82e954d52cec1fc402c3086|page=14|physical_row=0043|station_section=2:Goa|printed_row=6,107983dc72d381e6897a5a333556946adcc98daef82e954d52cec1fc402c3086,14,43,2,Goa,6,p14-r6-n0766,p14-r6-n0766-departure,departure,GOI,DEL,AI 2628,AIC,AI,1234567,2026-03-29,2026-10-24,14:10,raw_time_basis_unknown,ai-s26-cb656370bb4882,current,confirmed_exact_designator
sha256=107983dc72d381e6897a5a333556946adcc98daef82e954d52cec1fc402c3086|page=14|physical_row=0044|station_section=2:Goa|printed_row=7,107983dc72d381e6897a5a333556946adcc98daef82e954d52cec1fc402c3086,14,44,2,Goa,7,p14-r7-n0767,p14-r7-n0767-arrival,arrival,BOM,GOI,AI 2477,AIC,AI,1234567,2026-03-29,2026-10-24,14:20,raw_time_basis_unknown,ai-s26-a4ac46462757d6,current,confirmed_exact_designator
sha256=107983dc72d381e6897a5a333556946adcc98daef82e954d52cec1fc402c3086|page=14|physical_row=0045|station_section=2:Goa|printed_row=8,107983dc72d381e6897a5a333556946adcc98daef82e954d52cec1fc402c3086,14,45,2,Goa,8,p14-r8-n0768,p14-r8-n0768-arrival,arrival,BOM,GOI,AI 663,AIC,AI,123457,2026-03-29,2026-10-23,14:50,raw_time_basis_unknown,ai-s26-275643ed0f1efb,current,confirmed_exact_designator
sha256=107983dc72d381e6897a5a333556946adcc98daef82e954d52cec1fc402c3086|page=14|physical_row=0046|station_section=2:Goa|printed_row=9,107983dc72d381e6897a5a333556946adcc98daef82e954d52cec1fc402c3086,14,46,2,Goa,9,p14-r9-n0769,p14-r9-n0769-departure,departure,GOI,BOM,AI 2478,AIC,AI,1234567,2026-03-29,2026-10-24,14:55,raw_time_basis_unknown,ai-s26-de1a88a0135f70,current,confirmed_exact_designator
sha256=107983dc72d381e6897a5a333556946adcc98daef82e954d52cec1fc402c3086|page=14|physical_row=0047|station_section=2:Goa|printed_row=10,107983dc72d381e6897a5a333556946adcc98daef82e954d52cec1fc402c3086,14,47,2,Goa,10,p14-r10-n0770,p14-r10-n0770-departure,departure,GOI,BOM,AI 664,AIC,AI,123457,2026-03-29,2026-10-23,15:25,raw_time_basis_unknown,ai-s26-577a1ebbbe778a,current,confirmed_exact_designator
sha256=107983dc72d381e6897a5a333556946adcc98daef82e954d52cec1fc402c3086|page=14|physical_row=0048|station_section=2:Goa|printed_row=11,107983dc72d381e6897a5a333556946adcc98daef82e954d52cec1fc402c3086,14,48,2,Goa,11,p14-r11-n0771,p14-r11-n0771-arrival,arrival,BOM,GOI,AI 2745,AIC,AI,1234567,2026-03-29,2026-10-24,16:50,raw_time_basis_unknown,ai-s26-bd2dc1eeb4877a,current,confirmed_exact_designator
sha256=107983dc72d381e6897a5a333556946adcc98daef82e954d52cec1fc402c3086|page=14|physical_row=0049|station_section=2:Goa|printed_row=12,107983dc72d381e6897a5a333556946adcc98daef82e954d52cec1fc402c3086,14,49,2,Goa,12,p14-r12-n0772,p14-r12-n0772-departure,departure,GOI,BOM,AI 2746,AIC,AI,1234567,2026-03-29,2026-10-24,17:30,raw_time_basis_unknown,ai-s26-59cf574fc225e2,current,confirmed_exact_designator
sha256=107983dc72d381e6897a5a333556946adcc98daef82e954d52cec1fc402c3086|page=14|physical_row=0050|station_section=2:Goa|printed_row=13,107983dc72d381e6897a5a333556946adcc98daef82e954d52cec1fc402c3086,14,50,2,Goa,13,p14-r13-n0773,p14-r13-n0773-arrival,arrival,DEL,GOI,AI 487,AIC,AI,1234567,2026-03-29,2026-10-24,18:30,raw_time_basis_unknown,ai-s26-b6c037be9c9df7,current,confirmed_exact_designator
sha256=107983dc72d381e6897a5a333556946adcc98daef82e954d52cec1fc402c3086|page=14|physical_row=0051|station_section=2:Goa|printed_row=14,107983dc72d381e6897a5a333556946adcc98daef82e954d52cec1fc402c3086,14,51,2,Goa,14,p14-r14-n0774,p14-r14-n0774-departure,departure,GOI,DEL,AI 488,AIC,AI,1234567,2026-03-29,2026-10-24,19:10,raw_time_basis_unknown,ai-s26-4a36b62431bd03,current,confirmed_exact_designator
sha256=107983dc72d381e6897a5a333556946adcc98daef82e954d52cec1fc402c3086|page=14|physical_row=0052|station_section=2:Goa|printed_row=15,107983dc72d381e6897a5a333556946adcc98daef82e954d52cec1fc402c3086,14,52,2,Goa,15,p14-r15-n0775,p14-r15-n0775-arrival,arrival,BOM,GOI,AI 2505,AIC,AI,1234567,2026-03-29,2026-10-24,20:50,raw_time_basis_unknown,ai-s26-3359d1568c6e50,current,confirmed_exact_designator
sha256=107983dc72d381e6897a5a333556946adcc98daef82e954d52cec1fc402c3086|page=14|physical_row=0053|station_section=2:Goa|printed_row=16,107983dc72d381e6897a5a333556946adcc98daef82e954d52cec1fc402c3086,14,53,2,Goa,16,p14-r16-n0776,p14-r16-n0776-departure,departure,GOI,BOM,AI 2506,AIC,AI,1234567,2026-03-29,2026-10-24,21:30,raw_time_basis_unknown,ai-s26-df6541cb233639,current,confirmed_exact_designator
sha256=107983dc72d381e6897a5a333556946adcc98daef82e954d52cec1fc402c3086|page=14|physical_row=0054|station_section=3:GOA MOPA|printed_row=1,107983dc72d381e6897a5a333556946adcc98daef82e954d52cec1fc402c3086,14,54,3,GOA MOPA,1,p14-r1-n0777,p14-r1-n0777-arrival,arrival,DEL,GOX,AI 1734,AIC,AI,1234567,2026-03-29,2026-10-24,21:05,raw_time_basis_unknown,ai-s26-6cdfa77c5bdb2c,current,candidate_exact_designator
sha256=107983dc72d381e6897a5a333556946adcc98daef82e954d52cec1fc402c3086|page=14|physical_row=0055|station_section=3:GOA MOPA|printed_row=2,107983dc72d381e6897a5a333556946adcc98daef82e954d52cec1fc402c3086,14,55,3,GOA MOPA,2,p14-r2-n0778,p14-r2-n0778-departure,departure,GOX,DEL,AI 1854,AIC,AI,1234567,2026-03-29,2026-10-24,21:50,raw_time_basis_unknown,ai-s26-a448c51aff7a69,current,candidate_exact_designator
sha256=107983dc72d381e6897a5a333556946adcc98daef82e954d52cec1fc402c3086|page=15|physical_row=0001|station_section=1:Guwahati|printed_row=1,107983dc72d381e6897a5a333556946adcc98daef82e954d52cec1fc402c3086,15,1,1,Guwahati,1,p15-r1-n0779,p15-r1-n0779-arrival,arrival,DEL,GAU,AI 879,AIC,AI,1234567,2026-03-29,2026-10-24,09:15,raw_time_basis_unknown,ai-s26-3e1963e529aa10,current,confirmed_exact_designator
sha256=107983dc72d381e6897a5a333556946adcc98daef82e954d52cec1fc402c3086|page=15|physical_row=0002|station_section=1:Guwahati|printed_row=2,107983dc72d381e6897a5a333556946adcc98daef82e954d52cec1fc402c3086,15,2,1,Guwahati,2,p15-r2-n0780,p15-r2-n0780-departure,departure,GAU,DEL,AI 880,AIC,AI,1234567,2026-03-29,2026-10-24,09:55,raw_time_basis_unknown,ai-s26-66b09a12034303,current,confirmed_exact_designator
sha256=107983dc72d381e6897a5a333556946adcc98daef82e954d52cec1fc402c3086|page=15|physical_row=0003|station_section=1:Guwahati|printed_row=3,107983dc72d381e6897a5a333556946adcc98daef82e954d52cec1fc402c3086,15,3,1,Guwahati,3,p15-r3-n0781,p15-r3-n0781-arrival,arrival,DEL,GAU,AI 4203,AIC,AI,124567,2026-03-29,2026-10-24,14:00,raw_time_basis_unknown,ai-s26-24356f695cc025,current,existing_route_unlisted_designator
sha256=107983dc72d381e6897a5a333556946adcc98daef82e954d52cec1fc402c3086|page=15|physical_row=0004|station_section=1:Guwahati|printed_row=4,107983dc72d381e6897a5a333556946adcc98daef82e954d52cec1fc402c3086,15,4,1,Guwahati,4,p15-r4-n0782,p15-r4-n0782-departure,departure,GAU,DEL,AI 4204,AIC,AI,124567,2026-03-29,2026-10-24,14:40,raw_time_basis_unknown,ai-s26-fa6a80a0d58129,current,existing_route_unlisted_designator
sha256=107983dc72d381e6897a5a333556946adcc98daef82e954d52cec1fc402c3086|page=15|physical_row=0005|station_section=1:Guwahati|printed_row=5,107983dc72d381e6897a5a333556946adcc98daef82e954d52cec1fc402c3086,15,5,1,Guwahati,5,p15-r5-n0783,p15-r5-n0783-arrival,arrival,DEL,GAU,AI 4203,AIC,AI,3,2026-04-01,2026-10-21,15:05,raw_time_basis_unknown,ai-s26-cb892cfbab52d6,current,existing_route_unlisted_designator
sha256=107983dc72d381e6897a5a333556946adcc98daef82e954d52cec1fc402c3086|page=15|physical_row=0006|station_section=1:Guwahati|printed_row=6,107983dc72d381e6897a5a333556946adcc98daef82e954d52cec1fc402c3086,15,6,1,Guwahati,6,p15-r6-n0784,p15-r6-n0784-departure,departure,GAU,DEL,AI 4204,AIC,AI,3,2026-04-01,2026-10-21,15:45,raw_time_basis_unknown,ai-s26-60c74f65177e0e,current,existing_route_unlisted_designator
sha256=107983dc72d381e6897a5a333556946adcc98daef82e954d52cec1fc402c3086|page=15|physical_row=0007|station_section=1:Guwahati|printed_row=7,107983dc72d381e6897a5a333556946adcc98daef82e954d52cec1fc402c3086,15,7,1,Guwahati,7,p15-r7-n0785,p15-r7-n0785-arrival,arrival,DEL,GAU,AI 1755,AIC,AI,1234567,2026-03-29,2026-10-24,17:00,raw_time_basis_unknown,ai-s26-1f1cbfbe40c50a,current,confirmed_exact_designator
sha256=107983dc72d381e6897a5a333556946adcc98daef82e954d52cec1fc402c3086|page=15|physical_row=0008|station_section=1:Guwahati|printed_row=8,107983dc72d381e6897a5a333556946adcc98daef82e954d52cec1fc402c3086,15,8,1,Guwahati,8,p15-r8-n0786,p15-r8-n0786-departure,departure,GAU,DEL,AI 1867,AIC,AI,1234567,2026-03-29,2026-10-24,17:35,raw_time_basis_unknown,ai-s26-1b63e5359e1a9a,current,confirmed_exact_designator
sha256=107983dc72d381e6897a5a333556946adcc98daef82e954d52cec1fc402c3086|page=15|physical_row=0009|station_section=2:Halwara|printed_row=1,107983dc72d381e6897a5a333556946adcc98daef82e954d52cec1fc402c3086,15,9,2,Halwara,1,p15-r1-n0787,p15-r1-n0787-arrival,arrival,DEL,HWR,AI 481,AIC,AI,1234567,2026-03-29,2026-10-24,09:45,raw_time_basis_unknown,ai-s26-9c9af8b01d1c02,current,confirmed_exact_designator
sha256=107983dc72d381e6897a5a333556946adcc98daef82e954d52cec1fc402c3086|page=15|physical_row=0010|station_section=2:Halwara|printed_row=2,107983dc72d381e6897a5a333556946adcc98daef82e954d52cec1fc402c3086,15,10,2,Halwara,2,p15-r2-n0788,p15-r2-n0788-departure,departure,HWR,DEL,AI 482,AIC,AI,1234567,2026-03-29,2026-10-24,10:25,raw_time_basis_unknown,ai-s26-58525255bf608a,current,confirmed_exact_designator
sha256=107983dc72d381e6897a5a333556946adcc98daef82e954d52cec1fc402c3086|page=15|physical_row=0011|station_section=2:Halwara|printed_row=3,107983dc72d381e6897a5a333556946adcc98daef82e954d52cec1fc402c3086,15,11,2,Halwara,3,p15-r3-n0789,p15-r3-n0789-arrival,arrival,DEL,HWR,AI 483,AIC,AI,1234567,2026-03-29,2026-10-24,14:10,raw_time_basis_unknown,ai-s26-b295d0c534a1d0,current,confirmed_exact_designator
sha256=107983dc72d381e6897a5a333556946adcc98daef82e954d52cec1fc402c3086|page=15|physical_row=0012|station_section=2:Halwara|printed_row=4,107983dc72d381e6897a5a333556946adcc98daef82e954d52cec1fc402c3086,15,12,2,Halwara,4,p15-r4-n0790,p15-r4-n0790-departure,departure,HWR,DEL,AI 484,AIC,AI,1234567,2026-03-29,2026-10-24,14:40,raw_time_basis_unknown,ai-s26-cbdf13a598465a,current,confirmed_exact_designator
sha256=107983dc72d381e6897a5a333556946adcc98daef82e954d52cec1fc402c3086|page=15|physical_row=0013|station_section=3:Hyderabad|printed_row=1,107983dc72d381e6897a5a333556946adcc98daef82e954d52cec1fc402c3086,15,13,3,Hyderabad,1,p15-r1-n0791,p15-r1-n0791-arrival,arrival,DEL,HYD,AI 2449,AIC,AI,1234567,2026-03-30,2026-10-24,00:20,raw_time_basis_unknown,ai-s26-b98cbd82da9da4,current,confirmed_exact_designator
sha256=107983dc72d381e6897a5a333556946adcc98daef82e954d52cec1fc402c3086|page=15|physical_row=0014|station_section=3:Hyderabad|printed_row=2,107983dc72d381e6897a5a333556946adcc98daef82e954d52cec1fc402c3086,15,14,3,Hyderabad,2,p15-r2-n0792,p15-r2-n0792-arrival,arrival,DEL,HYD,AI 2449,AIC,AI,7,2026-03-29,2026-03-29,00:25,raw_time_basis_unknown,ai-s26-fc99489817279b,expired,expired_not_compared_to_baseline
sha256=107983dc72d381e6897a5a333556946adcc98daef82e954d52cec1fc402c3086|page=15|physical_row=0015|station_section=3:Hyderabad|printed_row=3,107983dc72d381e6897a5a333556946adcc98daef82e954d52cec1fc402c3086,15,15,3,Hyderabad,3,p15-r3-n0793,p15-r3-n0793-arrival,arrival,DEL,HYD,AI 1706,AIC,AI,7,2026-03-29,2026-03-29,01:15,raw_time_basis_unknown,ai-s26-abc64a5f0c504e,expired,expired_not_compared_to_baseline
sha256=107983dc72d381e6897a5a333556946adcc98daef82e954d52cec1fc402c3086|page=15|physical_row=0016|station_section=3:Hyderabad|printed_row=4,107983dc72d381e6897a5a333556946adcc98daef82e954d52cec1fc402c3086,15,16,3,Hyderabad,4,p15-r4-n0794,p15-r4-n0794-arrival,arrival,DEL,HYD,AI 1706,AIC,AI,1234567,2026-03-30,2026-10-24,01:20,raw_time_basis_unknown,ai-s26-764a919a82ad34,current,confirmed_exact_designator
sha256=107983dc72d381e6897a5a333556946adcc98daef82e954d52cec1fc402c3086|page=15|physical_row=0017|station_section=3:Hyderabad|printed_row=5,107983dc72d381e6897a5a333556946adcc98daef82e954d52cec1fc402c3086,15,17,3,Hyderabad,5,p15-r5-n0795,p15-r5-n0795-arrival,arrival,DEL,HYD,AI 2577,AIC,AI,1234567,2026-03-30,2026-10-24,04:20,raw_time_basis_unknown,ai-s26-01e5002b6b5d98,current,confirmed_exact_designator
sha256=107983dc72d381e6897a5a333556946adcc98daef82e954d52cec1fc402c3086|page=15|physical_row=0018|station_section=3:Hyderabad|printed_row=6,107983dc72d381e6897a5a333556946adcc98daef82e954d52cec1fc402c3086,15,18,3,Hyderabad,6,p15-r6-n0796,p15-r6-n0796-arrival,arrival,DEL,HYD,AI 2577,AIC,AI,7,2026-03-29,2026-03-29,04:20,raw_time_basis_unknown,ai-s26-b7774b163473a2,expired,expired_not_compared_to_baseline
sha256=107983dc72d381e6897a5a333556946adcc98daef82e954d52cec1fc402c3086|page=15|physical_row=0019|station_section=3:Hyderabad|printed_row=7,107983dc72d381e6897a5a333556946adcc98daef82e954d52cec1fc402c3086,15,19,3,Hyderabad,7,p15-r7-n0797,p15-r7-n0797-departure,departure,HYD,DEL,AI 1806,AIC,AI,7,2026-03-29,2026-03-29,05:30,raw_time_basis_unknown,ai-s26-834d4f5091ad25,expired,expired_not_compared_to_baseline
sha256=107983dc72d381e6897a5a333556946adcc98daef82e954d52cec1fc402c3086|page=15|physical_row=0020|station_section=3:Hyderabad|printed_row=8,107983dc72d381e6897a5a333556946adcc98daef82e954d52cec1fc402c3086,15,20,3,Hyderabad,8,p15-r8-n0798,p15-r8-n0798-departure,departure,HYD,DEL,AI 1806,AIC,AI,1234567,2026-03-30,2026-10-24,05:30,raw_time_basis_unknown,ai-s26-09332237ea4304,current,confirmed_exact_designator
sha256=107983dc72d381e6897a5a333556946adcc98daef82e954d52cec1fc402c3086|page=15|physical_row=0021|station_section=3:Hyderabad|printed_row=9,107983dc72d381e6897a5a333556946adcc98daef82e954d52cec1fc402c3086,15,21,3,Hyderabad,9,p15-r9-n0799,p15-r9-n0799-departure,departure,HYD,BOM,AI 2872,AIC,AI,1234567,2026-03-30,2026-10-24,05:50,raw_time_basis_unknown,ai-s26-ce46f6b320ae91,current,confirmed_exact_designator
sha256=107983dc72d381e6897a5a333556946adcc98daef82e954d52cec1fc402c3086|page=15|physical_row=0022|station_section=3:Hyderabad|printed_row=10,107983dc72d381e6897a5a333556946adcc98daef82e954d52cec1fc402c3086,15,22,3,Hyderabad,10,p15-r10-n0800,p15-r10-n0800-departure,departure,HYD,BOM,AI 2872,AIC,AI,7,2026-03-29,2026-03-29,05:50,raw_time_basis_unknown,ai-s26-e7afbb95b6a7aa,expired,expired_not_compared_to_baseline
sha256=107983dc72d381e6897a5a333556946adcc98daef82e954d52cec1fc402c3086|page=15|physical_row=0023|station_section=3:Hyderabad|printed_row=11,107983dc72d381e6897a5a333556946adcc98daef82e954d52cec1fc402c3086,15,23,3,Hyderabad,11,p15-r11-n0801,p15-r11-n0801-departure,departure,HYD,DEL,AI 3311,AIC,AI,7,2026-03-29,2026-03-29,06:05,raw_time_basis_unknown,ai-s26-f6d9cc4f6272dd,expired,expired_not_compared_to_baseline
sha256=107983dc72d381e6897a5a333556946adcc98daef82e954d52cec1fc402c3086|page=15|physical_row=0024|station_section=3:Hyderabad|printed_row=12,107983dc72d381e6897a5a333556946adcc98daef82e954d52cec1fc402c3086,15,24,3,Hyderabad,12,p15-r12-n0802,p15-r12-n0802-departure,departure,HYD,BOM,AI 2626,AIC,AI,7,2026-03-29,2026-03-29,07:25,raw_time_basis_unknown,ai-s26-3424dd412e3701,expired,expired_not_compared_to_baseline
sha256=107983dc72d381e6897a5a333556946adcc98daef82e954d52cec1fc402c3086|page=15|physical_row=0025|station_section=3:Hyderabad|printed_row=13,107983dc72d381e6897a5a333556946adcc98daef82e954d52cec1fc402c3086,15,25,3,Hyderabad,13,p15-r13-n0803,p15-r13-n0803-departure,departure,HYD,BOM,AI 2626,AIC,AI,1234567,2026-03-29,2026-10-23,07:25,raw_time_basis_unknown,ai-s26-4b996e7b28f4b2,current,confirmed_exact_designator
sha256=107983dc72d381e6897a5a333556946adcc98daef82e954d52cec1fc402c3086|page=15|physical_row=0026|station_section=3:Hyderabad|printed_row=14,107983dc72d381e6897a5a333556946adcc98daef82e954d52cec1fc402c3086,15,26,3,Hyderabad,14,p15-r14-n0804,p15-r14-n0804-departure,departure,HYD,DEL,AI 2860,AIC,AI,7,2026-03-29,2026-03-29,07:30,raw_time_basis_unknown,ai-s26-7e9e9d0d3b3db7,expired,expired_not_compared_to_baseline
sha256=107983dc72d381e6897a5a333556946adcc98daef82e954d52cec1fc402c3086|page=15|physical_row=0027|station_section=3:Hyderabad|printed_row=15,107983dc72d381e6897a5a333556946adcc98daef82e954d52cec1fc402c3086,15,27,3,Hyderabad,15,p15-r15-n0805,p15-r15-n0805-departure,departure,HYD,DEL,AI 2860,AIC,AI,1234567,2026-03-30,2026-10-24,07:30,raw_time_basis_unknown,ai-s26-f682430116c693,current,confirmed_exact_designator
sha256=107983dc72d381e6897a5a333556946adcc98daef82e954d52cec1fc402c3086|page=15|physical_row=0028|station_section=3:Hyderabad|printed_row=16,107983dc72d381e6897a5a333556946adcc98daef82e954d52cec1fc402c3086,15,28,3,Hyderabad,16,p15-r16-n0806,p15-r16-n0806-arrival,arrival,BOM,HYD,AI 2625,AIC,AI,1234567,2026-03-29,2026-10-24,07:35,raw_time_basis_unknown,ai-s26-7d359687440828,current,confirmed_exact_designator
sha256=107983dc72d381e6897a5a333556946adcc98daef82e954d52cec1fc402c3086|page=15|physical_row=0029|station_section=3:Hyderabad|printed_row=17,107983dc72d381e6897a5a333556946adcc98daef82e954d52cec1fc402c3086,15,29,3,Hyderabad,17,p15-r17-n0807,p15-r17-n0807-arrival,arrival,DEL,HYD,AI 1793,AIC,AI,1234567,2026-03-29,2026-10-24,08:20,raw_time_basis_unknown,ai-s26-eca27dfacb199e,current,confirmed_exact_designator
sha256=107983dc72d381e6897a5a333556946adcc98daef82e954d52cec1fc402c3086|page=15|physical_row=0030|station_section=3:Hyderabad|printed_row=18,107983dc72d381e6897a5a333556946adcc98daef82e954d52cec1fc402c3086,15,30,3,Hyderabad,18,p15-r18-n0808,p15-r18-n0808-departure,departure,HYD,DEL,AI 2466,AIC,AI,1234567,2026-03-29,2026-10-24,08:35,raw_time_basis_unknown,ai-s26-21bafdd233fe78,current,confirmed_exact_designator
sha256=107983dc72d381e6897a5a333556946adcc98daef82e954d52cec1fc402c3086|page=15|physical_row=0031|station_section=3:Hyderabad|printed_row=19,107983dc72d381e6897a5a333556946adcc98daef82e954d52cec1fc402c3086,15,31,3,Hyderabad,19,p15-r19-n0809,p15-r19-n0809-arrival,arrival,BOM,HYD,AI 2873,AIC,AI,1234567,2026-03-29,2026-10-24,09:05,raw_time_basis_unknown,ai-s26-4d7fe084e2be73,current,confirmed_exact_designator
sha256=107983dc72d381e6897a5a333556946adcc98daef82e954d52cec1fc402c3086|page=15|physical_row=0032|station_section=3:Hyderabad|printed_row=20,107983dc72d381e6897a5a333556946adcc98daef82e954d52cec1fc402c3086,15,32,3,Hyderabad,20,p15-r20-n0810,p15-r20-n0810-arrival,arrival,DEL,HYD,AI 2560,AIC,AI,1234567,2026-03-29,2026-10-24,09:20,raw_time_basis_unknown,ai-s26-ec01d6072d7c86,current,confirmed_exact_designator
sha256=107983dc72d381e6897a5a333556946adcc98daef82e954d52cec1fc402c3086|page=15|physical_row=0033|station_section=3:Hyderabad|printed_row=21,107983dc72d381e6897a5a333556946adcc98daef82e954d52cec1fc402c3086,15,33,3,Hyderabad,21,p15-r21-n0811,p15-r21-n0811-departure,departure,HYD,DEL,AI 1866,AIC,AI,1234567,2026-03-29,2026-10-24,09:40,raw_time_basis_unknown,ai-s26-fe0fa226777bb9,current,confirmed_exact_designator
sha256=107983dc72d381e6897a5a333556946adcc98daef82e954d52cec1fc402c3086|page=15|physical_row=0034|station_section=3:Hyderabad|printed_row=22,107983dc72d381e6897a5a333556946adcc98daef82e954d52cec1fc402c3086,15,34,3,Hyderabad,22,p15-r22-n0812,p15-r22-n0812-departure,departure,HYD,BOM,AI 2874,AIC,AI,1234567,2026-03-29,2026-10-24,09:55,raw_time_basis_unknown,ai-s26-ba039cd9e4c113,current,confirmed_exact_designator
sha256=107983dc72d381e6897a5a333556946adcc98daef82e954d52cec1fc402c3086|page=15|physical_row=0035|station_section=3:Hyderabad|printed_row=23,107983dc72d381e6897a5a333556946adcc98daef82e954d52cec1fc402c3086,15,35,3,Hyderabad,23,p15-r23-n0813,p15-r23-n0813-arrival,arrival,BOM,HYD,AI 417,AIC,AI,1234567,2026-03-29,2026-10-24,10:35,raw_time_basis_unknown,ai-s26-afa3d98dd6d660,current,confirmed_exact_designator
sha256=107983dc72d381e6897a5a333556946adcc98daef82e954d52cec1fc402c3086|page=15|physical_row=0036|station_section=3:Hyderabad|printed_row=24,107983dc72d381e6897a5a333556946adcc98daef82e954d52cec1fc402c3086,15,36,3,Hyderabad,24,p15-r24-n0814,p15-r24-n0814-departure,departure,HYD,DEL,AI 2543,AIC,AI,1234567,2026-03-29,2026-10-24,10:35,raw_time_basis_unknown,ai-s26-f96ff24d14bc0b,current,confirmed_exact_designator
sha256=107983dc72d381e6897a5a333556946adcc98daef82e954d52cec1fc402c3086|page=15|physical_row=0037|station_section=3:Hyderabad|printed_row=25,107983dc72d381e6897a5a333556946adcc98daef82e954d52cec1fc402c3086,15,37,3,Hyderabad,25,p15-r25-n0815,p15-r25-n0815-departure,departure,HYD,BOM,AI 418,AIC,AI,1234567,2026-03-29,2026-10-24,11:30,raw_time_basis_unknown,ai-s26-17cfb2e08b7d19,current,confirmed_exact_designator
sha256=107983dc72d381e6897a5a333556946adcc98daef82e954d52cec1fc402c3086|page=15|physical_row=0038|station_section=3:Hyderabad|printed_row=26,107983dc72d381e6897a5a333556946adcc98daef82e954d52cec1fc402c3086,15,38,3,Hyderabad,26,p15-r26-n0816,p15-r26-n0816-arrival,arrival,DEL,HYD,AI 2542,AIC,AI,1234567,2026-03-29,2026-10-24,12:00,raw_time_basis_unknown,ai-s26-90af9d893f44b4,current,confirmed_exact_designator
sha256=107983dc72d381e6897a5a333556946adcc98daef82e954d52cec1fc402c3086|page=15|physical_row=0039|station_section=3:Hyderabad|printed_row=27,107983dc72d381e6897a5a333556946adcc98daef82e954d52cec1fc402c3086,15,39,3,Hyderabad,27,p15-r27-n0817,p15-r27-n0817-arrival,arrival,BOM,HYD,AI 2444,AIC,AI,1234567,2026-03-29,2026-10-24,12:25,raw_time_basis_unknown,ai-s26-22fa05facc3dea,current,confirmed_exact_designator
sha256=107983dc72d381e6897a5a333556946adcc98daef82e954d52cec1fc402c3086|page=15|physical_row=0040|station_section=3:Hyderabad|printed_row=28,107983dc72d381e6897a5a333556946adcc98daef82e954d52cec1fc402c3086,15,40,3,Hyderabad,28,p15-r28-n0818,p15-r28-n0818-departure,departure,HYD,DEL,AI 2559,AIC,AI,7,2026-03-29,2026-03-29,12:45,raw_time_basis_unknown,ai-s26-9d09db94891c00,expired,expired_not_compared_to_baseline
sha256=107983dc72d381e6897a5a333556946adcc98daef82e954d52cec1fc402c3086|page=15|physical_row=0041|station_section=3:Hyderabad|printed_row=29,107983dc72d381e6897a5a333556946adcc98daef82e954d52cec1fc402c3086,15,41,3,Hyderabad,29,p15-r29-n0819,p15-r29-n0819-departure,departure,HYD,DEL,AI 2559,AIC,AI,1234567,2026-03-30,2026-10-24,12:45,raw_time_basis_unknown,ai-s26-8a9efee335f44a,current,confirmed_exact_designator
sha256=107983dc72d381e6897a5a333556946adcc98daef82e954d52cec1fc402c3086|page=15|physical_row=0042|station_section=3:Hyderabad|printed_row=30,107983dc72d381e6897a5a333556946adcc98daef82e954d52cec1fc402c3086,15,42,3,Hyderabad,30,p15-r30-n0820,p15-r30-n0820-arrival,arrival,DEL,HYD,AI 2859,AIC,AI,1234567,2026-03-29,2026-10-24,12:50,raw_time_basis_unknown,ai-s26-eef95930b78daf,current,confirmed_exact_designator
sha256=107983dc72d381e6897a5a333556946adcc98daef82e954d52cec1fc402c3086|page=15|physical_row=0043|station_section=3:Hyderabad|printed_row=31,107983dc72d381e6897a5a333556946adcc98daef82e954d52cec1fc402c3086,15,43,3,Hyderabad,31,p15-r31-n0821,p15-r31-n0821-departure,departure,HYD,TIR,AI 2859,AIC,AI,1234567,2026-03-29,2026-10-24,13:30,raw_time_basis_unknown,ai-s26-855e05c8458f4e,current,confirmed_exact_designator
sha256=107983dc72d381e6897a5a333556946adcc98daef82e954d52cec1fc402c3086|page=15|physical_row=0044|station_section=3:Hyderabad|printed_row=32,107983dc72d381e6897a5a333556946adcc98daef82e954d52cec1fc402c3086,15,44,3,Hyderabad,32,p15-r32-n0822,p15-r32-n0822-departure,departure,HYD,BOM,AI 2445,AIC,AI,1234567,2026-03-29,2026-10-24,14:25,raw_time_basis_unknown,ai-s26-be1f01db971385,current,confirmed_exact_designator
sha256=107983dc72d381e6897a5a333556946adcc98daef82e954d52cec1fc402c3086|page=15|physical_row=0045|station_section=3:Hyderabad|printed_row=33,107983dc72d381e6897a5a333556946adcc98daef82e954d52cec1fc402c3086,15,45,3,Hyderabad,33,p15-r33-n0823,p15-r33-n0823-arrival,arrival,DEL,HYD,AI 2899,AIC,AI,1234567,2026-03-29,2026-10-24,14:50,raw_time_basis_unknown,ai-s26-3768ba25fe2fc5,current,confirmed_exact_designator
sha256=107983dc72d381e6897a5a333556946adcc98daef82e954d52cec1fc402c3086|page=15|physical_row=0046|station_section=3:Hyderabad|printed_row=34,107983dc72d381e6897a5a333556946adcc98daef82e954d52cec1fc402c3086,15,46,3,Hyderabad,34,p15-r34-n0824,p15-r34-n0824-departure,departure,HYD,DEL,AI 2541,AIC,AI,1234567,2026-03-29,2026-10-24,15:25,raw_time_basis_unknown,ai-s26-f23b69a7e4939f,current,confirmed_exact_designator
sha256=107983dc72d381e6897a5a333556946adcc98daef82e954d52cec1fc402c3086|page=15|physical_row=0047|station_section=3:Hyderabad|printed_row=35,107983dc72d381e6897a5a333556946adcc98daef82e954d52cec1fc402c3086,15,47,3,Hyderabad,35,p15-r35-n0825,p15-r35-n0825-arrival,arrival,TIR,HYD,AI 2890,AIC,AI,1234567,2026-03-29,2026-10-24,16:25,raw_time_basis_unknown,ai-s26-3e6d60a0e25696,current,confirmed_exact_designator
sha256=107983dc72d381e6897a5a333556946adcc98daef82e954d52cec1fc402c3086|page=15|physical_row=0048|station_section=3:Hyderabad|printed_row=36,107983dc72d381e6897a5a333556946adcc98daef82e954d52cec1fc402c3086,15,48,3,Hyderabad,36,p15-r36-n0826,p15-r36-n0826-arrival,arrival,BOM,HYD,AI 2531,AIC,AI,1234567,2026-03-29,2026-10-24,16:35,raw_time_basis_unknown,ai-s26-ca3a283fb466e5,current,confirmed_exact_designator
sha256=107983dc72d381e6897a5a333556946adcc98daef82e954d52cec1fc402c3086|page=15|physical_row=0049|station_section=3:Hyderabad|printed_row=37,107983dc72d381e6897a5a333556946adcc98daef82e954d52cec1fc402c3086,15,49,3,Hyderabad,37,p15-r37-n0827,p15-r37-n0827-arrival,arrival,DEL,HYD,AI 2465,AIC,AI,1234567,2026-03-29,2026-10-24,16:40,raw_time_basis_unknown,ai-s26-04eceb3859f24d,current,confirmed_exact_designator
sha256=107983dc72d381e6897a5a333556946adcc98daef82e954d52cec1fc402c3086|page=15|physical_row=0050|station_section=3:Hyderabad|printed_row=38,107983dc72d381e6897a5a333556946adcc98daef82e954d52cec1fc402c3086,15,50,3,Hyderabad,38,p15-r38-n0828,p15-r38-n0828-departure,departure,HYD,BOM,AI 2447,AIC,AI,1234567,2026-03-29,2026-10-24,17:25,raw_time_basis_unknown,ai-s26-48a11462a028e6,current,confirmed_exact_designator
sha256=107983dc72d381e6897a5a333556946adcc98daef82e954d52cec1fc402c3086|page=15|physical_row=0051|station_section=3:Hyderabad|printed_row=39,107983dc72d381e6897a5a333556946adcc98daef82e954d52cec1fc402c3086,15,51,3,Hyderabad,39,p15-r39-n0829,p15-r39-n0829-departure,departure,HYD,DEL,AI 2890,AIC,AI,1234567,2026-03-29,2026-10-24,17:30,raw_time_basis_unknown,ai-s26-4a20ec7fa7e04d,current,confirmed_exact_designator
sha256=107983dc72d381e6897a5a333556946adcc98daef82e954d52cec1fc402c3086|page=15|physical_row=0052|station_section=3:Hyderabad|printed_row=40,107983dc72d381e6897a5a333556946adcc98daef82e954d52cec1fc402c3086,15,52,3,Hyderabad,40,p15-r40-n0830,p15-r40-n0830-arrival,arrival,DEL,HYD,AI 2519,AIC,AI,24567,2026-03-29,2026-10-24,18:20,raw_time_basis_unknown,ai-s26-fb3c48c3a8a489,current,confirmed_exact_designator
sha256=107983dc72d381e6897a5a333556946adcc98daef82e954d52cec1fc402c3086|page=15|physical_row=0053|station_section=3:Hyderabad|printed_row=41,107983dc72d381e6897a5a333556946adcc98daef82e954d52cec1fc402c3086,15,53,3,Hyderabad,41,p15-r41-n0831,p15-r41-n0831-departure,departure,HYD,DEL,AI 2880,AIC,AI,1234567,2026-03-29,2026-10-24,18:25,raw_time_basis_unknown,ai-s26-4d746df5a86be4,current,confirmed_exact_designator
sha256=107983dc72d381e6897a5a333556946adcc98daef82e954d52cec1fc402c3086|page=15|physical_row=0054|station_section=3:Hyderabad|printed_row=42,107983dc72d381e6897a5a333556946adcc98daef82e954d52cec1fc402c3086,15,54,3,Hyderabad,42,p15-r42-n0832,p15-r42-n0832-arrival,arrival,DEL,HYD,AI 2519,AIC,AI,1,2026-05-11,2026-10-19,18:30,raw_time_basis_unknown,ai-s26-b30b1eb5aa024f,current,confirmed_exact_designator
sha256=107983dc72d381e6897a5a333556946adcc98daef82e954d52cec1fc402c3086|page=15|physical_row=0055|station_section=3:Hyderabad|printed_row=43,107983dc72d381e6897a5a333556946adcc98daef82e954d52cec1fc402c3086,15,55,3,Hyderabad,43,p15-r43-n0833,p15-r43-n0833-arrival,arrival,DEL,HYD,AI 544,AIC,AI,3,2026-04-01,2026-10-21,18:30,raw_time_basis_unknown,ai-s26-0096d15b53ef99,current,confirmed_exact_designator
sha256=107983dc72d381e6897a5a333556946adcc98daef82e954d52cec1fc402c3086|page=15|physical_row=0056|station_section=3:Hyderabad|printed_row=44,107983dc72d381e6897a5a333556946adcc98daef82e954d52cec1fc402c3086,15,56,3,Hyderabad,44,p15-r44-n0834,p15-r44-n0834-arrival,arrival,DEL,HYD,AI 544,AIC,AI,1,2026-03-30,2026-05-04,18:30,raw_time_basis_unknown,ai-s26-46a937c76697ce,expired,expired_not_compared_to_baseline
sha256=107983dc72d381e6897a5a333556946adcc98daef82e954d52cec1fc402c3086|page=16|physical_row=0001|station_section=1:Hyderabad|printed_row=45,107983dc72d381e6897a5a333556946adcc98daef82e954d52cec1fc402c3086,16,1,1,Hyderabad,45,p16-r45-n0835,p16-r45-n0835-arrival,arrival,BOM,HYD,AI 2619,AIC,AI,1234567,2026-03-29,2026-10-24,19:35,raw_time_basis_unknown,ai-s26-52ea3209d5f39c,current,confirmed_exact_designator
sha256=107983dc72d381e6897a5a333556946adcc98daef82e954d52cec1fc402c3086|page=16|physical_row=0002|station_section=1:Hyderabad|printed_row=46,107983dc72d381e6897a5a333556946adcc98daef82e954d52cec1fc402c3086,16,2,1,Hyderabad,46,p16-r46-n0836,p16-r46-n0836-departure,departure,HYD,DEL,AI 2520,AIC,AI,24567,2026-03-29,2026-10-24,20:00,raw_time_basis_unknown,ai-s26-4acc7d773afb78,current,confirmed_exact_designator
sha256=107983dc72d381e6897a5a333556946adcc98daef82e954d52cec1fc402c3086|page=16|physical_row=0003|station_section=1:Hyderabad|printed_row=47,107983dc72d381e6897a5a333556946adcc98daef82e954d52cec1fc402c3086,16,3,1,Hyderabad,47,p16-r47-n0837,p16-r47-n0837-departure,departure,HYD,DEL,AI 2520,AIC,AI,1,2026-05-11,2026-10-19,20:00,raw_time_basis_unknown,ai-s26-d7b86fb46e1579,current,confirmed_exact_designator
sha256=107983dc72d381e6897a5a333556946adcc98daef82e954d52cec1fc402c3086|page=16|physical_row=0004|station_section=1:Hyderabad|printed_row=48,107983dc72d381e6897a5a333556946adcc98daef82e954d52cec1fc402c3086,16,4,1,Hyderabad,48,p16-r48-n0838,p16-r48-n0838-departure,departure,HYD,DEL,AI 840,AIC,AI,3,2026-04-01,2026-10-21,20:00,raw_time_basis_unknown,ai-s26-29a591fb4c4e6f,current,confirmed_exact_designator
sha256=107983dc72d381e6897a5a333556946adcc98daef82e954d52cec1fc402c3086|page=16|physical_row=0005|station_section=1:Hyderabad|printed_row=49,107983dc72d381e6897a5a333556946adcc98daef82e954d52cec1fc402c3086,16,5,1,Hyderabad,49,p16-r49-n0839,p16-r49-n0839-departure,departure,HYD,DEL,AI 840,AIC,AI,1,2026-03-30,2026-05-04,20:00,raw_time_basis_unknown,ai-s26-70bdf94a02227a,expired,expired_not_compared_to_baseline
sha256=107983dc72d381e6897a5a333556946adcc98daef82e954d52cec1fc402c3086|page=16|physical_row=0006|station_section=1:Hyderabad|printed_row=50,107983dc72d381e6897a5a333556946adcc98daef82e954d52cec1fc402c3086,16,6,1,Hyderabad,50,p16-r50-n0840,p16-r50-n0840-arrival,arrival,DEL,HYD,AI 2879,AIC,AI,1234567,2026-03-29,2026-10-24,20:20,raw_time_basis_unknown,ai-s26-08ec30f327f621,current,confirmed_exact_designator
sha256=107983dc72d381e6897a5a333556946adcc98daef82e954d52cec1fc402c3086|page=16|physical_row=0007|station_section=1:Hyderabad|printed_row=51,107983dc72d381e6897a5a333556946adcc98daef82e954d52cec1fc402c3086,16,7,1,Hyderabad,51,p16-r51-n0841,p16-r51-n0841-departure,departure,HYD,BOM,AI 2876,AIC,AI,1234567,2026-03-29,2026-10-24,20:35,raw_time_basis_unknown,ai-s26-5385d7bc03aeb7,current,confirmed_exact_designator
sha256=107983dc72d381e6897a5a333556946adcc98daef82e954d52cec1fc402c3086|page=16|physical_row=0008|station_section=1:Hyderabad|printed_row=52,107983dc72d381e6897a5a333556946adcc98daef82e954d52cec1fc402c3086,16,8,1,Hyderabad,52,p16-r52-n0842,p16-r52-n0842-arrival,arrival,BOM,HYD,AI 2875,AIC,AI,1234567,2026-03-29,2026-10-24,21:05,raw_time_basis_unknown,ai-s26-2210185d6e4bbc,current,confirmed_exact_designator
sha256=107983dc72d381e6897a5a333556946adcc98daef82e954d52cec1fc402c3086|page=16|physical_row=0009|station_section=1:Hyderabad|printed_row=53,107983dc72d381e6897a5a333556946adcc98daef82e954d52cec1fc402c3086,16,9,1,Hyderabad,53,p16-r53-n0843,p16-r53-n0843-departure,departure,HYD,DEL,AI 2870,AIC,AI,1234567,2026-03-29,2026-10-24,21:30,raw_time_basis_unknown,ai-s26-9fc9c2a249382b,current,confirmed_exact_designator
sha256=107983dc72d381e6897a5a333556946adcc98daef82e954d52cec1fc402c3086|page=16|physical_row=0010|station_section=1:Hyderabad|printed_row=54,107983dc72d381e6897a5a333556946adcc98daef82e954d52cec1fc402c3086,16,10,1,Hyderabad,54,p16-r54-n0844,p16-r54-n0844-arrival,arrival,DEL,HYD,AI 1708,AIC,AI,1234567,2026-03-29,2026-10-24,21:50,raw_time_basis_unknown,ai-s26-ecad3adbad343b,current,confirmed_exact_designator
sha256=107983dc72d381e6897a5a333556946adcc98daef82e954d52cec1fc402c3086|page=16|physical_row=0011|station_section=1:Hyderabad|printed_row=55,107983dc72d381e6897a5a333556946adcc98daef82e954d52cec1fc402c3086,16,11,1,Hyderabad,55,p16-r55-n0845,p16-r55-n0845-departure,departure,HYD,BOM,AI 2699,AIC,AI,1234567,2026-03-29,2026-10-24,22:20,raw_time_basis_unknown,ai-s26-42e0254333a293,current,confirmed_exact_designator
sha256=107983dc72d381e6897a5a333556946adcc98daef82e954d52cec1fc402c3086|page=16|physical_row=0012|station_section=1:Hyderabad|printed_row=56,107983dc72d381e6897a5a333556946adcc98daef82e954d52cec1fc402c3086,16,12,1,Hyderabad,56,p16-r56-n0846,p16-r56-n0846-departure,departure,HYD,DEL,AI 1880,AIC,AI,1234567,2026-03-29,2026-10-24,22:30,raw_time_basis_unknown,ai-s26-157bfe7ff79866,current,confirmed_exact_designator
sha256=107983dc72d381e6897a5a333556946adcc98daef82e954d52cec1fc402c3086|page=16|physical_row=0013|station_section=1:Hyderabad|printed_row=57,107983dc72d381e6897a5a333556946adcc98daef82e954d52cec1fc402c3086,16,13,1,Hyderabad,57,p16-r57-n0847,p16-r57-n0847-arrival,arrival,DEL,HYD,AI 2871,AIC,AI,1234567,2026-03-29,2026-10-24,22:50,raw_time_basis_unknown,ai-s26-4cbef732952f84,current,confirmed_exact_designator
sha256=107983dc72d381e6897a5a333556946adcc98daef82e954d52cec1fc402c3086|page=16|physical_row=0014|station_section=1:Hyderabad|printed_row=58,107983dc72d381e6897a5a333556946adcc98daef82e954d52cec1fc402c3086,16,14,1,Hyderabad,58,p16-r58-n0848,p16-r58-n0848-arrival,arrival,BOM,HYD,AI 2869,AIC,AI,6,2026-10-24,2026-10-24,23:05,raw_time_basis_unknown,ai-s26-b9c8168d1323fb,future,confirmed_exact_designator
sha256=107983dc72d381e6897a5a333556946adcc98daef82e954d52cec1fc402c3086|page=16|physical_row=0015|station_section=1:Hyderabad|printed_row=59,107983dc72d381e6897a5a333556946adcc98daef82e954d52cec1fc402c3086,16,15,1,Hyderabad,59,p16-r59-n0849,p16-r59-n0849-arrival,arrival,BOM,HYD,AI 2869,AIC,AI,1234567,2026-03-29,2026-10-23,23:05,raw_time_basis_unknown,ai-s26-66866a3c841d74,current,confirmed_exact_designator
sha256=107983dc72d381e6897a5a333556946adcc98daef82e954d52cec1fc402c3086|page=16|physical_row=0016|station_section=1:Hyderabad|printed_row=60,107983dc72d381e6897a5a333556946adcc98daef82e954d52cec1fc402c3086,16,16,1,Hyderabad,60,p16-r60-n0850,p16-r60-n0850-departure,departure,HYD,DEL,AI 2776,AIC,AI,1234567,2026-03-29,2026-10-24,23:30,raw_time_basis_unknown,ai-s26-b276f6c31869c1,current,confirmed_exact_designator
sha256=107983dc72d381e6897a5a333556946adcc98daef82e954d52cec1fc402c3086|page=16|physical_row=0017|station_section=2:Indore|printed_row=1,107983dc72d381e6897a5a333556946adcc98daef82e954d52cec1fc402c3086,16,17,2,Indore,1,p16-r1-n0851,p16-r1-n0851-arrival,arrival,DEL,IDR,AI 1725,AIC,AI,1234567,2026-03-29,2026-10-24,07:15,raw_time_basis_unknown,ai-s26-aa05fcfbc52978,current,confirmed_exact_designator
sha256=107983dc72d381e6897a5a333556946adcc98daef82e954d52cec1fc402c3086|page=16|physical_row=0018|station_section=2:Indore|printed_row=2,107983dc72d381e6897a5a333556946adcc98daef82e954d52cec1fc402c3086,16,18,2,Indore,2,p16-r2-n0852,p16-r2-n0852-departure,departure,IDR,DEL,AI 1860,AIC,AI,1234567,2026-03-29,2026-10-24,08:00,raw_time_basis_unknown,ai-s26-c06e28b1bc96f7,current,confirmed_exact_designator
sha256=107983dc72d381e6897a5a333556946adcc98daef82e954d52cec1fc402c3086|page=16|physical_row=0019|station_section=2:Indore|printed_row=3,107983dc72d381e6897a5a333556946adcc98daef82e954d52cec1fc402c3086,16,19,2,Indore,3,p16-r3-n0853,p16-r3-n0853-arrival,arrival,BOM,IDR,AI 2591,AIC,AI,1234567,2026-03-29,2026-10-24,08:55,raw_time_basis_unknown,ai-s26-39bc037a07250e,current,confirmed_exact_designator
sha256=107983dc72d381e6897a5a333556946adcc98daef82e954d52cec1fc402c3086|page=16|physical_row=0020|station_section=2:Indore|printed_row=4,107983dc72d381e6897a5a333556946adcc98daef82e954d52cec1fc402c3086,16,20,2,Indore,4,p16-r4-n0854,p16-r4-n0854-departure,departure,IDR,DEL,AI 2591,AIC,AI,1234567,2026-03-29,2026-10-24,09:40,raw_time_basis_unknown,ai-s26-208ce614f2f232,current,confirmed_exact_designator
sha256=107983dc72d381e6897a5a333556946adcc98daef82e954d52cec1fc402c3086|page=16|physical_row=0021|station_section=2:Indore|printed_row=5,107983dc72d381e6897a5a333556946adcc98daef82e954d52cec1fc402c3086,16,21,2,Indore,5,p16-r5-n0855,p16-r5-n0855-arrival,arrival,DEL,IDR,AI 2515,AIC,AI,1234567,2026-03-29,2026-10-24,13:45,raw_time_basis_unknown,ai-s26-f064c6dba93542,current,confirmed_exact_designator
sha256=107983dc72d381e6897a5a333556946adcc98daef82e954d52cec1fc402c3086|page=16|physical_row=0022|station_section=2:Indore|printed_row=6,107983dc72d381e6897a5a333556946adcc98daef82e954d52cec1fc402c3086,16,22,2,Indore,6,p16-r6-n0856,p16-r6-n0856-departure,departure,IDR,DEL,AI 2516,AIC,AI,1234567,2026-03-29,2026-10-24,14:15,raw_time_basis_unknown,ai-s26-4bbd7616b62c14,current,confirmed_exact_designator
sha256=107983dc72d381e6897a5a333556946adcc98daef82e954d52cec1fc402c3086|page=16|physical_row=0023|station_section=2:Indore|printed_row=7,107983dc72d381e6897a5a333556946adcc98daef82e954d52cec1fc402c3086,16,23,2,Indore,7,p16-r7-n0857,p16-r7-n0857-arrival,arrival,DEL,IDR,AI 2592,AIC,AI,1234567,2026-03-29,2026-10-24,16:05,raw_time_basis_unknown,ai-s26-3f852fb252a899,current,confirmed_exact_designator
sha256=107983dc72d381e6897a5a333556946adcc98daef82e954d52cec1fc402c3086|page=16|physical_row=0024|station_section=2:Indore|printed_row=8,107983dc72d381e6897a5a333556946adcc98daef82e954d52cec1fc402c3086,16,24,2,Indore,8,p16-r8-n0858,p16-r8-n0858-departure,departure,IDR,BOM,AI 2592,AIC,AI,1234567,2026-03-29,2026-10-24,16:50,raw_time_basis_unknown,ai-s26-cbbe0fd9fae075,current,confirmed_exact_designator
sha256=107983dc72d381e6897a5a333556946adcc98daef82e954d52cec1fc402c3086|page=16|physical_row=0025|station_section=2:Indore|printed_row=9,107983dc72d381e6897a5a333556946adcc98daef82e954d52cec1fc402c3086,16,25,2,Indore,9,p16-r9-n0859,p16-r9-n0859-arrival,arrival,BOM,IDR,AI 2749,AIC,AI,1234567,2026-03-29,2026-10-24,19:10,raw_time_basis_unknown,ai-s26-73260e8bfcbca4,current,confirmed_exact_designator
sha256=107983dc72d381e6897a5a333556946adcc98daef82e954d52cec1fc402c3086|page=16|physical_row=0026|station_section=2:Indore|printed_row=10,107983dc72d381e6897a5a333556946adcc98daef82e954d52cec1fc402c3086,16,26,2,Indore,10,p16-r10-n0860,p16-r10-n0860-departure,departure,IDR,BOM,AI 2750,AIC,AI,1234567,2026-03-29,2026-10-24,19:50,raw_time_basis_unknown,ai-s26-0b8478857403e6,current,confirmed_exact_designator
sha256=107983dc72d381e6897a5a333556946adcc98daef82e954d52cec1fc402c3086|page=16|physical_row=0027|station_section=2:Indore|printed_row=11,107983dc72d381e6897a5a333556946adcc98daef82e954d52cec1fc402c3086,16,27,2,Indore,11,p16-r11-n0861,p16-r11-n0861-arrival,arrival,DEL,IDR,AI 1716,AIC,AI,1234567,2026-03-29,2026-10-24,20:10,raw_time_basis_unknown,ai-s26-e11e59e4d7eeab,current,confirmed_exact_designator
sha256=107983dc72d381e6897a5a333556946adcc98daef82e954d52cec1fc402c3086|page=16|physical_row=0028|station_section=2:Indore|printed_row=12,107983dc72d381e6897a5a333556946adcc98daef82e954d52cec1fc402c3086,16,28,2,Indore,12,p16-r12-n0862,p16-r12-n0862-departure,departure,IDR,DEL,AI 1865,AIC,AI,1234567,2026-03-29,2026-10-24,21:00,raw_time_basis_unknown,ai-s26-c4490c363fae7c,current,confirmed_exact_designator
sha256=107983dc72d381e6897a5a333556946adcc98daef82e954d52cec1fc402c3086|page=16|physical_row=0029|station_section=3:Jaipur|printed_row=1,107983dc72d381e6897a5a333556946adcc98daef82e954d52cec1fc402c3086,16,29,3,Jaipur,1,p16-r1-n0863,p16-r1-n0863-departure,departure,JAI,BOM,AI 414,AIC,AI,7,2026-03-29,2026-03-29,06:00,raw_time_basis_unknown,ai-s26-76b7b5c901f662,expired,expired_not_compared_to_baseline
sha256=107983dc72d381e6897a5a333556946adcc98daef82e954d52cec1fc402c3086|page=16|physical_row=0030|station_section=3:Jaipur|printed_row=2,107983dc72d381e6897a5a333556946adcc98daef82e954d52cec1fc402c3086,16,30,3,Jaipur,2,p16-r2-n0864,p16-r2-n0864-departure,departure,JAI,BOM,AI 414,AIC,AI,1234567,2026-03-29,2026-10-23,06:00,raw_time_basis_unknown,ai-s26-e340a688b85093,current,confirmed_exact_designator
sha256=107983dc72d381e6897a5a333556946adcc98daef82e954d52cec1fc402c3086|page=16|physical_row=0031|station_section=3:Jaipur|printed_row=3,107983dc72d381e6897a5a333556946adcc98daef82e954d52cec1fc402c3086,16,31,3,Jaipur,3,p16-r3-n0865,p16-r3-n0865-arrival,arrival,DEL,JAI,AI 1767,AIC,AI,1234567,2026-03-29,2026-10-24,08:15,raw_time_basis_unknown,ai-s26-8061f706b24af0,current,confirmed_exact_designator
sha256=107983dc72d381e6897a5a333556946adcc98daef82e954d52cec1fc402c3086|page=16|physical_row=0032|station_section=3:Jaipur|printed_row=4,107983dc72d381e6897a5a333556946adcc98daef82e954d52cec1fc402c3086,16,32,3,Jaipur,4,p16-r4-n0866,p16-r4-n0866-departure,departure,JAI,DEL,AI 1834,AIC,AI,1234567,2026-03-29,2026-10-24,08:50,raw_time_basis_unknown,ai-s26-ccfa23151b1345,current,confirmed_exact_designator
sha256=107983dc72d381e6897a5a333556946adcc98daef82e954d52cec1fc402c3086|page=16|physical_row=0033|station_section=3:Jaipur|printed_row=5,107983dc72d381e6897a5a333556946adcc98daef82e954d52cec1fc402c3086,16,33,3,Jaipur,5,p16-r5-n0867,p16-r5-n0867-arrival,arrival,BOM,JAI,AI 2781,AIC,AI,1234567,2026-03-29,2026-10-24,12:55,raw_time_basis_unknown,ai-s26-ea13cf7ca2d158,current,confirmed_exact_designator
sha256=107983dc72d381e6897a5a333556946adcc98daef82e954d52cec1fc402c3086|page=16|physical_row=0034|station_section=3:Jaipur|printed_row=6,107983dc72d381e6897a5a333556946adcc98daef82e954d52cec1fc402c3086,16,34,3,Jaipur,6,p16-r6-n0868,p16-r6-n0868-arrival,arrival,DEL,JAI,AI 1719,AIC,AI,1234567,2026-03-29,2026-10-24,13:00,raw_time_basis_unknown,ai-s26-80b20d33881040,current,confirmed_exact_designator
sha256=107983dc72d381e6897a5a333556946adcc98daef82e954d52cec1fc402c3086|page=16|physical_row=0035|station_section=3:Jaipur|printed_row=7,107983dc72d381e6897a5a333556946adcc98daef82e954d52cec1fc402c3086,16,35,3,Jaipur,7,p16-r7-n0869,p16-r7-n0869-departure,departure,JAI,BOM,AI 2782,AIC,AI,1234567,2026-03-29,2026-10-24,13:35,raw_time_basis_unknown,ai-s26-9afe167d7c1be8,current,confirmed_exact_designator
sha256=107983dc72d381e6897a5a333556946adcc98daef82e954d52cec1fc402c3086|page=16|physical_row=0036|station_section=3:Jaipur|printed_row=8,107983dc72d381e6897a5a333556946adcc98daef82e954d52cec1fc402c3086,16,36,3,Jaipur,8,p16-r8-n0870,p16-r8-n0870-departure,departure,JAI,DEL,AI 1844,AIC,AI,1234567,2026-03-29,2026-10-24,13:40,raw_time_basis_unknown,ai-s26-7d39c9a598cbaf,current,confirmed_exact_designator
sha256=107983dc72d381e6897a5a333556946adcc98daef82e954d52cec1fc402c3086|page=16|physical_row=0037|station_section=3:Jaipur|printed_row=9,107983dc72d381e6897a5a333556946adcc98daef82e954d52cec1fc402c3086,16,37,3,Jaipur,9,p16-r9-n0871,p16-r9-n0871-arrival,arrival,DEL,JAI,AI 2761,AIC,AI,1234567,2026-03-29,2026-10-24,16:35,raw_time_basis_unknown,ai-s26-a6ecd477fc9dec,current,confirmed_exact_designator
sha256=107983dc72d381e6897a5a333556946adcc98daef82e954d52cec1fc402c3086|page=16|physical_row=0038|station_section=3:Jaipur|printed_row=10,107983dc72d381e6897a5a333556946adcc98daef82e954d52cec1fc402c3086,16,38,3,Jaipur,10,p16-r10-n0872,p16-r10-n0872-departure,departure,JAI,DEL,AI 2762,AIC,AI,1234567,2026-03-29,2026-10-24,17:10,raw_time_basis_unknown,ai-s26-0ffd1aedc48898,current,confirmed_exact_designator
sha256=107983dc72d381e6897a5a333556946adcc98daef82e954d52cec1fc402c3086|page=16|physical_row=0039|station_section=3:Jaipur|printed_row=11,107983dc72d381e6897a5a333556946adcc98daef82e954d52cec1fc402c3086,16,39,3,Jaipur,11,p16-r11-n0873,p16-r11-n0873-arrival,arrival,BOM,JAI,AI 621,AIC,AI,1234567,2026-03-29,2026-10-24,19:00,raw_time_basis_unknown,ai-s26-22b877a9ecd9cc,current,confirmed_exact_designator
sha256=107983dc72d381e6897a5a333556946adcc98daef82e954d52cec1fc402c3086|page=16|physical_row=0040|station_section=3:Jaipur|printed_row=12,107983dc72d381e6897a5a333556946adcc98daef82e954d52cec1fc402c3086,16,40,3,Jaipur,12,p16-r12-n0874,p16-r12-n0874-departure,departure,JAI,BOM,AI 622,AIC,AI,1234567,2026-03-29,2026-10-24,19:40,raw_time_basis_unknown,ai-s26-65a818a8e7ca69,current,confirmed_exact_designator
sha256=107983dc72d381e6897a5a333556946adcc98daef82e954d52cec1fc402c3086|page=16|physical_row=0041|station_section=3:Jaipur|printed_row=13,107983dc72d381e6897a5a333556946adcc98daef82e954d52cec1fc402c3086,16,41,3,Jaipur,13,p16-r13-n0875,p16-r13-n0875-arrival,arrival,BOM,JAI,AI 413,AIC,AI,6,2026-10-24,2026-10-24,23:10,raw_time_basis_unknown,ai-s26-ff26ec2bf139b7,future,confirmed_exact_designator
sha256=107983dc72d381e6897a5a333556946adcc98daef82e954d52cec1fc402c3086|page=16|physical_row=0042|station_section=3:Jaipur|printed_row=14,107983dc72d381e6897a5a333556946adcc98daef82e954d52cec1fc402c3086,16,42,3,Jaipur,14,p16-r14-n0876,p16-r14-n0876-arrival,arrival,BOM,JAI,AI 413,AIC,AI,1234567,2026-03-29,2026-10-23,23:10,raw_time_basis_unknown,ai-s26-6bdb831978e303,current,confirmed_exact_designator
sha256=107983dc72d381e6897a5a333556946adcc98daef82e954d52cec1fc402c3086|page=16|physical_row=0043|station_section=4:Jammu|printed_row=1,107983dc72d381e6897a5a333556946adcc98daef82e954d52cec1fc402c3086,16,43,4,Jammu,1,p16-r1-n0877,p16-r1-n0877-arrival,arrival,IXL,IXJ,AI 2435,AIC,AI,5,2026-04-03,2026-10-23,09:45,raw_time_basis_unknown,ai-s26-e55ddc7bae549f,current,confirmed_exact_designator
sha256=107983dc72d381e6897a5a333556946adcc98daef82e954d52cec1fc402c3086|page=16|physical_row=0044|station_section=4:Jammu|printed_row=2,107983dc72d381e6897a5a333556946adcc98daef82e954d52cec1fc402c3086,16,44,4,Jammu,2,p16-r2-n0878,p16-r2-n0878-arrival,arrival,IXL,IXJ,AI 2435,AIC,AI,17,2026-03-29,2026-10-19,09:45,raw_time_basis_unknown,ai-s26-2195a77f1ea77b,current,confirmed_exact_designator
sha256=107983dc72d381e6897a5a333556946adcc98daef82e954d52cec1fc402c3086|page=16|physical_row=0045|station_section=4:Jammu|printed_row=3,107983dc72d381e6897a5a333556946adcc98daef82e954d52cec1fc402c3086,16,45,4,Jammu,3,p16-r3-n0879,p16-r3-n0879-departure,departure,IXJ,IXL,AI 2436,AIC,AI,17,2026-03-29,2026-10-19,10:15,raw_time_basis_unknown,ai-s26-3d867dbe9ba0ff,current,confirmed_exact_designator
sha256=107983dc72d381e6897a5a333556946adcc98daef82e954d52cec1fc402c3086|page=16|physical_row=0046|station_section=4:Jammu|printed_row=4,107983dc72d381e6897a5a333556946adcc98daef82e954d52cec1fc402c3086,16,46,4,Jammu,4,p16-r4-n0880,p16-r4-n0880-departure,departure,IXJ,IXL,AI 2436,AIC,AI,5,2026-04-03,2026-10-23,10:25,raw_time_basis_unknown,ai-s26-cc3e4010554051,current,confirmed_exact_designator
sha256=107983dc72d381e6897a5a333556946adcc98daef82e954d52cec1fc402c3086|page=16|physical_row=0047|station_section=5:Jamnagar|printed_row=1,107983dc72d381e6897a5a333556946adcc98daef82e954d52cec1fc402c3086,16,47,5,Jamnagar,1,p16-r1-n0881,p16-r1-n0881-arrival,arrival,BOM,JGA,AI 2982,AIC,AI,1234567,2026-03-29,2026-10-24,08:10,raw_time_basis_unknown,ai-s26-af3a5fff98292e,current,confirmed_exact_designator
sha256=107983dc72d381e6897a5a333556946adcc98daef82e954d52cec1fc402c3086|page=16|physical_row=0048|station_section=5:Jamnagar|printed_row=2,107983dc72d381e6897a5a333556946adcc98daef82e954d52cec1fc402c3086,16,48,5,Jamnagar,2,p16-r2-n0882,p16-r2-n0882-departure,departure,JGA,BOM,AI 2983,AIC,AI,1234567,2026-03-29,2026-10-24,08:50,raw_time_basis_unknown,ai-s26-b97d42c966fb30,current,confirmed_exact_designator
sha256=107983dc72d381e6897a5a333556946adcc98daef82e954d52cec1fc402c3086|page=16|physical_row=0049|station_section=5:Jamnagar|printed_row=3,107983dc72d381e6897a5a333556946adcc98daef82e954d52cec1fc402c3086,16,49,5,Jamnagar,3,p16-r3-n0883,p16-r3-n0883-arrival,arrival,BOM,JGA,AI 647,AIC,AI,1234567,2026-03-29,2026-10-24,12:25,raw_time_basis_unknown,ai-s26-e0d489e5b21ac7,current,confirmed_exact_designator
sha256=107983dc72d381e6897a5a333556946adcc98daef82e954d52cec1fc402c3086|page=16|physical_row=0050|station_section=5:Jamnagar|printed_row=4,107983dc72d381e6897a5a333556946adcc98daef82e954d52cec1fc402c3086,16,50,5,Jamnagar,4,p16-r4-n0884,p16-r4-n0884-departure,departure,JGA,BOM,AI 648,AIC,AI,1234567,2026-03-29,2026-10-24,13:10,raw_time_basis_unknown,ai-s26-eba592eba75f37,current,confirmed_exact_designator
sha256=107983dc72d381e6897a5a333556946adcc98daef82e954d52cec1fc402c3086|page=16|physical_row=0051|station_section=6:Jodhpur|printed_row=1,107983dc72d381e6897a5a333556946adcc98daef82e954d52cec1fc402c3086,16,51,6,Jodhpur,1,p16-r1-n0885,p16-r1-n0885-arrival,arrival,BOM,JDH,AI 645,AIC,AI,6,2026-05-09,2026-05-09,12:45,raw_time_basis_unknown,ai-s26-f89249cb6631de,expired,expired_not_compared_to_baseline
sha256=107983dc72d381e6897a5a333556946adcc98daef82e954d52cec1fc402c3086|page=16|physical_row=0052|station_section=6:Jodhpur|printed_row=2,107983dc72d381e6897a5a333556946adcc98daef82e954d52cec1fc402c3086,16,52,6,Jodhpur,2,p16-r2-n0886,p16-r2-n0886-arrival,arrival,BOM,JDH,AI 645,AIC,AI,6,2026-05-23,2026-05-23,12:45,raw_time_basis_unknown,ai-s26-e5a737c36e82e5,expired,expired_not_compared_to_baseline
sha256=107983dc72d381e6897a5a333556946adcc98daef82e954d52cec1fc402c3086|page=16|physical_row=0053|station_section=6:Jodhpur|printed_row=3,107983dc72d381e6897a5a333556946adcc98daef82e954d52cec1fc402c3086,16,53,6,Jodhpur,3,p16-r3-n0887,p16-r3-n0887-arrival,arrival,BOM,JDH,AI 645,AIC,AI,6,2026-06-13,2026-06-13,12:45,raw_time_basis_unknown,ai-s26-53658a546ec41b,expired,expired_not_compared_to_baseline
sha256=107983dc72d381e6897a5a333556946adcc98daef82e954d52cec1fc402c3086|page=17|physical_row=0001|station_section=1:Jodhpur|printed_row=4,107983dc72d381e6897a5a333556946adcc98daef82e954d52cec1fc402c3086,17,1,1,Jodhpur,4,p17-r4-n0888,p17-r4-n0888-arrival,arrival,BOM,JDH,AI 645,AIC,AI,6,2026-06-27,2026-06-27,12:45,raw_time_basis_unknown,ai-s26-e81492f5e72133,expired,expired_not_compared_to_baseline
sha256=107983dc72d381e6897a5a333556946adcc98daef82e954d52cec1fc402c3086|page=17|physical_row=0002|station_section=1:Jodhpur|printed_row=5,107983dc72d381e6897a5a333556946adcc98daef82e954d52cec1fc402c3086,17,2,1,Jodhpur,5,p17-r5-n0889,p17-r5-n0889-arrival,arrival,BOM,JDH,AI 645,AIC,AI,6,2026-07-11,2026-07-11,12:45,raw_time_basis_unknown,ai-s26-d2b9ffbcf8bbe2,expired,expired_not_compared_to_baseline
sha256=107983dc72d381e6897a5a333556946adcc98daef82e954d52cec1fc402c3086|page=17|physical_row=0003|station_section=1:Jodhpur|printed_row=6,107983dc72d381e6897a5a333556946adcc98daef82e954d52cec1fc402c3086,17,3,1,Jodhpur,6,p17-r6-n0890,p17-r6-n0890-arrival,arrival,BOM,JDH,AI 645,AIC,AI,6,2026-07-25,2026-07-25,12:45,raw_time_basis_unknown,ai-s26-f6872f16c85575,expired,expired_not_compared_to_baseline
sha256=107983dc72d381e6897a5a333556946adcc98daef82e954d52cec1fc402c3086|page=17|physical_row=0004|station_section=1:Jodhpur|printed_row=7,107983dc72d381e6897a5a333556946adcc98daef82e954d52cec1fc402c3086,17,4,1,Jodhpur,7,p17-r7-n0891,p17-r7-n0891-arrival,arrival,BOM,JDH,AI 645,AIC,AI,6,2026-08-08,2026-08-08,12:45,raw_time_basis_unknown,ai-s26-0670018a993c84,expired,expired_not_compared_to_baseline
sha256=107983dc72d381e6897a5a333556946adcc98daef82e954d52cec1fc402c3086|page=17|physical_row=0005|station_section=1:Jodhpur|printed_row=8,107983dc72d381e6897a5a333556946adcc98daef82e954d52cec1fc402c3086,17,5,1,Jodhpur,8,p17-r8-n0892,p17-r8-n0892-arrival,arrival,BOM,JDH,AI 645,AIC,AI,6,2026-08-22,2026-08-22,12:45,raw_time_basis_unknown,ai-s26-7a126af03a7829,expired,expired_not_compared_to_baseline
sha256=107983dc72d381e6897a5a333556946adcc98daef82e954d52cec1fc402c3086|page=17|physical_row=0006|station_section=1:Jodhpur|printed_row=9,107983dc72d381e6897a5a333556946adcc98daef82e954d52cec1fc402c3086,17,6,1,Jodhpur,9,p17-r9-n0893,p17-r9-n0893-arrival,arrival,BOM,JDH,AI 645,AIC,AI,6,2026-09-12,2026-09-12,12:45,raw_time_basis_unknown,ai-s26-a2c139f838b690,expired,expired_not_compared_to_baseline
sha256=107983dc72d381e6897a5a333556946adcc98daef82e954d52cec1fc402c3086|page=17|physical_row=0007|station_section=1:Jodhpur|printed_row=10,107983dc72d381e6897a5a333556946adcc98daef82e954d52cec1fc402c3086,17,7,1,Jodhpur,10,p17-r10-n0894,p17-r10-n0894-arrival,arrival,BOM,JDH,AI 645,AIC,AI,6,2026-09-26,2026-09-26,12:45,raw_time_basis_unknown,ai-s26-e3db7cf7abafa2,expired,expired_not_compared_to_baseline
sha256=107983dc72d381e6897a5a333556946adcc98daef82e954d52cec1fc402c3086|page=17|physical_row=0008|station_section=1:Jodhpur|printed_row=11,107983dc72d381e6897a5a333556946adcc98daef82e954d52cec1fc402c3086,17,8,1,Jodhpur,11,p17-r11-n0895,p17-r11-n0895-arrival,arrival,BOM,JDH,AI 645,AIC,AI,6,2026-10-10,2026-10-10,12:45,raw_time_basis_unknown,ai-s26-e47ee36db12cb5,future,confirmed_exact_designator
sha256=107983dc72d381e6897a5a333556946adcc98daef82e954d52cec1fc402c3086|page=17|physical_row=0009|station_section=1:Jodhpur|printed_row=12,107983dc72d381e6897a5a333556946adcc98daef82e954d52cec1fc402c3086,17,9,1,Jodhpur,12,p17-r12-n0896,p17-r12-n0896-arrival,arrival,BOM,JDH,AI 645,AIC,AI,6,2026-10-24,2026-10-24,12:45,raw_time_basis_unknown,ai-s26-a568a1b232899f,future,confirmed_exact_designator
sha256=107983dc72d381e6897a5a333556946adcc98daef82e954d52cec1fc402c3086|page=17|physical_row=0010|station_section=1:Jodhpur|printed_row=13,107983dc72d381e6897a5a333556946adcc98daef82e954d52cec1fc402c3086,17,10,1,Jodhpur,13,p17-r13-n0897,p17-r13-n0897-arrival,arrival,BOM,JDH,AI 645,AIC,AI,1234567,2026-04-28,2026-05-08,12:45,raw_time_basis_unknown,ai-s26-cdbf2bb7d6f5f2,expired,expired_not_compared_to_baseline
sha256=107983dc72d381e6897a5a333556946adcc98daef82e954d52cec1fc402c3086|page=17|physical_row=0011|station_section=1:Jodhpur|printed_row=14,107983dc72d381e6897a5a333556946adcc98daef82e954d52cec1fc402c3086,17,11,1,Jodhpur,14,p17-r14-n0898,p17-r14-n0898-arrival,arrival,BOM,JDH,AI 645,AIC,AI,1234567,2026-05-10,2026-05-22,12:45,raw_time_basis_unknown,ai-s26-5caee2a7410c29,expired,expired_not_compared_to_baseline
sha256=107983dc72d381e6897a5a333556946adcc98daef82e954d52cec1fc402c3086|page=17|physical_row=0012|station_section=1:Jodhpur|printed_row=15,107983dc72d381e6897a5a333556946adcc98daef82e954d52cec1fc402c3086,17,12,1,Jodhpur,15,p17-r15-n0899,p17-r15-n0899-arrival,arrival,BOM,JDH,AI 645,AIC,AI,1234567,2026-05-24,2026-06-12,12:45,raw_time_basis_unknown,ai-s26-58195774cd60cc,expired,expired_not_compared_to_baseline
sha256=107983dc72d381e6897a5a333556946adcc98daef82e954d52cec1fc402c3086|page=17|physical_row=0013|station_section=1:Jodhpur|printed_row=16,107983dc72d381e6897a5a333556946adcc98daef82e954d52cec1fc402c3086,17,13,1,Jodhpur,16,p17-r16-n0900,p17-r16-n0900-arrival,arrival,BOM,JDH,AI 645,AIC,AI,1234567,2026-06-14,2026-06-26,12:45,raw_time_basis_unknown,ai-s26-0d8657a306a671,expired,expired_not_compared_to_baseline
sha256=107983dc72d381e6897a5a333556946adcc98daef82e954d52cec1fc402c3086|page=17|physical_row=0014|station_section=1:Jodhpur|printed_row=17,107983dc72d381e6897a5a333556946adcc98daef82e954d52cec1fc402c3086,17,14,1,Jodhpur,17,p17-r17-n0901,p17-r17-n0901-arrival,arrival,BOM,JDH,AI 645,AIC,AI,1234567,2026-06-28,2026-07-10,12:45,raw_time_basis_unknown,ai-s26-d8f7622f7508c3,expired,expired_not_compared_to_baseline
sha256=107983dc72d381e6897a5a333556946adcc98daef82e954d52cec1fc402c3086|page=17|physical_row=0015|station_section=1:Jodhpur|printed_row=18,107983dc72d381e6897a5a333556946adcc98daef82e954d52cec1fc402c3086,17,15,1,Jodhpur,18,p17-r18-n0902,p17-r18-n0902-arrival,arrival,BOM,JDH,AI 645,AIC,AI,1234567,2026-07-12,2026-07-24,12:45,raw_time_basis_unknown,ai-s26-c05937cec0b72b,expired,expired_not_compared_to_baseline
sha256=107983dc72d381e6897a5a333556946adcc98daef82e954d52cec1fc402c3086|page=17|physical_row=0016|station_section=1:Jodhpur|printed_row=19,107983dc72d381e6897a5a333556946adcc98daef82e954d52cec1fc402c3086,17,16,1,Jodhpur,19,p17-r19-n0903,p17-r19-n0903-arrival,arrival,BOM,JDH,AI 645,AIC,AI,1234567,2026-07-26,2026-08-07,12:45,raw_time_basis_unknown,ai-s26-8a2294e39405aa,expired,expired_not_compared_to_baseline
sha256=107983dc72d381e6897a5a333556946adcc98daef82e954d52cec1fc402c3086|page=17|physical_row=0017|station_section=1:Jodhpur|printed_row=20,107983dc72d381e6897a5a333556946adcc98daef82e954d52cec1fc402c3086,17,17,1,Jodhpur,20,p17-r20-n0904,p17-r20-n0904-arrival,arrival,BOM,JDH,AI 645,AIC,AI,1234567,2026-08-09,2026-08-21,12:45,raw_time_basis_unknown,ai-s26-a86ef9726e8c52,expired,expired_not_compared_to_baseline
sha256=107983dc72d381e6897a5a333556946adcc98daef82e954d52cec1fc402c3086|page=17|physical_row=0018|station_section=1:Jodhpur|printed_row=21,107983dc72d381e6897a5a333556946adcc98daef82e954d52cec1fc402c3086,17,18,1,Jodhpur,21,p17-r21-n0905,p17-r21-n0905-arrival,arrival,BOM,JDH,AI 645,AIC,AI,1234567,2026-08-23,2026-09-11,12:45,raw_time_basis_unknown,ai-s26-f6d31b4591bdeb,expired,expired_not_compared_to_baseline
sha256=107983dc72d381e6897a5a333556946adcc98daef82e954d52cec1fc402c3086|page=17|physical_row=0019|station_section=1:Jodhpur|printed_row=22,107983dc72d381e6897a5a333556946adcc98daef82e954d52cec1fc402c3086,17,19,1,Jodhpur,22,p17-r22-n0906,p17-r22-n0906-arrival,arrival,BOM,JDH,AI 645,AIC,AI,1234567,2026-09-13,2026-09-25,12:45,raw_time_basis_unknown,ai-s26-80b6694f1c39cf,expired,expired_not_compared_to_baseline
sha256=107983dc72d381e6897a5a333556946adcc98daef82e954d52cec1fc402c3086|page=17|physical_row=0020|station_section=1:Jodhpur|printed_row=23,107983dc72d381e6897a5a333556946adcc98daef82e954d52cec1fc402c3086,17,20,1,Jodhpur,23,p17-r23-n0907,p17-r23-n0907-arrival,arrival,BOM,JDH,AI 645,AIC,AI,1234567,2026-09-27,2026-10-09,12:45,raw_time_basis_unknown,ai-s26-031236037bdcf7,current,confirmed_exact_designator
sha256=107983dc72d381e6897a5a333556946adcc98daef82e954d52cec1fc402c3086|page=17|physical_row=0021|station_section=1:Jodhpur|printed_row=24,107983dc72d381e6897a5a333556946adcc98daef82e954d52cec1fc402c3086,17,21,1,Jodhpur,24,p17-r24-n0908,p17-r24-n0908-arrival,arrival,BOM,JDH,AI 645,AIC,AI,1234567,2026-10-11,2026-10-23,12:45,raw_time_basis_unknown,ai-s26-3d8fe252bfa044,future,confirmed_exact_designator
sha256=107983dc72d381e6897a5a333556946adcc98daef82e954d52cec1fc402c3086|page=17|physical_row=0022|station_section=1:Jodhpur|printed_row=25,107983dc72d381e6897a5a333556946adcc98daef82e954d52cec1fc402c3086,17,22,1,Jodhpur,25,p17-r25-n0909,p17-r25-n0909-departure,departure,JDH,BOM,AI 646,AIC,AI,6,2026-05-09,2026-05-09,13:25,raw_time_basis_unknown,ai-s26-d0ce6d822dc092,expired,expired_not_compared_to_baseline
sha256=107983dc72d381e6897a5a333556946adcc98daef82e954d52cec1fc402c3086|page=17|physical_row=0023|station_section=1:Jodhpur|printed_row=26,107983dc72d381e6897a5a333556946adcc98daef82e954d52cec1fc402c3086,17,23,1,Jodhpur,26,p17-r26-n0910,p17-r26-n0910-departure,departure,JDH,BOM,AI 646,AIC,AI,6,2026-05-23,2026-05-23,13:25,raw_time_basis_unknown,ai-s26-9ff35f5a6521dd,expired,expired_not_compared_to_baseline
sha256=107983dc72d381e6897a5a333556946adcc98daef82e954d52cec1fc402c3086|page=17|physical_row=0024|station_section=1:Jodhpur|printed_row=27,107983dc72d381e6897a5a333556946adcc98daef82e954d52cec1fc402c3086,17,24,1,Jodhpur,27,p17-r27-n0911,p17-r27-n0911-departure,departure,JDH,BOM,AI 646,AIC,AI,6,2026-06-13,2026-06-13,13:25,raw_time_basis_unknown,ai-s26-d3f11dadf5d4cf,expired,expired_not_compared_to_baseline
sha256=107983dc72d381e6897a5a333556946adcc98daef82e954d52cec1fc402c3086|page=17|physical_row=0025|station_section=1:Jodhpur|printed_row=28,107983dc72d381e6897a5a333556946adcc98daef82e954d52cec1fc402c3086,17,25,1,Jodhpur,28,p17-r28-n0912,p17-r28-n0912-departure,departure,JDH,BOM,AI 646,AIC,AI,6,2026-06-27,2026-06-27,13:25,raw_time_basis_unknown,ai-s26-23032d3a5b8490,expired,expired_not_compared_to_baseline
sha256=107983dc72d381e6897a5a333556946adcc98daef82e954d52cec1fc402c3086|page=17|physical_row=0026|station_section=1:Jodhpur|printed_row=29,107983dc72d381e6897a5a333556946adcc98daef82e954d52cec1fc402c3086,17,26,1,Jodhpur,29,p17-r29-n0913,p17-r29-n0913-departure,departure,JDH,BOM,AI 646,AIC,AI,6,2026-07-11,2026-07-11,13:25,raw_time_basis_unknown,ai-s26-1e243d6a35f912,expired,expired_not_compared_to_baseline
sha256=107983dc72d381e6897a5a333556946adcc98daef82e954d52cec1fc402c3086|page=17|physical_row=0027|station_section=1:Jodhpur|printed_row=30,107983dc72d381e6897a5a333556946adcc98daef82e954d52cec1fc402c3086,17,27,1,Jodhpur,30,p17-r30-n0914,p17-r30-n0914-departure,departure,JDH,BOM,AI 646,AIC,AI,6,2026-07-25,2026-07-25,13:25,raw_time_basis_unknown,ai-s26-5431c35cfb08a9,expired,expired_not_compared_to_baseline
sha256=107983dc72d381e6897a5a333556946adcc98daef82e954d52cec1fc402c3086|page=17|physical_row=0028|station_section=1:Jodhpur|printed_row=31,107983dc72d381e6897a5a333556946adcc98daef82e954d52cec1fc402c3086,17,28,1,Jodhpur,31,p17-r31-n0915,p17-r31-n0915-departure,departure,JDH,BOM,AI 646,AIC,AI,6,2026-08-08,2026-08-08,13:25,raw_time_basis_unknown,ai-s26-9350ad650f37c9,expired,expired_not_compared_to_baseline
sha256=107983dc72d381e6897a5a333556946adcc98daef82e954d52cec1fc402c3086|page=17|physical_row=0029|station_section=1:Jodhpur|printed_row=32,107983dc72d381e6897a5a333556946adcc98daef82e954d52cec1fc402c3086,17,29,1,Jodhpur,32,p17-r32-n0916,p17-r32-n0916-departure,departure,JDH,BOM,AI 646,AIC,AI,6,2026-08-22,2026-08-22,13:25,raw_time_basis_unknown,ai-s26-46ce631e68bd16,expired,expired_not_compared_to_baseline
sha256=107983dc72d381e6897a5a333556946adcc98daef82e954d52cec1fc402c3086|page=17|physical_row=0030|station_section=1:Jodhpur|printed_row=33,107983dc72d381e6897a5a333556946adcc98daef82e954d52cec1fc402c3086,17,30,1,Jodhpur,33,p17-r33-n0917,p17-r33-n0917-departure,departure,JDH,BOM,AI 646,AIC,AI,6,2026-09-12,2026-09-12,13:25,raw_time_basis_unknown,ai-s26-252eedef7dc697,expired,expired_not_compared_to_baseline
sha256=107983dc72d381e6897a5a333556946adcc98daef82e954d52cec1fc402c3086|page=17|physical_row=0031|station_section=1:Jodhpur|printed_row=34,107983dc72d381e6897a5a333556946adcc98daef82e954d52cec1fc402c3086,17,31,1,Jodhpur,34,p17-r34-n0918,p17-r34-n0918-departure,departure,JDH,BOM,AI 646,AIC,AI,6,2026-09-26,2026-09-26,13:25,raw_time_basis_unknown,ai-s26-d3a79344cc022c,expired,expired_not_compared_to_baseline
sha256=107983dc72d381e6897a5a333556946adcc98daef82e954d52cec1fc402c3086|page=17|physical_row=0032|station_section=1:Jodhpur|printed_row=35,107983dc72d381e6897a5a333556946adcc98daef82e954d52cec1fc402c3086,17,32,1,Jodhpur,35,p17-r35-n0919,p17-r35-n0919-departure,departure,JDH,BOM,AI 646,AIC,AI,6,2026-10-10,2026-10-10,13:25,raw_time_basis_unknown,ai-s26-2e4cec1d26d789,future,confirmed_exact_designator
sha256=107983dc72d381e6897a5a333556946adcc98daef82e954d52cec1fc402c3086|page=17|physical_row=0033|station_section=1:Jodhpur|printed_row=36,107983dc72d381e6897a5a333556946adcc98daef82e954d52cec1fc402c3086,17,33,1,Jodhpur,36,p17-r36-n0920,p17-r36-n0920-departure,departure,JDH,BOM,AI 646,AIC,AI,6,2026-10-24,2026-10-24,13:25,raw_time_basis_unknown,ai-s26-937e862ba6125e,future,confirmed_exact_designator
sha256=107983dc72d381e6897a5a333556946adcc98daef82e954d52cec1fc402c3086|page=17|physical_row=0034|station_section=1:Jodhpur|printed_row=37,107983dc72d381e6897a5a333556946adcc98daef82e954d52cec1fc402c3086,17,34,1,Jodhpur,37,p17-r37-n0921,p17-r37-n0921-departure,departure,JDH,BOM,AI 646,AIC,AI,1234567,2026-04-28,2026-05-08,13:25,raw_time_basis_unknown,ai-s26-9ed319044fec23,expired,expired_not_compared_to_baseline
sha256=107983dc72d381e6897a5a333556946adcc98daef82e954d52cec1fc402c3086|page=17|physical_row=0035|station_section=1:Jodhpur|printed_row=38,107983dc72d381e6897a5a333556946adcc98daef82e954d52cec1fc402c3086,17,35,1,Jodhpur,38,p17-r38-n0922,p17-r38-n0922-departure,departure,JDH,BOM,AI 646,AIC,AI,1234567,2026-05-10,2026-05-22,13:25,raw_time_basis_unknown,ai-s26-08e1b70865745c,expired,expired_not_compared_to_baseline
sha256=107983dc72d381e6897a5a333556946adcc98daef82e954d52cec1fc402c3086|page=17|physical_row=0036|station_section=1:Jodhpur|printed_row=39,107983dc72d381e6897a5a333556946adcc98daef82e954d52cec1fc402c3086,17,36,1,Jodhpur,39,p17-r39-n0923,p17-r39-n0923-departure,departure,JDH,BOM,AI 646,AIC,AI,1234567,2026-05-24,2026-06-12,13:25,raw_time_basis_unknown,ai-s26-fdfce8a281eb49,expired,expired_not_compared_to_baseline
sha256=107983dc72d381e6897a5a333556946adcc98daef82e954d52cec1fc402c3086|page=17|physical_row=0037|station_section=1:Jodhpur|printed_row=40,107983dc72d381e6897a5a333556946adcc98daef82e954d52cec1fc402c3086,17,37,1,Jodhpur,40,p17-r40-n0924,p17-r40-n0924-departure,departure,JDH,BOM,AI 646,AIC,AI,1234567,2026-06-14,2026-06-26,13:25,raw_time_basis_unknown,ai-s26-2d3fa61ba26d12,expired,expired_not_compared_to_baseline
sha256=107983dc72d381e6897a5a333556946adcc98daef82e954d52cec1fc402c3086|page=17|physical_row=0038|station_section=1:Jodhpur|printed_row=41,107983dc72d381e6897a5a333556946adcc98daef82e954d52cec1fc402c3086,17,38,1,Jodhpur,41,p17-r41-n0925,p17-r41-n0925-departure,departure,JDH,BOM,AI 646,AIC,AI,1234567,2026-06-28,2026-07-10,13:25,raw_time_basis_unknown,ai-s26-1282245f8605fa,expired,expired_not_compared_to_baseline
sha256=107983dc72d381e6897a5a333556946adcc98daef82e954d52cec1fc402c3086|page=17|physical_row=0039|station_section=1:Jodhpur|printed_row=42,107983dc72d381e6897a5a333556946adcc98daef82e954d52cec1fc402c3086,17,39,1,Jodhpur,42,p17-r42-n0926,p17-r42-n0926-departure,departure,JDH,BOM,AI 646,AIC,AI,1234567,2026-07-12,2026-07-24,13:25,raw_time_basis_unknown,ai-s26-49dbb2f62a68be,expired,expired_not_compared_to_baseline
sha256=107983dc72d381e6897a5a333556946adcc98daef82e954d52cec1fc402c3086|page=17|physical_row=0040|station_section=1:Jodhpur|printed_row=43,107983dc72d381e6897a5a333556946adcc98daef82e954d52cec1fc402c3086,17,40,1,Jodhpur,43,p17-r43-n0927,p17-r43-n0927-departure,departure,JDH,BOM,AI 646,AIC,AI,1234567,2026-07-26,2026-08-07,13:25,raw_time_basis_unknown,ai-s26-aca3ccaa2c7dd3,expired,expired_not_compared_to_baseline
sha256=107983dc72d381e6897a5a333556946adcc98daef82e954d52cec1fc402c3086|page=17|physical_row=0041|station_section=1:Jodhpur|printed_row=44,107983dc72d381e6897a5a333556946adcc98daef82e954d52cec1fc402c3086,17,41,1,Jodhpur,44,p17-r44-n0928,p17-r44-n0928-departure,departure,JDH,BOM,AI 646,AIC,AI,1234567,2026-08-09,2026-08-21,13:25,raw_time_basis_unknown,ai-s26-7eb2d83c87d5d4,expired,expired_not_compared_to_baseline
sha256=107983dc72d381e6897a5a333556946adcc98daef82e954d52cec1fc402c3086|page=17|physical_row=0042|station_section=1:Jodhpur|printed_row=45,107983dc72d381e6897a5a333556946adcc98daef82e954d52cec1fc402c3086,17,42,1,Jodhpur,45,p17-r45-n0929,p17-r45-n0929-departure,departure,JDH,BOM,AI 646,AIC,AI,1234567,2026-08-23,2026-09-11,13:25,raw_time_basis_unknown,ai-s26-e85adae5479ef7,expired,expired_not_compared_to_baseline
sha256=107983dc72d381e6897a5a333556946adcc98daef82e954d52cec1fc402c3086|page=17|physical_row=0043|station_section=1:Jodhpur|printed_row=46,107983dc72d381e6897a5a333556946adcc98daef82e954d52cec1fc402c3086,17,43,1,Jodhpur,46,p17-r46-n0930,p17-r46-n0930-departure,departure,JDH,BOM,AI 646,AIC,AI,1234567,2026-09-13,2026-09-25,13:25,raw_time_basis_unknown,ai-s26-ca9ad7f2313c81,expired,expired_not_compared_to_baseline
sha256=107983dc72d381e6897a5a333556946adcc98daef82e954d52cec1fc402c3086|page=17|physical_row=0044|station_section=1:Jodhpur|printed_row=47,107983dc72d381e6897a5a333556946adcc98daef82e954d52cec1fc402c3086,17,44,1,Jodhpur,47,p17-r47-n0931,p17-r47-n0931-departure,departure,JDH,BOM,AI 646,AIC,AI,1234567,2026-09-27,2026-10-09,13:25,raw_time_basis_unknown,ai-s26-a872bb9b7d53bb,current,confirmed_exact_designator
sha256=107983dc72d381e6897a5a333556946adcc98daef82e954d52cec1fc402c3086|page=17|physical_row=0045|station_section=1:Jodhpur|printed_row=48,107983dc72d381e6897a5a333556946adcc98daef82e954d52cec1fc402c3086,17,45,1,Jodhpur,48,p17-r48-n0932,p17-r48-n0932-departure,departure,JDH,BOM,AI 646,AIC,AI,1234567,2026-10-11,2026-10-23,13:25,raw_time_basis_unknown,ai-s26-76b6fe80c76c92,future,confirmed_exact_designator
sha256=107983dc72d381e6897a5a333556946adcc98daef82e954d52cec1fc402c3086|page=17|physical_row=0046|station_section=1:Jodhpur|printed_row=49,107983dc72d381e6897a5a333556946adcc98daef82e954d52cec1fc402c3086,17,46,1,Jodhpur,49,p17-r49-n0933,p17-r49-n0933-arrival,arrival,DEL,JDH,AI 1759,AIC,AI,6,2026-05-02,2026-05-02,15:05,raw_time_basis_unknown,ai-s26-ca8fac87031248,expired,expired_not_compared_to_baseline
sha256=107983dc72d381e6897a5a333556946adcc98daef82e954d52cec1fc402c3086|page=17|physical_row=0047|station_section=1:Jodhpur|printed_row=50,107983dc72d381e6897a5a333556946adcc98daef82e954d52cec1fc402c3086,17,47,1,Jodhpur,50,p17-r50-n0934,p17-r50-n0934-arrival,arrival,DEL,JDH,AI 1759,AIC,AI,6,2026-05-16,2026-05-16,15:05,raw_time_basis_unknown,ai-s26-b9f7387d420fe5,expired,expired_not_compared_to_baseline
sha256=107983dc72d381e6897a5a333556946adcc98daef82e954d52cec1fc402c3086|page=17|physical_row=0048|station_section=1:Jodhpur|printed_row=51,107983dc72d381e6897a5a333556946adcc98daef82e954d52cec1fc402c3086,17,48,1,Jodhpur,51,p17-r51-n0935,p17-r51-n0935-arrival,arrival,DEL,JDH,AI 1759,AIC,AI,6,2026-05-30,2026-06-06,15:05,raw_time_basis_unknown,ai-s26-6311cc21d29415,expired,expired_not_compared_to_baseline
sha256=107983dc72d381e6897a5a333556946adcc98daef82e954d52cec1fc402c3086|page=17|physical_row=0049|station_section=1:Jodhpur|printed_row=52,107983dc72d381e6897a5a333556946adcc98daef82e954d52cec1fc402c3086,17,49,1,Jodhpur,52,p17-r52-n0936,p17-r52-n0936-arrival,arrival,DEL,JDH,AI 1759,AIC,AI,6,2026-06-20,2026-06-20,15:05,raw_time_basis_unknown,ai-s26-0a5102272897ec,expired,expired_not_compared_to_baseline
sha256=107983dc72d381e6897a5a333556946adcc98daef82e954d52cec1fc402c3086|page=17|physical_row=0050|station_section=1:Jodhpur|printed_row=53,107983dc72d381e6897a5a333556946adcc98daef82e954d52cec1fc402c3086,17,50,1,Jodhpur,53,p17-r53-n0937,p17-r53-n0937-arrival,arrival,DEL,JDH,AI 1759,AIC,AI,6,2026-07-04,2026-07-04,15:05,raw_time_basis_unknown,ai-s26-780cadb0d0b695,expired,expired_not_compared_to_baseline
sha256=107983dc72d381e6897a5a333556946adcc98daef82e954d52cec1fc402c3086|page=17|physical_row=0051|station_section=1:Jodhpur|printed_row=54,107983dc72d381e6897a5a333556946adcc98daef82e954d52cec1fc402c3086,17,51,1,Jodhpur,54,p17-r54-n0938,p17-r54-n0938-arrival,arrival,DEL,JDH,AI 1759,AIC,AI,6,2026-07-18,2026-07-18,15:05,raw_time_basis_unknown,ai-s26-ea88c533c78995,expired,expired_not_compared_to_baseline
sha256=107983dc72d381e6897a5a333556946adcc98daef82e954d52cec1fc402c3086|page=17|physical_row=0052|station_section=1:Jodhpur|printed_row=55,107983dc72d381e6897a5a333556946adcc98daef82e954d52cec1fc402c3086,17,52,1,Jodhpur,55,p17-r55-n0939,p17-r55-n0939-arrival,arrival,DEL,JDH,AI 1759,AIC,AI,6,2026-08-01,2026-08-01,15:05,raw_time_basis_unknown,ai-s26-d3c6893ae125cc,expired,expired_not_compared_to_baseline
sha256=107983dc72d381e6897a5a333556946adcc98daef82e954d52cec1fc402c3086|page=17|physical_row=0053|station_section=1:Jodhpur|printed_row=56,107983dc72d381e6897a5a333556946adcc98daef82e954d52cec1fc402c3086,17,53,1,Jodhpur,56,p17-r56-n0940,p17-r56-n0940-arrival,arrival,DEL,JDH,AI 1759,AIC,AI,6,2026-08-15,2026-08-15,15:05,raw_time_basis_unknown,ai-s26-cbca7d8e209a5f,expired,expired_not_compared_to_baseline
sha256=107983dc72d381e6897a5a333556946adcc98daef82e954d52cec1fc402c3086|page=17|physical_row=0054|station_section=1:Jodhpur|printed_row=57,107983dc72d381e6897a5a333556946adcc98daef82e954d52cec1fc402c3086,17,54,1,Jodhpur,57,p17-r57-n0941,p17-r57-n0941-arrival,arrival,DEL,JDH,AI 1759,AIC,AI,6,2026-08-29,2026-09-05,15:05,raw_time_basis_unknown,ai-s26-14b489e6a0e49b,expired,expired_not_compared_to_baseline
sha256=107983dc72d381e6897a5a333556946adcc98daef82e954d52cec1fc402c3086|page=17|physical_row=0055|station_section=1:Jodhpur|printed_row=58,107983dc72d381e6897a5a333556946adcc98daef82e954d52cec1fc402c3086,17,55,1,Jodhpur,58,p17-r58-n0942,p17-r58-n0942-arrival,arrival,DEL,JDH,AI 1759,AIC,AI,6,2026-09-19,2026-09-19,15:05,raw_time_basis_unknown,ai-s26-dcb62b9e45de5e,expired,expired_not_compared_to_baseline
sha256=107983dc72d381e6897a5a333556946adcc98daef82e954d52cec1fc402c3086|page=17|physical_row=0056|station_section=1:Jodhpur|printed_row=59,107983dc72d381e6897a5a333556946adcc98daef82e954d52cec1fc402c3086,17,56,1,Jodhpur,59,p17-r59-n0943,p17-r59-n0943-arrival,arrival,DEL,JDH,AI 1759,AIC,AI,6,2026-10-03,2026-10-03,15:05,raw_time_basis_unknown,ai-s26-285cac99de8702,expired,expired_not_compared_to_baseline
sha256=107983dc72d381e6897a5a333556946adcc98daef82e954d52cec1fc402c3086|page=17|physical_row=0057|station_section=1:Jodhpur|printed_row=60,107983dc72d381e6897a5a333556946adcc98daef82e954d52cec1fc402c3086,17,57,1,Jodhpur,60,p17-r60-n0944,p17-r60-n0944-arrival,arrival,DEL,JDH,AI 1759,AIC,AI,6,2026-10-17,2026-10-17,15:05,raw_time_basis_unknown,ai-s26-e0d2a13a939f2e,future,confirmed_exact_designator
sha256=107983dc72d381e6897a5a333556946adcc98daef82e954d52cec1fc402c3086|page=17|physical_row=0058|station_section=1:Jodhpur|printed_row=61,107983dc72d381e6897a5a333556946adcc98daef82e954d52cec1fc402c3086,17,58,1,Jodhpur,61,p17-r61-n0945,p17-r61-n0945-arrival,arrival,DEL,JDH,AI 1759,AIC,AI,123457,2026-04-28,2026-10-23,15:05,raw_time_basis_unknown,ai-s26-18adb83c98e612,current,confirmed_exact_designator
sha256=107983dc72d381e6897a5a333556946adcc98daef82e954d52cec1fc402c3086|page=18|physical_row=0001|station_section=1:Jodhpur|printed_row=62,107983dc72d381e6897a5a333556946adcc98daef82e954d52cec1fc402c3086,18,1,1,Jodhpur,62,p18-r62-n0946,p18-r62-n0946-departure,departure,JDH,DEL,AI 1846,AIC,AI,6,2026-05-02,2026-05-02,15:50,raw_time_basis_unknown,ai-s26-2ce98d1dd46adf,expired,expired_not_compared_to_baseline
sha256=107983dc72d381e6897a5a333556946adcc98daef82e954d52cec1fc402c3086|page=18|physical_row=0002|station_section=1:Jodhpur|printed_row=63,107983dc72d381e6897a5a333556946adcc98daef82e954d52cec1fc402c3086,18,2,1,Jodhpur,63,p18-r63-n0947,p18-r63-n0947-departure,departure,JDH,DEL,AI 1846,AIC,AI,6,2026-05-16,2026-05-16,15:50,raw_time_basis_unknown,ai-s26-ce566006b9eba1,expired,expired_not_compared_to_baseline
sha256=107983dc72d381e6897a5a333556946adcc98daef82e954d52cec1fc402c3086|page=18|physical_row=0003|station_section=1:Jodhpur|printed_row=64,107983dc72d381e6897a5a333556946adcc98daef82e954d52cec1fc402c3086,18,3,1,Jodhpur,64,p18-r64-n0948,p18-r64-n0948-departure,departure,JDH,DEL,AI 1846,AIC,AI,6,2026-05-30,2026-06-06,15:50,raw_time_basis_unknown,ai-s26-f19d7a66860dc8,expired,expired_not_compared_to_baseline
sha256=107983dc72d381e6897a5a333556946adcc98daef82e954d52cec1fc402c3086|page=18|physical_row=0004|station_section=1:Jodhpur|printed_row=65,107983dc72d381e6897a5a333556946adcc98daef82e954d52cec1fc402c3086,18,4,1,Jodhpur,65,p18-r65-n0949,p18-r65-n0949-departure,departure,JDH,DEL,AI 1846,AIC,AI,6,2026-06-20,2026-06-20,15:50,raw_time_basis_unknown,ai-s26-ef0d95b58c6c61,expired,expired_not_compared_to_baseline
sha256=107983dc72d381e6897a5a333556946adcc98daef82e954d52cec1fc402c3086|page=18|physical_row=0005|station_section=1:Jodhpur|printed_row=66,107983dc72d381e6897a5a333556946adcc98daef82e954d52cec1fc402c3086,18,5,1,Jodhpur,66,p18-r66-n0950,p18-r66-n0950-departure,departure,JDH,DEL,AI 1846,AIC,AI,6,2026-07-04,2026-07-04,15:50,raw_time_basis_unknown,ai-s26-1ad4cd1f2845c3,expired,expired_not_compared_to_baseline
sha256=107983dc72d381e6897a5a333556946adcc98daef82e954d52cec1fc402c3086|page=18|physical_row=0006|station_section=1:Jodhpur|printed_row=67,107983dc72d381e6897a5a333556946adcc98daef82e954d52cec1fc402c3086,18,6,1,Jodhpur,67,p18-r67-n0951,p18-r67-n0951-departure,departure,JDH,DEL,AI 1846,AIC,AI,6,2026-07-18,2026-07-18,15:50,raw_time_basis_unknown,ai-s26-0beb6b216d2338,expired,expired_not_compared_to_baseline
sha256=107983dc72d381e6897a5a333556946adcc98daef82e954d52cec1fc402c3086|page=18|physical_row=0007|station_section=1:Jodhpur|printed_row=68,107983dc72d381e6897a5a333556946adcc98daef82e954d52cec1fc402c3086,18,7,1,Jodhpur,68,p18-r68-n0952,p18-r68-n0952-departure,departure,JDH,DEL,AI 1846,AIC,AI,6,2026-08-01,2026-08-01,15:50,raw_time_basis_unknown,ai-s26-bd6a6dffb606e1,expired,expired_not_compared_to_baseline
sha256=107983dc72d381e6897a5a333556946adcc98daef82e954d52cec1fc402c3086|page=18|physical_row=0008|station_section=1:Jodhpur|printed_row=69,107983dc72d381e6897a5a333556946adcc98daef82e954d52cec1fc402c3086,18,8,1,Jodhpur,69,p18-r69-n0953,p18-r69-n0953-departure,departure,JDH,DEL,AI 1846,AIC,AI,6,2026-08-15,2026-08-15,15:50,raw_time_basis_unknown,ai-s26-e5969af98a50ac,expired,expired_not_compared_to_baseline
sha256=107983dc72d381e6897a5a333556946adcc98daef82e954d52cec1fc402c3086|page=18|physical_row=0009|station_section=1:Jodhpur|printed_row=70,107983dc72d381e6897a5a333556946adcc98daef82e954d52cec1fc402c3086,18,9,1,Jodhpur,70,p18-r70-n0954,p18-r70-n0954-departure,departure,JDH,DEL,AI 1846,AIC,AI,6,2026-08-29,2026-09-05,15:50,raw_time_basis_unknown,ai-s26-80d08e28d04755,expired,expired_not_compared_to_baseline
sha256=107983dc72d381e6897a5a333556946adcc98daef82e954d52cec1fc402c3086|page=18|physical_row=0010|station_section=1:Jodhpur|printed_row=71,107983dc72d381e6897a5a333556946adcc98daef82e954d52cec1fc402c3086,18,10,1,Jodhpur,71,p18-r71-n0955,p18-r71-n0955-departure,departure,JDH,DEL,AI 1846,AIC,AI,6,2026-09-19,2026-09-19,15:50,raw_time_basis_unknown,ai-s26-bb90e12a13ba77,expired,expired_not_compared_to_baseline
sha256=107983dc72d381e6897a5a333556946adcc98daef82e954d52cec1fc402c3086|page=18|physical_row=0011|station_section=1:Jodhpur|printed_row=72,107983dc72d381e6897a5a333556946adcc98daef82e954d52cec1fc402c3086,18,11,1,Jodhpur,72,p18-r72-n0956,p18-r72-n0956-departure,departure,JDH,DEL,AI 1846,AIC,AI,6,2026-10-03,2026-10-03,15:50,raw_time_basis_unknown,ai-s26-1348e8ecacb4e5,expired,expired_not_compared_to_baseline
sha256=107983dc72d381e6897a5a333556946adcc98daef82e954d52cec1fc402c3086|page=18|physical_row=0012|station_section=1:Jodhpur|printed_row=73,107983dc72d381e6897a5a333556946adcc98daef82e954d52cec1fc402c3086,18,12,1,Jodhpur,73,p18-r73-n0957,p18-r73-n0957-departure,departure,JDH,DEL,AI 1846,AIC,AI,6,2026-10-17,2026-10-17,15:50,raw_time_basis_unknown,ai-s26-c05fdc5e4a2cd6,future,confirmed_exact_designator
sha256=107983dc72d381e6897a5a333556946adcc98daef82e954d52cec1fc402c3086|page=18|physical_row=0013|station_section=1:Jodhpur|printed_row=74,107983dc72d381e6897a5a333556946adcc98daef82e954d52cec1fc402c3086,18,13,1,Jodhpur,74,p18-r74-n0958,p18-r74-n0958-departure,departure,JDH,DEL,AI 1846,AIC,AI,123457,2026-04-28,2026-10-23,15:50,raw_time_basis_unknown,ai-s26-27b35e65a3da67,current,confirmed_exact_designator
sha256=107983dc72d381e6897a5a333556946adcc98daef82e954d52cec1fc402c3086|page=18|physical_row=0014|station_section=2:Kochi|printed_row=1,107983dc72d381e6897a5a333556946adcc98daef82e954d52cec1fc402c3086,18,14,2,Kochi,1,p18-r1-n0959,p18-r1-n0959-arrival,arrival,DEL,COK,AI 2883,AIC,AI,1234567,2026-03-29,2026-10-24,00:15,raw_time_basis_unknown,ai-s26-72eb9a62c76b19,current,confirmed_exact_designator
sha256=107983dc72d381e6897a5a333556946adcc98daef82e954d52cec1fc402c3086|page=18|physical_row=0015|station_section=2:Kochi|printed_row=2,107983dc72d381e6897a5a333556946adcc98daef82e954d52cec1fc402c3086,18,15,2,Kochi,2,p18-r2-n0960,p18-r2-n0960-departure,departure,COK,DEL,AI 2884,AIC,AI,1234567,2026-03-29,2026-10-24,06:00,raw_time_basis_unknown,ai-s26-e1df87a8430d47,current,confirmed_exact_designator
sha256=107983dc72d381e6897a5a333556946adcc98daef82e954d52cec1fc402c3086|page=18|physical_row=0016|station_section=2:Kochi|printed_row=3,107983dc72d381e6897a5a333556946adcc98daef82e954d52cec1fc402c3086,18,16,2,Kochi,3,p18-r3-n0961,p18-r3-n0961-arrival,arrival,BOM,COK,AI 2743,AIC,AI,1234567,2026-03-29,2026-10-24,07:05,raw_time_basis_unknown,ai-s26-cf67a69d429751,current,confirmed_exact_designator
sha256=107983dc72d381e6897a5a333556946adcc98daef82e954d52cec1fc402c3086|page=18|physical_row=0017|station_section=2:Kochi|printed_row=4,107983dc72d381e6897a5a333556946adcc98daef82e954d52cec1fc402c3086,18,17,2,Kochi,4,p18-r4-n0962,p18-r4-n0962-departure,departure,COK,BOM,AI 2744,AIC,AI,1234567,2026-03-29,2026-10-24,07:50,raw_time_basis_unknown,ai-s26-0ba97f42dd546c,current,confirmed_exact_designator
sha256=107983dc72d381e6897a5a333556946adcc98daef82e954d52cec1fc402c3086|page=18|physical_row=0018|station_section=2:Kochi|printed_row=5,107983dc72d381e6897a5a333556946adcc98daef82e954d52cec1fc402c3086,18,18,2,Kochi,5,p18-r5-n0963,p18-r5-n0963-arrival,arrival,BOM,COK,AI 2787,AIC,AI,1234567,2026-03-29,2026-10-24,08:35,raw_time_basis_unknown,ai-s26-382de51d13826e,current,confirmed_exact_designator
sha256=107983dc72d381e6897a5a333556946adcc98daef82e954d52cec1fc402c3086|page=18|physical_row=0019|station_section=2:Kochi|printed_row=6,107983dc72d381e6897a5a333556946adcc98daef82e954d52cec1fc402c3086,18,19,2,Kochi,6,p18-r6-n0964,p18-r6-n0964-departure,departure,COK,BOM,AI 2788,AIC,AI,1234567,2026-03-29,2026-10-24,10:00,raw_time_basis_unknown,ai-s26-6718b263e9d4bc,current,confirmed_exact_designator
sha256=107983dc72d381e6897a5a333556946adcc98daef82e954d52cec1fc402c3086|page=18|physical_row=0020|station_section=2:Kochi|printed_row=7,107983dc72d381e6897a5a333556946adcc98daef82e954d52cec1fc402c3086,18,20,2,Kochi,7,p18-r7-n0965,p18-r7-n0965-arrival,arrival,DEL,COK,AI 1715,AIC,AI,1234567,2026-03-29,2026-10-24,10:35,raw_time_basis_unknown,ai-s26-35d9dc647dcbd9,current,confirmed_exact_designator
sha256=107983dc72d381e6897a5a333556946adcc98daef82e954d52cec1fc402c3086|page=18|physical_row=0021|station_section=2:Kochi|printed_row=8,107983dc72d381e6897a5a333556946adcc98daef82e954d52cec1fc402c3086,18,21,2,Kochi,8,p18-r8-n0966,p18-r8-n0966-departure,departure,COK,DEL,AI 1816,AIC,AI,1234567,2026-03-29,2026-10-24,11:15,raw_time_basis_unknown,ai-s26-e0d328fb2a0568,current,confirmed_exact_designator
sha256=107983dc72d381e6897a5a333556946adcc98daef82e954d52cec1fc402c3086|page=18|physical_row=0022|station_section=2:Kochi|printed_row=9,107983dc72d381e6897a5a333556946adcc98daef82e954d52cec1fc402c3086,18,22,2,Kochi,9,p18-r9-n0967,p18-r9-n0967-arrival,arrival,BOM,COK,AI 2855,AIC,AI,1234567,2026-03-29,2026-10-24,12:05,raw_time_basis_unknown,ai-s26-894c22abb90489,current,confirmed_exact_designator
sha256=107983dc72d381e6897a5a333556946adcc98daef82e954d52cec1fc402c3086|page=18|physical_row=0023|station_section=2:Kochi|printed_row=10,107983dc72d381e6897a5a333556946adcc98daef82e954d52cec1fc402c3086,18,23,2,Kochi,10,p18-r10-n0968,p18-r10-n0968-departure,departure,COK,BOM,AI 2856,AIC,AI,124567,2026-03-29,2026-10-24,12:35,raw_time_basis_unknown,ai-s26-fec9ef593fcf0b,current,confirmed_exact_designator
sha256=107983dc72d381e6897a5a333556946adcc98daef82e954d52cec1fc402c3086|page=18|physical_row=0024|station_section=2:Kochi|printed_row=11,107983dc72d381e6897a5a333556946adcc98daef82e954d52cec1fc402c3086,18,24,2,Kochi,11,p18-r11-n0969,p18-r11-n0969-departure,departure,COK,BOM,AI 2856,AIC,AI,3,2026-03-29,2026-10-24,12:40,raw_time_basis_unknown,ai-s26-d51f7e48542510,current,confirmed_exact_designator
sha256=107983dc72d381e6897a5a333556946adcc98daef82e954d52cec1fc402c3086|page=18|physical_row=0025|station_section=2:Kochi|printed_row=12,107983dc72d381e6897a5a333556946adcc98daef82e954d52cec1fc402c3086,18,25,2,Kochi,12,p18-r12-n0970,p18-r12-n0970-arrival,arrival,DEL,COK,AI 1763,AIC,AI,2,2026-03-31,2026-10-20,13:00,raw_time_basis_unknown,ai-s26-a5333e64ac996f,current,confirmed_exact_designator
sha256=107983dc72d381e6897a5a333556946adcc98daef82e954d52cec1fc402c3086|page=18|physical_row=0026|station_section=2:Kochi|printed_row=13,107983dc72d381e6897a5a333556946adcc98daef82e954d52cec1fc402c3086,18,26,2,Kochi,13,p18-r13-n0971,p18-r13-n0971-departure,departure,COK,DEL,AI 1873,AIC,AI,2,2026-03-31,2026-10-20,13:40,raw_time_basis_unknown,ai-s26-03c13e548a5145,current,confirmed_exact_designator
sha256=107983dc72d381e6897a5a333556946adcc98daef82e954d52cec1fc402c3086|page=18|physical_row=0027|station_section=2:Kochi|printed_row=14,107983dc72d381e6897a5a333556946adcc98daef82e954d52cec1fc402c3086,18,27,2,Kochi,14,p18-r14-n0972,p18-r14-n0972-arrival,arrival,DEL,COK,AI 1763,AIC,AI,134567,2026-03-29,2026-10-24,13:40,raw_time_basis_unknown,ai-s26-838d9d7c79932a,current,confirmed_exact_designator
sha256=107983dc72d381e6897a5a333556946adcc98daef82e954d52cec1fc402c3086|page=18|physical_row=0028|station_section=2:Kochi|printed_row=15,107983dc72d381e6897a5a333556946adcc98daef82e954d52cec1fc402c3086,18,28,2,Kochi,15,p18-r15-n0973,p18-r15-n0973-departure,departure,COK,DEL,AI 1873,AIC,AI,134567,2026-03-29,2026-10-24,14:25,raw_time_basis_unknown,ai-s26-eacad228db5356,current,confirmed_exact_designator
sha256=107983dc72d381e6897a5a333556946adcc98daef82e954d52cec1fc402c3086|page=18|physical_row=0029|station_section=2:Kochi|printed_row=16,107983dc72d381e6897a5a333556946adcc98daef82e954d52cec1fc402c3086,18,29,2,Kochi,16,p18-r16-n0974,p18-r16-n0974-arrival,arrival,DEL,COK,AI 2458,AIC,AI,134567,2026-03-29,2026-10-24,15:20,raw_time_basis_unknown,ai-s26-6da9b0af28ed40,current,confirmed_exact_designator
sha256=107983dc72d381e6897a5a333556946adcc98daef82e954d52cec1fc402c3086|page=18|physical_row=0030|station_section=2:Kochi|printed_row=17,107983dc72d381e6897a5a333556946adcc98daef82e954d52cec1fc402c3086,18,30,2,Kochi,17,p18-r17-n0975,p18-r17-n0975-arrival,arrival,BOM,COK,AI 2517,AIC,AI,134567,2026-03-29,2026-10-24,15:30,raw_time_basis_unknown,ai-s26-26914a895c1789,current,confirmed_exact_designator
sha256=107983dc72d381e6897a5a333556946adcc98daef82e954d52cec1fc402c3086|page=18|physical_row=0031|station_section=2:Kochi|printed_row=18,107983dc72d381e6897a5a333556946adcc98daef82e954d52cec1fc402c3086,18,31,2,Kochi,18,p18-r18-n0976,p18-r18-n0976-departure,departure,COK,DEL,AI 2459,AIC,AI,134567,2026-03-29,2026-10-24,16:00,raw_time_basis_unknown,ai-s26-d15d07ea712bdf,current,confirmed_exact_designator
sha256=107983dc72d381e6897a5a333556946adcc98daef82e954d52cec1fc402c3086|page=18|physical_row=0032|station_section=2:Kochi|printed_row=19,107983dc72d381e6897a5a333556946adcc98daef82e954d52cec1fc402c3086,18,32,2,Kochi,19,p18-r19-n0977,p18-r19-n0977-departure,departure,COK,BOM,AI 2518,AIC,AI,134567,2026-03-29,2026-10-24,16:45,raw_time_basis_unknown,ai-s26-a68a0914b888d8,current,confirmed_exact_designator
sha256=107983dc72d381e6897a5a333556946adcc98daef82e954d52cec1fc402c3086|page=18|physical_row=0033|station_section=2:Kochi|printed_row=20,107983dc72d381e6897a5a333556946adcc98daef82e954d52cec1fc402c3086,18,33,2,Kochi,20,p18-r20-n0978,p18-r20-n0978-arrival,arrival,DEL,COK,AI 2473,AIC,AI,1234567,2026-03-29,2026-10-24,18:40,raw_time_basis_unknown,ai-s26-3d2d3ba6dd0d0a,current,confirmed_exact_designator
sha256=107983dc72d381e6897a5a333556946adcc98daef82e954d52cec1fc402c3086|page=18|physical_row=0034|station_section=2:Kochi|printed_row=21,107983dc72d381e6897a5a333556946adcc98daef82e954d52cec1fc402c3086,18,34,2,Kochi,21,p18-r21-n0979,p18-r21-n0979-arrival,arrival,BOM,COK,AI 681,AIC,AI,1234567,2026-03-29,2026-10-24,18:55,raw_time_basis_unknown,ai-s26-2c9168632b1d2f,current,confirmed_exact_designator
sha256=107983dc72d381e6897a5a333556946adcc98daef82e954d52cec1fc402c3086|page=18|physical_row=0035|station_section=2:Kochi|printed_row=22,107983dc72d381e6897a5a333556946adcc98daef82e954d52cec1fc402c3086,18,35,2,Kochi,22,p18-r22-n0980,p18-r22-n0980-departure,departure,COK,DEL,AI 2474,AIC,AI,1234567,2026-03-29,2026-10-24,19:20,raw_time_basis_unknown,ai-s26-bb385e797675d0,current,confirmed_exact_designator
sha256=107983dc72d381e6897a5a333556946adcc98daef82e954d52cec1fc402c3086|page=18|physical_row=0036|station_section=2:Kochi|printed_row=23,107983dc72d381e6897a5a333556946adcc98daef82e954d52cec1fc402c3086,18,36,2,Kochi,23,p18-r23-n0981,p18-r23-n0981-departure,departure,COK,BOM,AI 699,AIC,AI,1234567,2026-03-29,2026-10-24,20:00,raw_time_basis_unknown,ai-s26-b353a5ace2ed57,current,confirmed_exact_designator
sha256=107983dc72d381e6897a5a333556946adcc98daef82e954d52cec1fc402c3086|page=18|physical_row=0037|station_section=2:Kochi|printed_row=24,107983dc72d381e6897a5a333556946adcc98daef82e954d52cec1fc402c3086,18,37,2,Kochi,24,p18-r24-n0982,p18-r24-n0982-arrival,arrival,DEL,COK,AI 1738,AIC,AI,1234567,2026-03-29,2026-10-24,20:15,raw_time_basis_unknown,ai-s26-5eda12756a3ddd,current,confirmed_exact_designator
sha256=107983dc72d381e6897a5a333556946adcc98daef82e954d52cec1fc402c3086|page=18|physical_row=0038|station_section=2:Kochi|printed_row=25,107983dc72d381e6897a5a333556946adcc98daef82e954d52cec1fc402c3086,18,38,2,Kochi,25,p18-r25-n0983,p18-r25-n0983-departure,departure,COK,DEL,AI 1828,AIC,AI,1234567,2026-03-29,2026-10-24,21:05,raw_time_basis_unknown,ai-s26-92444d42288295,current,confirmed_exact_designator
sha256=107983dc72d381e6897a5a333556946adcc98daef82e954d52cec1fc402c3086|page=18|physical_row=0039|station_section=2:Kochi|printed_row=26,107983dc72d381e6897a5a333556946adcc98daef82e954d52cec1fc402c3086,18,39,2,Kochi,26,p18-r26-n0984,p18-r26-n0984-arrival,arrival,BOM,COK,AI 2791,AIC,AI,1234567,2026-03-29,2026-10-24,22:20,raw_time_basis_unknown,ai-s26-5c72522e62736a,current,confirmed_exact_designator
sha256=107983dc72d381e6897a5a333556946adcc98daef82e954d52cec1fc402c3086|page=18|physical_row=0040|station_section=2:Kochi|printed_row=27,107983dc72d381e6897a5a333556946adcc98daef82e954d52cec1fc402c3086,18,40,2,Kochi,27,p18-r27-n0985,p18-r27-n0985-arrival,arrival,DEL,COK,AI 1724,AIC,AI,1234567,2026-03-29,2026-10-24,22:25,raw_time_basis_unknown,ai-s26-62625ea4dd3987,current,confirmed_exact_designator
sha256=107983dc72d381e6897a5a333556946adcc98daef82e954d52cec1fc402c3086|page=18|physical_row=0041|station_section=2:Kochi|printed_row=28,107983dc72d381e6897a5a333556946adcc98daef82e954d52cec1fc402c3086,18,41,2,Kochi,28,p18-r28-n0986,p18-r28-n0986-departure,departure,COK,DEL,AI 1858,AIC,AI,1234567,2026-03-29,2026-10-24,23:00,raw_time_basis_unknown,ai-s26-34696f788bf86c,current,confirmed_exact_designator
sha256=107983dc72d381e6897a5a333556946adcc98daef82e954d52cec1fc402c3086|page=18|physical_row=0042|station_section=2:Kochi|printed_row=29,107983dc72d381e6897a5a333556946adcc98daef82e954d52cec1fc402c3086,18,42,2,Kochi,29,p18-r29-n0987,p18-r29-n0987-departure,departure,COK,BOM,AI 2792,AIC,AI,1234567,2026-03-29,2026-10-24,23:10,raw_time_basis_unknown,ai-s26-15cb9dedd375ee,current,confirmed_exact_designator
sha256=107983dc72d381e6897a5a333556946adcc98daef82e954d52cec1fc402c3086|page=18|physical_row=0043|station_section=3:Kolkata|printed_row=1,107983dc72d381e6897a5a333556946adcc98daef82e954d52cec1fc402c3086,18,43,3,Kolkata,1,p18-r1-n0988,p18-r1-n0988-arrival,arrival,DEL,CCU,AI 2727,AIC,AI,1234567,2026-03-29,2026-10-24,00:20,raw_time_basis_unknown,ai-s26-122ba6ad23a6bf,current,confirmed_exact_designator
sha256=107983dc72d381e6897a5a333556946adcc98daef82e954d52cec1fc402c3086|page=18|physical_row=0044|station_section=3:Kolkata|printed_row=2,107983dc72d381e6897a5a333556946adcc98daef82e954d52cec1fc402c3086,18,44,3,Kolkata,2,p18-r2-n0989,p18-r2-n0989-departure,departure,CCU,DEL,AI 1832,AIC,AI,7,2026-03-29,2026-03-29,00:30,raw_time_basis_unknown,ai-s26-781fc9ab9f966e,expired,expired_not_compared_to_baseline
sha256=107983dc72d381e6897a5a333556946adcc98daef82e954d52cec1fc402c3086|page=18|physical_row=0045|station_section=3:Kolkata|printed_row=3,107983dc72d381e6897a5a333556946adcc98daef82e954d52cec1fc402c3086,18,45,3,Kolkata,3,p18-r3-n0990,p18-r3-n0990-departure,departure,CCU,DEL,AI 1832,AIC,AI,1234567,2026-03-30,2026-10-24,00:30,raw_time_basis_unknown,ai-s26-11f504cf526d0b,current,confirmed_exact_designator
sha256=107983dc72d381e6897a5a333556946adcc98daef82e954d52cec1fc402c3086|page=18|physical_row=0046|station_section=3:Kolkata|printed_row=4,107983dc72d381e6897a5a333556946adcc98daef82e954d52cec1fc402c3086,18,46,3,Kolkata,4,p18-r4-n0991,p18-r4-n0991-arrival,arrival,BOM,CCU,AI 2643,AIC,AI,7,2026-03-29,2026-03-29,00:35,raw_time_basis_unknown,ai-s26-ab7dffc9048ad0,expired,expired_not_compared_to_baseline
sha256=107983dc72d381e6897a5a333556946adcc98daef82e954d52cec1fc402c3086|page=18|physical_row=0047|station_section=3:Kolkata|printed_row=5,107983dc72d381e6897a5a333556946adcc98daef82e954d52cec1fc402c3086,18,47,3,Kolkata,5,p18-r5-n0992,p18-r5-n0992-arrival,arrival,BOM,CCU,AI 2643,AIC,AI,45,2026-05-07,2026-05-08,00:45,raw_time_basis_unknown,ai-s26-2b7aa67deb5aee,expired,expired_not_compared_to_baseline
sha256=107983dc72d381e6897a5a333556946adcc98daef82e954d52cec1fc402c3086|page=18|physical_row=0048|station_section=3:Kolkata|printed_row=6,107983dc72d381e6897a5a333556946adcc98daef82e954d52cec1fc402c3086,18,48,3,Kolkata,6,p18-r6-n0993,p18-r6-n0993-arrival,arrival,BOM,CCU,AI 2643,AIC,AI,45,2026-05-14,2026-10-23,00:45,raw_time_basis_unknown,ai-s26-c4621300c70b5a,current,confirmed_exact_designator
sha256=107983dc72d381e6897a5a333556946adcc98daef82e954d52cec1fc402c3086|page=18|physical_row=0049|station_section=3:Kolkata|printed_row=7,107983dc72d381e6897a5a333556946adcc98daef82e954d52cec1fc402c3086,18,49,3,Kolkata,7,p18-r7-n0994,p18-r7-n0994-arrival,arrival,BOM,CCU,AI 2643,AIC,AI,12367,2026-05-02,2026-10-24,00:45,raw_time_basis_unknown,ai-s26-c9a14cac0a3207,current,confirmed_exact_designator
sha256=107983dc72d381e6897a5a333556946adcc98daef82e954d52cec1fc402c3086|page=18|physical_row=0050|station_section=3:Kolkata|printed_row=8,107983dc72d381e6897a5a333556946adcc98daef82e954d52cec1fc402c3086,18,50,3,Kolkata,8,p18-r8-n0995,p18-r8-n0995-arrival,arrival,BOM,CCU,AI 2643,AIC,AI,1234567,2026-03-30,2026-04-13,00:45,raw_time_basis_unknown,ai-s26-dbaffa3d33ee75,expired,expired_not_compared_to_baseline
sha256=107983dc72d381e6897a5a333556946adcc98daef82e954d52cec1fc402c3086|page=18|physical_row=0051|station_section=3:Kolkata|printed_row=9,107983dc72d381e6897a5a333556946adcc98daef82e954d52cec1fc402c3086,18,51,3,Kolkata,9,p18-r9-n0996,p18-r9-n0996-arrival,arrival,BOM,CCU,AI 2643,AIC,AI,1234567,2026-04-14,2026-05-01,00:45,raw_time_basis_unknown,ai-s26-20ec07a366d1e5,expired,expired_not_compared_to_baseline
sha256=107983dc72d381e6897a5a333556946adcc98daef82e954d52cec1fc402c3086|page=18|physical_row=0052|station_section=3:Kolkata|printed_row=10,107983dc72d381e6897a5a333556946adcc98daef82e954d52cec1fc402c3086,18,52,3,Kolkata,10,p18-r10-n0997,p18-r10-n0997-arrival,arrival,DEL,CCU,AI 2702,AIC,AI,1234567,2026-03-29,2026-10-24,04:50,raw_time_basis_unknown,ai-s26-3c24e8deaf73be,current,confirmed_exact_designator
sha256=107983dc72d381e6897a5a333556946adcc98daef82e954d52cec1fc402c3086|page=18|physical_row=0053|station_section=3:Kolkata|printed_row=11,107983dc72d381e6897a5a333556946adcc98daef82e954d52cec1fc402c3086,18,53,3,Kolkata,11,p18-r11-n0998,p18-r11-n0998-departure,departure,CCU,BOM,AI 2644,AIC,AI,7,2026-03-29,2026-03-29,06:55,raw_time_basis_unknown,ai-s26-62e8e0cd4663e9,expired,expired_not_compared_to_baseline
sha256=107983dc72d381e6897a5a333556946adcc98daef82e954d52cec1fc402c3086|page=18|physical_row=0054|station_section=3:Kolkata|printed_row=12,107983dc72d381e6897a5a333556946adcc98daef82e954d52cec1fc402c3086,18,54,3,Kolkata,12,p18-r12-n0999,p18-r12-n0999-departure,departure,CCU,BOM,AI 2644,AIC,AI,45,2026-05-07,2026-05-08,06:55,raw_time_basis_unknown,ai-s26-2c8ac1cd74e440,expired,expired_not_compared_to_baseline
sha256=107983dc72d381e6897a5a333556946adcc98daef82e954d52cec1fc402c3086|page=18|physical_row=0055|station_section=3:Kolkata|printed_row=13,107983dc72d381e6897a5a333556946adcc98daef82e954d52cec1fc402c3086,18,55,3,Kolkata,13,p18-r13-n1000,p18-r13-n1000-departure,departure,CCU,BOM,AI 2644,AIC,AI,45,2026-05-14,2026-10-23,06:55,raw_time_basis_unknown,ai-s26-4ee880bc31b1be,current,confirmed_exact_designator
sha256=107983dc72d381e6897a5a333556946adcc98daef82e954d52cec1fc402c3086|page=18|physical_row=0056|station_section=3:Kolkata|printed_row=14,107983dc72d381e6897a5a333556946adcc98daef82e954d52cec1fc402c3086,18,56,3,Kolkata,14,p18-r14-n1001,p18-r14-n1001-departure,departure,CCU,BOM,AI 2644,AIC,AI,12367,2026-05-02,2026-10-24,06:55,raw_time_basis_unknown,ai-s26-0ba94be7cdd26c,current,confirmed_exact_designator
sha256=107983dc72d381e6897a5a333556946adcc98daef82e954d52cec1fc402c3086|page=19|physical_row=0001|station_section=1:Kolkata|printed_row=15,107983dc72d381e6897a5a333556946adcc98daef82e954d52cec1fc402c3086,19,1,1,Kolkata,15,p19-r15-n1002,p19-r15-n1002-departure,departure,CCU,BOM,AI 2644,AIC,AI,1234567,2026-03-30,2026-04-13,06:55,raw_time_basis_unknown,ai-s26-b2357d7f25309a,expired,expired_not_compared_to_baseline
sha256=107983dc72d381e6897a5a333556946adcc98daef82e954d52cec1fc402c3086|page=19|physical_row=0002|station_section=1:Kolkata|printed_row=16,107983dc72d381e6897a5a333556946adcc98daef82e954d52cec1fc402c3086,19,2,1,Kolkata,16,p19-r16-n1003,p19-r16-n1003-departure,departure,CCU,BOM,AI 2644,AIC,AI,1234567,2026-04-14,2026-05-01,06:55,raw_time_basis_unknown,ai-s26-ccc55116015f8c,expired,expired_not_compared_to_baseline
sha256=107983dc72d381e6897a5a333556946adcc98daef82e954d52cec1fc402c3086|page=19|physical_row=0003|station_section=1:Kolkata|printed_row=17,107983dc72d381e6897a5a333556946adcc98daef82e954d52cec1fc402c3086,19,3,1,Kolkata,17,p19-r17-n1004,p19-r17-n1004-departure,departure,CCU,DEL,AI 2720,AIC,AI,1234567,2026-03-29,2026-10-24,07:00,raw_time_basis_unknown,ai-s26-692ce2bec76b08,current,confirmed_exact_designator
sha256=107983dc72d381e6897a5a333556946adcc98daef82e954d52cec1fc402c3086|page=19|physical_row=0004|station_section=1:Kolkata|printed_row=18,107983dc72d381e6897a5a333556946adcc98daef82e954d52cec1fc402c3086,19,4,1,Kolkata,18,p19-r18-n1005,p19-r18-n1005-departure,departure,CCU,DEL,AI 2778,AIC,AI,1234567,2026-03-29,2026-10-24,08:30,raw_time_basis_unknown,ai-s26-49abfdf45a7469,current,confirmed_exact_designator
sha256=107983dc72d381e6897a5a333556946adcc98daef82e954d52cec1fc402c3086|page=19|physical_row=0005|station_section=1:Kolkata|printed_row=19,107983dc72d381e6897a5a333556946adcc98daef82e954d52cec1fc402c3086,19,5,1,Kolkata,19,p19-r19-n1006,p19-r19-n1006-arrival,arrival,DEL,CCU,AI 2535,AIC,AI,1234567,2026-03-29,2026-10-24,08:50,raw_time_basis_unknown,ai-s26-553f4a38681a98,current,confirmed_exact_designator
sha256=107983dc72d381e6897a5a333556946adcc98daef82e954d52cec1fc402c3086|page=19|physical_row=0006|station_section=1:Kolkata|printed_row=20,107983dc72d381e6897a5a333556946adcc98daef82e954d52cec1fc402c3086,19,6,1,Kolkata,20,p19-r20-n1007,p19-r20-n1007-arrival,arrival,BOM,CCU,AI 2771,AIC,AI,1234567,2026-03-29,2026-10-24,09:45,raw_time_basis_unknown,ai-s26-0631c76175c97f,current,confirmed_exact_designator
sha256=107983dc72d381e6897a5a333556946adcc98daef82e954d52cec1fc402c3086|page=19|physical_row=0007|station_section=1:Kolkata|printed_row=21,107983dc72d381e6897a5a333556946adcc98daef82e954d52cec1fc402c3086,19,7,1,Kolkata,21,p19-r21-n1008,p19-r21-n1008-arrival,arrival,DEL,CCU,AI 2705,AIC,AI,1234567,2026-03-29,2026-10-24,09:50,raw_time_basis_unknown,ai-s26-605f43dcd98ce9,current,confirmed_exact_designator
sha256=107983dc72d381e6897a5a333556946adcc98daef82e954d52cec1fc402c3086|page=19|physical_row=0008|station_section=1:Kolkata|printed_row=22,107983dc72d381e6897a5a333556946adcc98daef82e954d52cec1fc402c3086,19,8,1,Kolkata,22,p19-r22-n1009,p19-r22-n1009-departure,departure,CCU,DEL,AI 2536,AIC,AI,1234567,2026-03-29,2026-10-24,09:55,raw_time_basis_unknown,ai-s26-679a49bd073341,current,confirmed_exact_designator
sha256=107983dc72d381e6897a5a333556946adcc98daef82e954d52cec1fc402c3086|page=19|physical_row=0009|station_section=1:Kolkata|printed_row=23,107983dc72d381e6897a5a333556946adcc98daef82e954d52cec1fc402c3086,19,9,1,Kolkata,23,p19-r23-n1010,p19-r23-n1010-departure,departure,CCU,DEL,AI 2706,AIC,AI,1234567,2026-03-29,2026-10-24,10:30,raw_time_basis_unknown,ai-s26-54e49df8d7b55e,current,confirmed_exact_designator
sha256=107983dc72d381e6897a5a333556946adcc98daef82e954d52cec1fc402c3086|page=19|physical_row=0010|station_section=1:Kolkata|printed_row=24,107983dc72d381e6897a5a333556946adcc98daef82e954d52cec1fc402c3086,19,10,1,Kolkata,24,p19-r24-n1011,p19-r24-n1011-departure,departure,CCU,BOM,AI 2772,AIC,AI,1234567,2026-03-29,2026-10-24,10:30,raw_time_basis_unknown,ai-s26-daea58d69ef391,current,confirmed_exact_designator
sha256=107983dc72d381e6897a5a333556946adcc98daef82e954d52cec1fc402c3086|page=19|physical_row=0011|station_section=1:Kolkata|printed_row=25,107983dc72d381e6897a5a333556946adcc98daef82e954d52cec1fc402c3086,19,11,1,Kolkata,25,p19-r25-n1012,p19-r25-n1012-arrival,arrival,DEL,CCU,AI 1791,AIC,AI,1234567,2026-03-29,2026-10-24,11:50,raw_time_basis_unknown,ai-s26-69340f860aa30b,current,confirmed_exact_designator
sha256=107983dc72d381e6897a5a333556946adcc98daef82e954d52cec1fc402c3086|page=19|physical_row=0012|station_section=1:Kolkata|printed_row=26,107983dc72d381e6897a5a333556946adcc98daef82e954d52cec1fc402c3086,19,12,1,Kolkata,26,p19-r26-n1013,p19-r26-n1013-departure,departure,CCU,DEL,AI 1874,AIC,AI,1234567,2026-03-29,2026-10-24,12:55,raw_time_basis_unknown,ai-s26-32a48055559c61,current,confirmed_exact_designator
sha256=107983dc72d381e6897a5a333556946adcc98daef82e954d52cec1fc402c3086|page=19|physical_row=0013|station_section=1:Kolkata|printed_row=27,107983dc72d381e6897a5a333556946adcc98daef82e954d52cec1fc402c3086,19,13,1,Kolkata,27,p19-r27-n1014,p19-r27-n1014-arrival,arrival,BOM,CCU,AI 2471,AIC,AI,1234567,2026-03-29,2026-10-24,14:25,raw_time_basis_unknown,ai-s26-878eb0ab10de4a,current,confirmed_exact_designator
sha256=107983dc72d381e6897a5a333556946adcc98daef82e954d52cec1fc402c3086|page=19|physical_row=0014|station_section=1:Kolkata|printed_row=28,107983dc72d381e6897a5a333556946adcc98daef82e954d52cec1fc402c3086,19,14,1,Kolkata,28,p19-r28-n1015,p19-r28-n1015-departure,departure,CCU,BOM,AI 2472,AIC,AI,1234567,2026-03-29,2026-10-24,15:10,raw_time_basis_unknown,ai-s26-32d6363ddaeb2e,current,confirmed_exact_designator
sha256=107983dc72d381e6897a5a333556946adcc98daef82e954d52cec1fc402c3086|page=19|physical_row=0015|station_section=1:Kolkata|printed_row=29,107983dc72d381e6897a5a333556946adcc98daef82e954d52cec1fc402c3086,19,15,1,Kolkata,29,p19-r29-n1016,p19-r29-n1016-arrival,arrival,DEL,CCU,AI 2767,AIC,AI,1234567,2026-03-29,2026-10-24,15:20,raw_time_basis_unknown,ai-s26-9f8c51e7c28e55,current,confirmed_exact_designator
sha256=107983dc72d381e6897a5a333556946adcc98daef82e954d52cec1fc402c3086|page=19|physical_row=0016|station_section=1:Kolkata|printed_row=30,107983dc72d381e6897a5a333556946adcc98daef82e954d52cec1fc402c3086,19,16,1,Kolkata,30,p19-r30-n1017,p19-r30-n1017-departure,departure,CCU,DEL,AI 2768,AIC,AI,1234567,2026-03-29,2026-10-24,16:10,raw_time_basis_unknown,ai-s26-586aea4d4fd26a,current,confirmed_exact_designator
sha256=107983dc72d381e6897a5a333556946adcc98daef82e954d52cec1fc402c3086|page=19|physical_row=0017|station_section=1:Kolkata|printed_row=31,107983dc72d381e6897a5a333556946adcc98daef82e954d52cec1fc402c3086,19,17,1,Kolkata,31,p19-r31-n1018,p19-r31-n1018-arrival,arrival,BOM,CCU,AI 2773,AIC,AI,1234567,2026-03-29,2026-10-24,16:55,raw_time_basis_unknown,ai-s26-0afe2f865fad83,current,confirmed_exact_designator
sha256=107983dc72d381e6897a5a333556946adcc98daef82e954d52cec1fc402c3086|page=19|physical_row=0018|station_section=1:Kolkata|printed_row=32,107983dc72d381e6897a5a333556946adcc98daef82e954d52cec1fc402c3086,19,18,1,Kolkata,32,p19-r32-n1019,p19-r32-n1019-departure,departure,CCU,BOM,AI 2774,AIC,AI,1234567,2026-03-29,2026-10-24,17:40,raw_time_basis_unknown,ai-s26-0b31645625fc97,current,confirmed_exact_designator
sha256=107983dc72d381e6897a5a333556946adcc98daef82e954d52cec1fc402c3086|page=19|physical_row=0019|station_section=1:Kolkata|printed_row=33,107983dc72d381e6897a5a333556946adcc98daef82e954d52cec1fc402c3086,19,19,1,Kolkata,33,p19-r33-n1020,p19-r33-n1020-arrival,arrival,DEL,CCU,AI 1733,AIC,AI,1234567,2026-03-29,2026-10-24,18:35,raw_time_basis_unknown,ai-s26-5e6f9af03d1809,current,confirmed_exact_designator
sha256=107983dc72d381e6897a5a333556946adcc98daef82e954d52cec1fc402c3086|page=19|physical_row=0020|station_section=1:Kolkata|printed_row=34,107983dc72d381e6897a5a333556946adcc98daef82e954d52cec1fc402c3086,19,20,1,Kolkata,34,p19-r34-n1021,p19-r34-n1021-departure,departure,CCU,DEL,AI 1863,AIC,AI,1234567,2026-03-29,2026-10-24,19:15,raw_time_basis_unknown,ai-s26-824e3d9e9751fe,current,confirmed_exact_designator
sha256=107983dc72d381e6897a5a333556946adcc98daef82e954d52cec1fc402c3086|page=19|physical_row=0021|station_section=1:Kolkata|printed_row=35,107983dc72d381e6897a5a333556946adcc98daef82e954d52cec1fc402c3086,19,21,1,Kolkata,35,p19-r35-n1022,p19-r35-n1022-arrival,arrival,BOM,CCU,AI 2481,AIC,AI,1234567,2026-03-29,2026-04-29,19:55,raw_time_basis_unknown,ai-s26-7e4d929f78f2b9,expired,expired_not_compared_to_baseline
sha256=107983dc72d381e6897a5a333556946adcc98daef82e954d52cec1fc402c3086|page=19|physical_row=0022|station_section=1:Kolkata|printed_row=36,107983dc72d381e6897a5a333556946adcc98daef82e954d52cec1fc402c3086,19,22,1,Kolkata,36,p19-r36-n1023,p19-r36-n1023-arrival,arrival,BOM,CCU,AI 2481,AIC,AI,1234567,2026-04-30,2026-10-24,19:55,raw_time_basis_unknown,ai-s26-0171977f68e49d,current,confirmed_exact_designator
sha256=107983dc72d381e6897a5a333556946adcc98daef82e954d52cec1fc402c3086|page=19|physical_row=0023|station_section=1:Kolkata|printed_row=37,107983dc72d381e6897a5a333556946adcc98daef82e954d52cec1fc402c3086,19,23,1,Kolkata,37,p19-r37-n1024,p19-r37-n1024-arrival,arrival,DEL,CCU,AI 2403,AIC,AI,1234567,2026-03-29,2026-10-24,20:20,raw_time_basis_unknown,ai-s26-8286afd567c89d,current,confirmed_exact_designator
sha256=107983dc72d381e6897a5a333556946adcc98daef82e954d52cec1fc402c3086|page=19|physical_row=0024|station_section=1:Kolkata|printed_row=38,107983dc72d381e6897a5a333556946adcc98daef82e954d52cec1fc402c3086,19,24,1,Kolkata,38,p19-r38-n1025,p19-r38-n1025-departure,departure,CCU,BOM,AI 2482,AIC,AI,1234567,2026-03-29,2026-04-29,20:35,raw_time_basis_unknown,ai-s26-9c23dee42a9cd7,expired,expired_not_compared_to_baseline
sha256=107983dc72d381e6897a5a333556946adcc98daef82e954d52cec1fc402c3086|page=19|physical_row=0025|station_section=1:Kolkata|printed_row=39,107983dc72d381e6897a5a333556946adcc98daef82e954d52cec1fc402c3086,19,25,1,Kolkata,39,p19-r39-n1026,p19-r39-n1026-departure,departure,CCU,BOM,AI 2482,AIC,AI,1234567,2026-04-30,2026-10-24,20:35,raw_time_basis_unknown,ai-s26-8ebb642ec6c368,current,confirmed_exact_designator
sha256=107983dc72d381e6897a5a333556946adcc98daef82e954d52cec1fc402c3086|page=19|physical_row=0026|station_section=1:Kolkata|printed_row=40,107983dc72d381e6897a5a333556946adcc98daef82e954d52cec1fc402c3086,19,26,1,Kolkata,40,p19-r40-n1027,p19-r40-n1027-departure,departure,CCU,DEL,AI 2708,AIC,AI,1234567,2026-03-29,2026-10-24,21:00,raw_time_basis_unknown,ai-s26-47f4c71ef532f0,current,confirmed_exact_designator
sha256=107983dc72d381e6897a5a333556946adcc98daef82e954d52cec1fc402c3086|page=19|physical_row=0027|station_section=1:Kolkata|printed_row=41,107983dc72d381e6897a5a333556946adcc98daef82e954d52cec1fc402c3086,19,27,1,Kolkata,41,p19-r41-n1028,p19-r41-n1028-arrival,arrival,DEL,CCU,AI 2709,AIC,AI,1234567,2026-03-29,2026-10-24,21:20,raw_time_basis_unknown,ai-s26-d74c64d87b6ad4,current,confirmed_exact_designator
sha256=107983dc72d381e6897a5a333556946adcc98daef82e954d52cec1fc402c3086|page=19|physical_row=0028|station_section=1:Kolkata|printed_row=42,107983dc72d381e6897a5a333556946adcc98daef82e954d52cec1fc402c3086,19,28,1,Kolkata,42,p19-r42-n1029,p19-r42-n1029-departure,departure,CCU,DEL,AI 2710,AIC,AI,1234567,2026-03-29,2026-10-24,22:00,raw_time_basis_unknown,ai-s26-a7dce4b4576f36,current,confirmed_exact_designator
sha256=107983dc72d381e6897a5a333556946adcc98daef82e954d52cec1fc402c3086|page=19|physical_row=0029|station_section=1:Kolkata|printed_row=43,107983dc72d381e6897a5a333556946adcc98daef82e954d52cec1fc402c3086,19,29,1,Kolkata,43,p19-r43-n1030,p19-r43-n1030-arrival,arrival,BOM,CCU,AI 2411,AIC,AI,1234567,2026-03-29,2026-10-24,22:15,raw_time_basis_unknown,ai-s26-1c1dafe3d65b72,current,confirmed_exact_designator
sha256=107983dc72d381e6897a5a333556946adcc98daef82e954d52cec1fc402c3086|page=19|physical_row=0030|station_section=1:Kolkata|printed_row=44,107983dc72d381e6897a5a333556946adcc98daef82e954d52cec1fc402c3086,19,30,1,Kolkata,44,p19-r44-n1031,p19-r44-n1031-departure,departure,CCU,BOM,AI 2410,AIC,AI,1234567,2026-03-29,2026-10-24,23:00,raw_time_basis_unknown,ai-s26-6cf85babc43615,current,confirmed_exact_designator
sha256=107983dc72d381e6897a5a333556946adcc98daef82e954d52cec1fc402c3086|page=19|physical_row=0031|station_section=1:Kolkata|printed_row=45,107983dc72d381e6897a5a333556946adcc98daef82e954d52cec1fc402c3086,19,31,1,Kolkata,45,p19-r45-n1032,p19-r45-n1032-arrival,arrival,DEL,CCU,AI 1714,AIC,AI,1234567,2026-03-29,2026-10-24,23:20,raw_time_basis_unknown,ai-s26-ada7e730dda62c,current,confirmed_exact_designator
sha256=107983dc72d381e6897a5a333556946adcc98daef82e954d52cec1fc402c3086|page=19|physical_row=0032|station_section=2:Leh|printed_row=1,107983dc72d381e6897a5a333556946adcc98daef82e954d52cec1fc402c3086,19,32,2,Leh,1,p19-r1-n1033,p19-r1-n1033-arrival,arrival,DEL,IXL,AI 2479,AIC,AI,1234567,2026-03-29,2026-10-24,06:15,raw_time_basis_unknown,ai-s26-47f50bcee7b5c0,current,confirmed_exact_designator
sha256=107983dc72d381e6897a5a333556946adcc98daef82e954d52cec1fc402c3086|page=19|physical_row=0033|station_section=2:Leh|printed_row=2,107983dc72d381e6897a5a333556946adcc98daef82e954d52cec1fc402c3086,19,33,2,Leh,2,p19-r2-n1034,p19-r2-n1034-departure,departure,IXL,DEL,AI 2480,AIC,AI,1234567,2026-03-29,2026-10-24,06:55,raw_time_basis_unknown,ai-s26-f5654c5e4d8718,current,confirmed_exact_designator
sha256=107983dc72d381e6897a5a333556946adcc98daef82e954d52cec1fc402c3086|page=19|physical_row=0034|station_section=2:Leh|printed_row=3,107983dc72d381e6897a5a333556946adcc98daef82e954d52cec1fc402c3086,19,34,2,Leh,3,p19-r3-n1035,p19-r3-n1035-arrival,arrival,DEL,IXL,AI 2463,AIC,AI,34,2026-04-01,2026-10-22,08:15,raw_time_basis_unknown,ai-s26-b56046500ab7c2,current,confirmed_exact_designator
sha256=107983dc72d381e6897a5a333556946adcc98daef82e954d52cec1fc402c3086|page=19|physical_row=0035|station_section=2:Leh|printed_row=4,107983dc72d381e6897a5a333556946adcc98daef82e954d52cec1fc402c3086,19,35,2,Leh,4,p19-r4-n1036,p19-r4-n1036-arrival,arrival,DEL,IXL,AI 2463,AIC,AI,26,2026-03-31,2026-10-24,08:15,raw_time_basis_unknown,ai-s26-7d6bbc12dfbf84,current,confirmed_exact_designator
sha256=107983dc72d381e6897a5a333556946adcc98daef82e954d52cec1fc402c3086|page=19|physical_row=0036|station_section=2:Leh|printed_row=5,107983dc72d381e6897a5a333556946adcc98daef82e954d52cec1fc402c3086,19,36,2,Leh,5,p19-r5-n1037,p19-r5-n1037-arrival,arrival,DEL,IXL,AI 2463,AIC,AI,157,2026-03-29,2026-10-23,08:15,raw_time_basis_unknown,ai-s26-2feef236decd00,current,confirmed_exact_designator
sha256=107983dc72d381e6897a5a333556946adcc98daef82e954d52cec1fc402c3086|page=19|physical_row=0037|station_section=2:Leh|printed_row=6,107983dc72d381e6897a5a333556946adcc98daef82e954d52cec1fc402c3086,19,37,2,Leh,6,p19-r6-n1038,p19-r6-n1038-departure,departure,IXL,IXC,AI 2427,AIC,AI,26,2026-03-31,2026-10-24,09:00,raw_time_basis_unknown,ai-s26-30d3b71b2c9690,current,confirmed_exact_designator
sha256=107983dc72d381e6897a5a333556946adcc98daef82e954d52cec1fc402c3086|page=19|physical_row=0038|station_section=2:Leh|printed_row=7,107983dc72d381e6897a5a333556946adcc98daef82e954d52cec1fc402c3086,19,38,2,Leh,7,p19-r7-n1039,p19-r7-n1039-departure,departure,IXL,SXR,AI 2431,AIC,AI,34,2026-04-01,2026-10-22,09:00,raw_time_basis_unknown,ai-s26-65548bd617a181,current,confirmed_exact_designator
sha256=107983dc72d381e6897a5a333556946adcc98daef82e954d52cec1fc402c3086|page=19|physical_row=0039|station_section=2:Leh|printed_row=8,107983dc72d381e6897a5a333556946adcc98daef82e954d52cec1fc402c3086,19,39,2,Leh,8,p19-r8-n1040,p19-r8-n1040-departure,departure,IXL,IXJ,AI 2435,AIC,AI,157,2026-03-29,2026-10-23,09:00,raw_time_basis_unknown,ai-s26-73749904089b63,current,confirmed_exact_designator
sha256=107983dc72d381e6897a5a333556946adcc98daef82e954d52cec1fc402c3086|page=19|physical_row=0040|station_section=2:Leh|printed_row=9,107983dc72d381e6897a5a333556946adcc98daef82e954d52cec1fc402c3086,19,40,2,Leh,9,p19-r9-n1041,p19-r9-n1041-arrival,arrival,DEL,IXL,AI 2454,AIC,AI,1234567,2026-03-29,2026-10-24,09:30,raw_time_basis_unknown,ai-s26-b8f8ac2ca386da,current,confirmed_exact_designator
sha256=107983dc72d381e6897a5a333556946adcc98daef82e954d52cec1fc402c3086|page=19|physical_row=0041|station_section=2:Leh|printed_row=10,107983dc72d381e6897a5a333556946adcc98daef82e954d52cec1fc402c3086,19,41,2,Leh,10,p19-r10-n1042,p19-r10-n1042-departure,departure,IXL,DEL,AI 2455,AIC,AI,1234567,2026-03-29,2026-10-24,10:00,raw_time_basis_unknown,ai-s26-5114bfeea0b013,current,confirmed_exact_designator
sha256=107983dc72d381e6897a5a333556946adcc98daef82e954d52cec1fc402c3086|page=19|physical_row=0042|station_section=2:Leh|printed_row=11,107983dc72d381e6897a5a333556946adcc98daef82e954d52cec1fc402c3086,19,42,2,Leh,11,p19-r11-n1043,p19-r11-n1043-arrival,arrival,SXR,IXL,AI 2434,AIC,AI,34,2026-04-01,2026-10-22,11:25,raw_time_basis_unknown,ai-s26-277d8c1bee25ca,current,confirmed_exact_designator
sha256=107983dc72d381e6897a5a333556946adcc98daef82e954d52cec1fc402c3086|page=19|physical_row=0043|station_section=2:Leh|printed_row=12,107983dc72d381e6897a5a333556946adcc98daef82e954d52cec1fc402c3086,19,43,2,Leh,12,p19-r12-n1044,p19-r12-n1044-arrival,arrival,IXJ,IXL,AI 2436,AIC,AI,5,2026-04-03,2026-10-23,11:25,raw_time_basis_unknown,ai-s26-cc3e4010554051,current,confirmed_exact_designator
sha256=107983dc72d381e6897a5a333556946adcc98daef82e954d52cec1fc402c3086|page=19|physical_row=0044|station_section=2:Leh|printed_row=13,107983dc72d381e6897a5a333556946adcc98daef82e954d52cec1fc402c3086,19,44,2,Leh,13,p19-r13-n1045,p19-r13-n1045-arrival,arrival,IXJ,IXL,AI 2436,AIC,AI,17,2026-03-29,2026-10-19,11:25,raw_time_basis_unknown,ai-s26-3d867dbe9ba0ff,current,confirmed_exact_designator
sha256=107983dc72d381e6897a5a333556946adcc98daef82e954d52cec1fc402c3086|page=19|physical_row=0045|station_section=2:Leh|printed_row=14,107983dc72d381e6897a5a333556946adcc98daef82e954d52cec1fc402c3086,19,45,2,Leh,14,p19-r14-n1046,p19-r14-n1046-arrival,arrival,IXC,IXL,AI 2448,AIC,AI,26,2026-03-31,2026-10-24,11:25,raw_time_basis_unknown,ai-s26-e14e28db335528,current,confirmed_exact_designator
sha256=107983dc72d381e6897a5a333556946adcc98daef82e954d52cec1fc402c3086|page=19|physical_row=0046|station_section=2:Leh|printed_row=15,107983dc72d381e6897a5a333556946adcc98daef82e954d52cec1fc402c3086,19,46,2,Leh,15,p19-r15-n1047,p19-r15-n1047-departure,departure,IXL,DEL,AI 2464,AIC,AI,5,2026-04-03,2026-10-23,12:10,raw_time_basis_unknown,ai-s26-f40d4c057e722a,current,confirmed_exact_designator
sha256=107983dc72d381e6897a5a333556946adcc98daef82e954d52cec1fc402c3086|page=19|physical_row=0047|station_section=2:Leh|printed_row=16,107983dc72d381e6897a5a333556946adcc98daef82e954d52cec1fc402c3086,19,47,2,Leh,16,p19-r16-n1048,p19-r16-n1048-departure,departure,IXL,DEL,AI 2464,AIC,AI,34,2026-04-01,2026-10-22,12:10,raw_time_basis_unknown,ai-s26-e14de2f0f27d9a,current,confirmed_exact_designator
sha256=107983dc72d381e6897a5a333556946adcc98daef82e954d52cec1fc402c3086|page=19|physical_row=0048|station_section=2:Leh|printed_row=17,107983dc72d381e6897a5a333556946adcc98daef82e954d52cec1fc402c3086,19,48,2,Leh,17,p19-r17-n1049,p19-r17-n1049-departure,departure,IXL,DEL,AI 2464,AIC,AI,26,2026-03-31,2026-10-24,12:10,raw_time_basis_unknown,ai-s26-b01ea14b66c897,current,confirmed_exact_designator
sha256=107983dc72d381e6897a5a333556946adcc98daef82e954d52cec1fc402c3086|page=19|physical_row=0049|station_section=2:Leh|printed_row=18,107983dc72d381e6897a5a333556946adcc98daef82e954d52cec1fc402c3086,19,49,2,Leh,18,p19-r18-n1050,p19-r18-n1050-departure,departure,IXL,DEL,AI 2464,AIC,AI,17,2026-03-29,2026-10-19,12:10,raw_time_basis_unknown,ai-s26-f63bc6691648fc,current,confirmed_exact_designator
sha256=107983dc72d381e6897a5a333556946adcc98daef82e954d52cec1fc402c3086|page=19|physical_row=0050|station_section=3:Lucknow|printed_row=1,107983dc72d381e6897a5a333556946adcc98daef82e954d52cec1fc402c3086,19,50,3,Lucknow,1,p19-r1-n1051,p19-r1-n1051-arrival,arrival,DEL,LKO,AI 2499,AIC,AI,1234567,2026-03-29,2026-10-24,07:05,raw_time_basis_unknown,ai-s26-5e0cd3b206ce52,current,confirmed_exact_designator
sha256=107983dc72d381e6897a5a333556946adcc98daef82e954d52cec1fc402c3086|page=19|physical_row=0051|station_section=3:Lucknow|printed_row=2,107983dc72d381e6897a5a333556946adcc98daef82e954d52cec1fc402c3086,19,51,3,Lucknow,2,p19-r2-n1052,p19-r2-n1052-departure,departure,LKO,DEL,AI 2500,AIC,AI,1234567,2026-03-29,2026-10-24,08:00,raw_time_basis_unknown,ai-s26-9e5fb6da7eb1fe,current,confirmed_exact_designator
sha256=107983dc72d381e6897a5a333556946adcc98daef82e954d52cec1fc402c3086|page=19|physical_row=0052|station_section=3:Lucknow|printed_row=3,107983dc72d381e6897a5a333556946adcc98daef82e954d52cec1fc402c3086,19,52,3,Lucknow,3,p19-r3-n1053,p19-r3-n1053-arrival,arrival,BOM,LKO,AI 2491,AIC,AI,1234567,2026-03-29,2026-10-24,13:30,raw_time_basis_unknown,ai-s26-072a5c3993ed30,current,confirmed_exact_designator
sha256=107983dc72d381e6897a5a333556946adcc98daef82e954d52cec1fc402c3086|page=19|physical_row=0053|station_section=3:Lucknow|printed_row=4,107983dc72d381e6897a5a333556946adcc98daef82e954d52cec1fc402c3086,19,53,3,Lucknow,4,p19-r4-n1054,p19-r4-n1054-departure,departure,LKO,BOM,AI 2492,AIC,AI,1234567,2026-03-29,2026-10-24,14:10,raw_time_basis_unknown,ai-s26-ea1503bb43b996,current,confirmed_exact_designator
sha256=107983dc72d381e6897a5a333556946adcc98daef82e954d52cec1fc402c3086|page=19|physical_row=0054|station_section=3:Lucknow|printed_row=5,107983dc72d381e6897a5a333556946adcc98daef82e954d52cec1fc402c3086,19,54,3,Lucknow,5,p19-r5-n1055,p19-r5-n1055-arrival,arrival,DEL,LKO,AI 1717,AIC,AI,1234567,2026-03-29,2026-10-24,14:40,raw_time_basis_unknown,ai-s26-4da3d14d055a40,current,confirmed_exact_designator
sha256=107983dc72d381e6897a5a333556946adcc98daef82e954d52cec1fc402c3086|page=19|physical_row=0055|station_section=3:Lucknow|printed_row=6,107983dc72d381e6897a5a333556946adcc98daef82e954d52cec1fc402c3086,19,55,3,Lucknow,6,p19-r6-n1056,p19-r6-n1056-departure,departure,LKO,DEL,AI 1824,AIC,AI,1234567,2026-03-29,2026-10-24,15:30,raw_time_basis_unknown,ai-s26-3f780b34031f4e,current,confirmed_exact_designator
sha256=107983dc72d381e6897a5a333556946adcc98daef82e954d52cec1fc402c3086|page=19|physical_row=0056|station_section=3:Lucknow|printed_row=7,107983dc72d381e6897a5a333556946adcc98daef82e954d52cec1fc402c3086,19,56,3,Lucknow,7,p19-r7-n1057,p19-r7-n1057-arrival,arrival,DEL,LKO,AI 1710,AIC,AI,1234567,2026-03-29,2026-10-24,19:45,raw_time_basis_unknown,ai-s26-5511468874fd06,current,confirmed_exact_designator
sha256=107983dc72d381e6897a5a333556946adcc98daef82e954d52cec1fc402c3086|page=20|physical_row=0001|station_section=1:Lucknow|printed_row=8,107983dc72d381e6897a5a333556946adcc98daef82e954d52cec1fc402c3086,20,1,1,Lucknow,8,p20-r8-n1058,p20-r8-n1058-departure,departure,LKO,DEL,AI 1877,AIC,AI,1234567,2026-03-29,2026-10-24,20:25,raw_time_basis_unknown,ai-s26-437eabefa6a194,current,confirmed_exact_designator
sha256=107983dc72d381e6897a5a333556946adcc98daef82e954d52cec1fc402c3086|page=20|physical_row=0002|station_section=1:Lucknow|printed_row=9,107983dc72d381e6897a5a333556946adcc98daef82e954d52cec1fc402c3086,20,2,1,Lucknow,9,p20-r9-n1059,p20-r9-n1059-arrival,arrival,DEL,LKO,AI 1720,AIC,AI,1234567,2026-03-29,2026-10-24,21:40,raw_time_basis_unknown,ai-s26-ee4a89c62a3333,current,confirmed_exact_designator
sha256=107983dc72d381e6897a5a333556946adcc98daef82e954d52cec1fc402c3086|page=20|physical_row=0003|station_section=1:Lucknow|printed_row=10,107983dc72d381e6897a5a333556946adcc98daef82e954d52cec1fc402c3086,20,3,1,Lucknow,10,p20-r10-n1060,p20-r10-n1060-departure,departure,LKO,DEL,AI 1821,AIC,AI,1234567,2026-03-29,2026-10-24,22:25,raw_time_basis_unknown,ai-s26-6f50fd05c43612,current,confirmed_exact_designator
sha256=107983dc72d381e6897a5a333556946adcc98daef82e954d52cec1fc402c3086|page=20|physical_row=0004|station_section=2:Madurai|printed_row=1,107983dc72d381e6897a5a333556946adcc98daef82e954d52cec1fc402c3086,20,4,2,Madurai,1,p20-r1-n1061,p20-r1-n1061-arrival,arrival,MAA,IXM,AI 2739,AIC,AI,1234567,2026-03-29,2026-10-24,13:05,raw_time_basis_unknown,ai-s26-49ed9e6fcc3f67,current,confirmed_exact_designator
sha256=107983dc72d381e6897a5a333556946adcc98daef82e954d52cec1fc402c3086|page=20|physical_row=0005|station_section=2:Madurai|printed_row=2,107983dc72d381e6897a5a333556946adcc98daef82e954d52cec1fc402c3086,20,5,2,Madurai,2,p20-r2-n1062,p20-r2-n1062-departure,departure,IXM,MAA,AI 2740,AIC,AI,1234567,2026-03-29,2026-10-24,13:50,raw_time_basis_unknown,ai-s26-98257d00a80910,current,confirmed_exact_designator
sha256=107983dc72d381e6897a5a333556946adcc98daef82e954d52cec1fc402c3086|page=20|physical_row=0006|station_section=3:Mumbai|printed_row=1,107983dc72d381e6897a5a333556946adcc98daef82e954d52cec1fc402c3086,20,6,3,Mumbai,1,p20-r1-n1063,p20-r1-n1063-arrival,arrival,NAG,BOM,AI 2584,AIC,AI,1234567,2026-03-29,2026-10-24,00:05,raw_time_basis_unknown,ai-s26-3c6a3ce828d5b6,current,confirmed_exact_designator
sha256=107983dc72d381e6897a5a333556946adcc98daef82e954d52cec1fc402c3086|page=20|physical_row=0007|station_section=3:Mumbai|printed_row=2,107983dc72d381e6897a5a333556946adcc98daef82e954d52cec1fc402c3086,20,7,3,Mumbai,2,p20-r2-n1064,p20-r2-n1064-arrival,arrival,CJB,BOM,AI 2733,AIC,AI,1234567,2026-03-30,2026-10-24,00:05,raw_time_basis_unknown,ai-s26-f8ec18ff77b189,current,confirmed_exact_designator
sha256=107983dc72d381e6897a5a333556946adcc98daef82e954d52cec1fc402c3086|page=20|physical_row=0008|station_section=3:Mumbai|printed_row=3,107983dc72d381e6897a5a333556946adcc98daef82e954d52cec1fc402c3086,20,8,3,Mumbai,3,p20-r3-n1065,p20-r3-n1065-arrival,arrival,HYD,BOM,AI 2699,AIC,AI,7,2026-03-29,2026-03-29,00:10,raw_time_basis_unknown,ai-s26-16063bb42b4d45,expired,expired_not_compared_to_baseline
sha256=107983dc72d381e6897a5a333556946adcc98daef82e954d52cec1fc402c3086|page=20|physical_row=0009|station_section=3:Mumbai|printed_row=4,107983dc72d381e6897a5a333556946adcc98daef82e954d52cec1fc402c3086,20,9,3,Mumbai,4,p20-r4-n1066,p20-r4-n1066-arrival,arrival,HYD,BOM,AI 2699,AIC,AI,1234567,2026-03-30,2026-10-24,00:15,raw_time_basis_unknown,ai-s26-4b137ad0935ce1,current,confirmed_exact_designator
sha256=107983dc72d381e6897a5a333556946adcc98daef82e954d52cec1fc402c3086|page=20|physical_row=0010|station_section=3:Mumbai|printed_row=5,107983dc72d381e6897a5a333556946adcc98daef82e954d52cec1fc402c3086,20,10,3,Mumbai,5,p20-r5-n1067,p20-r5-n1067-arrival,arrival,DEL,BOM,AI 2999,AIC,AI,7,2026-03-29,2026-03-29,00:25,raw_time_basis_unknown,ai-s26-b156f2c0548770,expired,expired_not_compared_to_baseline
sha256=107983dc72d381e6897a5a333556946adcc98daef82e954d52cec1fc402c3086|page=20|physical_row=0011|station_section=3:Mumbai|printed_row=6,107983dc72d381e6897a5a333556946adcc98daef82e954d52cec1fc402c3086,20,11,3,Mumbai,6,p20-r6-n1068,p20-r6-n1068-arrival,arrival,DEL,BOM,AI 2999,AIC,AI,1234567,2026-03-30,2026-10-24,00:25,raw_time_basis_unknown,ai-s26-7296c7f529767e,current,confirmed_exact_designator
sha256=107983dc72d381e6897a5a333556946adcc98daef82e954d52cec1fc402c3086|page=20|physical_row=0012|station_section=3:Mumbai|printed_row=7,107983dc72d381e6897a5a333556946adcc98daef82e954d52cec1fc402c3086,20,12,3,Mumbai,7,p20-r7-n1069,p20-r7-n1069-arrival,arrival,BLR,BOM,AI 2840,AIC,AI,7,2026-03-29,2026-03-29,00:30,raw_time_basis_unknown,ai-s26-c5834f3dd2f8f9,expired,expired_not_compared_to_baseline
sha256=107983dc72d381e6897a5a333556946adcc98daef82e954d52cec1fc402c3086|page=20|physical_row=0013|station_section=3:Mumbai|printed_row=8,107983dc72d381e6897a5a333556946adcc98daef82e954d52cec1fc402c3086,20,13,3,Mumbai,8,p20-r8-n1070,p20-r8-n1070-arrival,arrival,BLR,BOM,AI 2840,AIC,AI,1234567,2026-03-30,2026-10-24,00:35,raw_time_basis_unknown,ai-s26-cad3b0da3bb2b5,current,confirmed_exact_designator
sha256=107983dc72d381e6897a5a333556946adcc98daef82e954d52cec1fc402c3086|page=20|physical_row=0014|station_section=3:Mumbai|printed_row=9,107983dc72d381e6897a5a333556946adcc98daef82e954d52cec1fc402c3086,20,14,3,Mumbai,9,p20-r9-n1071,p20-r9-n1071-arrival,arrival,DEL,BOM,AI 2437,AIC,AI,7,2026-03-29,2026-03-29,00:55,raw_time_basis_unknown,ai-s26-919441e631c2a6,expired,expired_not_compared_to_baseline
sha256=107983dc72d381e6897a5a333556946adcc98daef82e954d52cec1fc402c3086|page=20|physical_row=0015|station_section=3:Mumbai|printed_row=10,107983dc72d381e6897a5a333556946adcc98daef82e954d52cec1fc402c3086,20,15,3,Mumbai,10,p20-r10-n1072,p20-r10-n1072-arrival,arrival,DEL,BOM,AI 2437,AIC,AI,1234567,2026-03-30,2026-10-24,00:55,raw_time_basis_unknown,ai-s26-bc823b013e47bb,current,confirmed_exact_designator
sha256=107983dc72d381e6897a5a333556946adcc98daef82e954d52cec1fc402c3086|page=20|physical_row=0016|station_section=3:Mumbai|printed_row=11,107983dc72d381e6897a5a333556946adcc98daef82e954d52cec1fc402c3086,20,16,3,Mumbai,11,p20-r11-n1073,p20-r11-n1073-departure,departure,BOM,DEL,AI 2976,AIC,AI,6,2026-04-04,2026-10-24,01:00,raw_time_basis_unknown,ai-s26-845968789c1970,current,confirmed_exact_designator
sha256=107983dc72d381e6897a5a333556946adcc98daef82e954d52cec1fc402c3086|page=20|physical_row=0017|station_section=3:Mumbai|printed_row=12,107983dc72d381e6897a5a333556946adcc98daef82e954d52cec1fc402c3086,20,17,3,Mumbai,12,p20-r12-n1074,p20-r12-n1074-arrival,arrival,TRV,BOM,AI 2658,AIC,AI,5,2026-04-03,2026-04-03,01:00,raw_time_basis_unknown,ai-s26-e77a6215ba6691,expired,expired_not_compared_to_baseline
sha256=107983dc72d381e6897a5a333556946adcc98daef82e954d52cec1fc402c3086|page=20|physical_row=0018|station_section=3:Mumbai|printed_row=13,107983dc72d381e6897a5a333556946adcc98daef82e954d52cec1fc402c3086,20,18,3,Mumbai,13,p20-r13-n1075,p20-r13-n1075-arrival,arrival,COK,BOM,AI 2792,AIC,AI,7,2026-03-29,2026-03-29,01:25,raw_time_basis_unknown,ai-s26-b42297333b9adb,expired,expired_not_compared_to_baseline
sha256=107983dc72d381e6897a5a333556946adcc98daef82e954d52cec1fc402c3086|page=20|physical_row=0019|station_section=3:Mumbai|printed_row=14,107983dc72d381e6897a5a333556946adcc98daef82e954d52cec1fc402c3086,20,19,3,Mumbai,14,p20-r14-n1076,p20-r14-n1076-arrival,arrival,COK,BOM,AI 2792,AIC,AI,1234567,2026-03-30,2026-10-24,01:25,raw_time_basis_unknown,ai-s26-1b4c207e8aa7ac,current,confirmed_exact_designator
sha256=107983dc72d381e6897a5a333556946adcc98daef82e954d52cec1fc402c3086|page=20|physical_row=0020|station_section=3:Mumbai|printed_row=15,107983dc72d381e6897a5a333556946adcc98daef82e954d52cec1fc402c3086,20,20,3,Mumbai,15,p20-r15-n1077,p20-r15-n1077-arrival,arrival,CCU,BOM,AI 2410,AIC,AI,7,2026-03-29,2026-03-29,02:05,raw_time_basis_unknown,ai-s26-7ba190a85091c9,expired,expired_not_compared_to_baseline
sha256=107983dc72d381e6897a5a333556946adcc98daef82e954d52cec1fc402c3086|page=20|physical_row=0021|station_section=3:Mumbai|printed_row=16,107983dc72d381e6897a5a333556946adcc98daef82e954d52cec1fc402c3086,20,21,3,Mumbai,16,p20-r16-n1078,p20-r16-n1078-arrival,arrival,CCU,BOM,AI 2410,AIC,AI,1234567,2026-03-30,2026-10-24,02:05,raw_time_basis_unknown,ai-s26-876ba768cfe33d,current,confirmed_exact_designator
sha256=107983dc72d381e6897a5a333556946adcc98daef82e954d52cec1fc402c3086|page=20|physical_row=0022|station_section=3:Mumbai|printed_row=17,107983dc72d381e6897a5a333556946adcc98daef82e954d52cec1fc402c3086,20,22,3,Mumbai,17,p20-r17-n1079,p20-r17-n1079-departure,departure,BOM,DEL,AI 2452,AIC,AI,5,2026-04-03,2026-10-23,03:05,raw_time_basis_unknown,ai-s26-6322febd2dd7f4,current,confirmed_exact_designator
sha256=107983dc72d381e6897a5a333556946adcc98daef82e954d52cec1fc402c3086|page=20|physical_row=0023|station_section=3:Mumbai|printed_row=18,107983dc72d381e6897a5a333556946adcc98daef82e954d52cec1fc402c3086,20,23,3,Mumbai,18,p20-r18-n1080,p20-r18-n1080-arrival,arrival,BLR,BOM,AI 2858,AIC,AI,1234567,2026-03-29,2026-10-24,04:05,raw_time_basis_unknown,ai-s26-71bd99d44575c7,current,confirmed_exact_designator
sha256=107983dc72d381e6897a5a333556946adcc98daef82e954d52cec1fc402c3086|page=20|physical_row=0024|station_section=3:Mumbai|printed_row=19,107983dc72d381e6897a5a333556946adcc98daef82e954d52cec1fc402c3086,20,24,3,Mumbai,19,p20-r19-n1081,p20-r19-n1081-departure,departure,BOM,PAT,AI 2931,AIC,AI,1234567,2026-03-29,2026-10-24,04:30,raw_time_basis_unknown,ai-s26-aaba6add1e8c01,current,confirmed_exact_designator
sha256=107983dc72d381e6897a5a333556946adcc98daef82e954d52cec1fc402c3086|page=20|physical_row=0025|station_section=3:Mumbai|printed_row=20,107983dc72d381e6897a5a333556946adcc98daef82e954d52cec1fc402c3086,20,25,3,Mumbai,20,p20-r20-n1082,p20-r20-n1082-departure,departure,BOM,ATQ,AI 2728,AIC,AI,3,2026-04-01,2026-10-21,04:45,raw_time_basis_unknown,ai-s26-23887e454003fc,current,confirmed_exact_designator
sha256=107983dc72d381e6897a5a333556946adcc98daef82e954d52cec1fc402c3086|page=20|physical_row=0026|station_section=3:Mumbai|printed_row=21,107983dc72d381e6897a5a333556946adcc98daef82e954d52cec1fc402c3086,20,26,3,Mumbai,21,p20-r21-n1083,p20-r21-n1083-departure,departure,BOM,COK,AI 2743,AIC,AI,1234567,2026-03-29,2026-10-24,05:05,raw_time_basis_unknown,ai-s26-cf67a69d429751,current,confirmed_exact_designator
sha256=107983dc72d381e6897a5a333556946adcc98daef82e954d52cec1fc402c3086|page=20|physical_row=0027|station_section=3:Mumbai|printed_row=22,107983dc72d381e6897a5a333556946adcc98daef82e954d52cec1fc402c3086,20,27,3,Mumbai,22,p20-r22-n1084,p20-r22-n1084-departure,departure,BOM,GOI,AI 603,AIC,AI,1234567,2026-03-29,2026-10-24,05:10,raw_time_basis_unknown,ai-s26-234fcd48f4599b,current,confirmed_exact_designator
sha256=107983dc72d381e6897a5a333556946adcc98daef82e954d52cec1fc402c3086|page=20|physical_row=0028|station_section=3:Mumbai|printed_row=23,107983dc72d381e6897a5a333556946adcc98daef82e954d52cec1fc402c3086,20,28,3,Mumbai,23,p20-r23-n1085,p20-r23-n1085-departure,departure,BOM,ATQ,AI 2728,AIC,AI,124567,2026-03-29,2026-10-24,05:20,raw_time_basis_unknown,ai-s26-5466da00364e34,current,confirmed_exact_designator
sha256=107983dc72d381e6897a5a333556946adcc98daef82e954d52cec1fc402c3086|page=20|physical_row=0029|station_section=3:Mumbai|printed_row=24,107983dc72d381e6897a5a333556946adcc98daef82e954d52cec1fc402c3086,20,29,3,Mumbai,24,p20-r24-n1086,p20-r24-n1086-departure,departure,BOM,IXC,AI 471,AIC,AI,7,2026-03-29,2026-10-18,05:25,raw_time_basis_unknown,ai-s26-6d23b2a859cc3d,current,confirmed_exact_designator
sha256=107983dc72d381e6897a5a333556946adcc98daef82e954d52cec1fc402c3086|page=20|physical_row=0030|station_section=3:Mumbai|printed_row=25,107983dc72d381e6897a5a333556946adcc98daef82e954d52cec1fc402c3086,20,30,3,Mumbai,25,p20-r25-n1087,p20-r25-n1087-departure,departure,BOM,BLR,AI 2845,AIC,AI,1234567,2026-03-29,2026-10-24,05:30,raw_time_basis_unknown,ai-s26-c1ef590aebad41,current,confirmed_exact_designator
sha256=107983dc72d381e6897a5a333556946adcc98daef82e954d52cec1fc402c3086|page=20|physical_row=0031|station_section=3:Mumbai|printed_row=26,107983dc72d381e6897a5a333556946adcc98daef82e954d52cec1fc402c3086,20,31,3,Mumbai,26,p20-r26-n1088,p20-r26-n1088-departure,departure,BOM,BDQ,AI 2891,AIC,AI,1234567,2026-03-29,2026-10-24,05:45,raw_time_basis_unknown,ai-s26-9d111badf6b43c,current,confirmed_exact_designator
sha256=107983dc72d381e6897a5a333556946adcc98daef82e954d52cec1fc402c3086|page=20|physical_row=0032|station_section=3:Mumbai|printed_row=27,107983dc72d381e6897a5a333556946adcc98daef82e954d52cec1fc402c3086,20,32,3,Mumbai,27,p20-r27-n1089,p20-r27-n1089-departure,departure,BOM,NAG,AI 2581,AIC,AI,1234567,2026-03-29,2026-10-24,05:50,raw_time_basis_unknown,ai-s26-5f52f5b73d8fc7,current,confirmed_exact_designator
sha256=107983dc72d381e6897a5a333556946adcc98daef82e954d52cec1fc402c3086|page=20|physical_row=0033|station_section=3:Mumbai|printed_row=28,107983dc72d381e6897a5a333556946adcc98daef82e954d52cec1fc402c3086,20,33,3,Mumbai,28,p20-r28-n1090,p20-r28-n1090-departure,departure,BOM,HYD,AI 2625,AIC,AI,1234567,2026-03-29,2026-10-24,06:00,raw_time_basis_unknown,ai-s26-7d359687440828,current,confirmed_exact_designator
sha256=107983dc72d381e6897a5a333556946adcc98daef82e954d52cec1fc402c3086|page=20|physical_row=0034|station_section=3:Mumbai|printed_row=29,107983dc72d381e6897a5a333556946adcc98daef82e954d52cec1fc402c3086,20,34,3,Mumbai,29,p20-r29-n1091,p20-r29-n1091-departure,departure,BOM,IXC,AI 471,AIC,AI,123456,2026-03-30,2026-10-24,06:05,raw_time_basis_unknown,ai-s26-bca5da2843f376,current,confirmed_exact_designator
sha256=107983dc72d381e6897a5a333556946adcc98daef82e954d52cec1fc402c3086|page=20|physical_row=0035|station_section=3:Mumbai|printed_row=30,107983dc72d381e6897a5a333556946adcc98daef82e954d52cec1fc402c3086,20,35,3,Mumbai,30,p20-r30-n1092,p20-r30-n1092-departure,departure,BOM,BHJ,AI 601,AIC,AI,1234567,2026-03-29,2026-10-24,06:20,raw_time_basis_unknown,ai-s26-d148f215054f50,current,confirmed_exact_designator
sha256=107983dc72d381e6897a5a333556946adcc98daef82e954d52cec1fc402c3086|page=20|physical_row=0036|station_section=3:Mumbai|printed_row=31,107983dc72d381e6897a5a333556946adcc98daef82e954d52cec1fc402c3086,20,36,3,Mumbai,31,p20-r31-n1093,p20-r31-n1093-departure,departure,BOM,CJB,AI 2507,AIC,AI,1234567,2026-03-29,2026-10-24,06:20,raw_time_basis_unknown,ai-s26-0482d706ed815c,current,confirmed_exact_designator
sha256=107983dc72d381e6897a5a333556946adcc98daef82e954d52cec1fc402c3086|page=20|physical_row=0037|station_section=3:Mumbai|printed_row=32,107983dc72d381e6897a5a333556946adcc98daef82e954d52cec1fc402c3086,20,37,3,Mumbai,32,p20-r32-n1094,p20-r32-n1094-departure,departure,BOM,TRV,AI 2605,AIC,AI,1234567,2026-03-29,2026-10-24,06:30,raw_time_basis_unknown,ai-s26-0e59f3bcb88d87,current,confirmed_exact_designator
sha256=107983dc72d381e6897a5a333556946adcc98daef82e954d52cec1fc402c3086|page=20|physical_row=0038|station_section=3:Mumbai|printed_row=33,107983dc72d381e6897a5a333556946adcc98daef82e954d52cec1fc402c3086,20,38,3,Mumbai,33,p20-r33-n1095,p20-r33-n1095-departure,departure,BOM,DEL,AI 2928,AIC,AI,1234567,2026-03-29,2026-10-24,06:30,raw_time_basis_unknown,ai-s26-31ff57e48be21c,current,confirmed_exact_designator
sha256=107983dc72d381e6897a5a333556946adcc98daef82e954d52cec1fc402c3086|page=20|physical_row=0039|station_section=3:Mumbai|printed_row=34,107983dc72d381e6897a5a333556946adcc98daef82e954d52cec1fc402c3086,20,39,3,Mumbai,34,p20-r34-n1096,p20-r34-n1096-departure,departure,BOM,BLR,AI 2603,AIC,AI,1234567,2026-03-29,2026-10-24,06:35,raw_time_basis_unknown,ai-s26-a6168ffc078456,current,confirmed_exact_designator
sha256=107983dc72d381e6897a5a333556946adcc98daef82e954d52cec1fc402c3086|page=20|physical_row=0040|station_section=3:Mumbai|printed_row=35,107983dc72d381e6897a5a333556946adcc98daef82e954d52cec1fc402c3086,20,40,3,Mumbai,35,p20-r35-n1097,p20-r35-n1097-departure,departure,BOM,COK,AI 2787,AIC,AI,1234567,2026-03-29,2026-10-24,06:35,raw_time_basis_unknown,ai-s26-382de51d13826e,current,confirmed_exact_designator
sha256=107983dc72d381e6897a5a333556946adcc98daef82e954d52cec1fc402c3086|page=20|physical_row=0041|station_section=3:Mumbai|printed_row=36,107983dc72d381e6897a5a333556946adcc98daef82e954d52cec1fc402c3086,20,41,3,Mumbai,36,p20-r36-n1098,p20-r36-n1098-departure,departure,BOM,AMD,AI 493,AIC,AI,1234567,2026-03-29,2026-10-24,06:40,raw_time_basis_unknown,ai-s26-279f669a31ba07,current,confirmed_exact_designator
sha256=107983dc72d381e6897a5a333556946adcc98daef82e954d52cec1fc402c3086|page=20|physical_row=0042|station_section=3:Mumbai|printed_row=37,107983dc72d381e6897a5a333556946adcc98daef82e954d52cec1fc402c3086,20,42,3,Mumbai,37,p20-r37-n1099,p20-r37-n1099-departure,departure,BOM,HSR,AI 2785,AIC,AI,1234567,2026-03-29,2026-10-24,06:40,raw_time_basis_unknown,ai-s26-e85cde162adf6e,current,confirmed_exact_designator
sha256=107983dc72d381e6897a5a333556946adcc98daef82e954d52cec1fc402c3086|page=20|physical_row=0043|station_section=3:Mumbai|printed_row=38,107983dc72d381e6897a5a333556946adcc98daef82e954d52cec1fc402c3086,20,43,3,Mumbai,38,p20-r38-n1100,p20-r38-n1100-departure,departure,BOM,MAA,AI 2821,AIC,AI,7,2026-03-29,2026-03-29,06:40,raw_time_basis_unknown,ai-s26-76b75b47d15d98,expired,expired_not_compared_to_baseline
sha256=107983dc72d381e6897a5a333556946adcc98daef82e954d52cec1fc402c3086|page=20|physical_row=0044|station_section=3:Mumbai|printed_row=39,107983dc72d381e6897a5a333556946adcc98daef82e954d52cec1fc402c3086,20,44,3,Mumbai,39,p20-r39-n1101,p20-r39-n1101-departure,departure,BOM,MAA,AI 2821,AIC,AI,3,2026-04-01,2026-10-21,06:40,raw_time_basis_unknown,ai-s26-026cf7519ef08c,current,confirmed_exact_designator
sha256=107983dc72d381e6897a5a333556946adcc98daef82e954d52cec1fc402c3086|page=20|physical_row=0045|station_section=3:Mumbai|printed_row=40,107983dc72d381e6897a5a333556946adcc98daef82e954d52cec1fc402c3086,20,45,3,Mumbai,40,p20-r40-n1102,p20-r40-n1102-departure,departure,BOM,MAA,AI 2821,AIC,AI,1,2026-03-30,2026-10-19,06:40,raw_time_basis_unknown,ai-s26-0662138fbfb2d0,current,confirmed_exact_designator
sha256=107983dc72d381e6897a5a333556946adcc98daef82e954d52cec1fc402c3086|page=20|physical_row=0046|station_section=3:Mumbai|printed_row=41,107983dc72d381e6897a5a333556946adcc98daef82e954d52cec1fc402c3086,20,46,3,Mumbai,41,p20-r41-n1103,p20-r41-n1103-departure,departure,BOM,MAA,AI 2821,AIC,AI,12456,2026-03-30,2026-10-23,06:40,raw_time_basis_unknown,ai-s26-e26af7b681de7a,current,confirmed_exact_designator
sha256=107983dc72d381e6897a5a333556946adcc98daef82e954d52cec1fc402c3086|page=20|physical_row=0047|station_section=3:Mumbai|printed_row=42,107983dc72d381e6897a5a333556946adcc98daef82e954d52cec1fc402c3086,20,47,3,Mumbai,42,p20-r42-n1104,p20-r42-n1104-departure,departure,BOM,JGA,AI 2982,AIC,AI,1234567,2026-03-29,2026-10-24,06:50,raw_time_basis_unknown,ai-s26-af3a5fff98292e,current,confirmed_exact_designator
sha256=107983dc72d381e6897a5a333556946adcc98daef82e954d52cec1fc402c3086|page=20|physical_row=0048|station_section=3:Mumbai|printed_row=43,107983dc72d381e6897a5a333556946adcc98daef82e954d52cec1fc402c3086,20,48,3,Mumbai,43,p20-r43-n1105,p20-r43-n1105-departure,departure,BOM,CCU,AI 2771,AIC,AI,1234567,2026-03-29,2026-10-24,06:55,raw_time_basis_unknown,ai-s26-0631c76175c97f,current,confirmed_exact_designator
sha256=107983dc72d381e6897a5a333556946adcc98daef82e954d52cec1fc402c3086|page=20|physical_row=0049|station_section=3:Mumbai|printed_row=44,107983dc72d381e6897a5a333556946adcc98daef82e954d52cec1fc402c3086,20,49,3,Mumbai,44,p20-r44-n1106,p20-r44-n1106-departure,departure,BOM,DEL,AI 2424,AIC,AI,1234567,2026-03-29,2026-10-24,07:00,raw_time_basis_unknown,ai-s26-e5afd1169ffa53,current,confirmed_exact_designator
sha256=107983dc72d381e6897a5a333556946adcc98daef82e954d52cec1fc402c3086|page=20|physical_row=0050|station_section=3:Mumbai|printed_row=45,107983dc72d381e6897a5a333556946adcc98daef82e954d52cec1fc402c3086,20,50,3,Mumbai,45,p20-r45-n1107,p20-r45-n1107-departure,departure,BOM,IDR,AI 2591,AIC,AI,1234567,2026-03-29,2026-10-24,07:25,raw_time_basis_unknown,ai-s26-39bc037a07250e,current,confirmed_exact_designator
sha256=107983dc72d381e6897a5a333556946adcc98daef82e954d52cec1fc402c3086|page=20|physical_row=0051|station_section=3:Mumbai|printed_row=46,107983dc72d381e6897a5a333556946adcc98daef82e954d52cec1fc402c3086,20,51,3,Mumbai,46,p20-r46-n1108,p20-r46-n1108-departure,departure,BOM,DEL,AI 2930,AIC,AI,1234567,2026-03-29,2026-10-24,07:30,raw_time_basis_unknown,ai-s26-c6112618eeb287,current,confirmed_exact_designator
sha256=107983dc72d381e6897a5a333556946adcc98daef82e954d52cec1fc402c3086|page=20|physical_row=0052|station_section=3:Mumbai|printed_row=47,107983dc72d381e6897a5a333556946adcc98daef82e954d52cec1fc402c3086,20,52,3,Mumbai,47,p20-r47-n1109,p20-r47-n1109-departure,departure,BOM,HYD,AI 2873,AIC,AI,1234567,2026-03-29,2026-10-24,07:35,raw_time_basis_unknown,ai-s26-4d7fe084e2be73,current,confirmed_exact_designator
sha256=107983dc72d381e6897a5a333556946adcc98daef82e954d52cec1fc402c3086|page=20|physical_row=0053|station_section=3:Mumbai|printed_row=48,107983dc72d381e6897a5a333556946adcc98daef82e954d52cec1fc402c3086,20,53,3,Mumbai,48,p20-r48-n1110,p20-r48-n1110-departure,departure,BOM,DED,AI 2741,AIC,AI,1234567,2026-03-29,2026-10-24,07:40,raw_time_basis_unknown,ai-s26-7c6b3fd77f4b5f,current,confirmed_exact_designator
sha256=107983dc72d381e6897a5a333556946adcc98daef82e954d52cec1fc402c3086|page=20|physical_row=0054|station_section=3:Mumbai|printed_row=49,107983dc72d381e6897a5a333556946adcc98daef82e954d52cec1fc402c3086,20,54,3,Mumbai,49,p20-r49-n1111,p20-r49-n1111-arrival,arrival,HYD,BOM,AI 2872,AIC,AI,1234567,2026-03-29,2026-10-24,07:45,raw_time_basis_unknown,ai-s26-b1a3fcaab3cf6b,current,confirmed_exact_designator
sha256=107983dc72d381e6897a5a333556946adcc98daef82e954d52cec1fc402c3086|page=20|physical_row=0055|station_section=3:Mumbai|printed_row=50,107983dc72d381e6897a5a333556946adcc98daef82e954d52cec1fc402c3086,20,55,3,Mumbai,50,p20-r50-n1112,p20-r50-n1112-arrival,arrival,AMD,BOM,AI 2918,AIC,AI,1234567,2026-03-29,2026-10-24,07:45,raw_time_basis_unknown,ai-s26-77706f8f79578e,current,confirmed_exact_designator
sha256=107983dc72d381e6897a5a333556946adcc98daef82e954d52cec1fc402c3086|page=20|physical_row=0056|station_section=3:Mumbai|printed_row=51,107983dc72d381e6897a5a333556946adcc98daef82e954d52cec1fc402c3086,20,56,3,Mumbai,51,p20-r51-n1113,p20-r51-n1113-departure,departure,BOM,BLR,AI 2851,AIC,AI,1234567,2026-03-29,2026-10-24,07:55,raw_time_basis_unknown,ai-s26-d5b362581aca66,current,confirmed_exact_designator
sha256=107983dc72d381e6897a5a333556946adcc98daef82e954d52cec1fc402c3086|page=21|physical_row=0001|station_section=1:Mumbai|printed_row=52,107983dc72d381e6897a5a333556946adcc98daef82e954d52cec1fc402c3086,21,1,1,Mumbai,52,p21-r52-n1114,p21-r52-n1114-arrival,arrival,DEL,BOM,AI 1745,AIC,AI,1234567,2026-03-29,2026-10-24,07:55,raw_time_basis_unknown,ai-s26-40333c0d0e2d72,current,confirmed_exact_designator
sha256=107983dc72d381e6897a5a333556946adcc98daef82e954d52cec1fc402c3086|page=21|physical_row=0002|station_section=1:Mumbai|printed_row=53,107983dc72d381e6897a5a333556946adcc98daef82e954d52cec1fc402c3086,21,2,1,Mumbai,53,p21-r53-n1115,p21-r53-n1115-departure,departure,BOM,DEL,AI 2428,AIC,AI,1234567,2026-03-29,2026-10-24,08:00,raw_time_basis_unknown,ai-s26-638046577f2fee,current,confirmed_exact_designator
sha256=107983dc72d381e6897a5a333556946adcc98daef82e954d52cec1fc402c3086|page=21|physical_row=0003|station_section=1:Mumbai|printed_row=54,107983dc72d381e6897a5a333556946adcc98daef82e954d52cec1fc402c3086,21,3,1,Mumbai,54,p21-r54-n1116,p21-r54-n1116-arrival,arrival,JAI,BOM,AI 414,AIC,AI,67,2026-03-29,2026-10-24,08:00,raw_time_basis_unknown,ai-s26-85a31abfe60bc7,current,confirmed_exact_designator
sha256=107983dc72d381e6897a5a333556946adcc98daef82e954d52cec1fc402c3086|page=21|physical_row=0004|station_section=1:Mumbai|printed_row=55,107983dc72d381e6897a5a333556946adcc98daef82e954d52cec1fc402c3086,21,4,1,Mumbai,55,p21-r55-n1117,p21-r55-n1117-arrival,arrival,JAI,BOM,AI 414,AIC,AI,4,2026-04-02,2026-10-22,08:00,raw_time_basis_unknown,ai-s26-d4b1a0667d4377,current,confirmed_exact_designator
sha256=107983dc72d381e6897a5a333556946adcc98daef82e954d52cec1fc402c3086|page=21|physical_row=0005|station_section=1:Mumbai|printed_row=56,107983dc72d381e6897a5a333556946adcc98daef82e954d52cec1fc402c3086,21,5,1,Mumbai,56,p21-r56-n1118,p21-r56-n1118-arrival,arrival,JAI,BOM,AI 414,AIC,AI,1235,2026-03-30,2026-10-23,08:00,raw_time_basis_unknown,ai-s26-a7e6ed4ba4bda0,current,confirmed_exact_designator
sha256=107983dc72d381e6897a5a333556946adcc98daef82e954d52cec1fc402c3086|page=21|physical_row=0006|station_section=1:Mumbai|printed_row=57,107983dc72d381e6897a5a333556946adcc98daef82e954d52cec1fc402c3086,21,6,1,Mumbai,57,p21-r57-n1119,p21-r57-n1119-arrival,arrival,MAA,BOM,AI 2828,AIC,AI,3,2026-04-01,2026-10-21,08:15,raw_time_basis_unknown,ai-s26-69f077f0b714ab,current,confirmed_exact_designator
sha256=107983dc72d381e6897a5a333556946adcc98daef82e954d52cec1fc402c3086|page=21|physical_row=0007|station_section=1:Mumbai|printed_row=58,107983dc72d381e6897a5a333556946adcc98daef82e954d52cec1fc402c3086,21,7,1,Mumbai,58,p21-r58-n1120,p21-r58-n1120-arrival,arrival,MAA,BOM,AI 2828,AIC,AI,124567,2026-03-29,2026-10-24,08:15,raw_time_basis_unknown,ai-s26-ac030bc6d03617,current,confirmed_exact_designator
sha256=107983dc72d381e6897a5a333556946adcc98daef82e954d52cec1fc402c3086|page=21|physical_row=0008|station_section=1:Mumbai|printed_row=59,107983dc72d381e6897a5a333556946adcc98daef82e954d52cec1fc402c3086,21,8,1,Mumbai,59,p21-r59-n1121,p21-r59-n1121-departure,departure,BOM,DEL,AI 2970,AIC,AI,1234567,2026-03-29,2026-10-24,08:30,raw_time_basis_unknown,ai-s26-55668551a22180,current,confirmed_exact_designator
sha256=107983dc72d381e6897a5a333556946adcc98daef82e954d52cec1fc402c3086|page=21|physical_row=0009|station_section=1:Mumbai|printed_row=60,107983dc72d381e6897a5a333556946adcc98daef82e954d52cec1fc402c3086,21,9,1,Mumbai,60,p21-r60-n1122,p21-r60-n1122-arrival,arrival,GOI,BOM,AI 604,AIC,AI,1234567,2026-03-29,2026-10-24,08:30,raw_time_basis_unknown,ai-s26-023c05291499f8,current,confirmed_exact_designator
sha256=107983dc72d381e6897a5a333556946adcc98daef82e954d52cec1fc402c3086|page=21|physical_row=0010|station_section=1:Mumbai|printed_row=61,107983dc72d381e6897a5a333556946adcc98daef82e954d52cec1fc402c3086,21,10,1,Mumbai,61,p21-r61-n1123,p21-r61-n1123-arrival,arrival,BLR,BOM,AI 2402,AIC,AI,1234567,2026-03-29,2026-10-24,08:35,raw_time_basis_unknown,ai-s26-72333b4a0cc493,current,confirmed_exact_designator
sha256=107983dc72d381e6897a5a333556946adcc98daef82e954d52cec1fc402c3086|page=21|physical_row=0011|station_section=1:Mumbai|printed_row=62,107983dc72d381e6897a5a333556946adcc98daef82e954d52cec1fc402c3086,21,11,1,Mumbai,62,p21-r62-n1124,p21-r62-n1124-arrival,arrival,DEL,BOM,AI 2975,AIC,AI,1234567,2026-03-29,2026-10-24,08:50,raw_time_basis_unknown,ai-s26-3c1ac5145311b4,current,confirmed_exact_designator
sha256=107983dc72d381e6897a5a333556946adcc98daef82e954d52cec1fc402c3086|page=21|physical_row=0012|station_section=1:Mumbai|printed_row=63,107983dc72d381e6897a5a333556946adcc98daef82e954d52cec1fc402c3086,21,12,1,Mumbai,63,p21-r63-n1125,p21-r63-n1125-departure,departure,BOM,HYD,AI 417,AIC,AI,1234567,2026-03-29,2026-10-24,08:55,raw_time_basis_unknown,ai-s26-afa3d98dd6d660,current,confirmed_exact_designator
sha256=107983dc72d381e6897a5a333556946adcc98daef82e954d52cec1fc402c3086|page=21|physical_row=0013|station_section=1:Mumbai|printed_row=64,107983dc72d381e6897a5a333556946adcc98daef82e954d52cec1fc402c3086,21,13,1,Mumbai,64,p21-r64-n1126,p21-r64-n1126-departure,departure,BOM,DEL,AI 1890,AIC,AI,1234567,2026-03-29,2026-10-24,09:00,raw_time_basis_unknown,ai-s26-d9363b00287a2e,current,confirmed_exact_designator
sha256=107983dc72d381e6897a5a333556946adcc98daef82e954d52cec1fc402c3086|page=21|physical_row=0014|station_section=1:Mumbai|printed_row=65,107983dc72d381e6897a5a333556946adcc98daef82e954d52cec1fc402c3086,21,14,1,Mumbai,65,p21-r65-n1127,p21-r65-n1127-departure,departure,BOM,MAA,AI 2739,AIC,AI,1234567,2026-03-29,2026-10-24,09:00,raw_time_basis_unknown,ai-s26-02163a4ca48503,current,confirmed_exact_designator
sha256=107983dc72d381e6897a5a333556946adcc98daef82e954d52cec1fc402c3086|page=21|physical_row=0015|station_section=1:Mumbai|printed_row=66,107983dc72d381e6897a5a333556946adcc98daef82e954d52cec1fc402c3086,21,15,1,Mumbai,66,p21-r66-n1128,p21-r66-n1128-arrival,arrival,MAA,BOM,AI 2779,AIC,AI,124567,2026-03-29,2026-10-24,09:10,raw_time_basis_unknown,ai-s26-c54b9006b2d0d3,current,confirmed_exact_designator
sha256=107983dc72d381e6897a5a333556946adcc98daef82e954d52cec1fc402c3086|page=21|physical_row=0016|station_section=1:Mumbai|printed_row=67,107983dc72d381e6897a5a333556946adcc98daef82e954d52cec1fc402c3086,21,16,1,Mumbai,67,p21-r67-n1129,p21-r67-n1129-arrival,arrival,BDQ,BOM,AI 2892,AIC,AI,1234567,2026-03-29,2026-10-24,09:10,raw_time_basis_unknown,ai-s26-6251981e1f4de9,current,confirmed_exact_designator
sha256=107983dc72d381e6897a5a333556946adcc98daef82e954d52cec1fc402c3086|page=21|physical_row=0017|station_section=1:Mumbai|printed_row=68,107983dc72d381e6897a5a333556946adcc98daef82e954d52cec1fc402c3086,21,17,1,Mumbai,68,p21-r68-n1130,p21-r68-n1130-arrival,arrival,HYD,BOM,AI 2626,AIC,AI,1234567,2026-03-29,2026-10-24,09:15,raw_time_basis_unknown,ai-s26-a85fcb2fd1f15d,current,confirmed_exact_designator
sha256=107983dc72d381e6897a5a333556946adcc98daef82e954d52cec1fc402c3086|page=21|physical_row=0018|station_section=1:Mumbai|printed_row=69,107983dc72d381e6897a5a333556946adcc98daef82e954d52cec1fc402c3086,21,18,1,Mumbai,69,p21-r69-n1131,p21-r69-n1131-departure,departure,BOM,AMD,AI 2847,AIC,AI,3,2026-04-01,2026-04-29,09:20,raw_time_basis_unknown,ai-s26-79f20468d70a2e,expired,expired_not_compared_to_baseline
sha256=107983dc72d381e6897a5a333556946adcc98daef82e954d52cec1fc402c3086|page=21|physical_row=0019|station_section=1:Mumbai|printed_row=70,107983dc72d381e6897a5a333556946adcc98daef82e954d52cec1fc402c3086,21,19,1,Mumbai,70,p21-r70-n1132,p21-r70-n1132-departure,departure,BOM,AMD,AI 2847,AIC,AI,3,2026-05-13,2026-10-21,09:20,raw_time_basis_unknown,ai-s26-6d8e160d6ec824,current,confirmed_exact_designator
sha256=107983dc72d381e6897a5a333556946adcc98daef82e954d52cec1fc402c3086|page=21|physical_row=0020|station_section=1:Mumbai|printed_row=71,107983dc72d381e6897a5a333556946adcc98daef82e954d52cec1fc402c3086,21,20,1,Mumbai,71,p21-r71-n1133,p21-r71-n1133-arrival,arrival,MAA,BOM,AI 2779,AIC,AI,3,2026-04-01,2026-10-21,09:20,raw_time_basis_unknown,ai-s26-1627bc49decc42,current,confirmed_exact_designator
sha256=107983dc72d381e6897a5a333556946adcc98daef82e954d52cec1fc402c3086|page=21|physical_row=0021|station_section=1:Mumbai|printed_row=72,107983dc72d381e6897a5a333556946adcc98daef82e954d52cec1fc402c3086,21,21,1,Mumbai,72,p21-r72-n1134,p21-r72-n1134-arrival,arrival,DEL,BOM,AI 2429,AIC,AI,4,2026-04-02,2026-10-22,09:25,raw_time_basis_unknown,ai-s26-822718b5bd5aef,current,confirmed_exact_designator
sha256=107983dc72d381e6897a5a333556946adcc98daef82e954d52cec1fc402c3086|page=21|physical_row=0022|station_section=1:Mumbai|printed_row=73,107983dc72d381e6897a5a333556946adcc98daef82e954d52cec1fc402c3086,21,22,1,Mumbai,73,p21-r73-n1135,p21-r73-n1135-arrival,arrival,DEL,BOM,AI 2429,AIC,AI,123567,2026-03-29,2026-10-24,09:25,raw_time_basis_unknown,ai-s26-d3dfdc2056dbea,current,confirmed_exact_designator
sha256=107983dc72d381e6897a5a333556946adcc98daef82e954d52cec1fc402c3086|page=21|physical_row=0023|station_section=1:Mumbai|printed_row=74,107983dc72d381e6897a5a333556946adcc98daef82e954d52cec1fc402c3086,21,23,1,Mumbai,74,p21-r74-n1136,p21-r74-n1136-departure,departure,BOM,DEL,AI 2432,AIC,AI,1234567,2026-03-29,2026-10-24,09:30,raw_time_basis_unknown,ai-s26-1849b87025f002,current,confirmed_exact_designator
sha256=107983dc72d381e6897a5a333556946adcc98daef82e954d52cec1fc402c3086|page=21|physical_row=0024|station_section=1:Mumbai|printed_row=75,107983dc72d381e6897a5a333556946adcc98daef82e954d52cec1fc402c3086,21,24,1,Mumbai,75,p21-r75-n1137,p21-r75-n1137-arrival,arrival,HSR,BOM,AI 2786,AIC,AI,1234567,2026-03-29,2026-10-24,09:40,raw_time_basis_unknown,ai-s26-0fa43cb2c9e3a9,current,confirmed_exact_designator
sha256=107983dc72d381e6897a5a333556946adcc98daef82e954d52cec1fc402c3086|page=21|physical_row=0025|station_section=1:Mumbai|printed_row=76,107983dc72d381e6897a5a333556946adcc98daef82e954d52cec1fc402c3086,21,25,1,Mumbai,76,p21-r76-n1138,p21-r76-n1138-arrival,arrival,PAT,BOM,AI 2932,AIC,AI,1234567,2026-03-29,2026-10-24,09:40,raw_time_basis_unknown,ai-s26-fc1b42d55d10da,current,confirmed_exact_designator
sha256=107983dc72d381e6897a5a333556946adcc98daef82e954d52cec1fc402c3086|page=21|physical_row=0026|station_section=1:Mumbai|printed_row=77,107983dc72d381e6897a5a333556946adcc98daef82e954d52cec1fc402c3086,21,26,1,Mumbai,77,p21-r77-n1139,p21-r77-n1139-departure,departure,BOM,VNS,AI 695,AIC,AI,1234567,2026-03-29,2026-10-24,09:45,raw_time_basis_unknown,ai-s26-7937552b24a55d,current,confirmed_exact_designator
sha256=107983dc72d381e6897a5a333556946adcc98daef82e954d52cec1fc402c3086|page=21|physical_row=0027|station_section=1:Mumbai|printed_row=78,107983dc72d381e6897a5a333556946adcc98daef82e954d52cec1fc402c3086,21,27,1,Mumbai,78,p21-r78-n1140,p21-r78-n1140-arrival,arrival,BHJ,BOM,AI 602,AIC,AI,1234567,2026-03-29,2026-10-24,09:45,raw_time_basis_unknown,ai-s26-4dfd36dbadbf8a,current,confirmed_exact_designator
sha256=107983dc72d381e6897a5a333556946adcc98daef82e954d52cec1fc402c3086|page=21|physical_row=0028|station_section=1:Mumbai|printed_row=79,107983dc72d381e6897a5a333556946adcc98daef82e954d52cec1fc402c3086,21,28,1,Mumbai,79,p21-r79-n1141,p21-r79-n1141-departure,departure,BOM,COK,AI 2855,AIC,AI,3,2026-04-01,2026-10-21,09:50,raw_time_basis_unknown,ai-s26-5d46031a30892f,current,confirmed_exact_designator
sha256=107983dc72d381e6897a5a333556946adcc98daef82e954d52cec1fc402c3086|page=21|physical_row=0029|station_section=1:Mumbai|printed_row=80,107983dc72d381e6897a5a333556946adcc98daef82e954d52cec1fc402c3086,21,29,1,Mumbai,80,p21-r80-n1142,p21-r80-n1142-departure,departure,BOM,COK,AI 2855,AIC,AI,124567,2026-03-29,2026-10-24,09:50,raw_time_basis_unknown,ai-s26-67e5955736e473,current,confirmed_exact_designator
sha256=107983dc72d381e6897a5a333556946adcc98daef82e954d52cec1fc402c3086|page=21|physical_row=0030|station_section=1:Mumbai|printed_row=81,107983dc72d381e6897a5a333556946adcc98daef82e954d52cec1fc402c3086,21,30,1,Mumbai,81,p21-r81-n1143,p21-r81-n1143-arrival,arrival,NAG,BOM,AI 2582,AIC,AI,1234567,2026-03-29,2026-04-30,09:50,raw_time_basis_unknown,ai-s26-9a212bf128b17f,expired,expired_not_compared_to_baseline
sha256=107983dc72d381e6897a5a333556946adcc98daef82e954d52cec1fc402c3086|page=21|physical_row=0031|station_section=1:Mumbai|printed_row=82,107983dc72d381e6897a5a333556946adcc98daef82e954d52cec1fc402c3086,21,31,1,Mumbai,82,p21-r82-n1144,p21-r82-n1144-arrival,arrival,NAG,BOM,AI 2582,AIC,AI,1234567,2026-05-01,2026-10-24,09:50,raw_time_basis_unknown,ai-s26-b617f3c06344d9,current,confirmed_exact_designator
sha256=107983dc72d381e6897a5a333556946adcc98daef82e954d52cec1fc402c3086|page=21|physical_row=0032|station_section=1:Mumbai|printed_row=83,107983dc72d381e6897a5a333556946adcc98daef82e954d52cec1fc402c3086,21,32,1,Mumbai,83,p21-r83-n1145,p21-r83-n1145-departure,departure,BOM,AMD,AI 2847,AIC,AI,3,2026-05-06,2026-05-06,09:55,raw_time_basis_unknown,ai-s26-b3c3ec6645a4f4,expired,expired_not_compared_to_baseline
sha256=107983dc72d381e6897a5a333556946adcc98daef82e954d52cec1fc402c3086|page=21|physical_row=0033|station_section=1:Mumbai|printed_row=84,107983dc72d381e6897a5a333556946adcc98daef82e954d52cec1fc402c3086,21,33,1,Mumbai,84,p21-r84-n1146,p21-r84-n1146-departure,departure,BOM,AMD,AI 2847,AIC,AI,124567,2026-03-29,2026-10-24,09:55,raw_time_basis_unknown,ai-s26-3b95631e959f1b,current,confirmed_exact_designator
sha256=107983dc72d381e6897a5a333556946adcc98daef82e954d52cec1fc402c3086|page=21|physical_row=0034|station_section=1:Mumbai|printed_row=85,107983dc72d381e6897a5a333556946adcc98daef82e954d52cec1fc402c3086,21,34,1,Mumbai,85,p21-r85-n1147,p21-r85-n1147-departure,departure,BOM,BLR,AI 2863,AIC,AI,1234567,2026-03-29,2026-10-24,09:55,raw_time_basis_unknown,ai-s26-2eac2eae6b3ac6,current,confirmed_exact_designator
sha256=107983dc72d381e6897a5a333556946adcc98daef82e954d52cec1fc402c3086|page=21|physical_row=0035|station_section=1:Mumbai|printed_row=86,107983dc72d381e6897a5a333556946adcc98daef82e954d52cec1fc402c3086,21,35,1,Mumbai,86,p21-r86-n1148,p21-r86-n1148-arrival,arrival,CCU,BOM,AI 2644,AIC,AI,1234567,2026-03-29,2026-10-24,09:55,raw_time_basis_unknown,ai-s26-6364f9196886a3,current,confirmed_exact_designator
sha256=107983dc72d381e6897a5a333556946adcc98daef82e954d52cec1fc402c3086|page=21|physical_row=0036|station_section=1:Mumbai|printed_row=87,107983dc72d381e6897a5a333556946adcc98daef82e954d52cec1fc402c3086,21,36,1,Mumbai,87,p21-r87-n1149,p21-r87-n1149-arrival,arrival,DEL,BOM,AI 2943,AIC,AI,1234567,2026-03-29,2026-04-30,09:55,raw_time_basis_unknown,ai-s26-172876456eb373,expired,expired_not_compared_to_baseline
sha256=107983dc72d381e6897a5a333556946adcc98daef82e954d52cec1fc402c3086|page=21|physical_row=0037|station_section=1:Mumbai|printed_row=88,107983dc72d381e6897a5a333556946adcc98daef82e954d52cec1fc402c3086,21,37,1,Mumbai,88,p21-r88-n1150,p21-r88-n1150-arrival,arrival,DEL,BOM,AI 2943,AIC,AI,1234567,2026-05-01,2026-10-24,09:55,raw_time_basis_unknown,ai-s26-2e48cec77e8e6d,current,confirmed_exact_designator
sha256=107983dc72d381e6897a5a333556946adcc98daef82e954d52cec1fc402c3086|page=21|physical_row=0038|station_section=1:Mumbai|printed_row=89,107983dc72d381e6897a5a333556946adcc98daef82e954d52cec1fc402c3086,21,38,1,Mumbai,89,p21-r89-n1151,p21-r89-n1151-departure,departure,BOM,DEL,AI 2430,AIC,AI,4,2026-04-02,2026-10-22,10:00,raw_time_basis_unknown,ai-s26-d69b0009f421ec,current,confirmed_exact_designator
sha256=107983dc72d381e6897a5a333556946adcc98daef82e954d52cec1fc402c3086|page=21|physical_row=0039|station_section=1:Mumbai|printed_row=90,107983dc72d381e6897a5a333556946adcc98daef82e954d52cec1fc402c3086,21,39,1,Mumbai,90,p21-r90-n1152,p21-r90-n1152-departure,departure,BOM,DEL,AI 2430,AIC,AI,123567,2026-03-29,2026-10-24,10:00,raw_time_basis_unknown,ai-s26-58dfda887d0a00,current,confirmed_exact_designator
sha256=107983dc72d381e6897a5a333556946adcc98daef82e954d52cec1fc402c3086|page=21|physical_row=0040|station_section=1:Mumbai|printed_row=91,107983dc72d381e6897a5a333556946adcc98daef82e954d52cec1fc402c3086,21,40,1,Mumbai,91,p21-r91-n1153,p21-r91-n1153-departure,departure,BOM,ATQ,AI 2997,AIC,AI,1234567,2026-03-29,2026-10-24,10:10,raw_time_basis_unknown,ai-s26-c3846852da59f3,current,confirmed_exact_designator
sha256=107983dc72d381e6897a5a333556946adcc98daef82e954d52cec1fc402c3086|page=21|physical_row=0041|station_section=1:Mumbai|printed_row=92,107983dc72d381e6897a5a333556946adcc98daef82e954d52cec1fc402c3086,21,41,1,Mumbai,92,p21-r92-n1154,p21-r92-n1154-arrival,arrival,COK,BOM,AI 2744,AIC,AI,1234567,2026-03-29,2026-10-24,10:20,raw_time_basis_unknown,ai-s26-0ba97f42dd546c,current,confirmed_exact_designator
sha256=107983dc72d381e6897a5a333556946adcc98daef82e954d52cec1fc402c3086|page=21|physical_row=0042|station_section=1:Mumbai|printed_row=93,107983dc72d381e6897a5a333556946adcc98daef82e954d52cec1fc402c3086,21,42,1,Mumbai,93,p21-r93-n1155,p21-r93-n1155-arrival,arrival,BLR,BOM,AI 2846,AIC,AI,1234567,2026-03-29,2026-10-24,10:20,raw_time_basis_unknown,ai-s26-6011a8b69ddb92,current,confirmed_exact_designator
sha256=107983dc72d381e6897a5a333556946adcc98daef82e954d52cec1fc402c3086|page=21|physical_row=0043|station_section=1:Mumbai|printed_row=94,107983dc72d381e6897a5a333556946adcc98daef82e954d52cec1fc402c3086,21,43,1,Mumbai,94,p21-r94-n1156,p21-r94-n1156-arrival,arrival,JGA,BOM,AI 2983,AIC,AI,1234567,2026-03-29,2026-10-24,10:20,raw_time_basis_unknown,ai-s26-b97d42c966fb30,current,confirmed_exact_designator
sha256=107983dc72d381e6897a5a333556946adcc98daef82e954d52cec1fc402c3086|page=21|physical_row=0044|station_section=1:Mumbai|printed_row=95,107983dc72d381e6897a5a333556946adcc98daef82e954d52cec1fc402c3086,21,44,1,Mumbai,95,p21-r95-n1157,p21-r95-n1157-departure,departure,BOM,SXR,AI 2663,AIC,AI,5,2026-04-24,2026-04-24,10:25,raw_time_basis_unknown,ai-s26-ac9c7fe1d0bc21,expired,expired_not_compared_to_baseline
sha256=107983dc72d381e6897a5a333556946adcc98daef82e954d52cec1fc402c3086|page=21|physical_row=0045|station_section=1:Mumbai|printed_row=96,107983dc72d381e6897a5a333556946adcc98daef82e954d52cec1fc402c3086,21,45,1,Mumbai,96,p21-r96-n1158,p21-r96-n1158-departure,departure,BOM,SXR,AI 2663,AIC,AI,35,2026-04-29,2026-10-23,10:25,raw_time_basis_unknown,ai-s26-fa5f0e20dd7535,current,confirmed_exact_designator
sha256=107983dc72d381e6897a5a333556946adcc98daef82e954d52cec1fc402c3086|page=21|physical_row=0046|station_section=1:Mumbai|printed_row=97,107983dc72d381e6897a5a333556946adcc98daef82e954d52cec1fc402c3086,21,46,1,Mumbai,97,p21-r97-n1159,p21-r97-n1159-departure,departure,BOM,SXR,AI 2663,AIC,AI,167,2026-04-25,2026-04-27,10:25,raw_time_basis_unknown,ai-s26-3dcbc9538fd573,expired,expired_not_compared_to_baseline
sha256=107983dc72d381e6897a5a333556946adcc98daef82e954d52cec1fc402c3086|page=21|physical_row=0047|station_section=1:Mumbai|printed_row=98,107983dc72d381e6897a5a333556946adcc98daef82e954d52cec1fc402c3086,21,47,1,Mumbai,98,p21-r98-n1160,p21-r98-n1160-departure,departure,BOM,SXR,AI 2663,AIC,AI,12467,2026-04-28,2026-10-24,10:25,raw_time_basis_unknown,ai-s26-20a080b5e487a7,current,confirmed_exact_designator
sha256=107983dc72d381e6897a5a333556946adcc98daef82e954d52cec1fc402c3086|page=21|physical_row=0048|station_section=1:Mumbai|printed_row=99,107983dc72d381e6897a5a333556946adcc98daef82e954d52cec1fc402c3086,21,48,1,Mumbai,99,p21-r99-n1161,p21-r99-n1161-departure,departure,BOM,SXR,AI 2663,AIC,AI,1234567,2026-03-29,2026-04-23,10:25,raw_time_basis_unknown,ai-s26-4e35df8469eb7d,expired,expired_not_compared_to_baseline
sha256=107983dc72d381e6897a5a333556946adcc98daef82e954d52cec1fc402c3086|page=21|physical_row=0049|station_section=1:Mumbai|printed_row=100,107983dc72d381e6897a5a333556946adcc98daef82e954d52cec1fc402c3086,21,49,1,Mumbai,100,p21-r100-n1162,p21-r100-n1162-arrival,arrival,AMD,BOM,AI 494,AIC,AI,1234567,2026-03-29,2026-10-24,10:30,raw_time_basis_unknown,ai-s26-e135092cea5018,current,confirmed_exact_designator
sha256=107983dc72d381e6897a5a333556946adcc98daef82e954d52cec1fc402c3086|page=21|physical_row=0050|station_section=1:Mumbai|printed_row=101,107983dc72d381e6897a5a333556946adcc98daef82e954d52cec1fc402c3086,21,50,1,Mumbai,101,p21-r101-n1163,p21-r101-n1163-arrival,arrival,ATQ,BOM,AI 2729,AIC,AI,3,2026-04-01,2026-10-21,10:30,raw_time_basis_unknown,ai-s26-45e40013bb3b79,current,confirmed_exact_designator
sha256=107983dc72d381e6897a5a333556946adcc98daef82e954d52cec1fc402c3086|page=21|physical_row=0051|station_section=1:Mumbai|printed_row=102,107983dc72d381e6897a5a333556946adcc98daef82e954d52cec1fc402c3086,21,51,1,Mumbai,102,p21-r102-n1164,p21-r102-n1164-departure,departure,BOM,UDR,AI 2579,AIC,AI,1234567,2026-03-29,2026-10-24,10:35,raw_time_basis_unknown,ai-s26-6a4a5ed83f5aad,current,confirmed_exact_designator
sha256=107983dc72d381e6897a5a333556946adcc98daef82e954d52cec1fc402c3086|page=21|physical_row=0052|station_section=1:Mumbai|printed_row=103,107983dc72d381e6897a5a333556946adcc98daef82e954d52cec1fc402c3086,21,52,1,Mumbai,103,p21-r103-n1165,p21-r103-n1165-arrival,arrival,DEL,BOM,AI 2678,AIC,AI,1234567,2026-03-29,2026-10-24,10:40,raw_time_basis_unknown,ai-s26-c61cc6d42575df,current,confirmed_exact_designator
sha256=107983dc72d381e6897a5a333556946adcc98daef82e954d52cec1fc402c3086|page=21|physical_row=0053|station_section=1:Mumbai|printed_row=104,107983dc72d381e6897a5a333556946adcc98daef82e954d52cec1fc402c3086,21,53,1,Mumbai,104,p21-r104-n1166,p21-r104-n1166-departure,departure,BOM,JAI,AI 2781,AIC,AI,1234567,2026-03-29,2026-10-24,10:45,raw_time_basis_unknown,ai-s26-ea13cf7ca2d158,current,confirmed_exact_designator
sha256=107983dc72d381e6897a5a333556946adcc98daef82e954d52cec1fc402c3086|page=21|physical_row=0054|station_section=1:Mumbai|printed_row=105,107983dc72d381e6897a5a333556946adcc98daef82e954d52cec1fc402c3086,21,54,1,Mumbai,105,p21-r105-n1167,p21-r105-n1167-departure,departure,BOM,JGA,AI 647,AIC,AI,1234567,2026-03-29,2026-10-24,10:50,raw_time_basis_unknown,ai-s26-e0d489e5b21ac7,current,confirmed_exact_designator
sha256=107983dc72d381e6897a5a333556946adcc98daef82e954d52cec1fc402c3086|page=21|physical_row=0055|station_section=1:Mumbai|printed_row=106,107983dc72d381e6897a5a333556946adcc98daef82e954d52cec1fc402c3086,21,55,1,Mumbai,106,p21-r106-n1168,p21-r106-n1168-departure,departure,BOM,HYD,AI 2444,AIC,AI,1234567,2026-03-29,2026-10-24,10:50,raw_time_basis_unknown,ai-s26-22fa05facc3dea,current,confirmed_exact_designator
sha256=107983dc72d381e6897a5a333556946adcc98daef82e954d52cec1fc402c3086|page=21|physical_row=0056|station_section=1:Mumbai|printed_row=107,107983dc72d381e6897a5a333556946adcc98daef82e954d52cec1fc402c3086,21,56,1,Mumbai,107,p21-r107-n1169,p21-r107-n1169-departure,departure,BOM,JDH,AI 645,AIC,AI,1234567,2026-04-28,2026-10-24,10:55,raw_time_basis_unknown,ai-s26-912680aa2b7ce0,current,confirmed_exact_designator
sha256=107983dc72d381e6897a5a333556946adcc98daef82e954d52cec1fc402c3086|page=21|physical_row=0057|station_section=1:Mumbai|printed_row=108,107983dc72d381e6897a5a333556946adcc98daef82e954d52cec1fc402c3086,21,57,1,Mumbai,108,p21-r108-n1170,p21-r108-n1170-departure,departure,BOM,PAT,AI 2789,AIC,AI,1234567,2026-03-29,2026-10-24,10:55,raw_time_basis_unknown,ai-s26-5bfc58492344c8,current,confirmed_exact_designator
sha256=107983dc72d381e6897a5a333556946adcc98daef82e954d52cec1fc402c3086|page=21|physical_row=0058|station_section=1:Mumbai|printed_row=109,107983dc72d381e6897a5a333556946adcc98daef82e954d52cec1fc402c3086,21,58,1,Mumbai,109,p21-r109-n1171,p21-r109-n1171-arrival,arrival,IXC,BOM,AI 472,AIC,AI,7,2026-03-29,2026-10-18,11:05,raw_time_basis_unknown,ai-s26-23a39ec90b06e9,current,confirmed_exact_designator
sha256=107983dc72d381e6897a5a333556946adcc98daef82e954d52cec1fc402c3086|page=22|physical_row=0001|station_section=1:Mumbai|printed_row=110,107983dc72d381e6897a5a333556946adcc98daef82e954d52cec1fc402c3086,22,1,1,Mumbai,110,p22-r110-n1172,p22-r110-n1172-arrival,arrival,CJB,BOM,AI 2508,AIC,AI,1234567,2026-03-29,2026-10-24,11:05,raw_time_basis_unknown,ai-s26-8524d8051aaed2,current,confirmed_exact_designator
sha256=107983dc72d381e6897a5a333556946adcc98daef82e954d52cec1fc402c3086|page=22|physical_row=0002|station_section=1:Mumbai|printed_row=111,107983dc72d381e6897a5a333556946adcc98daef82e954d52cec1fc402c3086,22,2,1,Mumbai,111,p22-r111-n1173,p22-r111-n1173-departure,departure,BOM,DEL,AI 2952,AIC,AI,1234567,2026-03-29,2026-04-30,11:10,raw_time_basis_unknown,ai-s26-31e9a8649eb39a,expired,expired_not_compared_to_baseline
sha256=107983dc72d381e6897a5a333556946adcc98daef82e954d52cec1fc402c3086|page=22|physical_row=0003|station_section=1:Mumbai|printed_row=112,107983dc72d381e6897a5a333556946adcc98daef82e954d52cec1fc402c3086,22,3,1,Mumbai,112,p22-r112-n1174,p22-r112-n1174-departure,departure,BOM,DEL,AI 2952,AIC,AI,1234567,2026-05-01,2026-10-24,11:10,raw_time_basis_unknown,ai-s26-8592f0e30e7c70,current,confirmed_exact_designator
sha256=107983dc72d381e6897a5a333556946adcc98daef82e954d52cec1fc402c3086|page=22|physical_row=0004|station_section=1:Mumbai|printed_row=113,107983dc72d381e6897a5a333556946adcc98daef82e954d52cec1fc402c3086,22,4,1,Mumbai,113,p22-r113-n1175,p22-r113-n1175-departure,departure,BOM,LKO,AI 2491,AIC,AI,1234567,2026-03-29,2026-10-24,11:15,raw_time_basis_unknown,ai-s26-072a5c3993ed30,current,confirmed_exact_designator
sha256=107983dc72d381e6897a5a333556946adcc98daef82e954d52cec1fc402c3086|page=22|physical_row=0005|station_section=1:Mumbai|printed_row=114,107983dc72d381e6897a5a333556946adcc98daef82e954d52cec1fc402c3086,22,5,1,Mumbai,114,p22-r114-n1176,p22-r114-n1176-arrival,arrival,BLR,BOM,AI 2604,AIC,AI,1234567,2026-03-29,2026-10-24,11:15,raw_time_basis_unknown,ai-s26-a34d27876ddc93,current,confirmed_exact_designator
sha256=107983dc72d381e6897a5a333556946adcc98daef82e954d52cec1fc402c3086|page=22|physical_row=0006|station_section=1:Mumbai|printed_row=115,107983dc72d381e6897a5a333556946adcc98daef82e954d52cec1fc402c3086,22,6,1,Mumbai,115,p22-r115-n1177,p22-r115-n1177-arrival,arrival,DEL,BOM,AI 2963,AIC,AI,4,2026-04-02,2026-10-22,11:15,raw_time_basis_unknown,ai-s26-323aa064fcebe9,current,confirmed_exact_designator
sha256=107983dc72d381e6897a5a333556946adcc98daef82e954d52cec1fc402c3086|page=22|physical_row=0007|station_section=1:Mumbai|printed_row=116,107983dc72d381e6897a5a333556946adcc98daef82e954d52cec1fc402c3086,22,7,1,Mumbai,116,p22-r116-n1178,p22-r116-n1178-arrival,arrival,DEL,BOM,AI 2963,AIC,AI,3,2026-04-01,2026-10-21,11:15,raw_time_basis_unknown,ai-s26-740e4fbf182525,current,confirmed_exact_designator
sha256=107983dc72d381e6897a5a333556946adcc98daef82e954d52cec1fc402c3086|page=22|physical_row=0008|station_section=1:Mumbai|printed_row=117,107983dc72d381e6897a5a333556946adcc98daef82e954d52cec1fc402c3086,22,8,1,Mumbai,117,p22-r117-n1179,p22-r117-n1179-arrival,arrival,DEL,BOM,AI 2963,AIC,AI,12567,2026-03-29,2026-10-24,11:15,raw_time_basis_unknown,ai-s26-eb086a6438010f,current,confirmed_exact_designator
sha256=107983dc72d381e6897a5a333556946adcc98daef82e954d52cec1fc402c3086|page=22|physical_row=0009|station_section=1:Mumbai|printed_row=118,107983dc72d381e6897a5a333556946adcc98daef82e954d52cec1fc402c3086,22,9,1,Mumbai,118,p22-r118-n1180,p22-r118-n1180-departure,departure,BOM,BHO,AI 633,AIC,AI,1234567,2026-03-29,2026-10-24,11:20,raw_time_basis_unknown,ai-s26-19dea3800aeb4d,current,confirmed_exact_designator
sha256=107983dc72d381e6897a5a333556946adcc98daef82e954d52cec1fc402c3086|page=22|physical_row=0010|station_section=1:Mumbai|printed_row=119,107983dc72d381e6897a5a333556946adcc98daef82e954d52cec1fc402c3086,22,10,1,Mumbai,119,p22-r119-n1181,p22-r119-n1181-departure,departure,BOM,GOI,AI 2841,AIC,AI,1234567,2026-03-29,2026-10-24,11:20,raw_time_basis_unknown,ai-s26-9c392dbf39c5c2,current,confirmed_exact_designator
sha256=107983dc72d381e6897a5a333556946adcc98daef82e954d52cec1fc402c3086|page=22|physical_row=0011|station_section=1:Mumbai|printed_row=120,107983dc72d381e6897a5a333556946adcc98daef82e954d52cec1fc402c3086,22,11,1,Mumbai,120,p22-r120-n1182,p22-r120-n1182-arrival,arrival,ATQ,BOM,AI 2729,AIC,AI,4,2026-04-02,2026-10-22,11:25,raw_time_basis_unknown,ai-s26-46cd6baecb1f42,current,confirmed_exact_designator
sha256=107983dc72d381e6897a5a333556946adcc98daef82e954d52cec1fc402c3086|page=22|physical_row=0012|station_section=1:Mumbai|printed_row=121,107983dc72d381e6897a5a333556946adcc98daef82e954d52cec1fc402c3086,22,12,1,Mumbai,121,p22-r121-n1183,p22-r121-n1183-arrival,arrival,ATQ,BOM,AI 2729,AIC,AI,12567,2026-03-29,2026-10-24,11:25,raw_time_basis_unknown,ai-s26-bf897019873937,current,confirmed_exact_designator
sha256=107983dc72d381e6897a5a333556946adcc98daef82e954d52cec1fc402c3086|page=22|physical_row=0013|station_section=1:Mumbai|printed_row=122,107983dc72d381e6897a5a333556946adcc98daef82e954d52cec1fc402c3086,22,13,1,Mumbai,122,p22-r122-n1184,p22-r122-n1184-departure,departure,BOM,CCU,AI 2471,AIC,AI,1234567,2026-03-29,2026-10-24,11:30,raw_time_basis_unknown,ai-s26-878eb0ab10de4a,current,confirmed_exact_designator
sha256=107983dc72d381e6897a5a333556946adcc98daef82e954d52cec1fc402c3086|page=22|physical_row=0014|station_section=1:Mumbai|printed_row=123,107983dc72d381e6897a5a333556946adcc98daef82e954d52cec1fc402c3086,22,14,1,Mumbai,123,p22-r123-n1185,p22-r123-n1185-arrival,arrival,IXC,BOM,AI 472,AIC,AI,123456,2026-03-30,2026-10-24,11:35,raw_time_basis_unknown,ai-s26-1351f0f1e6447f,current,confirmed_exact_designator
sha256=107983dc72d381e6897a5a333556946adcc98daef82e954d52cec1fc402c3086|page=22|physical_row=0015|station_section=1:Mumbai|printed_row=124,107983dc72d381e6897a5a333556946adcc98daef82e954d52cec1fc402c3086,22,15,1,Mumbai,124,p22-r124-n1186,p22-r124-n1186-arrival,arrival,HYD,BOM,AI 2874,AIC,AI,1234567,2026-03-29,2026-10-24,11:50,raw_time_basis_unknown,ai-s26-ba039cd9e4c113,current,confirmed_exact_designator
sha256=107983dc72d381e6897a5a333556946adcc98daef82e954d52cec1fc402c3086|page=22|physical_row=0016|station_section=1:Mumbai|printed_row=125,107983dc72d381e6897a5a333556946adcc98daef82e954d52cec1fc402c3086,22,16,1,Mumbai,125,p22-r125-n1187,p22-r125-n1187-arrival,arrival,TRV,BOM,AI 2606,AIC,AI,1234567,2026-03-29,2026-10-24,11:55,raw_time_basis_unknown,ai-s26-c9bb379213b795,current,confirmed_exact_designator
sha256=107983dc72d381e6897a5a333556946adcc98daef82e954d52cec1fc402c3086|page=22|physical_row=0017|station_section=1:Mumbai|printed_row=126,107983dc72d381e6897a5a333556946adcc98daef82e954d52cec1fc402c3086,22,17,1,Mumbai,126,p22-r126-n1188,p22-r126-n1188-arrival,arrival,MAA,BOM,AI 2822,AIC,AI,1234567,2026-03-29,2026-10-24,11:55,raw_time_basis_unknown,ai-s26-dc4c1b8405db65,current,confirmed_exact_designator
sha256=107983dc72d381e6897a5a333556946adcc98daef82e954d52cec1fc402c3086|page=22|physical_row=0018|station_section=1:Mumbai|printed_row=127,107983dc72d381e6897a5a333556946adcc98daef82e954d52cec1fc402c3086,22,18,1,Mumbai,127,p22-r127-n1189,p22-r127-n1189-departure,departure,BOM,DEL,AI 2419,AIC,AI,1234567,2026-03-29,2026-10-24,12:00,raw_time_basis_unknown,ai-s26-b0469e7fbbd958,current,confirmed_exact_designator
sha256=107983dc72d381e6897a5a333556946adcc98daef82e954d52cec1fc402c3086|page=22|physical_row=0019|station_section=1:Mumbai|printed_row=128,107983dc72d381e6897a5a333556946adcc98daef82e954d52cec1fc402c3086,22,19,1,Mumbai,128,p22-r128-n1190,p22-r128-n1190-departure,departure,BOM,BLR,AI 2632,AIC,AI,1234567,2026-03-29,2026-10-24,12:00,raw_time_basis_unknown,ai-s26-433708bbf506c2,current,confirmed_exact_designator
sha256=107983dc72d381e6897a5a333556946adcc98daef82e954d52cec1fc402c3086|page=22|physical_row=0020|station_section=1:Mumbai|printed_row=129,107983dc72d381e6897a5a333556946adcc98daef82e954d52cec1fc402c3086,22,20,1,Mumbai,129,p22-r129-n1191,p22-r129-n1191-arrival,arrival,DEL,BOM,AI 2927,AIC,AI,1234567,2026-03-29,2026-10-24,12:00,raw_time_basis_unknown,ai-s26-cf53aac5e63a0a,current,confirmed_exact_designator
sha256=107983dc72d381e6897a5a333556946adcc98daef82e954d52cec1fc402c3086|page=22|physical_row=0021|station_section=1:Mumbai|printed_row=130,107983dc72d381e6897a5a333556946adcc98daef82e954d52cec1fc402c3086,22,21,1,Mumbai,130,p22-r130-n1192,p22-r130-n1192-departure,departure,BOM,DED,AI 431,AIC,AI,1234567,2026-03-29,2026-10-24,12:10,raw_time_basis_unknown,ai-s26-c94daabf5b214a,current,confirmed_exact_designator
sha256=107983dc72d381e6897a5a333556946adcc98daef82e954d52cec1fc402c3086|page=22|physical_row=0022|station_section=1:Mumbai|printed_row=131,107983dc72d381e6897a5a333556946adcc98daef82e954d52cec1fc402c3086,22,22,1,Mumbai,131,p22-r131-n1193,p22-r131-n1193-arrival,arrival,DEL,BOM,AI 2995,AIC,AI,1234567,2026-03-29,2026-10-24,12:25,raw_time_basis_unknown,ai-s26-7551e857752a31,current,confirmed_exact_designator
sha256=107983dc72d381e6897a5a333556946adcc98daef82e954d52cec1fc402c3086|page=22|physical_row=0023|station_section=1:Mumbai|printed_row=132,107983dc72d381e6897a5a333556946adcc98daef82e954d52cec1fc402c3086,22,23,1,Mumbai,132,p22-r132-n1194,p22-r132-n1194-departure,departure,BOM,UDR,AI 2593,AIC,AI,234567,2026-03-29,2026-10-24,12:30,raw_time_basis_unknown,ai-s26-5cb3f449bb142d,current,confirmed_exact_designator
sha256=107983dc72d381e6897a5a333556946adcc98daef82e954d52cec1fc402c3086|page=22|physical_row=0024|station_section=1:Mumbai|printed_row=133,107983dc72d381e6897a5a333556946adcc98daef82e954d52cec1fc402c3086,22,24,1,Mumbai,133,p22-r133-n1195,p22-r133-n1195-arrival,arrival,COK,BOM,AI 2788,AIC,AI,1234567,2026-03-29,2026-10-24,12:35,raw_time_basis_unknown,ai-s26-6718b263e9d4bc,current,confirmed_exact_designator
sha256=107983dc72d381e6897a5a333556946adcc98daef82e954d52cec1fc402c3086|page=22|physical_row=0025|station_section=1:Mumbai|printed_row=134,107983dc72d381e6897a5a333556946adcc98daef82e954d52cec1fc402c3086,22,25,1,Mumbai,134,p22-r134-n1196,p22-r134-n1196-arrival,arrival,BLR,BOM,AI 2852,AIC,AI,1234567,2026-03-29,2026-10-24,12:35,raw_time_basis_unknown,ai-s26-928a3f3d67c40c,current,confirmed_exact_designator
sha256=107983dc72d381e6897a5a333556946adcc98daef82e954d52cec1fc402c3086|page=22|physical_row=0026|station_section=1:Mumbai|printed_row=135,107983dc72d381e6897a5a333556946adcc98daef82e954d52cec1fc402c3086,22,26,1,Mumbai,135,p22-r135-n1197,p22-r135-n1197-departure,departure,BOM,MAA,AI 2780,AIC,AI,4,2026-04-02,2026-10-22,12:45,raw_time_basis_unknown,ai-s26-808598ce104425,current,confirmed_exact_designator
sha256=107983dc72d381e6897a5a333556946adcc98daef82e954d52cec1fc402c3086|page=22|physical_row=0027|station_section=1:Mumbai|printed_row=136,107983dc72d381e6897a5a333556946adcc98daef82e954d52cec1fc402c3086,22,27,1,Mumbai,136,p22-r136-n1198,p22-r136-n1198-departure,departure,BOM,MAA,AI 2780,AIC,AI,123567,2026-03-29,2026-10-24,12:45,raw_time_basis_unknown,ai-s26-32332f3859f1fd,current,confirmed_exact_designator
sha256=107983dc72d381e6897a5a333556946adcc98daef82e954d52cec1fc402c3086|page=22|physical_row=0028|station_section=1:Mumbai|printed_row=137,107983dc72d381e6897a5a333556946adcc98daef82e954d52cec1fc402c3086,22,28,1,Mumbai,137,p22-r137-n1199,p22-r137-n1199-arrival,arrival,DEL,BOM,AI 2425,AIC,AI,4,2026-04-02,2026-10-01,12:50,raw_time_basis_unknown,ai-s26-f65a7312c49136,expired,expired_not_compared_to_baseline
sha256=107983dc72d381e6897a5a333556946adcc98daef82e954d52cec1fc402c3086|page=22|physical_row=0029|station_section=1:Mumbai|printed_row=138,107983dc72d381e6897a5a333556946adcc98daef82e954d52cec1fc402c3086,22,29,1,Mumbai,138,p22-r138-n1200,p22-r138-n1200-arrival,arrival,DEL,BOM,AI 2425,AIC,AI,4,2026-10-08,2026-10-22,12:50,raw_time_basis_unknown,ai-s26-10253e282bca43,future,confirmed_exact_designator
sha256=107983dc72d381e6897a5a333556946adcc98daef82e954d52cec1fc402c3086|page=22|physical_row=0030|station_section=1:Mumbai|printed_row=139,107983dc72d381e6897a5a333556946adcc98daef82e954d52cec1fc402c3086,22,30,1,Mumbai,139,p22-r139-n1201,p22-r139-n1201-arrival,arrival,DEL,BOM,AI 2425,AIC,AI,3567,2026-03-29,2026-10-24,12:50,raw_time_basis_unknown,ai-s26-16ae403bf1d3f3,current,confirmed_exact_designator
sha256=107983dc72d381e6897a5a333556946adcc98daef82e954d52cec1fc402c3086|page=22|physical_row=0031|station_section=1:Mumbai|printed_row=140,107983dc72d381e6897a5a333556946adcc98daef82e954d52cec1fc402c3086,22,31,1,Mumbai,140,p22-r140-n1202,p22-r140-n1202-arrival,arrival,DEL,BOM,AI 2425,AIC,AI,12,2026-03-30,2026-10-20,12:50,raw_time_basis_unknown,ai-s26-f3ec69783d4797,current,confirmed_exact_designator
sha256=107983dc72d381e6897a5a333556946adcc98daef82e954d52cec1fc402c3086|page=22|physical_row=0032|station_section=1:Mumbai|printed_row=141,107983dc72d381e6897a5a333556946adcc98daef82e954d52cec1fc402c3086,22,32,1,Mumbai,141,p22-r141-n1203,p22-r141-n1203-departure,departure,BOM,AMD,AI 2503,AIC,AI,124567,2026-03-29,2026-10-24,12:55,raw_time_basis_unknown,ai-s26-3032a6fde3a297,current,confirmed_exact_designator
sha256=107983dc72d381e6897a5a333556946adcc98daef82e954d52cec1fc402c3086|page=22|physical_row=0033|station_section=1:Mumbai|printed_row=142,107983dc72d381e6897a5a333556946adcc98daef82e954d52cec1fc402c3086,22,33,1,Mumbai,142,p22-r142-n1204,p22-r142-n1204-departure,departure,BOM,DEL,AI 2677,AIC,AI,1234567,2026-03-29,2026-10-24,13:00,raw_time_basis_unknown,ai-s26-1d32c8c3a9328c,current,confirmed_exact_designator
sha256=107983dc72d381e6897a5a333556946adcc98daef82e954d52cec1fc402c3086|page=22|physical_row=0034|station_section=1:Mumbai|printed_row=143,107983dc72d381e6897a5a333556946adcc98daef82e954d52cec1fc402c3086,22,34,1,Mumbai,143,p22-r143-n1205,p22-r143-n1205-departure,departure,BOM,GOI,AI 2477,AIC,AI,1234567,2026-03-29,2026-10-24,13:05,raw_time_basis_unknown,ai-s26-a4ac46462757d6,current,confirmed_exact_designator
sha256=107983dc72d381e6897a5a333556946adcc98daef82e954d52cec1fc402c3086|page=22|physical_row=0035|station_section=1:Mumbai|printed_row=144,107983dc72d381e6897a5a333556946adcc98daef82e954d52cec1fc402c3086,22,35,1,Mumbai,144,p22-r144-n1206,p22-r144-n1206-arrival,arrival,DED,BOM,AI 2742,AIC,AI,1234567,2026-03-29,2026-10-24,13:05,raw_time_basis_unknown,ai-s26-d82195c1498db5,current,confirmed_exact_designator
sha256=107983dc72d381e6897a5a333556946adcc98daef82e954d52cec1fc402c3086|page=22|physical_row=0036|station_section=1:Mumbai|printed_row=145,107983dc72d381e6897a5a333556946adcc98daef82e954d52cec1fc402c3086,22,36,1,Mumbai,145,p22-r145-n1207,p22-r145-n1207-arrival,arrival,AMD,BOM,AI 2848,AIC,AI,3,2026-04-01,2026-04-29,13:15,raw_time_basis_unknown,ai-s26-8d54f051735a87,expired,expired_not_compared_to_baseline
sha256=107983dc72d381e6897a5a333556946adcc98daef82e954d52cec1fc402c3086|page=22|physical_row=0037|station_section=1:Mumbai|printed_row=146,107983dc72d381e6897a5a333556946adcc98daef82e954d52cec1fc402c3086,22,37,1,Mumbai,146,p22-r146-n1208,p22-r146-n1208-arrival,arrival,AMD,BOM,AI 2848,AIC,AI,3,2026-05-13,2026-10-21,13:15,raw_time_basis_unknown,ai-s26-d7b7b41079b3b1,current,confirmed_exact_designator
sha256=107983dc72d381e6897a5a333556946adcc98daef82e954d52cec1fc402c3086|page=22|physical_row=0038|station_section=1:Mumbai|printed_row=147,107983dc72d381e6897a5a333556946adcc98daef82e954d52cec1fc402c3086,22,38,1,Mumbai,147,p22-r147-n1209,p22-r147-n1209-arrival,arrival,HYD,BOM,AI 418,AIC,AI,4,2026-04-02,2026-10-22,13:25,raw_time_basis_unknown,ai-s26-c169378983cabf,current,confirmed_exact_designator
sha256=107983dc72d381e6897a5a333556946adcc98daef82e954d52cec1fc402c3086|page=22|physical_row=0039|station_section=1:Mumbai|printed_row=148,107983dc72d381e6897a5a333556946adcc98daef82e954d52cec1fc402c3086,22,39,1,Mumbai,148,p22-r148-n1210,p22-r148-n1210-arrival,arrival,HYD,BOM,AI 418,AIC,AI,123567,2026-03-29,2026-10-24,13:25,raw_time_basis_unknown,ai-s26-74fa0fa7aa1f9e,current,confirmed_exact_designator
sha256=107983dc72d381e6897a5a333556946adcc98daef82e954d52cec1fc402c3086|page=22|physical_row=0040|station_section=1:Mumbai|printed_row=149,107983dc72d381e6897a5a333556946adcc98daef82e954d52cec1fc402c3086,22,40,1,Mumbai,149,p22-r149-n1211,p22-r149-n1211-arrival,arrival,DEL,BOM,AI 2945,AIC,AI,4,2026-04-02,2026-10-22,13:25,raw_time_basis_unknown,ai-s26-efdc58d9e06c55,current,confirmed_exact_designator
sha256=107983dc72d381e6897a5a333556946adcc98daef82e954d52cec1fc402c3086|page=22|physical_row=0041|station_section=1:Mumbai|printed_row=150,107983dc72d381e6897a5a333556946adcc98daef82e954d52cec1fc402c3086,22,41,1,Mumbai,150,p22-r150-n1212,p22-r150-n1212-arrival,arrival,DEL,BOM,AI 2945,AIC,AI,2,2026-03-31,2026-10-20,13:25,raw_time_basis_unknown,ai-s26-31e184b10ec15d,current,confirmed_exact_designator
sha256=107983dc72d381e6897a5a333556946adcc98daef82e954d52cec1fc402c3086|page=22|physical_row=0042|station_section=1:Mumbai|printed_row=151,107983dc72d381e6897a5a333556946adcc98daef82e954d52cec1fc402c3086,22,42,1,Mumbai,151,p22-r151-n1213,p22-r151-n1213-arrival,arrival,DEL,BOM,AI 2945,AIC,AI,13567,2026-03-29,2026-10-24,13:25,raw_time_basis_unknown,ai-s26-1c1f719371f585,current,confirmed_exact_designator
sha256=107983dc72d381e6897a5a333556946adcc98daef82e954d52cec1fc402c3086|page=22|physical_row=0043|station_section=1:Mumbai|printed_row=152,107983dc72d381e6897a5a333556946adcc98daef82e954d52cec1fc402c3086,22,43,1,Mumbai,152,p22-r152-n1214,p22-r152-n1214-departure,departure,BOM,COK,AI 2517,AIC,AI,134567,2026-03-29,2026-10-24,13:30,raw_time_basis_unknown,ai-s26-26914a895c1789,current,confirmed_exact_designator
sha256=107983dc72d381e6897a5a333556946adcc98daef82e954d52cec1fc402c3086|page=22|physical_row=0044|station_section=1:Mumbai|printed_row=153,107983dc72d381e6897a5a333556946adcc98daef82e954d52cec1fc402c3086,22,44,1,Mumbai,153,p22-r153-n1215,p22-r153-n1215-arrival,arrival,CCU,BOM,AI 2772,AIC,AI,1234567,2026-03-29,2026-10-24,13:35,raw_time_basis_unknown,ai-s26-daea58d69ef391,current,confirmed_exact_designator
sha256=107983dc72d381e6897a5a333556946adcc98daef82e954d52cec1fc402c3086|page=22|physical_row=0045|station_section=1:Mumbai|printed_row=154,107983dc72d381e6897a5a333556946adcc98daef82e954d52cec1fc402c3086,22,45,1,Mumbai,154,p22-r154-n1216,p22-r154-n1216-arrival,arrival,AMD,BOM,AI 2848,AIC,AI,4,2026-04-02,2026-10-22,13:40,raw_time_basis_unknown,ai-s26-2568fbec72d4a3,current,confirmed_exact_designator
sha256=107983dc72d381e6897a5a333556946adcc98daef82e954d52cec1fc402c3086|page=22|physical_row=0046|station_section=1:Mumbai|printed_row=155,107983dc72d381e6897a5a333556946adcc98daef82e954d52cec1fc402c3086,22,46,1,Mumbai,155,p22-r155-n1217,p22-r155-n1217-arrival,arrival,AMD,BOM,AI 2848,AIC,AI,3,2026-05-06,2026-05-06,13:40,raw_time_basis_unknown,ai-s26-4ae09a8fcdbe2d,expired,expired_not_compared_to_baseline
sha256=107983dc72d381e6897a5a333556946adcc98daef82e954d52cec1fc402c3086|page=22|physical_row=0047|station_section=1:Mumbai|printed_row=156,107983dc72d381e6897a5a333556946adcc98daef82e954d52cec1fc402c3086,22,47,1,Mumbai,156,p22-r156-n1218,p22-r156-n1218-arrival,arrival,AMD,BOM,AI 2848,AIC,AI,12567,2026-03-29,2026-10-24,13:40,raw_time_basis_unknown,ai-s26-5066c44d9df407,current,confirmed_exact_designator
sha256=107983dc72d381e6897a5a333556946adcc98daef82e954d52cec1fc402c3086|page=22|physical_row=0048|station_section=1:Mumbai|printed_row=157,107983dc72d381e6897a5a333556946adcc98daef82e954d52cec1fc402c3086,22,48,1,Mumbai,157,p22-r157-n1219,p22-r157-n1219-departure,departure,BOM,AMD,AI 2503,AIC,AI,3,2026-04-01,2026-10-21,13:50,raw_time_basis_unknown,ai-s26-706f4625747841,current,confirmed_exact_designator
sha256=107983dc72d381e6897a5a333556946adcc98daef82e954d52cec1fc402c3086|page=22|physical_row=0049|station_section=1:Mumbai|printed_row=158,107983dc72d381e6897a5a333556946adcc98daef82e954d52cec1fc402c3086,22,49,1,Mumbai,158,p22-r158-n1220,p22-r158-n1220-departure,departure,BOM,BHJ,AI 2753,AIC,AI,123457,2026-03-29,2026-10-23,13:50,raw_time_basis_unknown,ai-s26-c8c0504ec6c6d7,current,confirmed_exact_designator
sha256=107983dc72d381e6897a5a333556946adcc98daef82e954d52cec1fc402c3086|page=22|physical_row=0050|station_section=1:Mumbai|printed_row=159,107983dc72d381e6897a5a333556946adcc98daef82e954d52cec1fc402c3086,22,50,1,Mumbai,159,p22-r159-n1221,p22-r159-n1221-departure,departure,BOM,CCU,AI 2773,AIC,AI,14,2026-03-30,2026-10-22,13:55,raw_time_basis_unknown,ai-s26-d186f53bc610a0,current,confirmed_exact_designator
sha256=107983dc72d381e6897a5a333556946adcc98daef82e954d52cec1fc402c3086|page=22|physical_row=0051|station_section=1:Mumbai|printed_row=160,107983dc72d381e6897a5a333556946adcc98daef82e954d52cec1fc402c3086,22,51,1,Mumbai,160,p22-r160-n1222,p22-r160-n1222-departure,departure,BOM,CCU,AI 2773,AIC,AI,23567,2026-03-29,2026-10-24,14:05,raw_time_basis_unknown,ai-s26-6c73ba646213a9,current,confirmed_exact_designator
sha256=107983dc72d381e6897a5a333556946adcc98daef82e954d52cec1fc402c3086|page=22|physical_row=0052|station_section=1:Mumbai|printed_row=161,107983dc72d381e6897a5a333556946adcc98daef82e954d52cec1fc402c3086,22,52,1,Mumbai,161,p22-r161-n1223,p22-r161-n1223-departure,departure,BOM,DEL,AI 2960,AIC,AI,1234567,2026-03-29,2026-10-24,14:05,raw_time_basis_unknown,ai-s26-8ff1523d3914d3,current,confirmed_exact_designator
sha256=107983dc72d381e6897a5a333556946adcc98daef82e954d52cec1fc402c3086|page=22|physical_row=0053|station_section=1:Mumbai|printed_row=162,107983dc72d381e6897a5a333556946adcc98daef82e954d52cec1fc402c3086,22,53,1,Mumbai,162,p22-r162-n1224,p22-r162-n1224-arrival,arrival,BLR,BOM,AI 2630,AIC,AI,1234567,2026-03-29,2026-10-24,14:05,raw_time_basis_unknown,ai-s26-113f16605b6844,current,confirmed_exact_designator
sha256=107983dc72d381e6897a5a333556946adcc98daef82e954d52cec1fc402c3086|page=22|physical_row=0054|station_section=1:Mumbai|printed_row=163,107983dc72d381e6897a5a333556946adcc98daef82e954d52cec1fc402c3086,22,54,1,Mumbai,163,p22-r163-n1225,p22-r163-n1225-arrival,arrival,UDR,BOM,AI 2580,AIC,AI,23567,2026-03-29,2026-10-24,14:20,raw_time_basis_unknown,ai-s26-494fad2f3b2525,current,confirmed_exact_designator
sha256=107983dc72d381e6897a5a333556946adcc98daef82e954d52cec1fc402c3086|page=22|physical_row=0055|station_section=1:Mumbai|printed_row=164,107983dc72d381e6897a5a333556946adcc98daef82e954d52cec1fc402c3086,22,55,1,Mumbai,164,p22-r164-n1226,p22-r164-n1226-arrival,arrival,UDR,BOM,AI 2580,AIC,AI,14,2026-03-30,2026-10-22,14:20,raw_time_basis_unknown,ai-s26-30f4fa8f8b453b,current,confirmed_exact_designator
sha256=107983dc72d381e6897a5a333556946adcc98daef82e954d52cec1fc402c3086|page=22|physical_row=0056|station_section=1:Mumbai|printed_row=165,107983dc72d381e6897a5a333556946adcc98daef82e954d52cec1fc402c3086,22,56,1,Mumbai,165,p22-r165-n1227,p22-r165-n1227-departure,departure,BOM,UDR,AI 2595,AIC,AI,123567,2026-03-29,2026-10-24,14:25,raw_time_basis_unknown,ai-s26-d85d9a30179eaa,current,confirmed_exact_designator
sha256=107983dc72d381e6897a5a333556946adcc98daef82e954d52cec1fc402c3086|page=22|physical_row=0057|station_section=1:Mumbai|printed_row=166,107983dc72d381e6897a5a333556946adcc98daef82e954d52cec1fc402c3086,22,57,1,Mumbai,166,p22-r166-n1228,p22-r166-n1228-arrival,arrival,DEL,BOM,AI 1785,AIC,AI,234567,2026-03-29,2026-10-24,14:25,raw_time_basis_unknown,ai-s26-64c237543245f7,current,confirmed_exact_designator
sha256=107983dc72d381e6897a5a333556946adcc98daef82e954d52cec1fc402c3086|page=22|physical_row=0058|station_section=1:Mumbai|printed_row=167,107983dc72d381e6897a5a333556946adcc98daef82e954d52cec1fc402c3086,22,58,1,Mumbai,167,p22-r167-n1229,p22-r167-n1229-departure,departure,BOM,IXC,AI 2659,AIC,AI,1234567,2026-03-29,2026-10-24,14:35,raw_time_basis_unknown,ai-s26-6898d073cbb59f,current,confirmed_exact_designator
sha256=107983dc72d381e6897a5a333556946adcc98daef82e954d52cec1fc402c3086|page=23|physical_row=0001|station_section=1:Mumbai|printed_row=168,107983dc72d381e6897a5a333556946adcc98daef82e954d52cec1fc402c3086,23,1,1,Mumbai,168,p23-r168-n1230,p23-r168-n1230-departure,departure,BOM,DEL,AI 2944,AIC,AI,4,2026-04-02,2026-10-22,14:35,raw_time_basis_unknown,ai-s26-ea22b7faadb08d,current,confirmed_exact_designator
sha256=107983dc72d381e6897a5a333556946adcc98daef82e954d52cec1fc402c3086|page=23|physical_row=0002|station_section=1:Mumbai|printed_row=169,107983dc72d381e6897a5a333556946adcc98daef82e954d52cec1fc402c3086,23,2,1,Mumbai,169,p23-r169-n1231,p23-r169-n1231-departure,departure,BOM,DEL,AI 2944,AIC,AI,2,2026-03-31,2026-10-20,14:35,raw_time_basis_unknown,ai-s26-ebc9d1339469c5,current,confirmed_exact_designator
sha256=107983dc72d381e6897a5a333556946adcc98daef82e954d52cec1fc402c3086|page=23|physical_row=0003|station_section=1:Mumbai|printed_row=170,107983dc72d381e6897a5a333556946adcc98daef82e954d52cec1fc402c3086,23,3,1,Mumbai,170,p23-r170-n1232,p23-r170-n1232-departure,departure,BOM,DEL,AI 2944,AIC,AI,13567,2026-03-29,2026-10-24,14:35,raw_time_basis_unknown,ai-s26-bcd3aef1e117fd,current,confirmed_exact_designator
sha256=107983dc72d381e6897a5a333556946adcc98daef82e954d52cec1fc402c3086|page=23|physical_row=0004|station_section=1:Mumbai|printed_row=171,107983dc72d381e6897a5a333556946adcc98daef82e954d52cec1fc402c3086,23,4,1,Mumbai,171,p23-r171-n1233,p23-r171-n1233-arrival,arrival,JGA,BOM,AI 648,AIC,AI,1234567,2026-03-29,2026-10-24,14:45,raw_time_basis_unknown,ai-s26-eba592eba75f37,current,confirmed_exact_designator
sha256=107983dc72d381e6897a5a333556946adcc98daef82e954d52cec1fc402c3086|page=23|physical_row=0005|station_section=1:Mumbai|printed_row=172,107983dc72d381e6897a5a333556946adcc98daef82e954d52cec1fc402c3086,23,5,1,Mumbai,172,p23-r172-n1234,p23-r172-n1234-arrival,arrival,MAA,BOM,AI 574,AIC,AI,1234567,2026-03-29,2026-10-24,14:50,raw_time_basis_unknown,ai-s26-cc338395332ad2,current,confirmed_exact_designator
sha256=107983dc72d381e6897a5a333556946adcc98daef82e954d52cec1fc402c3086|page=23|physical_row=0006|station_section=1:Mumbai|printed_row=173,107983dc72d381e6897a5a333556946adcc98daef82e954d52cec1fc402c3086,23,6,1,Mumbai,173,p23-r173-n1235,p23-r173-n1235-arrival,arrival,VNS,BOM,AI 696,AIC,AI,1234567,2026-03-29,2026-10-24,14:50,raw_time_basis_unknown,ai-s26-0788a556caa3fd,current,confirmed_exact_designator
sha256=107983dc72d381e6897a5a333556946adcc98daef82e954d52cec1fc402c3086|page=23|physical_row=0007|station_section=1:Mumbai|printed_row=174,107983dc72d381e6897a5a333556946adcc98daef82e954d52cec1fc402c3086,23,7,1,Mumbai,174,p23-r174-n1236,p23-r174-n1236-departure,departure,BOM,DEL,AI 2442,AIC,AI,123567,2026-03-29,2026-10-24,15:00,raw_time_basis_unknown,ai-s26-41aff5e241d06a,current,confirmed_exact_designator
sha256=107983dc72d381e6897a5a333556946adcc98daef82e954d52cec1fc402c3086|page=23|physical_row=0008|station_section=1:Mumbai|printed_row=175,107983dc72d381e6897a5a333556946adcc98daef82e954d52cec1fc402c3086,23,8,1,Mumbai,175,p23-r175-n1237,p23-r175-n1237-arrival,arrival,GOI,BOM,AI 2842,AIC,AI,1234567,2026-03-29,2026-10-24,15:00,raw_time_basis_unknown,ai-s26-be58aa4ca1f7b9,current,confirmed_exact_designator
sha256=107983dc72d381e6897a5a333556946adcc98daef82e954d52cec1fc402c3086|page=23|physical_row=0009|station_section=1:Mumbai|printed_row=176,107983dc72d381e6897a5a333556946adcc98daef82e954d52cec1fc402c3086,23,9,1,Mumbai,176,p23-r176-n1238,p23-r176-n1238-arrival,arrival,COK,BOM,AI 2856,AIC,AI,3,2026-04-01,2026-10-21,15:00,raw_time_basis_unknown,ai-s26-676473114e4a1a,current,confirmed_exact_designator
sha256=107983dc72d381e6897a5a333556946adcc98daef82e954d52cec1fc402c3086|page=23|physical_row=0010|station_section=1:Mumbai|printed_row=177,107983dc72d381e6897a5a333556946adcc98daef82e954d52cec1fc402c3086,23,10,1,Mumbai,177,p23-r177-n1239,p23-r177-n1239-arrival,arrival,COK,BOM,AI 2856,AIC,AI,124567,2026-03-29,2026-10-24,15:00,raw_time_basis_unknown,ai-s26-fec9ef593fcf0b,current,confirmed_exact_designator
sha256=107983dc72d381e6897a5a333556946adcc98daef82e954d52cec1fc402c3086|page=23|physical_row=0011|station_section=1:Mumbai|printed_row=178,107983dc72d381e6897a5a333556946adcc98daef82e954d52cec1fc402c3086,23,11,1,Mumbai,178,p23-r178-n1240,p23-r178-n1240-departure,departure,BOM,HYD,AI 2531,AIC,AI,1234567,2026-03-29,2026-10-24,15:05,raw_time_basis_unknown,ai-s26-ca3a283fb466e5,current,confirmed_exact_designator
sha256=107983dc72d381e6897a5a333556946adcc98daef82e954d52cec1fc402c3086|page=23|physical_row=0012|station_section=1:Mumbai|printed_row=179,107983dc72d381e6897a5a333556946adcc98daef82e954d52cec1fc402c3086,23,12,1,Mumbai,179,p23-r179-n1241,p23-r179-n1241-arrival,arrival,JDH,BOM,AI 646,AIC,AI,3567,2026-04-29,2026-10-24,15:10,raw_time_basis_unknown,ai-s26-3faf2fb9b6e173,current,confirmed_exact_designator
sha256=107983dc72d381e6897a5a333556946adcc98daef82e954d52cec1fc402c3086|page=23|physical_row=0013|station_section=1:Mumbai|printed_row=180,107983dc72d381e6897a5a333556946adcc98daef82e954d52cec1fc402c3086,23,13,1,Mumbai,180,p23-r180-n1242,p23-r180-n1242-arrival,arrival,JDH,BOM,AI 646,AIC,AI,2,2026-04-28,2026-10-20,15:10,raw_time_basis_unknown,ai-s26-5499adda4cda51,current,confirmed_exact_designator
sha256=107983dc72d381e6897a5a333556946adcc98daef82e954d52cec1fc402c3086|page=23|physical_row=0014|station_section=1:Mumbai|printed_row=181,107983dc72d381e6897a5a333556946adcc98daef82e954d52cec1fc402c3086,23,14,1,Mumbai,181,p23-r181-n1243,p23-r181-n1243-arrival,arrival,JDH,BOM,AI 646,AIC,AI,14,2026-04-30,2026-10-22,15:10,raw_time_basis_unknown,ai-s26-e837fad55679de,current,confirmed_exact_designator
sha256=107983dc72d381e6897a5a333556946adcc98daef82e954d52cec1fc402c3086|page=23|physical_row=0015|station_section=1:Mumbai|printed_row=182,107983dc72d381e6897a5a333556946adcc98daef82e954d52cec1fc402c3086,23,15,1,Mumbai,182,p23-r182-n1244,p23-r182-n1244-departure,departure,BOM,BLR,AI 2853,AIC,AI,1234567,2026-03-29,2026-10-23,15:25,raw_time_basis_unknown,ai-s26-bbe20e834841be,current,confirmed_exact_designator
sha256=107983dc72d381e6897a5a333556946adcc98daef82e954d52cec1fc402c3086|page=23|physical_row=0016|station_section=1:Mumbai|printed_row=183,107983dc72d381e6897a5a333556946adcc98daef82e954d52cec1fc402c3086,23,16,1,Mumbai,183,p23-r183-n1245,p23-r183-n1245-arrival,arrival,BHO,BOM,AI 634,AIC,AI,1234567,2026-03-29,2026-10-24,15:25,raw_time_basis_unknown,ai-s26-604f325e49024c,current,confirmed_exact_designator
sha256=107983dc72d381e6897a5a333556946adcc98daef82e954d52cec1fc402c3086|page=23|physical_row=0017|station_section=1:Mumbai|printed_row=184,107983dc72d381e6897a5a333556946adcc98daef82e954d52cec1fc402c3086,23,17,1,Mumbai,184,p23-r184-n1246,p23-r184-n1246-departure,departure,BOM,DEL,AI 1851,AIC,AI,234567,2026-03-29,2026-10-24,15:30,raw_time_basis_unknown,ai-s26-faae58e5ddafaf,current,confirmed_exact_designator
sha256=107983dc72d381e6897a5a333556946adcc98daef82e954d52cec1fc402c3086|page=23|physical_row=0018|station_section=1:Mumbai|printed_row=185,107983dc72d381e6897a5a333556946adcc98daef82e954d52cec1fc402c3086,23,18,1,Mumbai,185,p23-r185-n1247,p23-r185-n1247-departure,departure,BOM,GOI,AI 2745,AIC,AI,123567,2026-03-29,2026-10-24,15:30,raw_time_basis_unknown,ai-s26-c8a4af722396de,current,confirmed_exact_designator
sha256=107983dc72d381e6897a5a333556946adcc98daef82e954d52cec1fc402c3086|page=23|physical_row=0019|station_section=1:Mumbai|printed_row=186,107983dc72d381e6897a5a333556946adcc98daef82e954d52cec1fc402c3086,23,19,1,Mumbai,186,p23-r186-n1248,p23-r186-n1248-departure,departure,BOM,BLR,AI 2853,AIC,AI,6,2026-10-24,2026-10-24,15:30,raw_time_basis_unknown,ai-s26-c911aad41b28eb,future,confirmed_exact_designator
sha256=107983dc72d381e6897a5a333556946adcc98daef82e954d52cec1fc402c3086|page=23|physical_row=0020|station_section=1:Mumbai|printed_row=187,107983dc72d381e6897a5a333556946adcc98daef82e954d52cec1fc402c3086,23,20,1,Mumbai,187,p23-r187-n1249,p23-r187-n1249-departure,departure,BOM,AMD,AI 2915,AIC,AI,3,2026-04-01,2026-04-29,15:30,raw_time_basis_unknown,ai-s26-c0a4edf7a5411d,expired,expired_not_compared_to_baseline
sha256=107983dc72d381e6897a5a333556946adcc98daef82e954d52cec1fc402c3086|page=23|physical_row=0021|station_section=1:Mumbai|printed_row=188,107983dc72d381e6897a5a333556946adcc98daef82e954d52cec1fc402c3086,23,21,1,Mumbai,188,p23-r188-n1250,p23-r188-n1250-departure,departure,BOM,AMD,AI 2915,AIC,AI,3,2026-05-13,2026-10-21,15:30,raw_time_basis_unknown,ai-s26-8034ba44505e1a,current,confirmed_exact_designator
sha256=107983dc72d381e6897a5a333556946adcc98daef82e954d52cec1fc402c3086|page=23|physical_row=0022|station_section=1:Mumbai|printed_row=189,107983dc72d381e6897a5a333556946adcc98daef82e954d52cec1fc402c3086,23,22,1,Mumbai,189,p23-r189-n1251,p23-r189-n1251-departure,departure,BOM,AMD,AI 2915,AIC,AI,124567,2026-03-29,2026-10-24,15:30,raw_time_basis_unknown,ai-s26-0bdc67c72c47a4,current,confirmed_exact_designator
sha256=107983dc72d381e6897a5a333556946adcc98daef82e954d52cec1fc402c3086|page=23|physical_row=0023|station_section=1:Mumbai|printed_row=190,107983dc72d381e6897a5a333556946adcc98daef82e954d52cec1fc402c3086,23,23,1,Mumbai,190,p23-r190-n1252,p23-r190-n1252-departure,departure,BOM,VGA,AI 598,AIC,AI,4,2026-04-02,2026-10-22,15:35,raw_time_basis_unknown,ai-s26-57d85369220e04,current,confirmed_exact_designator
sha256=107983dc72d381e6897a5a333556946adcc98daef82e954d52cec1fc402c3086|page=23|physical_row=0024|station_section=1:Mumbai|printed_row=191,107983dc72d381e6897a5a333556946adcc98daef82e954d52cec1fc402c3086,23,24,1,Mumbai,191,p23-r191-n1253,p23-r191-n1253-departure,departure,BOM,VGA,AI 598,AIC,AI,123567,2026-03-29,2026-10-24,15:35,raw_time_basis_unknown,ai-s26-68192bf24c5594,current,confirmed_exact_designator
sha256=107983dc72d381e6897a5a333556946adcc98daef82e954d52cec1fc402c3086|page=23|physical_row=0025|station_section=1:Mumbai|printed_row=192,107983dc72d381e6897a5a333556946adcc98daef82e954d52cec1fc402c3086,23,25,1,Mumbai,192,p23-r192-n1254,p23-r192-n1254-arrival,arrival,JAI,BOM,AI 2782,AIC,AI,1234567,2026-03-29,2026-10-24,15:40,raw_time_basis_unknown,ai-s26-9afe167d7c1be8,current,confirmed_exact_designator
sha256=107983dc72d381e6897a5a333556946adcc98daef82e954d52cec1fc402c3086|page=23|physical_row=0026|station_section=1:Mumbai|printed_row=193,107983dc72d381e6897a5a333556946adcc98daef82e954d52cec1fc402c3086,23,26,1,Mumbai,193,p23-r193-n1255,p23-r193-n1255-departure,departure,BOM,AMD,AI 2915,AIC,AI,3,2026-05-06,2026-05-06,15:45,raw_time_basis_unknown,ai-s26-def69ed56e7cfa,expired,expired_not_compared_to_baseline
sha256=107983dc72d381e6897a5a333556946adcc98daef82e954d52cec1fc402c3086|page=23|physical_row=0027|station_section=1:Mumbai|printed_row=194,107983dc72d381e6897a5a333556946adcc98daef82e954d52cec1fc402c3086,23,27,1,Mumbai,194,p23-r194-n1256,p23-r194-n1256-arrival,arrival,DEL,BOM,AI 2951,AIC,AI,1234567,2026-03-29,2026-10-24,15:50,raw_time_basis_unknown,ai-s26-564ac090a7b588,current,confirmed_exact_designator
sha256=107983dc72d381e6897a5a333556946adcc98daef82e954d52cec1fc402c3086|page=23|physical_row=0028|station_section=1:Mumbai|printed_row=195,107983dc72d381e6897a5a333556946adcc98daef82e954d52cec1fc402c3086,23,28,1,Mumbai,195,p23-r195-n1257,p23-r195-n1257-departure,departure,BOM,MAA,AI 573,AIC,AI,1234567,2026-03-29,2026-10-24,16:00,raw_time_basis_unknown,ai-s26-2195ac675a6840,current,confirmed_exact_designator
sha256=107983dc72d381e6897a5a333556946adcc98daef82e954d52cec1fc402c3086|page=23|physical_row=0029|station_section=1:Mumbai|printed_row=196,107983dc72d381e6897a5a333556946adcc98daef82e954d52cec1fc402c3086,23,29,1,Mumbai,196,p23-r196-n1258,p23-r196-n1258-departure,departure,BOM,HSR,AI 2730,AIC,AI,1234567,2026-03-29,2026-10-24,16:00,raw_time_basis_unknown,ai-s26-ace1d6d64d3cfc,current,confirmed_exact_designator
sha256=107983dc72d381e6897a5a333556946adcc98daef82e954d52cec1fc402c3086|page=23|physical_row=0030|station_section=1:Mumbai|printed_row=197,107983dc72d381e6897a5a333556946adcc98daef82e954d52cec1fc402c3086,23,30,1,Mumbai,197,p23-r197-n1259,p23-r197-n1259-arrival,arrival,ATQ,BOM,AI 2998,AIC,AI,1234567,2026-03-29,2026-10-24,16:15,raw_time_basis_unknown,ai-s26-f70ce8883ff49b,current,confirmed_exact_designator
sha256=107983dc72d381e6897a5a333556946adcc98daef82e954d52cec1fc402c3086|page=23|physical_row=0031|station_section=1:Mumbai|printed_row=198,107983dc72d381e6897a5a333556946adcc98daef82e954d52cec1fc402c3086,23,31,1,Mumbai,198,p23-r198-n1260,p23-r198-n1260-arrival,arrival,UDR,BOM,AI 2594,AIC,AI,234567,2026-03-29,2026-10-24,16:20,raw_time_basis_unknown,ai-s26-e36ca9181a47e9,current,confirmed_exact_designator
sha256=107983dc72d381e6897a5a333556946adcc98daef82e954d52cec1fc402c3086|page=23|physical_row=0032|station_section=1:Mumbai|printed_row=199,107983dc72d381e6897a5a333556946adcc98daef82e954d52cec1fc402c3086,23,32,1,Mumbai,199,p23-r199-n1261,p23-r199-n1261-arrival,arrival,HYD,BOM,AI 2445,AIC,AI,1234567,2026-03-29,2026-10-24,16:25,raw_time_basis_unknown,ai-s26-be1f01db971385,current,confirmed_exact_designator
sha256=107983dc72d381e6897a5a333556946adcc98daef82e954d52cec1fc402c3086|page=23|physical_row=0033|station_section=1:Mumbai|printed_row=200,107983dc72d381e6897a5a333556946adcc98daef82e954d52cec1fc402c3086,23,33,1,Mumbai,200,p23-r200-n1262,p23-r200-n1262-departure,departure,BOM,DEL,AI 2687,AIC,AI,1234567,2026-03-29,2026-10-24,16:30,raw_time_basis_unknown,ai-s26-2b87568d137632,current,confirmed_exact_designator
sha256=107983dc72d381e6897a5a333556946adcc98daef82e954d52cec1fc402c3086|page=23|physical_row=0034|station_section=1:Mumbai|printed_row=201,107983dc72d381e6897a5a333556946adcc98daef82e954d52cec1fc402c3086,23,34,1,Mumbai,201,p23-r201-n1263,p23-r201-n1263-arrival,arrival,GOI,BOM,AI 2478,AIC,AI,1234567,2026-03-29,2026-10-24,16:30,raw_time_basis_unknown,ai-s26-de1a88a0135f70,current,confirmed_exact_designator
sha256=107983dc72d381e6897a5a333556946adcc98daef82e954d52cec1fc402c3086|page=23|physical_row=0035|station_section=1:Mumbai|printed_row=202,107983dc72d381e6897a5a333556946adcc98daef82e954d52cec1fc402c3086,23,35,1,Mumbai,202,p23-r202-n1264,p23-r202-n1264-arrival,arrival,DEL,BOM,AI 2441,AIC,AI,4,2026-04-02,2026-10-22,16:35,raw_time_basis_unknown,ai-s26-e33dc4b7cd4543,current,confirmed_exact_designator
sha256=107983dc72d381e6897a5a333556946adcc98daef82e954d52cec1fc402c3086|page=23|physical_row=0036|station_section=1:Mumbai|printed_row=203,107983dc72d381e6897a5a333556946adcc98daef82e954d52cec1fc402c3086,23,36,1,Mumbai,203,p23-r203-n1265,p23-r203-n1265-arrival,arrival,DEL,BOM,AI 2441,AIC,AI,123567,2026-03-29,2026-10-24,16:35,raw_time_basis_unknown,ai-s26-09457dd15f0537,current,confirmed_exact_designator
sha256=107983dc72d381e6897a5a333556946adcc98daef82e954d52cec1fc402c3086|page=23|physical_row=0037|station_section=1:Mumbai|printed_row=204,107983dc72d381e6897a5a333556946adcc98daef82e954d52cec1fc402c3086,23,37,1,Mumbai,204,p23-r204-n1266,p23-r204-n1266-arrival,arrival,AMD,BOM,AI 2504,AIC,AI,124567,2026-03-29,2026-10-24,16:35,raw_time_basis_unknown,ai-s26-e7b696ec4b8c24,current,confirmed_exact_designator
sha256=107983dc72d381e6897a5a333556946adcc98daef82e954d52cec1fc402c3086|page=23|physical_row=0038|station_section=1:Mumbai|printed_row=205,107983dc72d381e6897a5a333556946adcc98daef82e954d52cec1fc402c3086,23,38,1,Mumbai,205,p23-r205-n1267,p23-r205-n1267-arrival,arrival,LKO,BOM,AI 2492,AIC,AI,1234567,2026-03-29,2026-10-24,16:40,raw_time_basis_unknown,ai-s26-ea1503bb43b996,current,confirmed_exact_designator
sha256=107983dc72d381e6897a5a333556946adcc98daef82e954d52cec1fc402c3086|page=23|physical_row=0039|station_section=1:Mumbai|printed_row=206,107983dc72d381e6897a5a333556946adcc98daef82e954d52cec1fc402c3086,23,39,1,Mumbai,206,p23-r206-n1268,p23-r206-n1268-departure,departure,BOM,IXC,AI 2783,AIC,AI,1357,2026-03-29,2026-10-23,16:45,raw_time_basis_unknown,ai-s26-1595adf8f0bba0,current,confirmed_exact_designator
sha256=107983dc72d381e6897a5a333556946adcc98daef82e954d52cec1fc402c3086|page=23|physical_row=0040|station_section=1:Mumbai|printed_row=207,107983dc72d381e6897a5a333556946adcc98daef82e954d52cec1fc402c3086,23,40,1,Mumbai,207,p23-r207-n1269,p23-r207-n1269-arrival,arrival,PAT,BOM,AI 2790,AIC,AI,1234567,2026-03-29,2026-10-24,16:50,raw_time_basis_unknown,ai-s26-38b150a574801b,current,confirmed_exact_designator
sha256=107983dc72d381e6897a5a333556946adcc98daef82e954d52cec1fc402c3086|page=23|physical_row=0041|station_section=1:Mumbai|printed_row=208,107983dc72d381e6897a5a333556946adcc98daef82e954d52cec1fc402c3086,23,41,1,Mumbai,208,p23-r208-n1270,p23-r208-n1270-departure,departure,BOM,JAI,AI 621,AIC,AI,1234567,2026-03-29,2026-10-24,16:55,raw_time_basis_unknown,ai-s26-22b877a9ecd9cc,current,confirmed_exact_designator
sha256=107983dc72d381e6897a5a333556946adcc98daef82e954d52cec1fc402c3086|page=23|physical_row=0042|station_section=1:Mumbai|printed_row=209,107983dc72d381e6897a5a333556946adcc98daef82e954d52cec1fc402c3086,23,42,1,Mumbai,209,p23-r209-n1271,p23-r209-n1271-departure,departure,BOM,COK,AI 681,AIC,AI,1234567,2026-03-29,2026-10-24,16:55,raw_time_basis_unknown,ai-s26-2c9168632b1d2f,current,confirmed_exact_designator
sha256=107983dc72d381e6897a5a333556946adcc98daef82e954d52cec1fc402c3086|page=23|physical_row=0043|station_section=1:Mumbai|printed_row=210,107983dc72d381e6897a5a333556946adcc98daef82e954d52cec1fc402c3086,23,43,1,Mumbai,210,p23-r210-n1272,p23-r210-n1272-departure,departure,BOM,CCU,AI 2481,AIC,AI,1234567,2026-03-29,2026-10-24,17:05,raw_time_basis_unknown,ai-s26-d75195fe36a1dc,current,confirmed_exact_designator
sha256=107983dc72d381e6897a5a333556946adcc98daef82e954d52cec1fc402c3086|page=23|physical_row=0044|station_section=1:Mumbai|printed_row=211,107983dc72d381e6897a5a333556946adcc98daef82e954d52cec1fc402c3086,23,44,1,Mumbai,211,p23-r211-n1273,p23-r211-n1273-arrival,arrival,SXR,BOM,AI 2662,AIC,AI,1234567,2026-03-29,2026-10-24,17:10,raw_time_basis_unknown,ai-s26-033e46acb68535,current,confirmed_exact_designator
sha256=107983dc72d381e6897a5a333556946adcc98daef82e954d52cec1fc402c3086|page=23|physical_row=0045|station_section=1:Mumbai|printed_row=212,107983dc72d381e6897a5a333556946adcc98daef82e954d52cec1fc402c3086,23,45,1,Mumbai,212,p23-r212-n1274,p23-r212-n1274-arrival,arrival,DED,BOM,AI 432,AIC,AI,1234567,2026-03-29,2026-10-24,17:25,raw_time_basis_unknown,ai-s26-9f3f1a6705f18a,current,confirmed_exact_designator
sha256=107983dc72d381e6897a5a333556946adcc98daef82e954d52cec1fc402c3086|page=23|physical_row=0046|station_section=1:Mumbai|printed_row=213,107983dc72d381e6897a5a333556946adcc98daef82e954d52cec1fc402c3086,23,46,1,Mumbai,213,p23-r213-n1275,p23-r213-n1275-departure,departure,BOM,BLR,AI 2849,AIC,AI,1234567,2026-03-29,2026-10-24,17:30,raw_time_basis_unknown,ai-s26-281f1dbd6ec8fd,current,confirmed_exact_designator
sha256=107983dc72d381e6897a5a333556946adcc98daef82e954d52cec1fc402c3086|page=23|physical_row=0047|station_section=1:Mumbai|printed_row=214,107983dc72d381e6897a5a333556946adcc98daef82e954d52cec1fc402c3086,23,47,1,Mumbai,214,p23-r214-n1276,p23-r214-n1276-departure,departure,BOM,DEL,AI 2910,AIC,AI,1234567,2026-03-29,2026-10-24,17:30,raw_time_basis_unknown,ai-s26-03c285808c9e00,current,confirmed_exact_designator
sha256=107983dc72d381e6897a5a333556946adcc98daef82e954d52cec1fc402c3086|page=23|physical_row=0048|station_section=1:Mumbai|printed_row=215,107983dc72d381e6897a5a333556946adcc98daef82e954d52cec1fc402c3086,23,48,1,Mumbai,215,p23-r215-n1277,p23-r215-n1277-departure,departure,BOM,TRV,AI 2655,AIC,AI,123567,2026-03-29,2026-04-08,17:35,raw_time_basis_unknown,ai-s26-47b77171d35a09,expired,expired_not_compared_to_baseline
sha256=107983dc72d381e6897a5a333556946adcc98daef82e954d52cec1fc402c3086|page=23|physical_row=0049|station_section=1:Mumbai|printed_row=216,107983dc72d381e6897a5a333556946adcc98daef82e954d52cec1fc402c3086,23,49,1,Mumbai,216,p23-r216-n1278,p23-r216-n1278-departure,departure,BOM,TRV,AI 2655,AIC,AI,1234567,2026-04-09,2026-10-24,17:35,raw_time_basis_unknown,ai-s26-632ba183fd4427,current,confirmed_exact_designator
sha256=107983dc72d381e6897a5a333556946adcc98daef82e954d52cec1fc402c3086|page=23|physical_row=0050|station_section=1:Mumbai|printed_row=217,107983dc72d381e6897a5a333556946adcc98daef82e954d52cec1fc402c3086,23,50,1,Mumbai,217,p23-r217-n1279,p23-r217-n1279-departure,departure,BOM,IDR,AI 2749,AIC,AI,1234567,2026-03-29,2026-10-24,17:35,raw_time_basis_unknown,ai-s26-73260e8bfcbca4,current,confirmed_exact_designator
sha256=107983dc72d381e6897a5a333556946adcc98daef82e954d52cec1fc402c3086|page=23|physical_row=0051|station_section=1:Mumbai|printed_row=218,107983dc72d381e6897a5a333556946adcc98daef82e954d52cec1fc402c3086,23,51,1,Mumbai,218,p23-r218-n1280,p23-r218-n1280-arrival,arrival,AMD,BOM,AI 2504,AIC,AI,3,2026-04-01,2026-10-21,17:35,raw_time_basis_unknown,ai-s26-731e169f3a9220,current,confirmed_exact_designator
sha256=107983dc72d381e6897a5a333556946adcc98daef82e954d52cec1fc402c3086|page=23|physical_row=0052|station_section=1:Mumbai|printed_row=219,107983dc72d381e6897a5a333556946adcc98daef82e954d52cec1fc402c3086,23,52,1,Mumbai,219,p23-r219-n1281,p23-r219-n1281-arrival,arrival,BHJ,BOM,AI 2754,AIC,AI,4,2026-04-02,2026-10-22,17:35,raw_time_basis_unknown,ai-s26-fc2cf5c9ac73fe,current,confirmed_exact_designator
sha256=107983dc72d381e6897a5a333556946adcc98daef82e954d52cec1fc402c3086|page=23|physical_row=0053|station_section=1:Mumbai|printed_row=220,107983dc72d381e6897a5a333556946adcc98daef82e954d52cec1fc402c3086,23,53,1,Mumbai,220,p23-r220-n1282,p23-r220-n1282-arrival,arrival,BHJ,BOM,AI 2754,AIC,AI,12357,2026-03-29,2026-10-23,17:35,raw_time_basis_unknown,ai-s26-7c8f8718eb916e,current,confirmed_exact_designator
sha256=107983dc72d381e6897a5a333556946adcc98daef82e954d52cec1fc402c3086|page=23|physical_row=0054|station_section=1:Mumbai|printed_row=221,107983dc72d381e6897a5a333556946adcc98daef82e954d52cec1fc402c3086,23,54,1,Mumbai,221,p23-r221-n1283,p23-r221-n1283-arrival,arrival,DEL,BOM,AI 2933,AIC,AI,67,2026-03-29,2026-10-24,17:55,raw_time_basis_unknown,ai-s26-698cefa7d21a6d,current,confirmed_exact_designator
sha256=107983dc72d381e6897a5a333556946adcc98daef82e954d52cec1fc402c3086|page=23|physical_row=0055|station_section=1:Mumbai|printed_row=222,107983dc72d381e6897a5a333556946adcc98daef82e954d52cec1fc402c3086,23,55,1,Mumbai,222,p23-r222-n1284,p23-r222-n1284-arrival,arrival,DEL,BOM,AI 2933,AIC,AI,12345,2026-03-30,2026-10-23,17:55,raw_time_basis_unknown,ai-s26-e3c586cc8e8717,current,confirmed_exact_designator
sha256=107983dc72d381e6897a5a333556946adcc98daef82e954d52cec1fc402c3086|page=23|physical_row=0056|station_section=1:Mumbai|printed_row=223,107983dc72d381e6897a5a333556946adcc98daef82e954d52cec1fc402c3086,23,56,1,Mumbai,223,p23-r223-n1285,p23-r223-n1285-departure,departure,BOM,DEL,AI 2440,AIC,AI,3567,2026-03-29,2026-10-24,18:00,raw_time_basis_unknown,ai-s26-385f34259fc99f,current,confirmed_exact_designator
sha256=107983dc72d381e6897a5a333556946adcc98daef82e954d52cec1fc402c3086|page=23|physical_row=0057|station_section=1:Mumbai|printed_row=224,107983dc72d381e6897a5a333556946adcc98daef82e954d52cec1fc402c3086,23,57,1,Mumbai,224,p23-r224-n1286,p23-r224-n1286-departure,departure,BOM,DEL,AI 2440,AIC,AI,12,2026-03-30,2026-10-20,18:00,raw_time_basis_unknown,ai-s26-d8439e61f69407,current,confirmed_exact_designator
sha256=107983dc72d381e6897a5a333556946adcc98daef82e954d52cec1fc402c3086|page=23|physical_row=0058|station_section=1:Mumbai|printed_row=225,107983dc72d381e6897a5a333556946adcc98daef82e954d52cec1fc402c3086,23,58,1,Mumbai,225,p23-r225-n1287,p23-r225-n1287-departure,departure,BOM,DEL,AI 2440,AIC,AI,4,2026-04-02,2026-06-25,18:00,raw_time_basis_unknown,ai-s26-011aa182639c48,expired,expired_not_compared_to_baseline
sha256=107983dc72d381e6897a5a333556946adcc98daef82e954d52cec1fc402c3086|page=24|physical_row=0001|station_section=1:Mumbai|printed_row=226,107983dc72d381e6897a5a333556946adcc98daef82e954d52cec1fc402c3086,24,1,1,Mumbai,226,p24-r226-n1288,p24-r226-n1288-departure,departure,BOM,DEL,AI 2440,AIC,AI,4,2026-07-02,2026-07-23,18:00,raw_time_basis_unknown,ai-s26-7119790a74f4be,expired,expired_not_compared_to_baseline
sha256=107983dc72d381e6897a5a333556946adcc98daef82e954d52cec1fc402c3086|page=24|physical_row=0002|station_section=1:Mumbai|printed_row=227,107983dc72d381e6897a5a333556946adcc98daef82e954d52cec1fc402c3086,24,2,1,Mumbai,227,p24-r227-n1289,p24-r227-n1289-departure,departure,BOM,DEL,AI 2440,AIC,AI,4,2026-07-30,2026-10-22,18:00,raw_time_basis_unknown,ai-s26-0f6d9bb57acb9f,current,confirmed_exact_designator
sha256=107983dc72d381e6897a5a333556946adcc98daef82e954d52cec1fc402c3086|page=24|physical_row=0003|station_section=1:Mumbai|printed_row=228,107983dc72d381e6897a5a333556946adcc98daef82e954d52cec1fc402c3086,24,3,1,Mumbai,228,p24-r228-n1290,p24-r228-n1290-departure,departure,BOM,HYD,AI 2619,AIC,AI,1234567,2026-03-29,2026-10-24,18:00,raw_time_basis_unknown,ai-s26-52ea3209d5f39c,current,confirmed_exact_designator
sha256=107983dc72d381e6897a5a333556946adcc98daef82e954d52cec1fc402c3086|page=24|physical_row=0004|station_section=1:Mumbai|printed_row=229,107983dc72d381e6897a5a333556946adcc98daef82e954d52cec1fc402c3086,24,4,1,Mumbai,229,p24-r229-n1291,p24-r229-n1291-arrival,arrival,MAA,BOM,AI 2740,AIC,AI,26,2026-03-31,2026-04-25,18:00,raw_time_basis_unknown,ai-s26-73534101ea4539,expired,expired_not_compared_to_baseline
sha256=107983dc72d381e6897a5a333556946adcc98daef82e954d52cec1fc402c3086|page=24|physical_row=0005|station_section=1:Mumbai|printed_row=230,107983dc72d381e6897a5a333556946adcc98daef82e954d52cec1fc402c3086,24,5,1,Mumbai,230,p24-r230-n1292,p24-r230-n1292-arrival,arrival,MAA,BOM,AI 2740,AIC,AI,26,2026-04-28,2026-10-24,18:00,raw_time_basis_unknown,ai-s26-af15a19079b8b4,current,confirmed_exact_designator
sha256=107983dc72d381e6897a5a333556946adcc98daef82e954d52cec1fc402c3086|page=24|physical_row=0006|station_section=1:Mumbai|printed_row=231,107983dc72d381e6897a5a333556946adcc98daef82e954d52cec1fc402c3086,24,6,1,Mumbai,231,p24-r231-n1293,p24-r231-n1293-arrival,arrival,MAA,BOM,AI 2740,AIC,AI,13457,2026-03-29,2026-04-24,18:00,raw_time_basis_unknown,ai-s26-e2b6d466d0db60,expired,expired_not_compared_to_baseline
sha256=107983dc72d381e6897a5a333556946adcc98daef82e954d52cec1fc402c3086|page=24|physical_row=0007|station_section=1:Mumbai|printed_row=232,107983dc72d381e6897a5a333556946adcc98daef82e954d52cec1fc402c3086,24,7,1,Mumbai,232,p24-r232-n1294,p24-r232-n1294-arrival,arrival,MAA,BOM,AI 2740,AIC,AI,13457,2026-04-26,2026-10-23,18:00,raw_time_basis_unknown,ai-s26-4c06be6b706a7d,current,confirmed_exact_designator
sha256=107983dc72d381e6897a5a333556946adcc98daef82e954d52cec1fc402c3086|page=24|physical_row=0008|station_section=1:Mumbai|printed_row=233,107983dc72d381e6897a5a333556946adcc98daef82e954d52cec1fc402c3086,24,8,1,Mumbai,233,p24-r233-n1295,p24-r233-n1295-departure,departure,BOM,AMD,AI 2493,AIC,AI,1234567,2026-03-29,2026-10-24,18:05,raw_time_basis_unknown,ai-s26-ea96abb2fe32de,current,confirmed_exact_designator
sha256=107983dc72d381e6897a5a333556946adcc98daef82e954d52cec1fc402c3086|page=24|physical_row=0009|station_section=1:Mumbai|printed_row=234,107983dc72d381e6897a5a333556946adcc98daef82e954d52cec1fc402c3086,24,9,1,Mumbai,234,p24-r234-n1296,p24-r234-n1296-departure,departure,BOM,MAA,AI 435,AIC,AI,1234567,2026-03-29,2026-10-24,18:10,raw_time_basis_unknown,ai-s26-272438f9c27652,current,confirmed_exact_designator
sha256=107983dc72d381e6897a5a333556946adcc98daef82e954d52cec1fc402c3086|page=24|physical_row=0010|station_section=1:Mumbai|printed_row=235,107983dc72d381e6897a5a333556946adcc98daef82e954d52cec1fc402c3086,24,10,1,Mumbai,235,p24-r235-n1297,p24-r235-n1297-arrival,arrival,CCU,BOM,AI 2472,AIC,AI,1234567,2026-03-29,2026-10-24,18:15,raw_time_basis_unknown,ai-s26-32d6363ddaeb2e,current,confirmed_exact_designator
sha256=107983dc72d381e6897a5a333556946adcc98daef82e954d52cec1fc402c3086|page=24|physical_row=0011|station_section=1:Mumbai|printed_row=236,107983dc72d381e6897a5a333556946adcc98daef82e954d52cec1fc402c3086,24,11,1,Mumbai,236,p24-r236-n1298,p24-r236-n1298-arrival,arrival,UDR,BOM,AI 2596,AIC,AI,123567,2026-03-29,2026-10-24,18:15,raw_time_basis_unknown,ai-s26-417313229885b9,current,confirmed_exact_designator
sha256=107983dc72d381e6897a5a333556946adcc98daef82e954d52cec1fc402c3086|page=24|physical_row=0012|station_section=1:Mumbai|printed_row=237,107983dc72d381e6897a5a333556946adcc98daef82e954d52cec1fc402c3086,24,12,1,Mumbai,237,p24-r237-n1299,p24-r237-n1299-arrival,arrival,IDR,BOM,AI 2592,AIC,AI,1234567,2026-03-29,2026-10-24,18:20,raw_time_basis_unknown,ai-s26-cbbe0fd9fae075,current,confirmed_exact_designator
sha256=107983dc72d381e6897a5a333556946adcc98daef82e954d52cec1fc402c3086|page=24|physical_row=0013|station_section=1:Mumbai|printed_row=238,107983dc72d381e6897a5a333556946adcc98daef82e954d52cec1fc402c3086,24,13,1,Mumbai,238,p24-r238-n1300,p24-r238-n1300-arrival,arrival,DEL,BOM,AI 1777,AIC,AI,1234567,2026-03-29,2026-10-24,18:25,raw_time_basis_unknown,ai-s26-697307a5058d30,current,confirmed_exact_designator
sha256=107983dc72d381e6897a5a333556946adcc98daef82e954d52cec1fc402c3086|page=24|physical_row=0014|station_section=1:Mumbai|printed_row=239,107983dc72d381e6897a5a333556946adcc98daef82e954d52cec1fc402c3086,24,14,1,Mumbai,239,p24-r239-n1301,p24-r239-n1301-departure,departure,BOM,BLR,AI 2641,AIC,AI,1234567,2026-03-29,2026-10-24,18:30,raw_time_basis_unknown,ai-s26-c3bcc5648665db,current,confirmed_exact_designator
sha256=107983dc72d381e6897a5a333556946adcc98daef82e954d52cec1fc402c3086|page=24|physical_row=0015|station_section=1:Mumbai|printed_row=240,107983dc72d381e6897a5a333556946adcc98daef82e954d52cec1fc402c3086,24,15,1,Mumbai,240,p24-r240-n1302,p24-r240-n1302-departure,departure,BOM,DEL,AI 2996,AIC,AI,1234567,2026-03-29,2026-10-24,18:30,raw_time_basis_unknown,ai-s26-e3481f4855f4e1,current,confirmed_exact_designator
sha256=107983dc72d381e6897a5a333556946adcc98daef82e954d52cec1fc402c3086|page=24|physical_row=0016|station_section=1:Mumbai|printed_row=241,107983dc72d381e6897a5a333556946adcc98daef82e954d52cec1fc402c3086,24,16,1,Mumbai,241,p24-r241-n1303,p24-r241-n1303-arrival,arrival,DEL,BOM,AI 2941,AIC,AI,1234567,2026-03-29,2026-10-24,18:50,raw_time_basis_unknown,ai-s26-908936272fde5a,current,confirmed_exact_designator
sha256=107983dc72d381e6897a5a333556946adcc98daef82e954d52cec1fc402c3086|page=24|physical_row=0017|station_section=1:Mumbai|printed_row=242,107983dc72d381e6897a5a333556946adcc98daef82e954d52cec1fc402c3086,24,17,1,Mumbai,242,p24-r242-n1304,p24-r242-n1304-arrival,arrival,GOI,BOM,AI 2746,AIC,AI,123567,2026-03-29,2026-10-24,18:55,raw_time_basis_unknown,ai-s26-51188a2a2ac63c,current,confirmed_exact_designator
sha256=107983dc72d381e6897a5a333556946adcc98daef82e954d52cec1fc402c3086|page=24|physical_row=0018|station_section=1:Mumbai|printed_row=243,107983dc72d381e6897a5a333556946adcc98daef82e954d52cec1fc402c3086,24,18,1,Mumbai,243,p24-r243-n1305,p24-r243-n1305-departure,departure,BOM,DEL,AI 2426,AIC,AI,123467,2026-03-29,2026-10-24,19:00,raw_time_basis_unknown,ai-s26-da66020a9f1fb2,current,confirmed_exact_designator
sha256=107983dc72d381e6897a5a333556946adcc98daef82e954d52cec1fc402c3086|page=24|physical_row=0019|station_section=1:Mumbai|printed_row=244,107983dc72d381e6897a5a333556946adcc98daef82e954d52cec1fc402c3086,24,19,1,Mumbai,244,p24-r244-n1306,p24-r244-n1306-departure,departure,BOM,DEL,AI 2426,AIC,AI,5,2026-08-07,2026-10-23,19:00,raw_time_basis_unknown,ai-s26-90df7d1000c73b,current,confirmed_exact_designator
sha256=107983dc72d381e6897a5a333556946adcc98daef82e954d52cec1fc402c3086|page=24|physical_row=0020|station_section=1:Mumbai|printed_row=245,107983dc72d381e6897a5a333556946adcc98daef82e954d52cec1fc402c3086,24,20,1,Mumbai,245,p24-r245-n1307,p24-r245-n1307-departure,departure,BOM,DEL,AI 2426,AIC,AI,5,2026-04-03,2026-07-31,19:00,raw_time_basis_unknown,ai-s26-76b0c5a8347fcf,expired,expired_not_compared_to_baseline
sha256=107983dc72d381e6897a5a333556946adcc98daef82e954d52cec1fc402c3086|page=24|physical_row=0021|station_section=1:Mumbai|printed_row=246,107983dc72d381e6897a5a333556946adcc98daef82e954d52cec1fc402c3086,24,21,1,Mumbai,246,p24-r246-n1308,p24-r246-n1308-departure,departure,BOM,CJB,AI 2732,AIC,AI,1234567,2026-03-29,2026-10-24,19:10,raw_time_basis_unknown,ai-s26-819459113d445d,current,confirmed_exact_designator
sha256=107983dc72d381e6897a5a333556946adcc98daef82e954d52cec1fc402c3086|page=24|physical_row=0022|station_section=1:Mumbai|printed_row=247,107983dc72d381e6897a5a333556946adcc98daef82e954d52cec1fc402c3086,24,22,1,Mumbai,247,p24-r247-n1309,p24-r247-n1309-arrival,arrival,COK,BOM,AI 2518,AIC,AI,134567,2026-03-29,2026-10-24,19:10,raw_time_basis_unknown,ai-s26-a68a0914b888d8,current,confirmed_exact_designator
sha256=107983dc72d381e6897a5a333556946adcc98daef82e954d52cec1fc402c3086|page=24|physical_row=0023|station_section=1:Mumbai|printed_row=248,107983dc72d381e6897a5a333556946adcc98daef82e954d52cec1fc402c3086,24,23,1,Mumbai,248,p24-r248-n1310,p24-r248-n1310-departure,departure,BOM,CCU,AI 2411,AIC,AI,1234567,2026-03-29,2026-10-24,19:20,raw_time_basis_unknown,ai-s26-1c1dafe3d65b72,current,confirmed_exact_designator
sha256=107983dc72d381e6897a5a333556946adcc98daef82e954d52cec1fc402c3086|page=24|physical_row=0024|station_section=1:Mumbai|printed_row=249,107983dc72d381e6897a5a333556946adcc98daef82e954d52cec1fc402c3086,24,24,1,Mumbai,249,p24-r249-n1311,p24-r249-n1311-departure,departure,BOM,GOI,AI 2505,AIC,AI,1234567,2026-03-29,2026-10-24,19:25,raw_time_basis_unknown,ai-s26-3359d1568c6e50,current,confirmed_exact_designator
sha256=107983dc72d381e6897a5a333556946adcc98daef82e954d52cec1fc402c3086|page=24|physical_row=0025|station_section=1:Mumbai|printed_row=250,107983dc72d381e6897a5a333556946adcc98daef82e954d52cec1fc402c3086,24,25,1,Mumbai,250,p24-r250-n1312,p24-r250-n1312-arrival,arrival,HYD,BOM,AI 2447,AIC,AI,1234567,2026-03-29,2026-10-24,19:25,raw_time_basis_unknown,ai-s26-48a11462a028e6,current,confirmed_exact_designator
sha256=107983dc72d381e6897a5a333556946adcc98daef82e954d52cec1fc402c3086|page=24|physical_row=0026|station_section=1:Mumbai|printed_row=251,107983dc72d381e6897a5a333556946adcc98daef82e954d52cec1fc402c3086,24,26,1,Mumbai,251,p24-r251-n1313,p24-r251-n1313-departure,departure,BOM,DEL,AI 2408,AIC,AI,67,2026-03-29,2026-10-24,19:30,raw_time_basis_unknown,ai-s26-cd9ae46620fb6e,current,confirmed_exact_designator
sha256=107983dc72d381e6897a5a333556946adcc98daef82e954d52cec1fc402c3086|page=24|physical_row=0027|station_section=1:Mumbai|printed_row=252,107983dc72d381e6897a5a333556946adcc98daef82e954d52cec1fc402c3086,24,27,1,Mumbai,252,p24-r252-n1314,p24-r252-n1314-departure,departure,BOM,DEL,AI 2408,AIC,AI,12345,2026-03-30,2026-10-23,19:30,raw_time_basis_unknown,ai-s26-ad5abe471cea94,current,confirmed_exact_designator
sha256=107983dc72d381e6897a5a333556946adcc98daef82e954d52cec1fc402c3086|page=24|physical_row=0028|station_section=1:Mumbai|printed_row=253,107983dc72d381e6897a5a333556946adcc98daef82e954d52cec1fc402c3086,24,28,1,Mumbai,253,p24-r253-n1315,p24-r253-n1315-departure,departure,BOM,TRV,AI 2655,AIC,AI,4,2026-04-02,2026-04-02,19:30,raw_time_basis_unknown,ai-s26-eddb0e4cd259dc,expired,expired_not_compared_to_baseline
sha256=107983dc72d381e6897a5a333556946adcc98daef82e954d52cec1fc402c3086|page=24|physical_row=0029|station_section=1:Mumbai|printed_row=254,107983dc72d381e6897a5a333556946adcc98daef82e954d52cec1fc402c3086,24,29,1,Mumbai,254,p24-r254-n1316,p24-r254-n1316-departure,departure,BOM,HYD,AI 2875,AIC,AI,1234567,2026-03-29,2026-10-24,19:35,raw_time_basis_unknown,ai-s26-2210185d6e4bbc,current,confirmed_exact_designator
sha256=107983dc72d381e6897a5a333556946adcc98daef82e954d52cec1fc402c3086|page=24|physical_row=0030|station_section=1:Mumbai|printed_row=255,107983dc72d381e6897a5a333556946adcc98daef82e954d52cec1fc402c3086,24,30,1,Mumbai,255,p24-r255-n1317,p24-r255-n1317-arrival,arrival,AMD,BOM,AI 2916,AIC,AI,1234567,2026-03-29,2026-10-24,19:40,raw_time_basis_unknown,ai-s26-490be14e0bb3ee,current,confirmed_exact_designator
sha256=107983dc72d381e6897a5a333556946adcc98daef82e954d52cec1fc402c3086|page=24|physical_row=0031|station_section=1:Mumbai|printed_row=256,107983dc72d381e6897a5a333556946adcc98daef82e954d52cec1fc402c3086,24,31,1,Mumbai,256,p24-r256-n1318,p24-r256-n1318-departure,departure,BOM,BLR,AI 2865,AIC,AI,1234567,2026-03-29,2026-10-24,19:45,raw_time_basis_unknown,ai-s26-4948b5076f861e,current,confirmed_exact_designator
sha256=107983dc72d381e6897a5a333556946adcc98daef82e954d52cec1fc402c3086|page=24|physical_row=0032|station_section=1:Mumbai|printed_row=257,107983dc72d381e6897a5a333556946adcc98daef82e954d52cec1fc402c3086,24,32,1,Mumbai,257,p24-r257-n1319,p24-r257-n1319-arrival,arrival,DEL,BOM,AI 441,AIC,AI,7,2026-03-29,2026-03-29,19:45,raw_time_basis_unknown,ai-s26-545b37fa39e49e,expired,expired_not_compared_to_baseline
sha256=107983dc72d381e6897a5a333556946adcc98daef82e954d52cec1fc402c3086|page=24|physical_row=0033|station_section=1:Mumbai|printed_row=258,107983dc72d381e6897a5a333556946adcc98daef82e954d52cec1fc402c3086,24,33,1,Mumbai,258,p24-r258-n1320,p24-r258-n1320-arrival,arrival,DEL,BOM,AI 441,AIC,AI,7,2026-04-05,2026-04-26,19:45,raw_time_basis_unknown,ai-s26-937146c872d9ae,expired,expired_not_compared_to_baseline
sha256=107983dc72d381e6897a5a333556946adcc98daef82e954d52cec1fc402c3086|page=24|physical_row=0034|station_section=1:Mumbai|printed_row=259,107983dc72d381e6897a5a333556946adcc98daef82e954d52cec1fc402c3086,24,34,1,Mumbai,259,p24-r259-n1321,p24-r259-n1321-arrival,arrival,DEL,BOM,AI 441,AIC,AI,7,2026-05-31,2026-05-31,19:45,raw_time_basis_unknown,ai-s26-bbea17e5423e67,expired,expired_not_compared_to_baseline
sha256=107983dc72d381e6897a5a333556946adcc98daef82e954d52cec1fc402c3086|page=24|physical_row=0035|station_section=1:Mumbai|printed_row=260,107983dc72d381e6897a5a333556946adcc98daef82e954d52cec1fc402c3086,24,35,1,Mumbai,260,p24-r260-n1322,p24-r260-n1322-arrival,arrival,DEL,BOM,AI 441,AIC,AI,3,2026-04-01,2026-04-01,19:45,raw_time_basis_unknown,ai-s26-7398c42b7b191b,expired,expired_not_compared_to_baseline
sha256=107983dc72d381e6897a5a333556946adcc98daef82e954d52cec1fc402c3086|page=24|physical_row=0036|station_section=1:Mumbai|printed_row=261,107983dc72d381e6897a5a333556946adcc98daef82e954d52cec1fc402c3086,24,36,1,Mumbai,261,p24-r261-n1323,p24-r261-n1323-arrival,arrival,DEL,BOM,AI 441,AIC,AI,3,2026-04-08,2026-04-29,19:45,raw_time_basis_unknown,ai-s26-539e24bcd2e14c,expired,expired_not_compared_to_baseline
sha256=107983dc72d381e6897a5a333556946adcc98daef82e954d52cec1fc402c3086|page=24|physical_row=0037|station_section=1:Mumbai|printed_row=262,107983dc72d381e6897a5a333556946adcc98daef82e954d52cec1fc402c3086,24,37,1,Mumbai,262,p24-r262-n1324,p24-r262-n1324-arrival,arrival,DEL,BOM,AI 441,AIC,AI,37,2026-05-03,2026-05-27,19:45,raw_time_basis_unknown,ai-s26-3bfd24ca59b05f,expired,expired_not_compared_to_baseline
sha256=107983dc72d381e6897a5a333556946adcc98daef82e954d52cec1fc402c3086|page=24|physical_row=0038|station_section=1:Mumbai|printed_row=263,107983dc72d381e6897a5a333556946adcc98daef82e954d52cec1fc402c3086,24,38,1,Mumbai,263,p24-r263-n1325,p24-r263-n1325-arrival,arrival,DEL,BOM,AI 441,AIC,AI,37,2026-06-03,2026-10-21,19:45,raw_time_basis_unknown,ai-s26-7ec88b41def64e,current,confirmed_exact_designator
sha256=107983dc72d381e6897a5a333556946adcc98daef82e954d52cec1fc402c3086|page=24|physical_row=0039|station_section=1:Mumbai|printed_row=264,107983dc72d381e6897a5a333556946adcc98daef82e954d52cec1fc402c3086,24,39,1,Mumbai,264,p24-r264-n1326,p24-r264-n1326-arrival,arrival,DEL,BOM,AI 441,AIC,AI,12456,2026-03-30,2026-10-24,19:45,raw_time_basis_unknown,ai-s26-500d2cd585992d,current,confirmed_exact_designator
sha256=107983dc72d381e6897a5a333556946adcc98daef82e954d52cec1fc402c3086|page=24|physical_row=0040|station_section=1:Mumbai|printed_row=265,107983dc72d381e6897a5a333556946adcc98daef82e954d52cec1fc402c3086,24,40,1,Mumbai,265,p24-r265-n1327,p24-r265-n1327-departure,departure,BOM,NAG,AI 2583,AIC,AI,1234567,2026-03-29,2026-10-24,19:55,raw_time_basis_unknown,ai-s26-93a2e9e296c484,current,confirmed_exact_designator
sha256=107983dc72d381e6897a5a333556946adcc98daef82e954d52cec1fc402c3086|page=24|physical_row=0041|station_section=1:Mumbai|printed_row=266,107983dc72d381e6897a5a333556946adcc98daef82e954d52cec1fc402c3086,24,41,1,Mumbai,266,p24-r266-n1328,p24-r266-n1328-arrival,arrival,DEL,BOM,AI 1736,AIC,AI,1234567,2026-03-29,2026-10-24,19:55,raw_time_basis_unknown,ai-s26-b4e9870dd31b7d,current,confirmed_exact_designator
sha256=107983dc72d381e6897a5a333556946adcc98daef82e954d52cec1fc402c3086|page=24|physical_row=0042|station_section=1:Mumbai|printed_row=267,107983dc72d381e6897a5a333556946adcc98daef82e954d52cec1fc402c3086,24,42,1,Mumbai,267,p24-r267-n1329,p24-r267-n1329-departure,departure,BOM,DEL,AI 2940,AIC,AI,1234567,2026-03-29,2026-10-24,20:00,raw_time_basis_unknown,ai-s26-0c3610832e4023,current,confirmed_exact_designator
sha256=107983dc72d381e6897a5a333556946adcc98daef82e954d52cec1fc402c3086|page=24|physical_row=0043|station_section=1:Mumbai|printed_row=268,107983dc72d381e6897a5a333556946adcc98daef82e954d52cec1fc402c3086,24,43,1,Mumbai,268,p24-r268-n1330,p24-r268-n1330-arrival,arrival,BLR,BOM,AI 2854,AIC,AI,1234567,2026-03-29,2026-10-24,20:05,raw_time_basis_unknown,ai-s26-a506ccef9162d9,current,confirmed_exact_designator
sha256=107983dc72d381e6897a5a333556946adcc98daef82e954d52cec1fc402c3086|page=24|physical_row=0044|station_section=1:Mumbai|printed_row=269,107983dc72d381e6897a5a333556946adcc98daef82e954d52cec1fc402c3086,24,44,1,Mumbai,269,p24-r269-n1331,p24-r269-n1331-arrival,arrival,VGA,BOM,AI 599,AIC,AI,1234567,2026-03-29,2026-10-24,20:10,raw_time_basis_unknown,ai-s26-963d196c2d5719,current,confirmed_exact_designator
sha256=107983dc72d381e6897a5a333556946adcc98daef82e954d52cec1fc402c3086|page=24|physical_row=0045|station_section=1:Mumbai|printed_row=270,107983dc72d381e6897a5a333556946adcc98daef82e954d52cec1fc402c3086,24,45,1,Mumbai,270,p24-r270-n1332,p24-r270-n1332-arrival,arrival,HSR,BOM,AI 2731,AIC,AI,4,2026-04-02,2026-10-22,20:10,raw_time_basis_unknown,ai-s26-dc5b01e30b56c7,current,confirmed_exact_designator
sha256=107983dc72d381e6897a5a333556946adcc98daef82e954d52cec1fc402c3086|page=24|physical_row=0046|station_section=1:Mumbai|printed_row=271,107983dc72d381e6897a5a333556946adcc98daef82e954d52cec1fc402c3086,24,46,1,Mumbai,271,p24-r271-n1333,p24-r271-n1333-arrival,arrival,HSR,BOM,AI 2731,AIC,AI,123567,2026-03-29,2026-10-24,20:10,raw_time_basis_unknown,ai-s26-4f6383ba34bafd,current,confirmed_exact_designator
sha256=107983dc72d381e6897a5a333556946adcc98daef82e954d52cec1fc402c3086|page=24|physical_row=0047|station_section=1:Mumbai|printed_row=272,107983dc72d381e6897a5a333556946adcc98daef82e954d52cec1fc402c3086,24,47,1,Mumbai,272,p24-r272-n1334,p24-r272-n1334-departure,departure,BOM,COK,AI 2791,AIC,AI,1234567,2026-03-29,2026-10-24,20:20,raw_time_basis_unknown,ai-s26-5c72522e62736a,current,confirmed_exact_designator
sha256=107983dc72d381e6897a5a333556946adcc98daef82e954d52cec1fc402c3086|page=24|physical_row=0048|station_section=1:Mumbai|printed_row=273,107983dc72d381e6897a5a333556946adcc98daef82e954d52cec1fc402c3086,24,48,1,Mumbai,273,p24-r273-n1335,p24-r273-n1335-arrival,arrival,MAA,BOM,AI 640,AIC,AI,1234567,2026-03-29,2026-10-24,20:20,raw_time_basis_unknown,ai-s26-a7bcd207d6b84c,current,confirmed_exact_designator
sha256=107983dc72d381e6897a5a333556946adcc98daef82e954d52cec1fc402c3086|page=24|physical_row=0049|station_section=1:Mumbai|printed_row=274,107983dc72d381e6897a5a333556946adcc98daef82e954d52cec1fc402c3086,24,49,1,Mumbai,274,p24-r274-n1336,p24-r274-n1336-arrival,arrival,DEL,BOM,AI 2955,AIC,AI,1234567,2026-03-29,2026-10-24,20:25,raw_time_basis_unknown,ai-s26-00d2e17b762dd0,current,confirmed_exact_designator
sha256=107983dc72d381e6897a5a333556946adcc98daef82e954d52cec1fc402c3086|page=24|physical_row=0050|station_section=1:Mumbai|printed_row=275,107983dc72d381e6897a5a333556946adcc98daef82e954d52cec1fc402c3086,24,50,1,Mumbai,275,p24-r275-n1337,p24-r275-n1337-departure,departure,BOM,MAA,AI 2827,AIC,AI,1234567,2026-03-29,2026-10-24,20:30,raw_time_basis_unknown,ai-s26-bd41f33f5eb37f,current,confirmed_exact_designator
sha256=107983dc72d381e6897a5a333556946adcc98daef82e954d52cec1fc402c3086|page=24|physical_row=0051|station_section=1:Mumbai|printed_row=276,107983dc72d381e6897a5a333556946adcc98daef82e954d52cec1fc402c3086,24,51,1,Mumbai,276,p24-r276-n1338,p24-r276-n1338-departure,departure,BOM,DEL,AI 2988,AIC,AI,1234567,2026-03-29,2026-10-24,20:30,raw_time_basis_unknown,ai-s26-766f30799f9d7d,current,confirmed_exact_designator
sha256=107983dc72d381e6897a5a333556946adcc98daef82e954d52cec1fc402c3086|page=24|physical_row=0052|station_section=1:Mumbai|printed_row=277,107983dc72d381e6897a5a333556946adcc98daef82e954d52cec1fc402c3086,24,52,1,Mumbai,277,p24-r277-n1339,p24-r277-n1339-arrival,arrival,IXC,BOM,AI 2660,AIC,AI,1234567,2026-03-29,2026-10-24,20:30,raw_time_basis_unknown,ai-s26-97c482dd056d10,current,confirmed_exact_designator
sha256=107983dc72d381e6897a5a333556946adcc98daef82e954d52cec1fc402c3086|page=24|physical_row=0053|station_section=1:Mumbai|printed_row=278,107983dc72d381e6897a5a333556946adcc98daef82e954d52cec1fc402c3086,24,53,1,Mumbai,278,p24-r278-n1340,p24-r278-n1340-departure,departure,BOM,BLR,AI 2401,AIC,AI,1234567,2026-03-29,2026-10-24,20:45,raw_time_basis_unknown,ai-s26-6c45fa1a6e8eef,current,confirmed_exact_designator
sha256=107983dc72d381e6897a5a333556946adcc98daef82e954d52cec1fc402c3086|page=24|physical_row=0054|station_section=1:Mumbai|printed_row=279,107983dc72d381e6897a5a333556946adcc98daef82e954d52cec1fc402c3086,24,54,1,Mumbai,279,p24-r279-n1341,p24-r279-n1341-departure,departure,BOM,DEL,AI 816,AIC,AI,7,2026-04-05,2026-04-26,21:00,raw_time_basis_unknown,ai-s26-0982718db24a05,expired,expired_not_compared_to_baseline
sha256=107983dc72d381e6897a5a333556946adcc98daef82e954d52cec1fc402c3086|page=24|physical_row=0055|station_section=1:Mumbai|printed_row=280,107983dc72d381e6897a5a333556946adcc98daef82e954d52cec1fc402c3086,24,55,1,Mumbai,280,p24-r280-n1342,p24-r280-n1342-departure,departure,BOM,DEL,AI 816,AIC,AI,3,2026-04-01,2026-04-01,21:00,raw_time_basis_unknown,ai-s26-0bf39d542ed2a1,expired,expired_not_compared_to_baseline
sha256=107983dc72d381e6897a5a333556946adcc98daef82e954d52cec1fc402c3086|page=24|physical_row=0056|station_section=1:Mumbai|printed_row=281,107983dc72d381e6897a5a333556946adcc98daef82e954d52cec1fc402c3086,24,56,1,Mumbai,281,p24-r281-n1343,p24-r281-n1343-departure,departure,BOM,DEL,AI 816,AIC,AI,3,2026-04-08,2026-04-29,21:00,raw_time_basis_unknown,ai-s26-b391b9669f10f9,expired,expired_not_compared_to_baseline
sha256=107983dc72d381e6897a5a333556946adcc98daef82e954d52cec1fc402c3086|page=24|physical_row=0057|station_section=1:Mumbai|printed_row=282,107983dc72d381e6897a5a333556946adcc98daef82e954d52cec1fc402c3086,24,57,1,Mumbai,282,p24-r282-n1344,p24-r282-n1344-departure,departure,BOM,DEL,AI 816,AIC,AI,37,2026-05-03,2026-05-27,21:00,raw_time_basis_unknown,ai-s26-d303a3f712ac0d,expired,expired_not_compared_to_baseline
sha256=107983dc72d381e6897a5a333556946adcc98daef82e954d52cec1fc402c3086|page=24|physical_row=0058|station_section=1:Mumbai|printed_row=283,107983dc72d381e6897a5a333556946adcc98daef82e954d52cec1fc402c3086,24,58,1,Mumbai,283,p24-r283-n1345,p24-r283-n1345-departure,departure,BOM,DEL,AI 816,AIC,AI,37,2026-06-03,2026-10-21,21:00,raw_time_basis_unknown,ai-s26-6447a03b709000,current,confirmed_exact_designator
sha256=107983dc72d381e6897a5a333556946adcc98daef82e954d52cec1fc402c3086|page=25|physical_row=0001|station_section=1:Mumbai|printed_row=284,107983dc72d381e6897a5a333556946adcc98daef82e954d52cec1fc402c3086,25,1,1,Mumbai,284,p25-r284-n1346,p25-r284-n1346-departure,departure,BOM,DEL,AI 816,AIC,AI,12456,2026-03-30,2026-10-24,21:00,raw_time_basis_unknown,ai-s26-f92866b7439348,current,confirmed_exact_designator
sha256=107983dc72d381e6897a5a333556946adcc98daef82e954d52cec1fc402c3086|page=25|physical_row=0002|station_section=1:Mumbai|printed_row=285,107983dc72d381e6897a5a333556946adcc98daef82e954d52cec1fc402c3086,25,2,1,Mumbai,285,p25-r285-n1347,p25-r285-n1347-departure,departure,BOM,DEL,AI 816,AIC,AI,7,2026-03-29,2026-03-29,21:00,raw_time_basis_unknown,ai-s26-4c7810645ef89a,expired,expired_not_compared_to_baseline
sha256=107983dc72d381e6897a5a333556946adcc98daef82e954d52cec1fc402c3086|page=25|physical_row=0003|station_section=1:Mumbai|printed_row=286,107983dc72d381e6897a5a333556946adcc98daef82e954d52cec1fc402c3086,25,3,1,Mumbai,286,p25-r286-n1348,p25-r286-n1348-departure,departure,BOM,DEL,AI 816,AIC,AI,7,2026-05-31,2026-05-31,21:00,raw_time_basis_unknown,ai-s26-a4e3c4a6a6a4eb,expired,expired_not_compared_to_baseline
sha256=107983dc72d381e6897a5a333556946adcc98daef82e954d52cec1fc402c3086|page=25|physical_row=0004|station_section=1:Mumbai|printed_row=287,107983dc72d381e6897a5a333556946adcc98daef82e954d52cec1fc402c3086,25,4,1,Mumbai,287,p25-r287-n1349,p25-r287-n1349-arrival,arrival,BLR,BOM,AI 2610,AIC,AI,1234567,2026-03-29,2026-10-24,21:05,raw_time_basis_unknown,ai-s26-f0694c5bd66215,current,confirmed_exact_designator
sha256=107983dc72d381e6897a5a333556946adcc98daef82e954d52cec1fc402c3086|page=25|physical_row=0005|station_section=1:Mumbai|printed_row=288,107983dc72d381e6897a5a333556946adcc98daef82e954d52cec1fc402c3086,25,5,1,Mumbai,288,p25-r288-n1350,p25-r288-n1350-arrival,arrival,CCU,BOM,AI 2774,AIC,AI,1234567,2026-03-29,2026-10-24,21:10,raw_time_basis_unknown,ai-s26-0b31645625fc97,current,confirmed_exact_designator
sha256=107983dc72d381e6897a5a333556946adcc98daef82e954d52cec1fc402c3086|page=25|physical_row=0006|station_section=1:Mumbai|printed_row=289,107983dc72d381e6897a5a333556946adcc98daef82e954d52cec1fc402c3086,25,6,1,Mumbai,289,p25-r289-n1351,p25-r289-n1351-departure,departure,BOM,JAI,AI 413,AIC,AI,1234567,2026-03-29,2026-10-24,21:15,raw_time_basis_unknown,ai-s26-e1bc5269e6b99b,current,confirmed_exact_designator
sha256=107983dc72d381e6897a5a333556946adcc98daef82e954d52cec1fc402c3086|page=25|physical_row=0007|station_section=1:Mumbai|printed_row=290,107983dc72d381e6897a5a333556946adcc98daef82e954d52cec1fc402c3086,25,7,1,Mumbai,290,p25-r290-n1352,p25-r290-n1352-departure,departure,BOM,HYD,AI 2869,AIC,AI,1234567,2026-03-29,2026-10-24,21:25,raw_time_basis_unknown,ai-s26-db5d27e3925a02,current,confirmed_exact_designator
sha256=107983dc72d381e6897a5a333556946adcc98daef82e954d52cec1fc402c3086|page=25|physical_row=0008|station_section=1:Mumbai|printed_row=291,107983dc72d381e6897a5a333556946adcc98daef82e954d52cec1fc402c3086,25,8,1,Mumbai,291,p25-r291-n1353,p25-r291-n1353-arrival,arrival,IDR,BOM,AI 2750,AIC,AI,1234567,2026-03-29,2026-10-24,21:25,raw_time_basis_unknown,ai-s26-0b8478857403e6,current,confirmed_exact_designator
sha256=107983dc72d381e6897a5a333556946adcc98daef82e954d52cec1fc402c3086|page=25|physical_row=0009|station_section=1:Mumbai|printed_row=292,107983dc72d381e6897a5a333556946adcc98daef82e954d52cec1fc402c3086,25,9,1,Mumbai,292,p25-r292-n1354,p25-r292-n1354-arrival,arrival,DEL,BOM,AI 2977,AIC,AI,1234567,2026-03-29,2026-10-24,21:25,raw_time_basis_unknown,ai-s26-92d98ca559675e,current,confirmed_exact_designator
sha256=107983dc72d381e6897a5a333556946adcc98daef82e954d52cec1fc402c3086|page=25|physical_row=0010|station_section=1:Mumbai|printed_row=293,107983dc72d381e6897a5a333556946adcc98daef82e954d52cec1fc402c3086,25,10,1,Mumbai,293,p25-r293-n1355,p25-r293-n1355-departure,departure,BOM,DEL,AI 1895,AIC,AI,1234567,2026-03-29,2026-10-24,21:30,raw_time_basis_unknown,ai-s26-5dc6ec640af639,current,confirmed_exact_designator
sha256=107983dc72d381e6897a5a333556946adcc98daef82e954d52cec1fc402c3086|page=25|physical_row=0011|station_section=1:Mumbai|printed_row=294,107983dc72d381e6897a5a333556946adcc98daef82e954d52cec1fc402c3086,25,11,1,Mumbai,294,p25-r294-n1356,p25-r294-n1356-arrival,arrival,JAI,BOM,AI 622,AIC,AI,1234567,2026-03-29,2026-10-24,21:35,raw_time_basis_unknown,ai-s26-65a818a8e7ca69,current,confirmed_exact_designator
sha256=107983dc72d381e6897a5a333556946adcc98daef82e954d52cec1fc402c3086|page=25|physical_row=0012|station_section=1:Mumbai|printed_row=295,107983dc72d381e6897a5a333556946adcc98daef82e954d52cec1fc402c3086,25,12,1,Mumbai,295,p25-r295-n1357,p25-r295-n1357-departure,departure,BOM,CCU,AI 2643,AIC,AI,1234567,2026-03-29,2026-10-24,21:50,raw_time_basis_unknown,ai-s26-4b2385f98b0895,current,confirmed_exact_designator
sha256=107983dc72d381e6897a5a333556946adcc98daef82e954d52cec1fc402c3086|page=25|physical_row=0013|station_section=1:Mumbai|printed_row=296,107983dc72d381e6897a5a333556946adcc98daef82e954d52cec1fc402c3086,25,13,1,Mumbai,296,p25-r296-n1358,p25-r296-n1358-arrival,arrival,DEL,BOM,AI 2985,AIC,AI,1234567,2026-03-29,2026-10-24,21:55,raw_time_basis_unknown,ai-s26-224b39dbb854a0,current,confirmed_exact_designator
sha256=107983dc72d381e6897a5a333556946adcc98daef82e954d52cec1fc402c3086|page=25|physical_row=0014|station_section=1:Mumbai|printed_row=297,107983dc72d381e6897a5a333556946adcc98daef82e954d52cec1fc402c3086,25,14,1,Mumbai,297,p25-r297-n1359,p25-r297-n1359-departure,departure,BOM,AMD,AI 2919,AIC,AI,1234567,2026-03-29,2026-10-24,22:10,raw_time_basis_unknown,ai-s26-4b3ffd6a8efb3d,current,confirmed_exact_designator
sha256=107983dc72d381e6897a5a333556946adcc98daef82e954d52cec1fc402c3086|page=25|physical_row=0015|station_section=1:Mumbai|printed_row=298,107983dc72d381e6897a5a333556946adcc98daef82e954d52cec1fc402c3086,25,15,1,Mumbai,298,p25-r298-n1360,p25-r298-n1360-arrival,arrival,COK,BOM,AI 699,AIC,AI,1234567,2026-03-29,2026-10-24,22:25,raw_time_basis_unknown,ai-s26-b353a5ace2ed57,current,confirmed_exact_designator
sha256=107983dc72d381e6897a5a333556946adcc98daef82e954d52cec1fc402c3086|page=25|physical_row=0016|station_section=1:Mumbai|printed_row=299,107983dc72d381e6897a5a333556946adcc98daef82e954d52cec1fc402c3086,25,16,1,Mumbai,299,p25-r299-n1361,p25-r299-n1361-arrival,arrival,IXC,BOM,AI 2784,AIC,AI,1357,2026-03-29,2026-10-23,22:30,raw_time_basis_unknown,ai-s26-dd5c7d985b1274,current,confirmed_exact_designator
sha256=107983dc72d381e6897a5a333556946adcc98daef82e954d52cec1fc402c3086|page=25|physical_row=0017|station_section=1:Mumbai|printed_row=300,107983dc72d381e6897a5a333556946adcc98daef82e954d52cec1fc402c3086,25,17,1,Mumbai,300,p25-r300-n1362,p25-r300-n1362-arrival,arrival,DEL,BOM,AI 2805,AIC,AI,1234567,2026-03-29,2026-10-24,22:30,raw_time_basis_unknown,ai-s26-d7c25bf4bd6cec,current,confirmed_exact_designator
sha256=107983dc72d381e6897a5a333556946adcc98daef82e954d52cec1fc402c3086|page=25|physical_row=0018|station_section=1:Mumbai|printed_row=301,107983dc72d381e6897a5a333556946adcc98daef82e954d52cec1fc402c3086,25,18,1,Mumbai,301,p25-r301-n1363,p25-r301-n1363-arrival,arrival,HYD,BOM,AI 2876,AIC,AI,1234567,2026-03-29,2026-10-24,22:30,raw_time_basis_unknown,ai-s26-5385d7bc03aeb7,current,confirmed_exact_designator
sha256=107983dc72d381e6897a5a333556946adcc98daef82e954d52cec1fc402c3086|page=25|physical_row=0019|station_section=1:Mumbai|printed_row=302,107983dc72d381e6897a5a333556946adcc98daef82e954d52cec1fc402c3086,25,19,1,Mumbai,302,p25-r302-n1364,p25-r302-n1364-departure,departure,BOM,DEL,AI 2986,AIC,AI,1234567,2026-03-29,2026-10-24,22:35,raw_time_basis_unknown,ai-s26-6ad00497a08110,current,confirmed_exact_designator
sha256=107983dc72d381e6897a5a333556946adcc98daef82e954d52cec1fc402c3086|page=25|physical_row=0020|station_section=1:Mumbai|printed_row=303,107983dc72d381e6897a5a333556946adcc98daef82e954d52cec1fc402c3086,25,20,1,Mumbai,303,p25-r303-n1365,p25-r303-n1365-arrival,arrival,AMD,BOM,AI 2494,AIC,AI,1234567,2026-03-29,2026-10-24,22:40,raw_time_basis_unknown,ai-s26-4f4248617d983d,current,confirmed_exact_designator
sha256=107983dc72d381e6897a5a333556946adcc98daef82e954d52cec1fc402c3086|page=25|physical_row=0021|station_section=1:Mumbai|printed_row=304,107983dc72d381e6897a5a333556946adcc98daef82e954d52cec1fc402c3086,25,21,1,Mumbai,304,p25-r304-n1366,p25-r304-n1366-arrival,arrival,BLR,BOM,AI 2850,AIC,AI,1234567,2026-03-29,2026-10-24,22:40,raw_time_basis_unknown,ai-s26-52d25ff16e9e8d,current,confirmed_exact_designator
sha256=107983dc72d381e6897a5a333556946adcc98daef82e954d52cec1fc402c3086|page=25|physical_row=0022|station_section=1:Mumbai|printed_row=305,107983dc72d381e6897a5a333556946adcc98daef82e954d52cec1fc402c3086,25,22,1,Mumbai,305,p25-r305-n1367,p25-r305-n1367-departure,departure,BOM,MAA,AI 639,AIC,AI,1234567,2026-03-29,2026-10-24,22:55,raw_time_basis_unknown,ai-s26-ecbad5a794c28b,current,confirmed_exact_designator
sha256=107983dc72d381e6897a5a333556946adcc98daef82e954d52cec1fc402c3086|page=25|physical_row=0023|station_section=1:Mumbai|printed_row=306,107983dc72d381e6897a5a333556946adcc98daef82e954d52cec1fc402c3086,25,23,1,Mumbai,306,p25-r306-n1368,p25-r306-n1368-arrival,arrival,TRV,BOM,AI 2656,AIC,AI,4,2026-04-09,2026-10-22,23:05,raw_time_basis_unknown,ai-s26-5368a21fae2860,current,confirmed_exact_designator
sha256=107983dc72d381e6897a5a333556946adcc98daef82e954d52cec1fc402c3086|page=25|physical_row=0024|station_section=1:Mumbai|printed_row=307,107983dc72d381e6897a5a333556946adcc98daef82e954d52cec1fc402c3086,25,24,1,Mumbai,307,p25-r307-n1369,p25-r307-n1369-arrival,arrival,TRV,BOM,AI 2656,AIC,AI,123567,2026-03-29,2026-04-08,23:05,raw_time_basis_unknown,ai-s26-2756fd5a00f58f,expired,expired_not_compared_to_baseline
sha256=107983dc72d381e6897a5a333556946adcc98daef82e954d52cec1fc402c3086|page=25|physical_row=0025|station_section=1:Mumbai|printed_row=308,107983dc72d381e6897a5a333556946adcc98daef82e954d52cec1fc402c3086,25,25,1,Mumbai,308,p25-r308-n1370,p25-r308-n1370-arrival,arrival,TRV,BOM,AI 2656,AIC,AI,123567,2026-04-10,2026-10-24,23:05,raw_time_basis_unknown,ai-s26-d16ec6422f8dbf,current,confirmed_exact_designator
sha256=107983dc72d381e6897a5a333556946adcc98daef82e954d52cec1fc402c3086|page=25|physical_row=0026|station_section=1:Mumbai|printed_row=309,107983dc72d381e6897a5a333556946adcc98daef82e954d52cec1fc402c3086,25,26,1,Mumbai,309,p25-r309-n1371,p25-r309-n1371-arrival,arrival,DEL,BOM,AI 2957,AIC,AI,1234567,2026-03-29,2026-10-24,23:05,raw_time_basis_unknown,ai-s26-4593720a44662b,current,confirmed_exact_designator
sha256=107983dc72d381e6897a5a333556946adcc98daef82e954d52cec1fc402c3086|page=25|physical_row=0027|station_section=1:Mumbai|printed_row=310,107983dc72d381e6897a5a333556946adcc98daef82e954d52cec1fc402c3086,25,27,1,Mumbai,310,p25-r310-n1372,p25-r310-n1372-arrival,arrival,GOI,BOM,AI 2506,AIC,AI,1234567,2026-03-29,2026-10-24,23:10,raw_time_basis_unknown,ai-s26-df6541cb233639,current,confirmed_exact_designator
sha256=107983dc72d381e6897a5a333556946adcc98daef82e954d52cec1fc402c3086|page=25|physical_row=0028|station_section=1:Mumbai|printed_row=311,107983dc72d381e6897a5a333556946adcc98daef82e954d52cec1fc402c3086,25,28,1,Mumbai,311,p25-r311-n1373,p25-r311-n1373-arrival,arrival,DEL,BOM,AI 2981,AIC,AI,1234567,2026-03-29,2026-10-24,23:20,raw_time_basis_unknown,ai-s26-301d1505f1d4cf,current,confirmed_exact_designator
sha256=107983dc72d381e6897a5a333556946adcc98daef82e954d52cec1fc402c3086|page=25|physical_row=0029|station_section=1:Mumbai|printed_row=312,107983dc72d381e6897a5a333556946adcc98daef82e954d52cec1fc402c3086,25,29,1,Mumbai,312,p25-r312-n1374,p25-r312-n1374-departure,departure,BOM,BLR,AI 2857,AIC,AI,1234567,2026-03-29,2026-10-24,23:30,raw_time_basis_unknown,ai-s26-d2bdbed254e397,current,confirmed_exact_designator
sha256=107983dc72d381e6897a5a333556946adcc98daef82e954d52cec1fc402c3086|page=25|physical_row=0030|station_section=1:Mumbai|printed_row=313,107983dc72d381e6897a5a333556946adcc98daef82e954d52cec1fc402c3086,25,30,1,Mumbai,313,p25-r313-n1375,p25-r313-n1375-arrival,arrival,MAA,BOM,AI 436,AIC,AI,1234567,2026-03-29,2026-10-24,23:30,raw_time_basis_unknown,ai-s26-9cf218e515fae3,current,confirmed_exact_designator
sha256=107983dc72d381e6897a5a333556946adcc98daef82e954d52cec1fc402c3086|page=25|physical_row=0031|station_section=1:Mumbai|printed_row=314,107983dc72d381e6897a5a333556946adcc98daef82e954d52cec1fc402c3086,25,31,1,Mumbai,314,p25-r314-n1376,p25-r314-n1376-arrival,arrival,BLR,BOM,AI 2642,AIC,AI,1234567,2026-03-29,2026-10-24,23:35,raw_time_basis_unknown,ai-s26-b554984a40efcd,current,confirmed_exact_designator
sha256=107983dc72d381e6897a5a333556946adcc98daef82e954d52cec1fc402c3086|page=25|physical_row=0032|station_section=1:Mumbai|printed_row=315,107983dc72d381e6897a5a333556946adcc98daef82e954d52cec1fc402c3086,25,32,1,Mumbai,315,p25-r315-n1377,p25-r315-n1377-arrival,arrival,CCU,BOM,AI 2482,AIC,AI,7,2026-03-29,2026-10-18,23:45,raw_time_basis_unknown,ai-s26-e50206607d1d21,current,confirmed_exact_designator
sha256=107983dc72d381e6897a5a333556946adcc98daef82e954d52cec1fc402c3086|page=25|physical_row=0033|station_section=1:Mumbai|printed_row=316,107983dc72d381e6897a5a333556946adcc98daef82e954d52cec1fc402c3086,25,33,1,Mumbai,316,p25-r316-n1378,p25-r316-n1378-arrival,arrival,CCU,BOM,AI 2482,AIC,AI,6,2026-10-24,2026-10-24,23:45,raw_time_basis_unknown,ai-s26-f2c45706d7fbf6,future,confirmed_exact_designator
sha256=107983dc72d381e6897a5a333556946adcc98daef82e954d52cec1fc402c3086|page=25|physical_row=0034|station_section=1:Mumbai|printed_row=317,107983dc72d381e6897a5a333556946adcc98daef82e954d52cec1fc402c3086,25,34,1,Mumbai,317,p25-r317-n1379,p25-r317-n1379-arrival,arrival,CCU,BOM,AI 2482,AIC,AI,3,2026-04-01,2026-10-21,23:45,raw_time_basis_unknown,ai-s26-b9f20cd64539ec,current,confirmed_exact_designator
sha256=107983dc72d381e6897a5a333556946adcc98daef82e954d52cec1fc402c3086|page=25|physical_row=0035|station_section=1:Mumbai|printed_row=318,107983dc72d381e6897a5a333556946adcc98daef82e954d52cec1fc402c3086,25,35,1,Mumbai,318,p25-r318-n1380,p25-r318-n1380-arrival,arrival,CCU,BOM,AI 2482,AIC,AI,12456,2026-03-30,2026-10-23,23:45,raw_time_basis_unknown,ai-s26-322d89d90ea68c,current,confirmed_exact_designator
sha256=107983dc72d381e6897a5a333556946adcc98daef82e954d52cec1fc402c3086|page=25|physical_row=0036|station_section=1:Mumbai|printed_row=319,107983dc72d381e6897a5a333556946adcc98daef82e954d52cec1fc402c3086,25,36,1,Mumbai,319,p25-r319-n1381,p25-r319-n1381-departure,departure,BOM,DEL,AI 1882,AIC,AI,1234567,2026-03-29,2026-10-24,23:55,raw_time_basis_unknown,ai-s26-ddc8bbc4346750,current,confirmed_exact_designator
sha256=107983dc72d381e6897a5a333556946adcc98daef82e954d52cec1fc402c3086|page=25|physical_row=0037|station_section=1:Mumbai|printed_row=320,107983dc72d381e6897a5a333556946adcc98daef82e954d52cec1fc402c3086,25,37,1,Mumbai,320,p25-r320-n1382,p25-r320-n1382-arrival,arrival,DEL,BOM,AI 2433,AIC,AI,1234567,2026-03-29,2026-10-24,23:55,raw_time_basis_unknown,ai-s26-016a4e07195062,current,confirmed_exact_designator
sha256=107983dc72d381e6897a5a333556946adcc98daef82e954d52cec1fc402c3086|page=25|physical_row=0038|station_section=2:Nagpur|printed_row=1,107983dc72d381e6897a5a333556946adcc98daef82e954d52cec1fc402c3086,25,38,2,Nagpur,1,p25-r1-n1383,p25-r1-n1383-arrival,arrival,BOM,NAG,AI 2581,AIC,AI,1234567,2026-03-29,2026-10-24,07:30,raw_time_basis_unknown,ai-s26-5f52f5b73d8fc7,current,confirmed_exact_designator
sha256=107983dc72d381e6897a5a333556946adcc98daef82e954d52cec1fc402c3086|page=25|physical_row=0039|station_section=2:Nagpur|printed_row=2,107983dc72d381e6897a5a333556946adcc98daef82e954d52cec1fc402c3086,25,39,2,Nagpur,2,p25-r2-n1384,p25-r2-n1384-departure,departure,NAG,BOM,AI 2582,AIC,AI,1234567,2026-03-29,2026-10-24,08:05,raw_time_basis_unknown,ai-s26-483c738af98345,current,confirmed_exact_designator
sha256=107983dc72d381e6897a5a333556946adcc98daef82e954d52cec1fc402c3086|page=25|physical_row=0040|station_section=2:Nagpur|printed_row=3,107983dc72d381e6897a5a333556946adcc98daef82e954d52cec1fc402c3086,25,40,2,Nagpur,3,p25-r3-n1385,p25-r3-n1385-arrival,arrival,DEL,NAG,AI 415,AIC,AI,1234567,2026-03-29,2026-10-24,08:05,raw_time_basis_unknown,ai-s26-72f6717c770d10,current,confirmed_exact_designator
sha256=107983dc72d381e6897a5a333556946adcc98daef82e954d52cec1fc402c3086|page=25|physical_row=0041|station_section=2:Nagpur|printed_row=4,107983dc72d381e6897a5a333556946adcc98daef82e954d52cec1fc402c3086,25,41,2,Nagpur,4,p25-r4-n1386,p25-r4-n1386-departure,departure,NAG,DEL,AI 416,AIC,AI,1234567,2026-03-29,2026-10-24,08:40,raw_time_basis_unknown,ai-s26-ff2197ca277383,current,confirmed_exact_designator
sha256=107983dc72d381e6897a5a333556946adcc98daef82e954d52cec1fc402c3086|page=25|physical_row=0042|station_section=2:Nagpur|printed_row=5,107983dc72d381e6897a5a333556946adcc98daef82e954d52cec1fc402c3086,25,42,2,Nagpur,5,p25-r5-n1387,p25-r5-n1387-arrival,arrival,DEL,NAG,AI 465,AIC,AI,1234567,2026-03-29,2026-10-24,18:10,raw_time_basis_unknown,ai-s26-d46aefbf0c077f,current,confirmed_exact_designator
sha256=107983dc72d381e6897a5a333556946adcc98daef82e954d52cec1fc402c3086|page=25|physical_row=0043|station_section=2:Nagpur|printed_row=6,107983dc72d381e6897a5a333556946adcc98daef82e954d52cec1fc402c3086,25,43,2,Nagpur,6,p25-r6-n1388,p25-r6-n1388-departure,departure,NAG,DEL,AI 466,AIC,AI,1234567,2026-03-29,2026-10-24,18:50,raw_time_basis_unknown,ai-s26-8d7f0387f8d320,current,confirmed_exact_designator
sha256=107983dc72d381e6897a5a333556946adcc98daef82e954d52cec1fc402c3086|page=25|physical_row=0044|station_section=2:Nagpur|printed_row=7,107983dc72d381e6897a5a333556946adcc98daef82e954d52cec1fc402c3086,25,44,2,Nagpur,7,p25-r7-n1389,p25-r7-n1389-arrival,arrival,BOM,NAG,AI 2583,AIC,AI,1234567,2026-03-29,2026-10-24,21:30,raw_time_basis_unknown,ai-s26-93a2e9e296c484,current,confirmed_exact_designator
sha256=107983dc72d381e6897a5a333556946adcc98daef82e954d52cec1fc402c3086|page=25|physical_row=0045|station_section=2:Nagpur|printed_row=8,107983dc72d381e6897a5a333556946adcc98daef82e954d52cec1fc402c3086,25,45,2,Nagpur,8,p25-r8-n1390,p25-r8-n1390-departure,departure,NAG,BOM,AI 2584,AIC,AI,1234567,2026-03-29,2026-10-24,22:10,raw_time_basis_unknown,ai-s26-3c6a3ce828d5b6,current,confirmed_exact_designator
sha256=107983dc72d381e6897a5a333556946adcc98daef82e954d52cec1fc402c3086|page=25|physical_row=0046|station_section=3:Patna|printed_row=1,107983dc72d381e6897a5a333556946adcc98daef82e954d52cec1fc402c3086,25,46,3,Patna,1,p25-r1-n1391,p25-r1-n1391-arrival,arrival,BOM,PAT,AI 2931,AIC,AI,1234567,2026-03-29,2026-10-24,07:00,raw_time_basis_unknown,ai-s26-aaba6add1e8c01,current,confirmed_exact_designator
sha256=107983dc72d381e6897a5a333556946adcc98daef82e954d52cec1fc402c3086|page=25|physical_row=0047|station_section=3:Patna|printed_row=2,107983dc72d381e6897a5a333556946adcc98daef82e954d52cec1fc402c3086,25,47,3,Patna,2,p25-r2-n1392,p25-r2-n1392-departure,departure,PAT,BOM,AI 2932,AIC,AI,1234567,2026-03-29,2026-10-24,07:35,raw_time_basis_unknown,ai-s26-fc1b42d55d10da,current,confirmed_exact_designator
sha256=107983dc72d381e6897a5a333556946adcc98daef82e954d52cec1fc402c3086|page=25|physical_row=0048|station_section=3:Patna|printed_row=3,107983dc72d381e6897a5a333556946adcc98daef82e954d52cec1fc402c3086,25,48,3,Patna,3,p25-r3-n1393,p25-r3-n1393-arrival,arrival,DEL,PAT,AI 1749,AIC,AI,1234567,2026-03-29,2026-10-24,09:40,raw_time_basis_unknown,ai-s26-94c0000bb71357,current,confirmed_exact_designator
sha256=107983dc72d381e6897a5a333556946adcc98daef82e954d52cec1fc402c3086|page=25|physical_row=0049|station_section=3:Patna|printed_row=4,107983dc72d381e6897a5a333556946adcc98daef82e954d52cec1fc402c3086,25,49,3,Patna,4,p25-r4-n1394,p25-r4-n1394-departure,departure,PAT,DEL,AI 1892,AIC,AI,1234567,2026-03-29,2026-10-24,10:20,raw_time_basis_unknown,ai-s26-ab1206a6fe1ffb,current,confirmed_exact_designator
sha256=107983dc72d381e6897a5a333556946adcc98daef82e954d52cec1fc402c3086|page=25|physical_row=0050|station_section=3:Patna|printed_row=5,107983dc72d381e6897a5a333556946adcc98daef82e954d52cec1fc402c3086,25,50,3,Patna,5,p25-r5-n1395,p25-r5-n1395-arrival,arrival,DEL,PAT,AI 2523,AIC,AI,1234567,2026-03-29,2026-10-24,12:30,raw_time_basis_unknown,ai-s26-931bba6a8f232a,current,confirmed_exact_designator
sha256=107983dc72d381e6897a5a333556946adcc98daef82e954d52cec1fc402c3086|page=25|physical_row=0051|station_section=3:Patna|printed_row=6,107983dc72d381e6897a5a333556946adcc98daef82e954d52cec1fc402c3086,25,51,3,Patna,6,p25-r6-n1396,p25-r6-n1396-departure,departure,PAT,DEL,AI 2524,AIC,AI,1234567,2026-03-29,2026-10-24,13:20,raw_time_basis_unknown,ai-s26-5455dc042e7070,current,confirmed_exact_designator
sha256=107983dc72d381e6897a5a333556946adcc98daef82e954d52cec1fc402c3086|page=25|physical_row=0052|station_section=3:Patna|printed_row=7,107983dc72d381e6897a5a333556946adcc98daef82e954d52cec1fc402c3086,25,52,3,Patna,7,p25-r7-n1397,p25-r7-n1397-arrival,arrival,BOM,PAT,AI 2789,AIC,AI,1234567,2026-03-29,2026-10-24,13:25,raw_time_basis_unknown,ai-s26-5bfc58492344c8,current,confirmed_exact_designator
sha256=107983dc72d381e6897a5a333556946adcc98daef82e954d52cec1fc402c3086|page=25|physical_row=0053|station_section=3:Patna|printed_row=8,107983dc72d381e6897a5a333556946adcc98daef82e954d52cec1fc402c3086,25,53,3,Patna,8,p25-r8-n1398,p25-r8-n1398-departure,departure,PAT,BOM,AI 2790,AIC,AI,1234567,2026-03-29,2026-10-24,14:00,raw_time_basis_unknown,ai-s26-38b150a574801b,current,confirmed_exact_designator
sha256=107983dc72d381e6897a5a333556946adcc98daef82e954d52cec1fc402c3086|page=25|physical_row=0054|station_section=3:Patna|printed_row=9,107983dc72d381e6897a5a333556946adcc98daef82e954d52cec1fc402c3086,25,54,3,Patna,9,p25-r9-n1399,p25-r9-n1399-arrival,arrival,DEL,PAT,AI 2645,AIC,AI,1234567,2026-03-29,2026-10-24,14:50,raw_time_basis_unknown,ai-s26-ed40ba5d636c02,current,confirmed_exact_designator
sha256=107983dc72d381e6897a5a333556946adcc98daef82e954d52cec1fc402c3086|page=25|physical_row=0055|station_section=3:Patna|printed_row=10,107983dc72d381e6897a5a333556946adcc98daef82e954d52cec1fc402c3086,25,55,3,Patna,10,p25-r10-n1400,p25-r10-n1400-departure,departure,PAT,DEL,AI 2646,AIC,AI,1234567,2026-03-29,2026-10-24,15:20,raw_time_basis_unknown,ai-s26-090bada645e9e5,current,confirmed_exact_designator
sha256=107983dc72d381e6897a5a333556946adcc98daef82e954d52cec1fc402c3086|page=25|physical_row=0056|station_section=3:Patna|printed_row=11,107983dc72d381e6897a5a333556946adcc98daef82e954d52cec1fc402c3086,25,56,3,Patna,11,p25-r11-n1401,p25-r11-n1401-arrival,arrival,DEL,PAT,AI 1746,AIC,AI,1234567,2026-03-29,2026-10-24,18:30,raw_time_basis_unknown,ai-s26-c542b6164aeff7,current,confirmed_exact_designator
sha256=107983dc72d381e6897a5a333556946adcc98daef82e954d52cec1fc402c3086|page=26|physical_row=0001|station_section=1:Patna|printed_row=12,107983dc72d381e6897a5a333556946adcc98daef82e954d52cec1fc402c3086,26,1,1,Patna,12,p26-r12-n1402,p26-r12-n1402-departure,departure,PAT,DEL,AI 1819,AIC,AI,1234567,2026-03-29,2026-10-24,19:10,raw_time_basis_unknown,ai-s26-cf868629331203,current,confirmed_exact_designator
sha256=107983dc72d381e6897a5a333556946adcc98daef82e954d52cec1fc402c3086|page=26|physical_row=0002|station_section=2:Port Blair|printed_row=1,107983dc72d381e6897a5a333556946adcc98daef82e954d52cec1fc402c3086,26,2,2,Port Blair,1,p26-r1-n1403,p26-r1-n1403-arrival,arrival,DEL,IXZ,AI 485,AIC,AI,7,2026-04-05,2026-04-05,09:10,raw_time_basis_unknown,ai-s26-25d232e37710d4,expired,expired_not_compared_to_baseline
sha256=107983dc72d381e6897a5a333556946adcc98daef82e954d52cec1fc402c3086|page=26|physical_row=0003|station_section=2:Port Blair|printed_row=2,107983dc72d381e6897a5a333556946adcc98daef82e954d52cec1fc402c3086,26,3,2,Port Blair,2,p26-r2-n1404,p26-r2-n1404-arrival,arrival,DEL,IXZ,AI 485,AIC,AI,7,2026-03-29,2026-03-29,09:10,raw_time_basis_unknown,ai-s26-b2f174f94d2f37,expired,expired_not_compared_to_baseline
sha256=107983dc72d381e6897a5a333556946adcc98daef82e954d52cec1fc402c3086|page=26|physical_row=0004|station_section=2:Port Blair|printed_row=3,107983dc72d381e6897a5a333556946adcc98daef82e954d52cec1fc402c3086,26,4,2,Port Blair,3,p26-r3-n1405,p26-r3-n1405-arrival,arrival,VTZ,IXZ,AI 485,AIC,AI,4,2026-04-02,2026-04-02,09:10,raw_time_basis_unknown,ai-s26-2ddd450fefab74,expired,expired_not_compared_to_baseline
sha256=107983dc72d381e6897a5a333556946adcc98daef82e954d52cec1fc402c3086|page=26|physical_row=0005|station_section=2:Port Blair|printed_row=4,107983dc72d381e6897a5a333556946adcc98daef82e954d52cec1fc402c3086,26,5,2,Port Blair,4,p26-r4-n1406,p26-r4-n1406-departure,departure,IXZ,VTZ,AI 486,AIC,AI,7,2026-04-05,2026-04-05,10:00,raw_time_basis_unknown,ai-s26-b4cfeb095183fa,expired,expired_not_compared_to_baseline
sha256=107983dc72d381e6897a5a333556946adcc98daef82e954d52cec1fc402c3086|page=26|physical_row=0006|station_section=2:Port Blair|printed_row=5,107983dc72d381e6897a5a333556946adcc98daef82e954d52cec1fc402c3086,26,6,2,Port Blair,5,p26-r5-n1407,p26-r5-n1407-departure,departure,IXZ,VTZ,AI 486,AIC,AI,7,2026-03-29,2026-03-29,10:00,raw_time_basis_unknown,ai-s26-debdeb0f69bb18,expired,expired_not_compared_to_baseline
sha256=107983dc72d381e6897a5a333556946adcc98daef82e954d52cec1fc402c3086|page=26|physical_row=0007|station_section=2:Port Blair|printed_row=6,107983dc72d381e6897a5a333556946adcc98daef82e954d52cec1fc402c3086,26,7,2,Port Blair,6,p26-r6-n1408,p26-r6-n1408-departure,departure,IXZ,DEL,AI 486,AIC,AI,4,2026-04-02,2026-04-02,10:00,raw_time_basis_unknown,ai-s26-0c0aa90e1d4cc8,expired,expired_not_compared_to_baseline
sha256=107983dc72d381e6897a5a333556946adcc98daef82e954d52cec1fc402c3086|page=26|physical_row=0008|station_section=2:Port Blair|printed_row=7,107983dc72d381e6897a5a333556946adcc98daef82e954d52cec1fc402c3086,26,8,2,Port Blair,7,p26-r7-n1409,p26-r7-n1409-arrival,arrival,DEL,IXZ,AI 2937,AIC,AI,1234567,2026-03-29,2026-10-24,11:00,raw_time_basis_unknown,ai-s26-ee38aa22ccafe2,current,confirmed_exact_designator
sha256=107983dc72d381e6897a5a333556946adcc98daef82e954d52cec1fc402c3086|page=26|physical_row=0009|station_section=2:Port Blair|printed_row=8,107983dc72d381e6897a5a333556946adcc98daef82e954d52cec1fc402c3086,26,9,2,Port Blair,8,p26-r8-n1410,p26-r8-n1410-departure,departure,IXZ,DEL,AI 2936,AIC,AI,1234567,2026-03-29,2026-10-24,11:40,raw_time_basis_unknown,ai-s26-2db4345d6ef116,current,confirmed_exact_designator
sha256=107983dc72d381e6897a5a333556946adcc98daef82e954d52cec1fc402c3086|page=26|physical_row=0010|station_section=3:Pune|printed_row=1,107983dc72d381e6897a5a333556946adcc98daef82e954d52cec1fc402c3086,26,10,3,Pune,1,p26-r1-n1411,p26-r1-n1411-departure,departure,PNQ,DEL,AI 2608,AIC,AI,7,2026-03-29,2026-03-29,00:35,raw_time_basis_unknown,ai-s26-c18ec713ca1fba,expired,expired_not_compared_to_baseline
sha256=107983dc72d381e6897a5a333556946adcc98daef82e954d52cec1fc402c3086|page=26|physical_row=0011|station_section=3:Pune|printed_row=2,107983dc72d381e6897a5a333556946adcc98daef82e954d52cec1fc402c3086,26,11,3,Pune,2,p26-r2-n1412,p26-r2-n1412-departure,departure,PNQ,DEL,AI 2608,AIC,AI,1234567,2026-03-30,2026-10-24,00:35,raw_time_basis_unknown,ai-s26-6b0b2bdf74c0cd,current,confirmed_exact_designator
sha256=107983dc72d381e6897a5a333556946adcc98daef82e954d52cec1fc402c3086|page=26|physical_row=0012|station_section=3:Pune|printed_row=3,107983dc72d381e6897a5a333556946adcc98daef82e954d52cec1fc402c3086,26,12,3,Pune,3,p26-r3-n1413,p26-r3-n1413-arrival,arrival,DEL,PNQ,AI 2609,AIC,AI,1234567,2026-03-29,2026-10-24,02:05,raw_time_basis_unknown,ai-s26-b338a721015059,current,confirmed_exact_designator
sha256=107983dc72d381e6897a5a333556946adcc98daef82e954d52cec1fc402c3086|page=26|physical_row=0013|station_section=3:Pune|printed_row=4,107983dc72d381e6897a5a333556946adcc98daef82e954d52cec1fc402c3086,26,13,3,Pune,4,p26-r4-n1414,p26-r4-n1414-departure,departure,PNQ,DEL,AI 2404,AIC,AI,1234567,2026-03-29,2026-10-24,05:20,raw_time_basis_unknown,ai-s26-e661ea52ae568b,current,confirmed_exact_designator
sha256=107983dc72d381e6897a5a333556946adcc98daef82e954d52cec1fc402c3086|page=26|physical_row=0014|station_section=3:Pune|printed_row=5,107983dc72d381e6897a5a333556946adcc98daef82e954d52cec1fc402c3086,26,14,3,Pune,5,p26-r5-n1415,p26-r5-n1415-arrival,arrival,DEL,PNQ,AI 2469,AIC,AI,6,2026-04-04,2026-10-24,06:55,raw_time_basis_unknown,ai-s26-0fcf49d7975165,current,confirmed_exact_designator
sha256=107983dc72d381e6897a5a333556946adcc98daef82e954d52cec1fc402c3086|page=26|physical_row=0015|station_section=3:Pune|printed_row=6,107983dc72d381e6897a5a333556946adcc98daef82e954d52cec1fc402c3086,26,15,3,Pune,6,p26-r6-n1416,p26-r6-n1416-arrival,arrival,DEL,PNQ,AI 2469,AIC,AI,123457,2026-03-29,2026-10-23,06:55,raw_time_basis_unknown,ai-s26-0edca999299efc,current,confirmed_exact_designator
sha256=107983dc72d381e6897a5a333556946adcc98daef82e954d52cec1fc402c3086|page=26|physical_row=0016|station_section=3:Pune|printed_row=7,107983dc72d381e6897a5a333556946adcc98daef82e954d52cec1fc402c3086,26,16,3,Pune,7,p26-r7-n1417,p26-r7-n1417-departure,departure,PNQ,DEL,AI 2470,AIC,AI,6,2026-04-04,2026-10-24,07:40,raw_time_basis_unknown,ai-s26-06bb2f46e8f726,current,confirmed_exact_designator
sha256=107983dc72d381e6897a5a333556946adcc98daef82e954d52cec1fc402c3086|page=26|physical_row=0017|station_section=3:Pune|printed_row=8,107983dc72d381e6897a5a333556946adcc98daef82e954d52cec1fc402c3086,26,17,3,Pune,8,p26-r8-n1418,p26-r8-n1418-departure,departure,PNQ,DEL,AI 2470,AIC,AI,123457,2026-03-29,2026-10-23,07:40,raw_time_basis_unknown,ai-s26-3328ef51da6113,current,confirmed_exact_designator
sha256=107983dc72d381e6897a5a333556946adcc98daef82e954d52cec1fc402c3086|page=26|physical_row=0018|station_section=3:Pune|printed_row=9,107983dc72d381e6897a5a333556946adcc98daef82e954d52cec1fc402c3086,26,18,3,Pune,9,p26-r9-n1419,p26-r9-n1419-arrival,arrival,DEL,PNQ,AI 1797,AIC,AI,1234567,2026-03-29,2026-10-24,08:05,raw_time_basis_unknown,ai-s26-c6613e94730101,current,confirmed_exact_designator
sha256=107983dc72d381e6897a5a333556946adcc98daef82e954d52cec1fc402c3086|page=26|physical_row=0019|station_section=3:Pune|printed_row=10,107983dc72d381e6897a5a333556946adcc98daef82e954d52cec1fc402c3086,26,19,3,Pune,10,p26-r10-n1420,p26-r10-n1420-departure,departure,PNQ,DEL,AI 1838,AIC,AI,1234567,2026-03-29,2026-10-24,08:45,raw_time_basis_unknown,ai-s26-4f23e27001ec40,current,confirmed_exact_designator
sha256=107983dc72d381e6897a5a333556946adcc98daef82e954d52cec1fc402c3086|page=26|physical_row=0020|station_section=3:Pune|printed_row=11,107983dc72d381e6897a5a333556946adcc98daef82e954d52cec1fc402c3086,26,20,3,Pune,11,p26-r11-n1421,p26-r11-n1421-arrival,arrival,DEL,PNQ,AI 1735,AIC,AI,123457,2026-03-29,2026-10-23,15:15,raw_time_basis_unknown,ai-s26-9ed2ec2024141f,current,confirmed_exact_designator
sha256=107983dc72d381e6897a5a333556946adcc98daef82e954d52cec1fc402c3086|page=26|physical_row=0021|station_section=3:Pune|printed_row=12,107983dc72d381e6897a5a333556946adcc98daef82e954d52cec1fc402c3086,26,21,3,Pune,12,p26-r12-n1422,p26-r12-n1422-departure,departure,PNQ,DEL,AI 1839,AIC,AI,123457,2026-03-29,2026-10-23,15:50,raw_time_basis_unknown,ai-s26-ed50264bf7d0ba,current,confirmed_exact_designator
sha256=107983dc72d381e6897a5a333556946adcc98daef82e954d52cec1fc402c3086|page=26|physical_row=0022|station_section=3:Pune|printed_row=13,107983dc72d381e6897a5a333556946adcc98daef82e954d52cec1fc402c3086,26,22,3,Pune,13,p26-r13-n1423,p26-r13-n1423-arrival,arrival,DEL,PNQ,AI 2971,AIC,AI,6,2026-04-04,2026-10-24,18:15,raw_time_basis_unknown,ai-s26-a444f66d58ef07,current,confirmed_exact_designator
sha256=107983dc72d381e6897a5a333556946adcc98daef82e954d52cec1fc402c3086|page=26|physical_row=0023|station_section=3:Pune|printed_row=14,107983dc72d381e6897a5a333556946adcc98daef82e954d52cec1fc402c3086,26,23,3,Pune,14,p26-r14-n1424,p26-r14-n1424-arrival,arrival,DEL,PNQ,AI 2971,AIC,AI,123457,2026-03-29,2026-10-23,18:15,raw_time_basis_unknown,ai-s26-f15aa9e26fe62c,current,confirmed_exact_designator
sha256=107983dc72d381e6897a5a333556946adcc98daef82e954d52cec1fc402c3086|page=26|physical_row=0024|station_section=3:Pune|printed_row=15,107983dc72d381e6897a5a333556946adcc98daef82e954d52cec1fc402c3086,26,24,3,Pune,15,p26-r15-n1425,p26-r15-n1425-departure,departure,PNQ,DEL,AI 2972,AIC,AI,6,2026-04-04,2026-10-24,18:45,raw_time_basis_unknown,ai-s26-269e45d4179712,current,confirmed_exact_designator
sha256=107983dc72d381e6897a5a333556946adcc98daef82e954d52cec1fc402c3086|page=26|physical_row=0025|station_section=3:Pune|printed_row=16,107983dc72d381e6897a5a333556946adcc98daef82e954d52cec1fc402c3086,26,25,3,Pune,16,p26-r16-n1426,p26-r16-n1426-departure,departure,PNQ,DEL,AI 2972,AIC,AI,123457,2026-03-29,2026-10-23,18:45,raw_time_basis_unknown,ai-s26-4e6d3e31800bbf,current,confirmed_exact_designator
sha256=107983dc72d381e6897a5a333556946adcc98daef82e954d52cec1fc402c3086|page=26|physical_row=0026|station_section=3:Pune|printed_row=17,107983dc72d381e6897a5a333556946adcc98daef82e954d52cec1fc402c3086,26,26,3,Pune,17,p26-r17-n1427,p26-r17-n1427-arrival,arrival,DEL,PNQ,AI 1740,AIC,AI,1234567,2026-03-29,2026-10-24,19:50,raw_time_basis_unknown,ai-s26-dcc702b3ec9117,current,confirmed_exact_designator
sha256=107983dc72d381e6897a5a333556946adcc98daef82e954d52cec1fc402c3086|page=26|physical_row=0027|station_section=3:Pune|printed_row=18,107983dc72d381e6897a5a333556946adcc98daef82e954d52cec1fc402c3086,26,27,3,Pune,18,p26-r18-n1428,p26-r18-n1428-departure,departure,PNQ,DEL,AI 1853,AIC,AI,1234567,2026-03-29,2026-10-24,20:30,raw_time_basis_unknown,ai-s26-26f27a83112fc5,current,confirmed_exact_designator
sha256=107983dc72d381e6897a5a333556946adcc98daef82e954d52cec1fc402c3086|page=26|physical_row=0028|station_section=3:Pune|printed_row=19,107983dc72d381e6897a5a333556946adcc98daef82e954d52cec1fc402c3086,26,28,3,Pune,19,p26-r19-n1429,p26-r19-n1429-arrival,arrival,DEL,PNQ,AI 1730,AIC,AI,6,2026-04-04,2026-10-17,21:15,raw_time_basis_unknown,ai-s26-3e09d5ede0a150,current,confirmed_exact_designator
sha256=107983dc72d381e6897a5a333556946adcc98daef82e954d52cec1fc402c3086|page=26|physical_row=0029|station_section=3:Pune|printed_row=20,107983dc72d381e6897a5a333556946adcc98daef82e954d52cec1fc402c3086,26,29,3,Pune,20,p26-r20-n1430,p26-r20-n1430-arrival,arrival,DEL,PNQ,AI 1730,AIC,AI,123457,2026-03-29,2026-10-23,21:15,raw_time_basis_unknown,ai-s26-f7f5ad4bdcea2f,current,confirmed_exact_designator
sha256=107983dc72d381e6897a5a333556946adcc98daef82e954d52cec1fc402c3086|page=26|physical_row=0030|station_section=3:Pune|printed_row=21,107983dc72d381e6897a5a333556946adcc98daef82e954d52cec1fc402c3086,26,30,3,Pune,21,p26-r21-n1431,p26-r21-n1431-departure,departure,PNQ,DEL,AI 1804,AIC,AI,6,2026-04-04,2026-10-17,22:00,raw_time_basis_unknown,ai-s26-f4bd3f0b925f84,current,confirmed_exact_designator
sha256=107983dc72d381e6897a5a333556946adcc98daef82e954d52cec1fc402c3086|page=26|physical_row=0031|station_section=3:Pune|printed_row=22,107983dc72d381e6897a5a333556946adcc98daef82e954d52cec1fc402c3086,26,31,3,Pune,22,p26-r22-n1432,p26-r22-n1432-departure,departure,PNQ,DEL,AI 1804,AIC,AI,123457,2026-03-29,2026-10-23,22:00,raw_time_basis_unknown,ai-s26-9fc5b144bbbdd1,current,confirmed_exact_designator
sha256=107983dc72d381e6897a5a333556946adcc98daef82e954d52cec1fc402c3086|page=26|physical_row=0032|station_section=3:Pune|printed_row=23,107983dc72d381e6897a5a333556946adcc98daef82e954d52cec1fc402c3086,26,32,3,Pune,23,p26-r23-n1433,p26-r23-n1433-arrival,arrival,DEL,PNQ,AI 2973,AIC,AI,6,2026-10-24,2026-10-24,23:05,raw_time_basis_unknown,ai-s26-870330d3a06df3,future,confirmed_exact_designator
sha256=107983dc72d381e6897a5a333556946adcc98daef82e954d52cec1fc402c3086|page=26|physical_row=0033|station_section=3:Pune|printed_row=24,107983dc72d381e6897a5a333556946adcc98daef82e954d52cec1fc402c3086,26,33,3,Pune,24,p26-r24-n1434,p26-r24-n1434-arrival,arrival,DEL,PNQ,AI 2973,AIC,AI,1234567,2026-03-29,2026-10-23,23:05,raw_time_basis_unknown,ai-s26-5c0e9370f1c020,current,confirmed_exact_designator
sha256=107983dc72d381e6897a5a333556946adcc98daef82e954d52cec1fc402c3086|page=26|physical_row=0034|station_section=4:Raipur|printed_row=1,107983dc72d381e6897a5a333556946adcc98daef82e954d52cec1fc402c3086,26,34,4,Raipur,1,p26-r1-n1435,p26-r1-n1435-arrival,arrival,DEL,RPR,AI 1729,AIC,AI,1234567,2026-03-29,2026-10-24,08:15,raw_time_basis_unknown,ai-s26-e7cd329ff3d77d,current,confirmed_exact_designator
sha256=107983dc72d381e6897a5a333556946adcc98daef82e954d52cec1fc402c3086|page=26|physical_row=0035|station_section=4:Raipur|printed_row=2,107983dc72d381e6897a5a333556946adcc98daef82e954d52cec1fc402c3086,26,35,4,Raipur,2,p26-r2-n1436,p26-r2-n1436-departure,departure,RPR,DEL,AI 1812,AIC,AI,1234567,2026-03-29,2026-10-24,08:55,raw_time_basis_unknown,ai-s26-8c501c4a3c6f55,current,confirmed_exact_designator
sha256=107983dc72d381e6897a5a333556946adcc98daef82e954d52cec1fc402c3086|page=26|physical_row=0036|station_section=4:Raipur|printed_row=3,107983dc72d381e6897a5a333556946adcc98daef82e954d52cec1fc402c3086,26,36,4,Raipur,3,p26-r3-n1437,p26-r3-n1437-arrival,arrival,DEL,RPR,AI 2635,AIC,AI,1234567,2026-03-29,2026-10-24,14:05,raw_time_basis_unknown,ai-s26-be0406a74bcb0c,current,confirmed_exact_designator
sha256=107983dc72d381e6897a5a333556946adcc98daef82e954d52cec1fc402c3086|page=26|physical_row=0037|station_section=4:Raipur|printed_row=4,107983dc72d381e6897a5a333556946adcc98daef82e954d52cec1fc402c3086,26,37,4,Raipur,4,p26-r4-n1438,p26-r4-n1438-departure,departure,RPR,DEL,AI 2636,AIC,AI,1234567,2026-03-29,2026-10-24,14:35,raw_time_basis_unknown,ai-s26-c7733044e381da,current,confirmed_exact_designator
sha256=107983dc72d381e6897a5a333556946adcc98daef82e954d52cec1fc402c3086|page=26|physical_row=0038|station_section=4:Raipur|printed_row=5,107983dc72d381e6897a5a333556946adcc98daef82e954d52cec1fc402c3086,26,38,4,Raipur,5,p26-r5-n1439,p26-r5-n1439-arrival,arrival,DEL,RPR,AI 1718,AIC,AI,1234567,2026-03-29,2026-10-24,20:00,raw_time_basis_unknown,ai-s26-284b19efbbf18a,current,confirmed_exact_designator
sha256=107983dc72d381e6897a5a333556946adcc98daef82e954d52cec1fc402c3086|page=26|physical_row=0039|station_section=4:Raipur|printed_row=6,107983dc72d381e6897a5a333556946adcc98daef82e954d52cec1fc402c3086,26,39,4,Raipur,6,p26-r6-n1440,p26-r6-n1440-departure,departure,RPR,DEL,AI 1811,AIC,AI,1234567,2026-03-29,2026-10-24,20:45,raw_time_basis_unknown,ai-s26-4f55bd7e8b4c9a,current,confirmed_exact_designator
sha256=107983dc72d381e6897a5a333556946adcc98daef82e954d52cec1fc402c3086|page=26|physical_row=0040|station_section=5:Rajkot|printed_row=1,107983dc72d381e6897a5a333556946adcc98daef82e954d52cec1fc402c3086,26,40,5,Rajkot,1,p26-r1-n1441,p26-r1-n1441-arrival,arrival,BOM,HSR,AI 2785,AIC,AI,1234567,2026-03-29,2026-10-24,08:00,raw_time_basis_unknown,ai-s26-e85cde162adf6e,current,confirmed_exact_designator
sha256=107983dc72d381e6897a5a333556946adcc98daef82e954d52cec1fc402c3086|page=26|physical_row=0041|station_section=5:Rajkot|printed_row=2,107983dc72d381e6897a5a333556946adcc98daef82e954d52cec1fc402c3086,26,41,5,Rajkot,2,p26-r2-n1442,p26-r2-n1442-departure,departure,HSR,BOM,AI 2786,AIC,AI,1234567,2026-03-29,2026-10-24,08:35,raw_time_basis_unknown,ai-s26-0fa43cb2c9e3a9,current,confirmed_exact_designator
sha256=107983dc72d381e6897a5a333556946adcc98daef82e954d52cec1fc402c3086|page=26|physical_row=0042|station_section=5:Rajkot|printed_row=3,107983dc72d381e6897a5a333556946adcc98daef82e954d52cec1fc402c3086,26,42,5,Rajkot,3,p26-r3-n1443,p26-r3-n1443-arrival,arrival,DEL,HSR,AI 885,AIC,AI,1234567,2026-03-29,2026-10-24,09:20,raw_time_basis_unknown,ai-s26-16a632239b4422,current,confirmed_exact_designator
sha256=107983dc72d381e6897a5a333556946adcc98daef82e954d52cec1fc402c3086|page=26|physical_row=0043|station_section=5:Rajkot|printed_row=4,107983dc72d381e6897a5a333556946adcc98daef82e954d52cec1fc402c3086,26,43,5,Rajkot,4,p26-r4-n1444,p26-r4-n1444-departure,departure,HSR,DEL,AI 886,AIC,AI,1234567,2026-03-29,2026-10-24,10:00,raw_time_basis_unknown,ai-s26-32fb7a06c74d17,current,confirmed_exact_designator
sha256=107983dc72d381e6897a5a333556946adcc98daef82e954d52cec1fc402c3086|page=26|physical_row=0044|station_section=5:Rajkot|printed_row=5,107983dc72d381e6897a5a333556946adcc98daef82e954d52cec1fc402c3086,26,44,5,Rajkot,5,p26-r5-n1445,p26-r5-n1445-arrival,arrival,BOM,HSR,AI 2730,AIC,AI,1234567,2026-03-29,2026-10-24,17:25,raw_time_basis_unknown,ai-s26-ace1d6d64d3cfc,current,confirmed_exact_designator
sha256=107983dc72d381e6897a5a333556946adcc98daef82e954d52cec1fc402c3086|page=26|physical_row=0045|station_section=5:Rajkot|printed_row=6,107983dc72d381e6897a5a333556946adcc98daef82e954d52cec1fc402c3086,26,45,5,Rajkot,6,p26-r6-n1446,p26-r6-n1446-departure,departure,HSR,BOM,AI 2731,AIC,AI,1234567,2026-03-29,2026-10-24,18:00,raw_time_basis_unknown,ai-s26-4c117fd7fb89d8,current,confirmed_exact_designator
sha256=107983dc72d381e6897a5a333556946adcc98daef82e954d52cec1fc402c3086|page=26|physical_row=0046|station_section=5:Rajkot|printed_row=7,107983dc72d381e6897a5a333556946adcc98daef82e954d52cec1fc402c3086,26,46,5,Rajkot,7,p26-r7-n1447,p26-r7-n1447-arrival,arrival,DEL,HSR,AI 2537,AIC,AI,1234567,2026-03-29,2026-10-24,19:20,raw_time_basis_unknown,ai-s26-3321ab1a4d6d21,current,confirmed_exact_designator
sha256=107983dc72d381e6897a5a333556946adcc98daef82e954d52cec1fc402c3086|page=26|physical_row=0047|station_section=5:Rajkot|printed_row=8,107983dc72d381e6897a5a333556946adcc98daef82e954d52cec1fc402c3086,26,47,5,Rajkot,8,p26-r8-n1448,p26-r8-n1448-departure,departure,HSR,DEL,AI 2538,AIC,AI,1234567,2026-03-29,2026-10-24,20:00,raw_time_basis_unknown,ai-s26-1a90427c33e8a1,current,confirmed_exact_designator
sha256=107983dc72d381e6897a5a333556946adcc98daef82e954d52cec1fc402c3086|page=26|physical_row=0048|station_section=6:Srinagar|printed_row=1,107983dc72d381e6897a5a333556946adcc98daef82e954d52cec1fc402c3086,26,48,6,Srinagar,1,p26-r1-n1449,p26-r1-n1449-arrival,arrival,DEL,SXR,AI 1799,AIC,AI,245,2026-05-05,2026-07-31,08:10,raw_time_basis_unknown,ai-s26-2fb2bcaf3299dc,expired,expired_not_compared_to_baseline
sha256=107983dc72d381e6897a5a333556946adcc98daef82e954d52cec1fc402c3086|page=26|physical_row=0049|station_section=6:Srinagar|printed_row=2,107983dc72d381e6897a5a333556946adcc98daef82e954d52cec1fc402c3086,26,49,6,Srinagar,2,p26-r2-n1450,p26-r2-n1450-arrival,arrival,DEL,SXR,AI 1799,AIC,AI,245,2026-08-04,2026-10-15,08:10,raw_time_basis_unknown,ai-s26-103f9a7795690b,current,confirmed_exact_designator
sha256=107983dc72d381e6897a5a333556946adcc98daef82e954d52cec1fc402c3086|page=26|physical_row=0050|station_section=6:Srinagar|printed_row=3,107983dc72d381e6897a5a333556946adcc98daef82e954d52cec1fc402c3086,26,50,6,Srinagar,3,p26-r3-n1451,p26-r3-n1451-arrival,arrival,DEL,SXR,AI 1799,AIC,AI,13,2026-08-03,2026-10-14,08:10,raw_time_basis_unknown,ai-s26-15d08e08234932,current,confirmed_exact_designator
sha256=107983dc72d381e6897a5a333556946adcc98daef82e954d52cec1fc402c3086|page=26|physical_row=0051|station_section=6:Srinagar|printed_row=4,107983dc72d381e6897a5a333556946adcc98daef82e954d52cec1fc402c3086,26,51,6,Srinagar,4,p26-r4-n1452,p26-r4-n1452-arrival,arrival,DEL,SXR,AI 1799,AIC,AI,1367,2026-05-02,2026-07-29,08:10,raw_time_basis_unknown,ai-s26-9758a1460abb27,expired,expired_not_compared_to_baseline
sha256=107983dc72d381e6897a5a333556946adcc98daef82e954d52cec1fc402c3086|page=26|physical_row=0052|station_section=6:Srinagar|printed_row=5,107983dc72d381e6897a5a333556946adcc98daef82e954d52cec1fc402c3086,26,52,6,Srinagar,5,p26-r5-n1453,p26-r5-n1453-arrival,arrival,DEL,SXR,AI 1799,AIC,AI,1234567,2026-03-31,2026-05-01,08:10,raw_time_basis_unknown,ai-s26-0db296d707b8c4,expired,expired_not_compared_to_baseline
sha256=107983dc72d381e6897a5a333556946adcc98daef82e954d52cec1fc402c3086|page=26|physical_row=0053|station_section=6:Srinagar|printed_row=6,107983dc72d381e6897a5a333556946adcc98daef82e954d52cec1fc402c3086,26,53,6,Srinagar,6,p26-r6-n1454,p26-r6-n1454-departure,departure,SXR,DEL,AI 1810,AIC,AI,245,2026-05-05,2026-07-31,08:50,raw_time_basis_unknown,ai-s26-cd7df6b950bfdc,expired,expired_not_compared_to_baseline
sha256=107983dc72d381e6897a5a333556946adcc98daef82e954d52cec1fc402c3086|page=27|physical_row=0001|station_section=1:Srinagar|printed_row=7,107983dc72d381e6897a5a333556946adcc98daef82e954d52cec1fc402c3086,27,1,1,Srinagar,7,p27-r7-n1455,p27-r7-n1455-departure,departure,SXR,DEL,AI 1810,AIC,AI,245,2026-08-04,2026-10-15,08:50,raw_time_basis_unknown,ai-s26-16a957af1d1c86,current,confirmed_exact_designator
sha256=107983dc72d381e6897a5a333556946adcc98daef82e954d52cec1fc402c3086|page=27|physical_row=0002|station_section=1:Srinagar|printed_row=8,107983dc72d381e6897a5a333556946adcc98daef82e954d52cec1fc402c3086,27,2,1,Srinagar,8,p27-r8-n1456,p27-r8-n1456-departure,departure,SXR,DEL,AI 1810,AIC,AI,13,2026-08-03,2026-10-14,08:50,raw_time_basis_unknown,ai-s26-1d748350335e10,current,confirmed_exact_designator
sha256=107983dc72d381e6897a5a333556946adcc98daef82e954d52cec1fc402c3086|page=27|physical_row=0003|station_section=1:Srinagar|printed_row=9,107983dc72d381e6897a5a333556946adcc98daef82e954d52cec1fc402c3086,27,3,1,Srinagar,9,p27-r9-n1457,p27-r9-n1457-departure,departure,SXR,DEL,AI 1810,AIC,AI,1367,2026-05-02,2026-07-29,08:50,raw_time_basis_unknown,ai-s26-89d7522995a68b,expired,expired_not_compared_to_baseline
sha256=107983dc72d381e6897a5a333556946adcc98daef82e954d52cec1fc402c3086|page=27|physical_row=0004|station_section=1:Srinagar|printed_row=10,107983dc72d381e6897a5a333556946adcc98daef82e954d52cec1fc402c3086,27,4,1,Srinagar,10,p27-r10-n1458,p27-r10-n1458-departure,departure,SXR,DEL,AI 1810,AIC,AI,1234567,2026-03-31,2026-05-01,08:50,raw_time_basis_unknown,ai-s26-488b08b5824f79,expired,expired_not_compared_to_baseline
sha256=107983dc72d381e6897a5a333556946adcc98daef82e954d52cec1fc402c3086|page=27|physical_row=0005|station_section=1:Srinagar|printed_row=11,107983dc72d381e6897a5a333556946adcc98daef82e954d52cec1fc402c3086,27,5,1,Srinagar,11,p27-r11-n1459,p27-r11-n1459-arrival,arrival,DEL,SXR,AI 1761,AIC,AI,12345,2026-08-03,2026-10-15,09:10,raw_time_basis_unknown,ai-s26-d34023f1c1ab33,current,confirmed_exact_designator
sha256=107983dc72d381e6897a5a333556946adcc98daef82e954d52cec1fc402c3086|page=27|physical_row=0006|station_section=1:Srinagar|printed_row=12,107983dc72d381e6897a5a333556946adcc98daef82e954d52cec1fc402c3086,27,6,1,Srinagar,12,p27-r12-n1460,p27-r12-n1460-arrival,arrival,DEL,SXR,AI 1761,AIC,AI,1234567,2026-03-29,2026-07-31,09:10,raw_time_basis_unknown,ai-s26-1037977ed17d3e,expired,expired_not_compared_to_baseline
sha256=107983dc72d381e6897a5a333556946adcc98daef82e954d52cec1fc402c3086|page=27|physical_row=0007|station_section=1:Srinagar|printed_row=13,107983dc72d381e6897a5a333556946adcc98daef82e954d52cec1fc402c3086,27,7,1,Srinagar,13,p27-r13-n1461,p27-r13-n1461-arrival,arrival,IXL,SXR,AI 2431,AIC,AI,34,2026-04-01,2026-07-30,09:35,raw_time_basis_unknown,ai-s26-461027020f9f08,expired,expired_not_compared_to_baseline
sha256=107983dc72d381e6897a5a333556946adcc98daef82e954d52cec1fc402c3086|page=27|physical_row=0008|station_section=1:Srinagar|printed_row=14,107983dc72d381e6897a5a333556946adcc98daef82e954d52cec1fc402c3086,27,8,1,Srinagar,14,p27-r14-n1462,p27-r14-n1462-arrival,arrival,IXL,SXR,AI 2431,AIC,AI,34,2026-08-05,2026-10-15,09:35,raw_time_basis_unknown,ai-s26-39169d09f2f7f6,current,confirmed_exact_designator
sha256=107983dc72d381e6897a5a333556946adcc98daef82e954d52cec1fc402c3086|page=27|physical_row=0009|station_section=1:Srinagar|printed_row=15,107983dc72d381e6897a5a333556946adcc98daef82e954d52cec1fc402c3086,27,9,1,Srinagar,15,p27-r15-n1463,p27-r15-n1463-departure,departure,SXR,DEL,AI 1848,AIC,AI,12345,2026-08-03,2026-10-15,09:55,raw_time_basis_unknown,ai-s26-81ac9dd17a7f5b,current,confirmed_exact_designator
sha256=107983dc72d381e6897a5a333556946adcc98daef82e954d52cec1fc402c3086|page=27|physical_row=0010|station_section=1:Srinagar|printed_row=16,107983dc72d381e6897a5a333556946adcc98daef82e954d52cec1fc402c3086,27,10,1,Srinagar,16,p27-r16-n1464,p27-r16-n1464-departure,departure,SXR,DEL,AI 1848,AIC,AI,1234567,2026-03-29,2026-07-31,09:55,raw_time_basis_unknown,ai-s26-1478cf00d2cd5f,expired,expired_not_compared_to_baseline
sha256=107983dc72d381e6897a5a333556946adcc98daef82e954d52cec1fc402c3086|page=27|physical_row=0011|station_section=1:Srinagar|printed_row=17,107983dc72d381e6897a5a333556946adcc98daef82e954d52cec1fc402c3086,27,11,1,Srinagar,17,p27-r17-n1465,p27-r17-n1465-departure,departure,SXR,IXL,AI 2434,AIC,AI,34,2026-04-01,2026-07-30,10:20,raw_time_basis_unknown,ai-s26-61474f28fe2722,expired,expired_not_compared_to_baseline
sha256=107983dc72d381e6897a5a333556946adcc98daef82e954d52cec1fc402c3086|page=27|physical_row=0012|station_section=1:Srinagar|printed_row=18,107983dc72d381e6897a5a333556946adcc98daef82e954d52cec1fc402c3086,27,12,1,Srinagar,18,p27-r18-n1466,p27-r18-n1466-departure,departure,SXR,IXL,AI 2434,AIC,AI,34,2026-08-05,2026-10-15,10:20,raw_time_basis_unknown,ai-s26-77b0569ab39a67,current,confirmed_exact_designator
sha256=107983dc72d381e6897a5a333556946adcc98daef82e954d52cec1fc402c3086|page=27|physical_row=0013|station_section=1:Srinagar|printed_row=19,107983dc72d381e6897a5a333556946adcc98daef82e954d52cec1fc402c3086,27,13,1,Srinagar,19,p27-r19-n1467,p27-r19-n1467-arrival,arrival,DEL,SXR,AI 1792,AIC,AI,12345,2026-08-03,2026-10-15,11:30,raw_time_basis_unknown,ai-s26-b564ed0ebf0804,current,confirmed_exact_designator
sha256=107983dc72d381e6897a5a333556946adcc98daef82e954d52cec1fc402c3086|page=27|physical_row=0014|station_section=1:Srinagar|printed_row=20,107983dc72d381e6897a5a333556946adcc98daef82e954d52cec1fc402c3086,27,14,1,Srinagar,20,p27-r20-n1468,p27-r20-n1468-arrival,arrival,DEL,SXR,AI 1792,AIC,AI,1234567,2026-03-29,2026-07-31,11:30,raw_time_basis_unknown,ai-s26-9bde2a0cd26a6a,expired,expired_not_compared_to_baseline
sha256=107983dc72d381e6897a5a333556946adcc98daef82e954d52cec1fc402c3086|page=27|physical_row=0015|station_section=1:Srinagar|printed_row=21,107983dc72d381e6897a5a333556946adcc98daef82e954d52cec1fc402c3086,27,15,1,Srinagar,21,p27-r21-n1469,p27-r21-n1469-departure,departure,SXR,DEL,AI 1893,AIC,AI,12345,2026-08-03,2026-10-15,12:15,raw_time_basis_unknown,ai-s26-2c7ca21e8328f1,current,confirmed_exact_designator
sha256=107983dc72d381e6897a5a333556946adcc98daef82e954d52cec1fc402c3086|page=27|physical_row=0016|station_section=1:Srinagar|printed_row=22,107983dc72d381e6897a5a333556946adcc98daef82e954d52cec1fc402c3086,27,16,1,Srinagar,22,p27-r22-n1470,p27-r22-n1470-departure,departure,SXR,DEL,AI 1893,AIC,AI,1234567,2026-03-29,2026-07-31,12:15,raw_time_basis_unknown,ai-s26-54d50127b661e2,expired,expired_not_compared_to_baseline
sha256=107983dc72d381e6897a5a333556946adcc98daef82e954d52cec1fc402c3086|page=27|physical_row=0017|station_section=1:Srinagar|printed_row=23,107983dc72d381e6897a5a333556946adcc98daef82e954d52cec1fc402c3086,27,17,1,Srinagar,23,p27-r23-n1471,p27-r23-n1471-arrival,arrival,DEL,SXR,AI 1739,AIC,AI,12345,2026-08-03,2026-10-15,13:05,raw_time_basis_unknown,ai-s26-965324c9ed4528,current,confirmed_exact_designator
sha256=107983dc72d381e6897a5a333556946adcc98daef82e954d52cec1fc402c3086|page=27|physical_row=0018|station_section=1:Srinagar|printed_row=24,107983dc72d381e6897a5a333556946adcc98daef82e954d52cec1fc402c3086,27,18,1,Srinagar,24,p27-r24-n1472,p27-r24-n1472-arrival,arrival,DEL,SXR,AI 1739,AIC,AI,1234567,2026-03-29,2026-07-31,13:05,raw_time_basis_unknown,ai-s26-afbda5eabad60f,expired,expired_not_compared_to_baseline
sha256=107983dc72d381e6897a5a333556946adcc98daef82e954d52cec1fc402c3086|page=27|physical_row=0019|station_section=1:Srinagar|printed_row=25,107983dc72d381e6897a5a333556946adcc98daef82e954d52cec1fc402c3086,27,19,1,Srinagar,25,p27-r25-n1473,p27-r25-n1473-arrival,arrival,BOM,SXR,AI 2663,AIC,AI,12345,2026-08-03,2026-10-15,13:10,raw_time_basis_unknown,ai-s26-cbe404bdd3c608,current,confirmed_exact_designator
sha256=107983dc72d381e6897a5a333556946adcc98daef82e954d52cec1fc402c3086|page=27|physical_row=0020|station_section=1:Srinagar|printed_row=26,107983dc72d381e6897a5a333556946adcc98daef82e954d52cec1fc402c3086,27,20,1,Srinagar,26,p27-r26-n1474,p27-r26-n1474-arrival,arrival,BOM,SXR,AI 2663,AIC,AI,1234567,2026-03-29,2026-07-31,13:10,raw_time_basis_unknown,ai-s26-dd65f1b84c72d6,expired,expired_not_compared_to_baseline
sha256=107983dc72d381e6897a5a333556946adcc98daef82e954d52cec1fc402c3086|page=27|physical_row=0021|station_section=1:Srinagar|printed_row=27,107983dc72d381e6897a5a333556946adcc98daef82e954d52cec1fc402c3086,27,21,1,Srinagar,27,p27-r27-n1475,p27-r27-n1475-departure,departure,SXR,DEL,AI 1818,AIC,AI,12345,2026-08-03,2026-10-15,13:40,raw_time_basis_unknown,ai-s26-aa1092e487e607,current,confirmed_exact_designator
sha256=107983dc72d381e6897a5a333556946adcc98daef82e954d52cec1fc402c3086|page=27|physical_row=0022|station_section=1:Srinagar|printed_row=28,107983dc72d381e6897a5a333556946adcc98daef82e954d52cec1fc402c3086,27,22,1,Srinagar,28,p27-r28-n1476,p27-r28-n1476-departure,departure,SXR,DEL,AI 1818,AIC,AI,1234567,2026-03-29,2026-07-31,13:40,raw_time_basis_unknown,ai-s26-5908fcf591afa3,expired,expired_not_compared_to_baseline
sha256=107983dc72d381e6897a5a333556946adcc98daef82e954d52cec1fc402c3086|page=27|physical_row=0023|station_section=1:Srinagar|printed_row=29,107983dc72d381e6897a5a333556946adcc98daef82e954d52cec1fc402c3086,27,23,1,Srinagar,29,p27-r29-n1477,p27-r29-n1477-departure,departure,SXR,BOM,AI 2662,AIC,AI,12345,2026-08-03,2026-10-15,13:50,raw_time_basis_unknown,ai-s26-ce3bc9762e6d20,current,confirmed_exact_designator
sha256=107983dc72d381e6897a5a333556946adcc98daef82e954d52cec1fc402c3086|page=27|physical_row=0024|station_section=1:Srinagar|printed_row=30,107983dc72d381e6897a5a333556946adcc98daef82e954d52cec1fc402c3086,27,24,1,Srinagar,30,p27-r30-n1478,p27-r30-n1478-departure,departure,SXR,BOM,AI 2662,AIC,AI,1234567,2026-03-29,2026-07-31,13:50,raw_time_basis_unknown,ai-s26-0ede9b29b88e2b,expired,expired_not_compared_to_baseline
sha256=107983dc72d381e6897a5a333556946adcc98daef82e954d52cec1fc402c3086|page=27|physical_row=0025|station_section=2:Tirupati|printed_row=1,107983dc72d381e6897a5a333556946adcc98daef82e954d52cec1fc402c3086,27,25,2,Tirupati,1,p27-r1-n1479,p27-r1-n1479-arrival,arrival,HYD,TIR,AI 2859,AIC,AI,1234567,2026-03-29,2026-10-24,14:40,raw_time_basis_unknown,ai-s26-855e05c8458f4e,current,confirmed_exact_designator
sha256=107983dc72d381e6897a5a333556946adcc98daef82e954d52cec1fc402c3086|page=27|physical_row=0026|station_section=2:Tirupati|printed_row=2,107983dc72d381e6897a5a333556946adcc98daef82e954d52cec1fc402c3086,27,26,2,Tirupati,2,p27-r2-n1480,p27-r2-n1480-departure,departure,TIR,HYD,AI 2890,AIC,AI,1234567,2026-03-29,2026-10-24,15:20,raw_time_basis_unknown,ai-s26-3e6d60a0e25696,current,confirmed_exact_designator
sha256=107983dc72d381e6897a5a333556946adcc98daef82e954d52cec1fc402c3086|page=27|physical_row=0027|station_section=3:Trivandrum|printed_row=1,107983dc72d381e6897a5a333556946adcc98daef82e954d52cec1fc402c3086,27,27,3,Trivandrum,1,p27-r1-n1481,p27-r1-n1481-arrival,arrival,DEL,TRV,AI 829,AIC,AI,1234567,2026-03-30,2026-10-24,02:35,raw_time_basis_unknown,ai-s26-e0c5a5fc77e054,current,confirmed_exact_designator
sha256=107983dc72d381e6897a5a333556946adcc98daef82e954d52cec1fc402c3086|page=27|physical_row=0028|station_section=3:Trivandrum|printed_row=2,107983dc72d381e6897a5a333556946adcc98daef82e954d52cec1fc402c3086,27,28,3,Trivandrum,2,p27-r2-n1482,p27-r2-n1482-departure,departure,TRV,DEL,AI 830,AIC,AI,7,2026-03-29,2026-03-29,04:20,raw_time_basis_unknown,ai-s26-4e1c3912335658,expired,expired_not_compared_to_baseline
sha256=107983dc72d381e6897a5a333556946adcc98daef82e954d52cec1fc402c3086|page=27|physical_row=0029|station_section=3:Trivandrum|printed_row=3,107983dc72d381e6897a5a333556946adcc98daef82e954d52cec1fc402c3086,27,29,3,Trivandrum,3,p27-r3-n1483,p27-r3-n1483-departure,departure,TRV,DEL,AI 830,AIC,AI,1234567,2026-03-30,2026-10-24,04:20,raw_time_basis_unknown,ai-s26-5f37f48c78a446,current,confirmed_exact_designator
sha256=107983dc72d381e6897a5a333556946adcc98daef82e954d52cec1fc402c3086|page=27|physical_row=0030|station_section=3:Trivandrum|printed_row=4,107983dc72d381e6897a5a333556946adcc98daef82e954d52cec1fc402c3086,27,30,3,Trivandrum,4,p27-r4-n1484,p27-r4-n1484-arrival,arrival,BOM,TRV,AI 2605,AIC,AI,1234567,2026-03-29,2026-10-24,08:50,raw_time_basis_unknown,ai-s26-0e59f3bcb88d87,current,confirmed_exact_designator
sha256=107983dc72d381e6897a5a333556946adcc98daef82e954d52cec1fc402c3086|page=27|physical_row=0031|station_section=3:Trivandrum|printed_row=5,107983dc72d381e6897a5a333556946adcc98daef82e954d52cec1fc402c3086,27,31,3,Trivandrum,5,p27-r5-n1485,p27-r5-n1485-departure,departure,TRV,BOM,AI 2606,AIC,AI,1234567,2026-03-29,2026-10-24,09:35,raw_time_basis_unknown,ai-s26-c9bb379213b795,current,confirmed_exact_designator
sha256=107983dc72d381e6897a5a333556946adcc98daef82e954d52cec1fc402c3086|page=27|physical_row=0032|station_section=3:Trivandrum|printed_row=6,107983dc72d381e6897a5a333556946adcc98daef82e954d52cec1fc402c3086,27,32,3,Trivandrum,6,p27-r6-n1486,p27-r6-n1486-arrival,arrival,DEL,TRV,AI 1769,AIC,AI,1234567,2026-03-29,2026-10-24,10:25,raw_time_basis_unknown,ai-s26-95b6f15a2c5973,current,confirmed_exact_designator
sha256=107983dc72d381e6897a5a333556946adcc98daef82e954d52cec1fc402c3086|page=27|physical_row=0033|station_section=3:Trivandrum|printed_row=7,107983dc72d381e6897a5a333556946adcc98daef82e954d52cec1fc402c3086,27,33,3,Trivandrum,7,p27-r7-n1487,p27-r7-n1487-departure,departure,TRV,DEL,AI 1896,AIC,AI,1234567,2026-03-29,2026-10-24,11:05,raw_time_basis_unknown,ai-s26-960cb4f95bc553,current,confirmed_exact_designator
sha256=107983dc72d381e6897a5a333556946adcc98daef82e954d52cec1fc402c3086|page=27|physical_row=0034|station_section=3:Trivandrum|printed_row=8,107983dc72d381e6897a5a333556946adcc98daef82e954d52cec1fc402c3086,27,34,3,Trivandrum,8,p27-r8-n1488,p27-r8-n1488-arrival,arrival,DEL,TRV,AI 1713,AIC,AI,4,2026-04-09,2026-10-22,18:55,raw_time_basis_unknown,ai-s26-5b30b0073590e2,current,confirmed_exact_designator
sha256=107983dc72d381e6897a5a333556946adcc98daef82e954d52cec1fc402c3086|page=27|physical_row=0035|station_section=3:Trivandrum|printed_row=9,107983dc72d381e6897a5a333556946adcc98daef82e954d52cec1fc402c3086,27,35,3,Trivandrum,9,p27-r9-n1489,p27-r9-n1489-arrival,arrival,DEL,TRV,AI 1713,AIC,AI,123567,2026-03-29,2026-10-24,18:55,raw_time_basis_unknown,ai-s26-9c30865d56fb71,current,confirmed_exact_designator
sha256=107983dc72d381e6897a5a333556946adcc98daef82e954d52cec1fc402c3086|page=27|physical_row=0036|station_section=3:Trivandrum|printed_row=10,107983dc72d381e6897a5a333556946adcc98daef82e954d52cec1fc402c3086,27,36,3,Trivandrum,10,p27-r10-n1490,p27-r10-n1490-departure,departure,TRV,DEL,AI 1830,AIC,AI,4,2026-04-09,2026-10-22,19:35,raw_time_basis_unknown,ai-s26-1582785cbf1ea4,current,confirmed_exact_designator
sha256=107983dc72d381e6897a5a333556946adcc98daef82e954d52cec1fc402c3086|page=27|physical_row=0037|station_section=3:Trivandrum|printed_row=11,107983dc72d381e6897a5a333556946adcc98daef82e954d52cec1fc402c3086,27,37,3,Trivandrum,11,p27-r11-n1491,p27-r11-n1491-departure,departure,TRV,DEL,AI 1830,AIC,AI,123567,2026-03-29,2026-10-24,19:35,raw_time_basis_unknown,ai-s26-0eea8223bddcfe,current,confirmed_exact_designator
sha256=107983dc72d381e6897a5a333556946adcc98daef82e954d52cec1fc402c3086|page=27|physical_row=0038|station_section=3:Trivandrum|printed_row=12,107983dc72d381e6897a5a333556946adcc98daef82e954d52cec1fc402c3086,27,38,3,Trivandrum,12,p27-r12-n1492,p27-r12-n1492-arrival,arrival,BOM,TRV,AI 2655,AIC,AI,4,2026-04-09,2026-10-22,19:45,raw_time_basis_unknown,ai-s26-57d8cdbc947704,current,confirmed_exact_designator
sha256=107983dc72d381e6897a5a333556946adcc98daef82e954d52cec1fc402c3086|page=27|physical_row=0039|station_section=3:Trivandrum|printed_row=13,107983dc72d381e6897a5a333556946adcc98daef82e954d52cec1fc402c3086,27,39,3,Trivandrum,13,p27-r13-n1493,p27-r13-n1493-arrival,arrival,BOM,TRV,AI 2655,AIC,AI,123567,2026-03-29,2026-04-08,19:45,raw_time_basis_unknown,ai-s26-47b77171d35a09,expired,expired_not_compared_to_baseline
sha256=107983dc72d381e6897a5a333556946adcc98daef82e954d52cec1fc402c3086|page=27|physical_row=0040|station_section=3:Trivandrum|printed_row=14,107983dc72d381e6897a5a333556946adcc98daef82e954d52cec1fc402c3086,27,40,3,Trivandrum,14,p27-r14-n1494,p27-r14-n1494-arrival,arrival,BOM,TRV,AI 2655,AIC,AI,123567,2026-04-10,2026-10-24,19:45,raw_time_basis_unknown,ai-s26-fb2d79e5985804,current,confirmed_exact_designator
sha256=107983dc72d381e6897a5a333556946adcc98daef82e954d52cec1fc402c3086|page=27|physical_row=0041|station_section=3:Trivandrum|printed_row=15,107983dc72d381e6897a5a333556946adcc98daef82e954d52cec1fc402c3086,27,41,3,Trivandrum,15,p27-r15-n1495,p27-r15-n1495-departure,departure,TRV,BOM,AI 2656,AIC,AI,4,2026-04-09,2026-10-22,20:30,raw_time_basis_unknown,ai-s26-5368a21fae2860,current,confirmed_exact_designator
sha256=107983dc72d381e6897a5a333556946adcc98daef82e954d52cec1fc402c3086|page=27|physical_row=0042|station_section=3:Trivandrum|printed_row=16,107983dc72d381e6897a5a333556946adcc98daef82e954d52cec1fc402c3086,27,42,3,Trivandrum,16,p27-r16-n1496,p27-r16-n1496-departure,departure,TRV,BOM,AI 2656,AIC,AI,123567,2026-03-29,2026-04-08,20:30,raw_time_basis_unknown,ai-s26-2756fd5a00f58f,expired,expired_not_compared_to_baseline
sha256=107983dc72d381e6897a5a333556946adcc98daef82e954d52cec1fc402c3086|page=27|physical_row=0043|station_section=3:Trivandrum|printed_row=17,107983dc72d381e6897a5a333556946adcc98daef82e954d52cec1fc402c3086,27,43,3,Trivandrum,17,p27-r17-n1497,p27-r17-n1497-departure,departure,TRV,BOM,AI 2656,AIC,AI,123567,2026-04-10,2026-10-24,20:30,raw_time_basis_unknown,ai-s26-d16ec6422f8dbf,current,confirmed_exact_designator
sha256=107983dc72d381e6897a5a333556946adcc98daef82e954d52cec1fc402c3086|page=27|physical_row=0044|station_section=3:Trivandrum|printed_row=18,107983dc72d381e6897a5a333556946adcc98daef82e954d52cec1fc402c3086,27,44,3,Trivandrum,18,p27-r18-n1498,p27-r18-n1498-arrival,arrival,DEL,TRV,AI 1713,AIC,AI,4,2026-04-02,2026-04-02,21:05,raw_time_basis_unknown,ai-s26-b43c130afc8397,expired,expired_not_compared_to_baseline
sha256=107983dc72d381e6897a5a333556946adcc98daef82e954d52cec1fc402c3086|page=27|physical_row=0045|station_section=3:Trivandrum|printed_row=19,107983dc72d381e6897a5a333556946adcc98daef82e954d52cec1fc402c3086,27,45,3,Trivandrum,19,p27-r19-n1499,p27-r19-n1499-departure,departure,TRV,DEL,AI 1840,AIC,AI,4,2026-04-02,2026-04-02,21:45,raw_time_basis_unknown,ai-s26-35011797bc839b,expired,expired_not_compared_to_baseline
sha256=107983dc72d381e6897a5a333556946adcc98daef82e954d52cec1fc402c3086|page=27|physical_row=0046|station_section=3:Trivandrum|printed_row=20,107983dc72d381e6897a5a333556946adcc98daef82e954d52cec1fc402c3086,27,46,3,Trivandrum,20,p27-r20-n1500,p27-r20-n1500-arrival,arrival,BOM,TRV,AI 2655,AIC,AI,4,2026-04-02,2026-04-02,21:45,raw_time_basis_unknown,ai-s26-eddb0e4cd259dc,expired,expired_not_compared_to_baseline
sha256=107983dc72d381e6897a5a333556946adcc98daef82e954d52cec1fc402c3086|page=27|physical_row=0047|station_section=3:Trivandrum|printed_row=21,107983dc72d381e6897a5a333556946adcc98daef82e954d52cec1fc402c3086,27,47,3,Trivandrum,21,p27-r21-n1501,p27-r21-n1501-departure,departure,TRV,BOM,AI 2658,AIC,AI,4,2026-04-02,2026-04-02,22:25,raw_time_basis_unknown,ai-s26-e26f9a4590933c,expired,expired_not_compared_to_baseline
sha256=107983dc72d381e6897a5a333556946adcc98daef82e954d52cec1fc402c3086|page=27|physical_row=0048|station_section=4:Udaipur|printed_row=1,107983dc72d381e6897a5a333556946adcc98daef82e954d52cec1fc402c3086,27,48,4,Udaipur,1,p27-r1-n1502,p27-r1-n1502-arrival,arrival,BOM,UDR,AI 2579,AIC,AI,1234567,2026-03-29,2026-10-24,12:05,raw_time_basis_unknown,ai-s26-6a4a5ed83f5aad,current,confirmed_exact_designator
sha256=107983dc72d381e6897a5a333556946adcc98daef82e954d52cec1fc402c3086|page=27|physical_row=0049|station_section=4:Udaipur|printed_row=2,107983dc72d381e6897a5a333556946adcc98daef82e954d52cec1fc402c3086,27,49,4,Udaipur,2,p27-r2-n1503,p27-r2-n1503-departure,departure,UDR,BOM,AI 2580,AIC,AI,1234567,2026-03-29,2026-10-24,12:40,raw_time_basis_unknown,ai-s26-654e59c192a347,current,confirmed_exact_designator
sha256=107983dc72d381e6897a5a333556946adcc98daef82e954d52cec1fc402c3086|page=27|physical_row=0050|station_section=4:Udaipur|printed_row=3,107983dc72d381e6897a5a333556946adcc98daef82e954d52cec1fc402c3086,27,50,4,Udaipur,3,p27-r3-n1504,p27-r3-n1504-arrival,arrival,DEL,UDR,AI 1737,AIC,AI,1234567,2026-03-29,2026-10-24,13:10,raw_time_basis_unknown,ai-s26-f6fee1589807e2,current,confirmed_exact_designator
sha256=107983dc72d381e6897a5a333556946adcc98daef82e954d52cec1fc402c3086|page=27|physical_row=0051|station_section=4:Udaipur|printed_row=4,107983dc72d381e6897a5a333556946adcc98daef82e954d52cec1fc402c3086,27,51,4,Udaipur,4,p27-r4-n1505,p27-r4-n1505-departure,departure,UDR,DEL,AI 1820,AIC,AI,1234567,2026-03-29,2026-10-24,13:50,raw_time_basis_unknown,ai-s26-348ed9d60aceba,current,confirmed_exact_designator
sha256=107983dc72d381e6897a5a333556946adcc98daef82e954d52cec1fc402c3086|page=27|physical_row=0052|station_section=4:Udaipur|printed_row=5,107983dc72d381e6897a5a333556946adcc98daef82e954d52cec1fc402c3086,27,52,4,Udaipur,5,p27-r5-n1506,p27-r5-n1506-arrival,arrival,BOM,UDR,AI 2593,AIC,AI,1234567,2026-03-29,2026-10-24,14:00,raw_time_basis_unknown,ai-s26-5d853f692379d5,current,confirmed_exact_designator
sha256=107983dc72d381e6897a5a333556946adcc98daef82e954d52cec1fc402c3086|page=27|physical_row=0053|station_section=4:Udaipur|printed_row=6,107983dc72d381e6897a5a333556946adcc98daef82e954d52cec1fc402c3086,27,53,4,Udaipur,6,p27-r6-n1507,p27-r6-n1507-departure,departure,UDR,BOM,AI 2594,AIC,AI,1234567,2026-03-29,2026-10-24,14:40,raw_time_basis_unknown,ai-s26-9cfd51fd40aa56,current,confirmed_exact_designator
sha256=107983dc72d381e6897a5a333556946adcc98daef82e954d52cec1fc402c3086|page=27|physical_row=0054|station_section=4:Udaipur|printed_row=7,107983dc72d381e6897a5a333556946adcc98daef82e954d52cec1fc402c3086,27,54,4,Udaipur,7,p27-r7-n1508,p27-r7-n1508-arrival,arrival,DEL,UDR,AI 1779,AIC,AI,1234567,2026-03-29,2026-10-24,15:15,raw_time_basis_unknown,ai-s26-6c37c5fedc228f,current,confirmed_exact_designator
sha256=107983dc72d381e6897a5a333556946adcc98daef82e954d52cec1fc402c3086|page=27|physical_row=0055|station_section=4:Udaipur|printed_row=8,107983dc72d381e6897a5a333556946adcc98daef82e954d52cec1fc402c3086,27,55,4,Udaipur,8,p27-r8-n1509,p27-r8-n1509-departure,departure,UDR,DEL,AI 1897,AIC,AI,1234567,2026-03-29,2026-10-24,15:55,raw_time_basis_unknown,ai-s26-7f0347e615ebd8,current,confirmed_exact_designator
sha256=107983dc72d381e6897a5a333556946adcc98daef82e954d52cec1fc402c3086|page=28|physical_row=0001|station_section=1:Udaipur|printed_row=9,107983dc72d381e6897a5a333556946adcc98daef82e954d52cec1fc402c3086,28,1,1,Udaipur,9,p28-r9-n1510,p28-r9-n1510-arrival,arrival,BOM,UDR,AI 2595,AIC,AI,1234567,2026-03-29,2026-10-24,16:00,raw_time_basis_unknown,ai-s26-03d65b108bdd79,current,confirmed_exact_designator
sha256=107983dc72d381e6897a5a333556946adcc98daef82e954d52cec1fc402c3086|page=28|physical_row=0002|station_section=1:Udaipur|printed_row=10,107983dc72d381e6897a5a333556946adcc98daef82e954d52cec1fc402c3086,28,2,1,Udaipur,10,p28-r10-n1511,p28-r10-n1511-departure,departure,UDR,BOM,AI 2596,AIC,AI,1234567,2026-03-29,2026-10-24,16:35,raw_time_basis_unknown,ai-s26-c5793a419f69f9,current,confirmed_exact_designator
sha256=107983dc72d381e6897a5a333556946adcc98daef82e954d52cec1fc402c3086|page=28|physical_row=0003|station_section=2:Vadodara|printed_row=1,107983dc72d381e6897a5a333556946adcc98daef82e954d52cec1fc402c3086,28,3,2,Vadodara,1,p28-r1-n1512,p28-r1-n1512-arrival,arrival,BOM,BDQ,AI 2891,AIC,AI,1234567,2026-03-29,2026-10-24,07:05,raw_time_basis_unknown,ai-s26-9d111badf6b43c,current,confirmed_exact_designator
sha256=107983dc72d381e6897a5a333556946adcc98daef82e954d52cec1fc402c3086|page=28|physical_row=0004|station_section=2:Vadodara|printed_row=2,107983dc72d381e6897a5a333556946adcc98daef82e954d52cec1fc402c3086,28,4,2,Vadodara,2,p28-r2-n1513,p28-r2-n1513-arrival,arrival,DEL,BDQ,AI 1701,AIC,AI,1234567,2026-03-29,2026-10-24,07:30,raw_time_basis_unknown,ai-s26-d711ab4d9a3185,current,confirmed_exact_designator
sha256=107983dc72d381e6897a5a333556946adcc98daef82e954d52cec1fc402c3086|page=28|physical_row=0005|station_section=2:Vadodara|printed_row=3,107983dc72d381e6897a5a333556946adcc98daef82e954d52cec1fc402c3086,28,5,2,Vadodara,3,p28-r3-n1514,p28-r3-n1514-departure,departure,BDQ,BOM,AI 2892,AIC,AI,1234567,2026-03-29,2026-10-24,07:45,raw_time_basis_unknown,ai-s26-6251981e1f4de9,current,confirmed_exact_designator
sha256=107983dc72d381e6897a5a333556946adcc98daef82e954d52cec1fc402c3086|page=28|physical_row=0006|station_section=2:Vadodara|printed_row=4,107983dc72d381e6897a5a333556946adcc98daef82e954d52cec1fc402c3086,28,6,2,Vadodara,4,p28-r4-n1515,p28-r4-n1515-departure,departure,BDQ,DEL,AI 1808,AIC,AI,1234567,2026-03-29,2026-10-24,08:00,raw_time_basis_unknown,ai-s26-2d9934d30d1d13,current,confirmed_exact_designator
sha256=107983dc72d381e6897a5a333556946adcc98daef82e954d52cec1fc402c3086|page=28|physical_row=0007|station_section=2:Vadodara|printed_row=5,107983dc72d381e6897a5a333556946adcc98daef82e954d52cec1fc402c3086,28,7,2,Vadodara,5,p28-r5-n1516,p28-r5-n1516-arrival,arrival,DEL,BDQ,AI 2866,AIC,AI,1234567,2026-03-29,2026-10-24,16:45,raw_time_basis_unknown,ai-s26-d034c4a030f295,current,confirmed_exact_designator
sha256=107983dc72d381e6897a5a333556946adcc98daef82e954d52cec1fc402c3086|page=28|physical_row=0008|station_section=2:Vadodara|printed_row=6,107983dc72d381e6897a5a333556946adcc98daef82e954d52cec1fc402c3086,28,8,2,Vadodara,6,p28-r6-n1517,p28-r6-n1517-departure,departure,BDQ,DEL,AI 2867,AIC,AI,1234567,2026-03-29,2026-10-24,17:40,raw_time_basis_unknown,ai-s26-abf9cc00111e33,current,confirmed_exact_designator
sha256=107983dc72d381e6897a5a333556946adcc98daef82e954d52cec1fc402c3086|page=28|physical_row=0009|station_section=2:Vadodara|printed_row=7,107983dc72d381e6897a5a333556946adcc98daef82e954d52cec1fc402c3086,28,9,2,Vadodara,7,p28-r7-n1518,p28-r7-n1518-arrival,arrival,DEL,BDQ,AI 2881,AIC,AI,1234567,2026-03-29,2026-10-24,20:10,raw_time_basis_unknown,ai-s26-32fd345f1eb3cf,current,confirmed_exact_designator
sha256=107983dc72d381e6897a5a333556946adcc98daef82e954d52cec1fc402c3086|page=28|physical_row=0010|station_section=2:Vadodara|printed_row=8,107983dc72d381e6897a5a333556946adcc98daef82e954d52cec1fc402c3086,28,10,2,Vadodara,8,p28-r8-n1519,p28-r8-n1519-departure,departure,BDQ,DEL,AI 2882,AIC,AI,1234567,2026-03-29,2026-10-24,20:50,raw_time_basis_unknown,ai-s26-3893cf83bf2874,current,confirmed_exact_designator
sha256=107983dc72d381e6897a5a333556946adcc98daef82e954d52cec1fc402c3086|page=28|physical_row=0011|station_section=3:Varanasi|printed_row=1,107983dc72d381e6897a5a333556946adcc98daef82e954d52cec1fc402c3086,28,11,3,Varanasi,1,p28-r1-n1520,p28-r1-n1520-arrival,arrival,DEL,VNS,AI 1765,AIC,AI,1234567,2026-03-29,2026-10-24,09:10,raw_time_basis_unknown,ai-s26-9a8b4928bce698,current,confirmed_exact_designator
sha256=107983dc72d381e6897a5a333556946adcc98daef82e954d52cec1fc402c3086|page=28|physical_row=0012|station_section=3:Varanasi|printed_row=2,107983dc72d381e6897a5a333556946adcc98daef82e954d52cec1fc402c3086,28,12,3,Varanasi,2,p28-r2-n1521,p28-r2-n1521-departure,departure,VNS,DEL,AI 1850,AIC,AI,1234567,2026-03-29,2026-10-24,09:45,raw_time_basis_unknown,ai-s26-21a898afb1e91e,current,confirmed_exact_designator
sha256=107983dc72d381e6897a5a333556946adcc98daef82e954d52cec1fc402c3086|page=28|physical_row=0013|station_section=3:Varanasi|printed_row=3,107983dc72d381e6897a5a333556946adcc98daef82e954d52cec1fc402c3086,28,13,3,Varanasi,3,p28-r3-n1522,p28-r3-n1522-arrival,arrival,BOM,VNS,AI 695,AIC,AI,1234567,2026-03-29,2026-10-24,12:00,raw_time_basis_unknown,ai-s26-7937552b24a55d,current,confirmed_exact_designator
sha256=107983dc72d381e6897a5a333556946adcc98daef82e954d52cec1fc402c3086|page=28|physical_row=0014|station_section=3:Varanasi|printed_row=4,107983dc72d381e6897a5a333556946adcc98daef82e954d52cec1fc402c3086,28,14,3,Varanasi,4,p28-r4-n1523,p28-r4-n1523-departure,departure,VNS,BOM,AI 696,AIC,AI,1234567,2026-03-29,2026-10-24,12:30,raw_time_basis_unknown,ai-s26-0788a556caa3fd,current,confirmed_exact_designator
sha256=107983dc72d381e6897a5a333556946adcc98daef82e954d52cec1fc402c3086|page=28|physical_row=0015|station_section=3:Varanasi|printed_row=5,107983dc72d381e6897a5a333556946adcc98daef82e954d52cec1fc402c3086,28,15,3,Varanasi,5,p28-r5-n1524,p28-r5-n1524-arrival,arrival,DEL,VNS,AI 2623,AIC,AI,1234567,2026-03-29,2026-10-24,15:05,raw_time_basis_unknown,ai-s26-45f954d2346a35,current,confirmed_exact_designator
sha256=107983dc72d381e6897a5a333556946adcc98daef82e954d52cec1fc402c3086|page=28|physical_row=0016|station_section=3:Varanasi|printed_row=6,107983dc72d381e6897a5a333556946adcc98daef82e954d52cec1fc402c3086,28,16,3,Varanasi,6,p28-r6-n1525,p28-r6-n1525-departure,departure,VNS,DEL,AI 2624,AIC,AI,1234567,2026-03-29,2026-10-24,15:45,raw_time_basis_unknown,ai-s26-132238bb813d77,current,confirmed_exact_designator
sha256=107983dc72d381e6897a5a333556946adcc98daef82e954d52cec1fc402c3086|page=28|physical_row=0017|station_section=4:Vijayawada|printed_row=1,107983dc72d381e6897a5a333556946adcc98daef82e954d52cec1fc402c3086,28,17,4,Vijayawada,1,p28-r1-n1526,p28-r1-n1526-arrival,arrival,DEL,VGA,AI 2571,AIC,AI,1234567,2026-03-29,2026-10-24,08:10,raw_time_basis_unknown,ai-s26-fe7f42764a011c,current,confirmed_exact_designator
sha256=107983dc72d381e6897a5a333556946adcc98daef82e954d52cec1fc402c3086|page=28|physical_row=0018|station_section=4:Vijayawada|printed_row=2,107983dc72d381e6897a5a333556946adcc98daef82e954d52cec1fc402c3086,28,18,4,Vijayawada,2,p28-r2-n1527,p28-r2-n1527-departure,departure,VGA,DEL,AI 2572,AIC,AI,1234567,2026-03-29,2026-10-24,08:50,raw_time_basis_unknown,ai-s26-885c6c1d785f0b,current,confirmed_exact_designator
sha256=107983dc72d381e6897a5a333556946adcc98daef82e954d52cec1fc402c3086|page=28|physical_row=0019|station_section=4:Vijayawada|printed_row=3,107983dc72d381e6897a5a333556946adcc98daef82e954d52cec1fc402c3086,28,19,4,Vijayawada,3,p28-r3-n1528,p28-r3-n1528-arrival,arrival,BOM,VGA,AI 598,AIC,AI,1234567,2026-03-29,2026-10-24,17:30,raw_time_basis_unknown,ai-s26-4197578a5c8079,current,confirmed_exact_designator
sha256=107983dc72d381e6897a5a333556946adcc98daef82e954d52cec1fc402c3086|page=28|physical_row=0020|station_section=4:Vijayawada|printed_row=4,107983dc72d381e6897a5a333556946adcc98daef82e954d52cec1fc402c3086,28,20,4,Vijayawada,4,p28-r4-n1529,p28-r4-n1529-departure,departure,VGA,BOM,AI 599,AIC,AI,1234567,2026-03-29,2026-10-24,18:10,raw_time_basis_unknown,ai-s26-963d196c2d5719,current,confirmed_exact_designator
sha256=107983dc72d381e6897a5a333556946adcc98daef82e954d52cec1fc402c3086|page=28|physical_row=0021|station_section=4:Vijayawada|printed_row=5,107983dc72d381e6897a5a333556946adcc98daef82e954d52cec1fc402c3086,28,21,4,Vijayawada,5,p28-r5-n1530,p28-r5-n1530-arrival,arrival,DEL,VGA,AI 2903,AIC,AI,1234567,2026-03-29,2026-10-24,20:05,raw_time_basis_unknown,ai-s26-97bf3010549afa,current,confirmed_exact_designator
sha256=107983dc72d381e6897a5a333556946adcc98daef82e954d52cec1fc402c3086|page=28|physical_row=0022|station_section=4:Vijayawada|printed_row=6,107983dc72d381e6897a5a333556946adcc98daef82e954d52cec1fc402c3086,28,22,4,Vijayawada,6,p28-r6-n1531,p28-r6-n1531-departure,departure,VGA,DEL,AI 2904,AIC,AI,1234567,2026-03-29,2026-10-24,20:45,raw_time_basis_unknown,ai-s26-91812d5e806269,current,confirmed_exact_designator
sha256=107983dc72d381e6897a5a333556946adcc98daef82e954d52cec1fc402c3086|page=28|physical_row=0023|station_section=5:Vizag|printed_row=1,107983dc72d381e6897a5a333556946adcc98daef82e954d52cec1fc402c3086,28,23,5,Vizag,1,p28-r1-n1532,p28-r1-n1532-arrival,arrival,DEL,VTZ,AI 419,AIC,AI,1234567,2026-03-29,2026-10-24,16:05,raw_time_basis_unknown,ai-s26-4724aa6845e765,current,confirmed_exact_designator
sha256=107983dc72d381e6897a5a333556946adcc98daef82e954d52cec1fc402c3086|page=28|physical_row=0024|station_section=5:Vizag|printed_row=2,107983dc72d381e6897a5a333556946adcc98daef82e954d52cec1fc402c3086,28,24,5,Vizag,2,p28-r2-n1533,p28-r2-n1533-departure,departure,VTZ,DEL,AI 420,AIC,AI,1234567,2026-03-29,2026-10-24,16:45,raw_time_basis_unknown,ai-s26-32249bee56a9b4,current,confirmed_exact_designator
sha256=107983dc72d381e6897a5a333556946adcc98daef82e954d52cec1fc402c3086|page=28|physical_row=0025|station_section=5:Vizag|printed_row=3,107983dc72d381e6897a5a333556946adcc98daef82e954d52cec1fc402c3086,28,25,5,Vizag,3,p28-r3-n1534,p28-r3-n1534-arrival,arrival,DEL,VTZ,AI 651,AIC,AI,127,2026-03-29,2026-03-31,20:50,raw_time_basis_unknown,ai-s26-e93cd97cf14766,expired,expired_not_compared_to_baseline
sha256=107983dc72d381e6897a5a333556946adcc98daef82e954d52cec1fc402c3086|page=28|physical_row=0026|station_section=5:Vizag|printed_row=4,107983dc72d381e6897a5a333556946adcc98daef82e954d52cec1fc402c3086,28,26,5,Vizag,4,p28-r4-n1535,p28-r4-n1535-arrival,arrival,DEL,VTZ,AI 1702,AIC,AI,1234567,2026-04-01,2026-10-24,20:50,raw_time_basis_unknown,ai-s26-bd41f7b7cd151f,current,confirmed_exact_designator
sha256=107983dc72d381e6897a5a333556946adcc98daef82e954d52cec1fc402c3086|page=28|physical_row=0027|station_section=5:Vizag|printed_row=5,107983dc72d381e6897a5a333556946adcc98daef82e954d52cec1fc402c3086,28,27,5,Vizag,5,p28-r5-n1536,p28-r5-n1536-departure,departure,VTZ,DEL,AI 652,AIC,AI,127,2026-03-29,2026-03-31,21:30,raw_time_basis_unknown,ai-s26-8edbd924998274,expired,expired_not_compared_to_baseline
sha256=107983dc72d381e6897a5a333556946adcc98daef82e954d52cec1fc402c3086|page=28|physical_row=0028|station_section=5:Vizag|printed_row=6,107983dc72d381e6897a5a333556946adcc98daef82e954d52cec1fc402c3086,28,28,5,Vizag,6,p28-r6-n1537,p28-r6-n1537-departure,departure,VTZ,DEL,AI 1802,AIC,AI,1234567,2026-04-01,2026-10-24,21:30,raw_time_basis_unknown,ai-s26-58aa4b4321f1a7,current,confirmed_exact_designator
