identity_id,carrier_iata,operator_code_raw,origin_iata,destination_iata,flight_designator_raw,flight_designator_normalized,raw_frequency,weekday_interpretation_corroborated,effective_from,effective_until,temporal_status_as_of_2026_10_07,ledger_disposition,route_flight_identity_status,baseline_match_class,baseline_route_status,baseline_carrier_identity,field_hold_scope,field_hold_reasons,aircraft_types_raw,arrival_times_raw,departure_times_raw,clock_basis,counterpart_coverage,source_pdf_sha256,source_row_refs,source_movement_refs,frequency_interpretation_status,clock_basis_status,service_classification_status,actual_operation_status
ai-s26-d711ab4d9a3185,AI,AIC,DEL,BDQ,AI 1701,AI1701,1234567,Monday;Tuesday;Wednesday;Thursday;Friday;Saturday;Sunday,2026-03-29,2026-10-24,current,accepted,accepted_source_identity,confirmed_exact_designator,published,operating,,,A320,07:30,05:45,unknown; no timezone conversion,both_arrival_and_departure_rows,107983dc72d381e6897a5a333556946adcc98daef82e954d52cec1fc402c3086,p08-r42-n0377;p28-r2-n1513,p08-r42-n0377-departure;p28-r2-n1513-arrival,raw DGCA digits retained; weekday mapping separately corroborated by AAI; no DGCA legend,unknown_not_stated_by_source,passenger_or_cargo_not_stated_by_source,not_established_by_approved_schedule
ai-s26-bd41f7b7cd151f,AI,AIC,DEL,VTZ,AI 1702,AI1702,1234567,Monday;Tuesday;Wednesday;Thursday;Friday;Saturday;Sunday,2026-04-01,2026-10-24,current,accepted,accepted_source_identity,confirmed_exact_designator,published,operating,,,A320,20:50,18:30,unknown; no timezone conversion,both_arrival_and_departure_rows,107983dc72d381e6897a5a333556946adcc98daef82e954d52cec1fc402c3086,p12-r324-n0659;p28-r4-n1535,p12-r324-n0659-departure;p28-r4-n1535-arrival,raw DGCA digits retained; weekday mapping separately corroborated by AAI; no DGCA legend,unknown_not_stated_by_source,passenger_or_cargo_not_stated_by_source,not_established_by_approved_schedule
ai-s26-681c260909e6c9,AI,AIC,DEL,ATQ,AI 1703,AI1703,1234567,Monday;Tuesday;Wednesday;Thursday;Friday;Saturday;Sunday,2026-03-29,2026-10-24,current,accepted,accepted_source_identity,confirmed_exact_designator,published,operating,,,A320,06:25,05:10,unknown; no timezone conversion,both_arrival_and_departure_rows,107983dc72d381e6897a5a333556946adcc98daef82e954d52cec1fc402c3086,p02-r1-n0079;p07-r37-n0372,p02-r1-n0079-arrival;p07-r37-n0372-departure,raw DGCA digits retained; weekday mapping separately corroborated by AAI; no DGCA legend,unknown_not_stated_by_source,passenger_or_cargo_not_stated_by_source,not_established_by_approved_schedule
ai-s26-d0339bf61ed417,AI,AIC,DEL,BHO,AI 1705,AI1705,1234567,Monday;Tuesday;Wednesday;Thursday;Friday;Saturday;Sunday,2026-03-29,2026-10-24,current,accepted,accepted_source_identity,confirmed_exact_designator,published,operating,,,A320,07:55,06:30,unknown; no timezone conversion,both_arrival_and_departure_rows,107983dc72d381e6897a5a333556946adcc98daef82e954d52cec1fc402c3086,p04-r1-n0206;p08-r54-n0389,p04-r1-n0206-arrival;p08-r54-n0389-departure,raw DGCA digits retained; weekday mapping separately corroborated by AAI; no DGCA legend,unknown_not_stated_by_source,passenger_or_cargo_not_stated_by_source,not_established_by_approved_schedule
ai-s26-b019a4b73d55b2,AI,AIC,DEL,HYD,AI 1706,AI1706,1234567,Monday;Tuesday;Wednesday;Thursday;Friday;Saturday;Sunday,2026-03-29,2026-10-24,current,accepted,accepted_source_identity,confirmed_exact_designator,published,operating,,,A320,,23:00,unknown; no timezone conversion,one_side_only; absence_is_not_contradiction,107983dc72d381e6897a5a333556946adcc98daef82e954d52cec1fc402c3086,p14-r409-n0744,p14-r409-n0744-departure,raw DGCA digits retained; weekday mapping separately corroborated by AAI; no DGCA legend,unknown_not_stated_by_source,passenger_or_cargo_not_stated_by_source,not_established_by_approved_schedule
ai-s26-764a919a82ad34,AI,AIC,DEL,HYD,AI 1706,AI1706,1234567,Monday;Tuesday;Wednesday;Thursday;Friday;Saturday;Sunday,2026-03-30,2026-10-24,current,accepted,accepted_source_identity,confirmed_exact_designator,published,operating,,,A320,01:20,,unknown; no timezone conversion,one_side_only; absence_is_not_contradiction,107983dc72d381e6897a5a333556946adcc98daef82e954d52cec1fc402c3086,p15-r4-n0794,p15-r4-n0794-arrival,raw DGCA digits retained; weekday mapping separately corroborated by AAI; no DGCA legend,unknown_not_stated_by_source,passenger_or_cargo_not_stated_by_source,not_established_by_approved_schedule
ai-s26-abc64a5f0c504e,AI,AIC,DEL,HYD,AI 1706,AI1706,7,Sunday,2026-03-29,2026-03-29,expired,expired,accepted_source_identity,expired_not_compared_to_baseline,,,,,A320,01:15,,unknown; no timezone conversion,one_side_only; absence_is_not_contradiction,107983dc72d381e6897a5a333556946adcc98daef82e954d52cec1fc402c3086,p15-r3-n0793,p15-r3-n0793-arrival,raw DGCA digits retained; weekday mapping separately corroborated by AAI; no DGCA legend,unknown_not_stated_by_source,passenger_or_cargo_not_stated_by_source,not_established_by_approved_schedule
ai-s26-ecad3adbad343b,AI,AIC,DEL,HYD,AI 1708,AI1708,1234567,Monday;Tuesday;Wednesday;Thursday;Friday;Saturday;Sunday,2026-03-29,2026-10-24,current,accepted,accepted_source_identity,confirmed_exact_designator,published,operating,,,A320,21:50,19:30,unknown; no timezone conversion,both_arrival_and_departure_rows,107983dc72d381e6897a5a333556946adcc98daef82e954d52cec1fc402c3086,p13-r342-n0677;p16-r54-n0844,p13-r342-n0677-departure;p16-r54-n0844-arrival,raw DGCA digits retained; weekday mapping separately corroborated by AAI; no DGCA legend,unknown_not_stated_by_source,passenger_or_cargo_not_stated_by_source,not_established_by_approved_schedule
ai-s26-480f1641dd3402,AI,AIC,DEL,BHJ,AI 1709,AI1709,1234567,Monday;Tuesday;Wednesday;Thursday;Friday;Saturday;Sunday,2026-03-29,2026-10-24,current,accepted,accepted_source_identity,confirmed_exact_designator,published,operating,,,A320,16:50,15:00,unknown; no timezone conversion,both_arrival_and_departure_rows,107983dc72d381e6897a5a333556946adcc98daef82e954d52cec1fc402c3086,p05-r5-n0234;p11-r237-n0572,p05-r5-n0234-arrival;p11-r237-n0572-departure,raw DGCA digits retained; weekday mapping separately corroborated by AAI; no DGCA legend,unknown_not_stated_by_source,passenger_or_cargo_not_stated_by_source,not_established_by_approved_schedule
ai-s26-5511468874fd06,AI,AIC,DEL,LKO,AI 1710,AI1710,1234567,Monday;Tuesday;Wednesday;Thursday;Friday;Saturday;Sunday,2026-03-29,2026-10-24,current,accepted,accepted_source_identity,confirmed_exact_designator,published,operating,,,A320,19:45,18:35,unknown; no timezone conversion,both_arrival_and_departure_rows,107983dc72d381e6897a5a333556946adcc98daef82e954d52cec1fc402c3086,p12-r326-n0661;p19-r7-n1057,p12-r326-n0661-departure;p19-r7-n1057-arrival,raw DGCA digits retained; weekday mapping separately corroborated by AAI; no DGCA legend,unknown_not_stated_by_source,passenger_or_cargo_not_stated_by_source,not_established_by_approved_schedule
ai-s26-a5ca5a477ef342,AI,AIC,DEL,TRV,AI 1713,AI1713,1234567,Monday;Tuesday;Wednesday;Thursday;Friday;Saturday;Sunday,2026-03-29,2026-10-24,current,accepted,accepted_source_identity,confirmed_exact_designator,published,operating,,,A321,,15:30,unknown; no timezone conversion,one_side_only; absence_is_not_contradiction,107983dc72d381e6897a5a333556946adcc98daef82e954d52cec1fc402c3086,p11-r252-n0587,p11-r252-n0587-departure,raw DGCA digits retained; weekday mapping separately corroborated by AAI; no DGCA legend,unknown_not_stated_by_source,passenger_or_cargo_not_stated_by_source,not_established_by_approved_schedule
ai-s26-9c30865d56fb71,AI,AIC,DEL,TRV,AI 1713,AI1713,123567,Monday;Tuesday;Wednesday;Friday;Saturday;Sunday,2026-03-29,2026-10-24,current,accepted,accepted_source_identity,confirmed_exact_designator,published,operating,,,A321,18:55,,unknown; no timezone conversion,one_side_only; absence_is_not_contradiction,107983dc72d381e6897a5a333556946adcc98daef82e954d52cec1fc402c3086,p27-r9-n1489,p27-r9-n1489-arrival,raw DGCA digits retained; weekday mapping separately corroborated by AAI; no DGCA legend,unknown_not_stated_by_source,passenger_or_cargo_not_stated_by_source,not_established_by_approved_schedule
ai-s26-b43c130afc8397,AI,AIC,DEL,TRV,AI 1713,AI1713,4,Thursday,2026-04-02,2026-04-02,expired,expired,accepted_source_identity,expired_not_compared_to_baseline,,,,,A321,21:05,,unknown; no timezone conversion,one_side_only; absence_is_not_contradiction,107983dc72d381e6897a5a333556946adcc98daef82e954d52cec1fc402c3086,p27-r18-n1498,p27-r18-n1498-arrival,raw DGCA digits retained; weekday mapping separately corroborated by AAI; no DGCA legend,unknown_not_stated_by_source,passenger_or_cargo_not_stated_by_source,not_established_by_approved_schedule
ai-s26-5b30b0073590e2,AI,AIC,DEL,TRV,AI 1713,AI1713,4,Thursday,2026-04-09,2026-10-22,current,accepted,accepted_source_identity,confirmed_exact_designator,published,operating,,,A321,18:55,,unknown; no timezone conversion,one_side_only; absence_is_not_contradiction,107983dc72d381e6897a5a333556946adcc98daef82e954d52cec1fc402c3086,p27-r8-n1488,p27-r8-n1488-arrival,raw DGCA digits retained; weekday mapping separately corroborated by AAI; no DGCA legend,unknown_not_stated_by_source,passenger_or_cargo_not_stated_by_source,not_established_by_approved_schedule
ai-s26-ada7e730dda62c,AI,AIC,DEL,CCU,AI 1714,AI1714,1234567,Monday;Tuesday;Wednesday;Thursday;Friday;Saturday;Sunday,2026-03-29,2026-10-24,current,accepted,accepted_source_identity,confirmed_exact_designator,published,operating,,,A320,23:20,21:00,unknown; no timezone conversion,both_arrival_and_departure_rows,107983dc72d381e6897a5a333556946adcc98daef82e954d52cec1fc402c3086,p13-r368-n0703;p19-r45-n1032,p13-r368-n0703-departure;p19-r45-n1032-arrival,raw DGCA digits retained; weekday mapping separately corroborated by AAI; no DGCA legend,unknown_not_stated_by_source,passenger_or_cargo_not_stated_by_source,not_established_by_approved_schedule
ai-s26-35d9dc647dcbd9,AI,AIC,DEL,COK,AI 1715,AI1715,1234567,Monday;Tuesday;Wednesday;Thursday;Friday;Saturday;Sunday,2026-03-29,2026-10-24,current,accepted,accepted_source_identity,confirmed_exact_designator,published,operating,,,A320,10:35,07:20,unknown; no timezone conversion,both_arrival_and_departure_rows,107983dc72d381e6897a5a333556946adcc98daef82e954d52cec1fc402c3086,p08-r72-n0407;p18-r7-n0965,p08-r72-n0407-departure;p18-r7-n0965-arrival,raw DGCA digits retained; weekday mapping separately corroborated by AAI; no DGCA legend,unknown_not_stated_by_source,passenger_or_cargo_not_stated_by_source,not_established_by_approved_schedule
ai-s26-e11e59e4d7eeab,AI,AIC,DEL,IDR,AI 1716,AI1716,1234567,Monday;Tuesday;Wednesday;Thursday;Friday;Saturday;Sunday,2026-03-29,2026-10-24,current,accepted,accepted_source_identity,confirmed_exact_designator,published,operating,,,A320,20:10,18:40,unknown; no timezone conversion,both_arrival_and_departure_rows,107983dc72d381e6897a5a333556946adcc98daef82e954d52cec1fc402c3086,p12-r328-n0663;p16-r11-n0861,p12-r328-n0663-departure;p16-r11-n0861-arrival,raw DGCA digits retained; weekday mapping separately corroborated by AAI; no DGCA legend,unknown_not_stated_by_source,passenger_or_cargo_not_stated_by_source,not_established_by_approved_schedule
ai-s26-4da3d14d055a40,AI,AIC,DEL,LKO,AI 1717,AI1717,1234567,Monday;Tuesday;Wednesday;Thursday;Friday;Saturday;Sunday,2026-03-29,2026-10-24,current,accepted,accepted_source_identity,confirmed_exact_designator,published,operating,,,A320,14:40,13:25,unknown; no timezone conversion,both_arrival_and_departure_rows,107983dc72d381e6897a5a333556946adcc98daef82e954d52cec1fc402c3086,p10-r205-n0540;p19-r5-n1055,p10-r205-n0540-departure;p19-r5-n1055-arrival,raw DGCA digits retained; weekday mapping separately corroborated by AAI; no DGCA legend,unknown_not_stated_by_source,passenger_or_cargo_not_stated_by_source,not_established_by_approved_schedule
ai-s26-284b19efbbf18a,AI,AIC,DEL,RPR,AI 1718,AI1718,1234567,Monday;Tuesday;Wednesday;Thursday;Friday;Saturday;Sunday,2026-03-29,2026-10-24,current,accepted,accepted_source_identity,confirmed_exact_designator,published,operating,,,A320,20:00,17:55,unknown; no timezone conversion,both_arrival_and_departure_rows,107983dc72d381e6897a5a333556946adcc98daef82e954d52cec1fc402c3086,p12-r307-n0642;p26-r5-n1439,p12-r307-n0642-departure;p26-r5-n1439-arrival,raw DGCA digits retained; weekday mapping separately corroborated by AAI; no DGCA legend,unknown_not_stated_by_source,passenger_or_cargo_not_stated_by_source,not_established_by_approved_schedule
ai-s26-80b20d33881040,AI,AIC,DEL,JAI,AI 1719,AI1719,1234567,Monday;Tuesday;Wednesday;Thursday;Friday;Saturday;Sunday,2026-03-29,2026-10-24,current,accepted,accepted_source_identity,confirmed_exact_designator,published,operating,,,A320,13:00,11:55,unknown; no timezone conversion,both_arrival_and_departure_rows,107983dc72d381e6897a5a333556946adcc98daef82e954d52cec1fc402c3086,p10-r177-n0512;p16-r6-n0868,p10-r177-n0512-departure;p16-r6-n0868-arrival,raw DGCA digits retained; weekday mapping separately corroborated by AAI; no DGCA legend,unknown_not_stated_by_source,passenger_or_cargo_not_stated_by_source,not_established_by_approved_schedule
ai-s26-ee4a89c62a3333,AI,AIC,DEL,LKO,AI 1720,AI1720,1234567,Monday;Tuesday;Wednesday;Thursday;Friday;Saturday;Sunday,2026-03-29,2026-10-24,current,accepted,accepted_source_identity,confirmed_exact_designator,published,operating,,,A320,21:40,20:30,unknown; no timezone conversion,both_arrival_and_departure_rows,107983dc72d381e6897a5a333556946adcc98daef82e954d52cec1fc402c3086,p13-r357-n0692;p20-r9-n1059,p13-r357-n0692-departure;p20-r9-n1059-arrival,raw DGCA digits retained; weekday mapping separately corroborated by AAI; no DGCA legend,unknown_not_stated_by_source,passenger_or_cargo_not_stated_by_source,not_established_by_approved_schedule
ai-s26-b2a40bb44103e5,AI,AIC,DEL,CJB,AI 1721,AI1721,1234567,Monday;Tuesday;Wednesday;Thursday;Friday;Saturday;Sunday,2026-03-29,2026-10-24,current,accepted,accepted_source_identity,confirmed_exact_designator,published,operating,,,A320,14:45,11:30,unknown; no timezone conversion,both_arrival_and_departure_rows,107983dc72d381e6897a5a333556946adcc98daef82e954d52cec1fc402c3086,p06-r5-n0310;p10-r170-n0505,p06-r5-n0310-arrival;p10-r170-n0505-departure,raw DGCA digits retained; weekday mapping separately corroborated by AAI; no DGCA legend,unknown_not_stated_by_source,passenger_or_cargo_not_stated_by_source,not_established_by_approved_schedule
ai-s26-2b79044df0e8b9,AI,AIC,DEL,BHO,AI 1723,AI1723,1234567,Monday;Tuesday;Wednesday;Thursday;Friday;Saturday;Sunday,2026-03-29,2026-06-13,expired,expired,accepted_source_identity,expired_not_compared_to_baseline,,,,,A320,12:05,,unknown; no timezone conversion,one_side_only; absence_is_not_contradiction,107983dc72d381e6897a5a333556946adcc98daef82e954d52cec1fc402c3086,p04-r3-n0208,p04-r3-n0208-arrival,raw DGCA digits retained; weekday mapping separately corroborated by AAI; no DGCA legend,unknown_not_stated_by_source,passenger_or_cargo_not_stated_by_source,not_established_by_approved_schedule
ai-s26-b03721993cb364,AI,AIC,DEL,BHO,AI 1723,AI1723,1234567,Monday;Tuesday;Wednesday;Thursday;Friday;Saturday;Sunday,2026-03-29,2026-10-24,current,accepted,accepted_source_identity,confirmed_exact_designator,published,operating,,,A320,,10:40,unknown; no timezone conversion,one_side_only; absence_is_not_contradiction,107983dc72d381e6897a5a333556946adcc98daef82e954d52cec1fc402c3086,p09-r150-n0485,p09-r150-n0485-departure,raw DGCA digits retained; weekday mapping separately corroborated by AAI; no DGCA legend,unknown_not_stated_by_source,passenger_or_cargo_not_stated_by_source,not_established_by_approved_schedule
ai-s26-b67cec2f3e5e7d,AI,AIC,DEL,BHO,AI 1723,AI1723,1234567,Monday;Tuesday;Wednesday;Thursday;Friday;Saturday;Sunday,2026-06-14,2026-09-14,expired,expired,accepted_source_identity,expired_not_compared_to_baseline,,,,,A320,12:05,,unknown; no timezone conversion,one_side_only; absence_is_not_contradiction,107983dc72d381e6897a5a333556946adcc98daef82e954d52cec1fc402c3086,p05-r4-n0209,p05-r4-n0209-arrival,raw DGCA digits retained; weekday mapping separately corroborated by AAI; no DGCA legend,unknown_not_stated_by_source,passenger_or_cargo_not_stated_by_source,not_established_by_approved_schedule
ai-s26-967b24b1634ff1,AI,AIC,DEL,BHO,AI 1723,AI1723,1234567,Monday;Tuesday;Wednesday;Thursday;Friday;Saturday;Sunday,2026-09-15,2026-10-24,current,accepted,accepted_source_identity,confirmed_exact_designator,published,operating,,,A320,12:05,,unknown; no timezone conversion,one_side_only; absence_is_not_contradiction,107983dc72d381e6897a5a333556946adcc98daef82e954d52cec1fc402c3086,p05-r5-n0210,p05-r5-n0210-arrival,raw DGCA digits retained; weekday mapping separately corroborated by AAI; no DGCA legend,unknown_not_stated_by_source,passenger_or_cargo_not_stated_by_source,not_established_by_approved_schedule
ai-s26-62625ea4dd3987,AI,AIC,DEL,COK,AI 1724,AI1724,1234567,Monday;Tuesday;Wednesday;Thursday;Friday;Saturday;Sunday,2026-03-29,2026-10-24,current,accepted,accepted_source_identity,confirmed_exact_designator,published,operating,,,A320,22:25,19:20,unknown; no timezone conversion,both_arrival_and_departure_rows,107983dc72d381e6897a5a333556946adcc98daef82e954d52cec1fc402c3086,p13-r339-n0674;p18-r27-n0985,p13-r339-n0674-departure;p18-r27-n0985-arrival,raw DGCA digits retained; weekday mapping separately corroborated by AAI; no DGCA legend,unknown_not_stated_by_source,passenger_or_cargo_not_stated_by_source,not_established_by_approved_schedule
ai-s26-aa05fcfbc52978,AI,AIC,DEL,IDR,AI 1725,AI1725,1234567,Monday;Tuesday;Wednesday;Thursday;Friday;Saturday;Sunday,2026-03-29,2026-10-24,current,accepted,accepted_source_identity,confirmed_exact_designator,published,operating,,,A320,07:15,05:40,unknown; no timezone conversion,both_arrival_and_departure_rows,107983dc72d381e6897a5a333556946adcc98daef82e954d52cec1fc402c3086,p08-r41-n0376;p16-r1-n0851,p08-r41-n0376-departure;p16-r1-n0851-arrival,raw DGCA digits retained; weekday mapping separately corroborated by AAI; no DGCA legend,unknown_not_stated_by_source,passenger_or_cargo_not_stated_by_source,not_established_by_approved_schedule
ai-s26-305c7deafc8c98,AI,AIC,DEL,IXU,AI 1727,AI1727,1234567,Monday;Tuesday;Wednesday;Thursday;Friday;Saturday;Sunday,2026-03-29,2026-10-24,current,accepted,accepted_source_identity,confirmed_exact_designator,published,operating,,,A320,08:00,05:55,unknown; no timezone conversion,both_arrival_and_departure_rows,107983dc72d381e6897a5a333556946adcc98daef82e954d52cec1fc402c3086,p03-r1-n0100;p08-r47-n0382,p03-r1-n0100-arrival;p08-r47-n0382-departure,raw DGCA digits retained; weekday mapping separately corroborated by AAI; no DGCA legend,unknown_not_stated_by_source,passenger_or_cargo_not_stated_by_source,not_established_by_approved_schedule
ai-s26-e7cd329ff3d77d,AI,AIC,DEL,RPR,AI 1729,AI1729,1234567,Monday;Tuesday;Wednesday;Thursday;Friday;Saturday;Sunday,2026-03-29,2026-10-24,current,accepted,accepted_source_identity,confirmed_exact_designator,published,operating,,,A320,08:15,06:30,unknown; no timezone conversion,both_arrival_and_departure_rows,107983dc72d381e6897a5a333556946adcc98daef82e954d52cec1fc402c3086,p08-r55-n0390;p26-r1-n1435,p08-r55-n0390-departure;p26-r1-n1435-arrival,raw DGCA digits retained; weekday mapping separately corroborated by AAI; no DGCA legend,unknown_not_stated_by_source,passenger_or_cargo_not_stated_by_source,not_established_by_approved_schedule
ai-s26-3783a26bab4916,AI,AIC,DEL,PNQ,AI 1730,AI1730,1234567,Monday;Tuesday;Wednesday;Thursday;Friday;Saturday;Sunday,2026-03-29,2026-10-23,current,accepted,accepted_source_identity,confirmed_exact_designator,published,operating,,,A320,,19:10,unknown; no timezone conversion,one_side_only; absence_is_not_contradiction,107983dc72d381e6897a5a333556946adcc98daef82e954d52cec1fc402c3086,p13-r333-n0668,p13-r333-n0668-departure,raw DGCA digits retained; weekday mapping separately corroborated by AAI; no DGCA legend,unknown_not_stated_by_source,passenger_or_cargo_not_stated_by_source,not_established_by_approved_schedule
ai-s26-f7f5ad4bdcea2f,AI,AIC,DEL,PNQ,AI 1730,AI1730,123457,Monday;Tuesday;Wednesday;Thursday;Friday;Sunday,2026-03-29,2026-10-23,current,accepted,accepted_source_identity,confirmed_exact_designator,published,operating,,,A320,21:15,,unknown; no timezone conversion,one_side_only; absence_is_not_contradiction,107983dc72d381e6897a5a333556946adcc98daef82e954d52cec1fc402c3086,p26-r20-n1430,p26-r20-n1430-arrival,raw DGCA digits retained; weekday mapping separately corroborated by AAI; no DGCA legend,unknown_not_stated_by_source,passenger_or_cargo_not_stated_by_source,not_established_by_approved_schedule
ai-s26-3e09d5ede0a150,AI,AIC,DEL,PNQ,AI 1730,AI1730,6,Saturday,2026-04-04,2026-10-17,current,accepted,accepted_source_identity,confirmed_exact_designator,published,operating,,,A320,21:15,,unknown; no timezone conversion,one_side_only; absence_is_not_contradiction,107983dc72d381e6897a5a333556946adcc98daef82e954d52cec1fc402c3086,p26-r19-n1429,p26-r19-n1429-arrival,raw DGCA digits retained; weekday mapping separately corroborated by AAI; no DGCA legend,unknown_not_stated_by_source,passenger_or_cargo_not_stated_by_source,not_established_by_approved_schedule
ai-s26-5e6f9af03d1809,AI,AIC,DEL,CCU,AI 1733,AI1733,1234567,Monday;Tuesday;Wednesday;Thursday;Friday;Saturday;Sunday,2026-03-29,2026-10-24,current,accepted,accepted_source_identity,confirmed_exact_designator,published,operating,,,A320,18:35,16:15,unknown; no timezone conversion,both_arrival_and_departure_rows,107983dc72d381e6897a5a333556946adcc98daef82e954d52cec1fc402c3086,p12-r273-n0608;p19-r33-n1020,p12-r273-n0608-departure;p19-r33-n1020-arrival,raw DGCA digits retained; weekday mapping separately corroborated by AAI; no DGCA legend,unknown_not_stated_by_source,passenger_or_cargo_not_stated_by_source,not_established_by_approved_schedule
ai-s26-6cdfa77c5bdb2c,AI,AIC,DEL,GOX,AI 1734,AI1734,1234567,Monday;Tuesday;Wednesday;Thursday;Friday;Saturday;Sunday,2026-03-29,2026-10-24,current,accepted,accepted_source_identity,candidate_exact_designator,published,provider-listed,,,A320,21:05,18:20,unknown; no timezone conversion,both_arrival_and_departure_rows,107983dc72d381e6897a5a333556946adcc98daef82e954d52cec1fc402c3086,p12-r319-n0654;p14-r1-n0777,p12-r319-n0654-departure;p14-r1-n0777-arrival,raw DGCA digits retained; weekday mapping separately corroborated by AAI; no DGCA legend,unknown_not_stated_by_source,passenger_or_cargo_not_stated_by_source,not_established_by_approved_schedule
ai-s26-9ed2ec2024141f,AI,AIC,DEL,PNQ,AI 1735,AI1735,123457,Monday;Tuesday;Wednesday;Thursday;Friday;Sunday,2026-03-29,2026-10-23,current,accepted,accepted_source_identity,confirmed_exact_designator,published,operating,,,A320,15:15,13:00,unknown; no timezone conversion,both_arrival_and_departure_rows,107983dc72d381e6897a5a333556946adcc98daef82e954d52cec1fc402c3086,p10-r198-n0533;p26-r11-n1421,p10-r198-n0533-departure;p26-r11-n1421-arrival,raw DGCA digits retained; weekday mapping separately corroborated by AAI; no DGCA legend,unknown_not_stated_by_source,passenger_or_cargo_not_stated_by_source,not_established_by_approved_schedule
ai-s26-b4e9870dd31b7d,AI,AIC,DEL,BOM,AI 1736,AI1736,1234567,Monday;Tuesday;Wednesday;Thursday;Friday;Saturday;Sunday,2026-03-29,2026-10-24,current,accepted,accepted_source_identity,confirmed_exact_designator,published,operating,,,A320,19:55,17:30,unknown; no timezone conversion,both_arrival_and_departure_rows,107983dc72d381e6897a5a333556946adcc98daef82e954d52cec1fc402c3086,p12-r299-n0634;p24-r266-n1328,p12-r299-n0634-departure;p24-r266-n1328-arrival,raw DGCA digits retained; weekday mapping separately corroborated by AAI; no DGCA legend,unknown_not_stated_by_source,passenger_or_cargo_not_stated_by_source,not_established_by_approved_schedule
ai-s26-f6fee1589807e2,AI,AIC,DEL,UDR,AI 1737,AI1737,1234567,Monday;Tuesday;Wednesday;Thursday;Friday;Saturday;Sunday,2026-03-29,2026-10-24,current,accepted,accepted_source_identity,confirmed_exact_designator,published,operating,,,A320,13:10,11:50,unknown; no timezone conversion,both_arrival_and_departure_rows,107983dc72d381e6897a5a333556946adcc98daef82e954d52cec1fc402c3086,p10-r176-n0511;p27-r3-n1504,p10-r176-n0511-departure;p27-r3-n1504-arrival,raw DGCA digits retained; weekday mapping separately corroborated by AAI; no DGCA legend,unknown_not_stated_by_source,passenger_or_cargo_not_stated_by_source,not_established_by_approved_schedule
ai-s26-5eda12756a3ddd,AI,AIC,DEL,COK,AI 1738,AI1738,1234567,Monday;Tuesday;Wednesday;Thursday;Friday;Saturday;Sunday,2026-03-29,2026-10-24,current,accepted,accepted_source_identity,confirmed_exact_designator,published,operating,,,A320,20:15,17:00,unknown; no timezone conversion,both_arrival_and_departure_rows,107983dc72d381e6897a5a333556946adcc98daef82e954d52cec1fc402c3086,p12-r289-n0624;p18-r24-n0982,p12-r289-n0624-departure;p18-r24-n0982-arrival,raw DGCA digits retained; weekday mapping separately corroborated by AAI; no DGCA legend,unknown_not_stated_by_source,passenger_or_cargo_not_stated_by_source,not_established_by_approved_schedule
ai-s26-965324c9ed4528,AI,AIC,DEL,SXR,AI 1739,AI1739,12345,Monday;Tuesday;Wednesday;Thursday;Friday,2026-08-03,2026-10-15,current,accepted,accepted_source_identity,confirmed_exact_designator,published,operating,,,A320,13:05,,unknown; no timezone conversion,one_side_only; absence_is_not_contradiction,107983dc72d381e6897a5a333556946adcc98daef82e954d52cec1fc402c3086,p27-r23-n1471,p27-r23-n1471-arrival,raw DGCA digits retained; weekday mapping separately corroborated by AAI; no DGCA legend,unknown_not_stated_by_source,passenger_or_cargo_not_stated_by_source,not_established_by_approved_schedule
ai-s26-afbda5eabad60f,AI,AIC,DEL,SXR,AI 1739,AI1739,1234567,Monday;Tuesday;Wednesday;Thursday;Friday;Saturday;Sunday,2026-03-29,2026-07-31,expired,expired,accepted_source_identity,expired_not_compared_to_baseline,,,,,A320,13:05,,unknown; no timezone conversion,one_side_only; absence_is_not_contradiction,107983dc72d381e6897a5a333556946adcc98daef82e954d52cec1fc402c3086,p27-r24-n1472,p27-r24-n1472-arrival,raw DGCA digits retained; weekday mapping separately corroborated by AAI; no DGCA legend,unknown_not_stated_by_source,passenger_or_cargo_not_stated_by_source,not_established_by_approved_schedule
ai-s26-1ed8317492e498,AI,AIC,DEL,SXR,AI 1739,AI1739,1234567,Monday;Tuesday;Wednesday;Thursday;Friday;Saturday;Sunday,2026-03-29,2026-10-24,current,accepted,accepted_source_identity,confirmed_exact_designator,published,operating,,,A320,,11:30,unknown; no timezone conversion,one_side_only; absence_is_not_contradiction,107983dc72d381e6897a5a333556946adcc98daef82e954d52cec1fc402c3086,p10-r171-n0506,p10-r171-n0506-departure,raw DGCA digits retained; weekday mapping separately corroborated by AAI; no DGCA legend,unknown_not_stated_by_source,passenger_or_cargo_not_stated_by_source,not_established_by_approved_schedule
ai-s26-dcc702b3ec9117,AI,AIC,DEL,PNQ,AI 1740,AI1740,1234567,Monday;Tuesday;Wednesday;Thursday;Friday;Saturday;Sunday,2026-03-29,2026-10-24,current,accepted,accepted_source_identity,confirmed_exact_designator,published,operating,,,A319,19:50,17:40,unknown; no timezone conversion,both_arrival_and_departure_rows,107983dc72d381e6897a5a333556946adcc98daef82e954d52cec1fc402c3086,p12-r301-n0636;p26-r17-n1427,p12-r301-n0636-departure;p26-r17-n1427-arrival,raw DGCA digits retained; weekday mapping separately corroborated by AAI; no DGCA legend,unknown_not_stated_by_source,passenger_or_cargo_not_stated_by_source,not_established_by_approved_schedule
ai-s26-586e89a0971f86,AI,AIC,DEL,IXC,AI 1742,AI1742,1234567,Monday;Tuesday;Wednesday;Thursday;Friday;Saturday;Sunday,2026-03-29,2026-10-24,current,accepted,accepted_source_identity,confirmed_exact_designator,published,operating,,,A320,20:55,20:00,unknown; no timezone conversion,both_arrival_and_departure_rows,107983dc72d381e6897a5a333556946adcc98daef82e954d52cec1fc402c3086,p05-r25-n0260;p13-r349-n0684,p05-r25-n0260-arrival;p13-r349-n0684-departure,raw DGCA digits retained; weekday mapping separately corroborated by AAI; no DGCA legend,unknown_not_stated_by_source,passenger_or_cargo_not_stated_by_source,not_established_by_approved_schedule
ai-s26-373ad1b9050fec,AI,AIC,DEL,IXC,AI 1743,AI1743,123456,Monday;Tuesday;Wednesday;Thursday;Friday;Saturday,2026-03-30,2026-10-24,current,accepted,accepted_source_identity,confirmed_exact_designator,published,operating,,,A320,07:50,,unknown; no timezone conversion,one_side_only; absence_is_not_contradiction,107983dc72d381e6897a5a333556946adcc98daef82e954d52cec1fc402c3086,p05-r3-n0238,p05-r3-n0238-arrival,raw DGCA digits retained; weekday mapping separately corroborated by AAI; no DGCA legend,unknown_not_stated_by_source,passenger_or_cargo_not_stated_by_source,not_established_by_approved_schedule
ai-s26-e194d843040e81,AI,AIC,DEL,IXC,AI 1743,AI1743,1234567,Monday;Tuesday;Wednesday;Thursday;Friday;Saturday;Sunday,2026-03-30,2026-10-24,current,accepted,accepted_source_identity,confirmed_exact_designator,published,operating,,,A320,,07:20,unknown; no timezone conversion,one_side_only; absence_is_not_contradiction,107983dc72d381e6897a5a333556946adcc98daef82e954d52cec1fc402c3086,p08-r73-n0408,p08-r73-n0408-departure,raw DGCA digits retained; weekday mapping separately corroborated by AAI; no DGCA legend,unknown_not_stated_by_source,passenger_or_cargo_not_stated_by_source,not_established_by_approved_schedule
ai-s26-a2134ff5d719cb,AI,AIC,DEL,IXC,AI 1743,AI1743,7,Sunday,2026-03-29,2026-10-18,current,accepted,accepted_source_identity,confirmed_exact_designator,published,operating,,,A320,07:15,,unknown; no timezone conversion,one_side_only; absence_is_not_contradiction,107983dc72d381e6897a5a333556946adcc98daef82e954d52cec1fc402c3086,p05-r1-n0236,p05-r1-n0236-arrival,raw DGCA digits retained; weekday mapping separately corroborated by AAI; no DGCA legend,unknown_not_stated_by_source,passenger_or_cargo_not_stated_by_source,not_established_by_approved_schedule
ai-s26-00523e0a868998,AI,AIC,DEL,BBI,AI 1744,AI1744,1234567,Monday;Tuesday;Wednesday;Thursday;Friday;Saturday;Sunday,2026-03-29,2026-10-24,current,accepted,accepted_source_identity,confirmed_exact_designator,published,operating,,,A320,20:45,18:45,unknown; no timezone conversion,both_arrival_and_departure_rows,107983dc72d381e6897a5a333556946adcc98daef82e954d52cec1fc402c3086,p05-r5-n0228;p12-r329-n0664,p05-r5-n0228-arrival;p12-r329-n0664-departure,raw DGCA digits retained; weekday mapping separately corroborated by AAI; no DGCA legend,unknown_not_stated_by_source,passenger_or_cargo_not_stated_by_source,not_established_by_approved_schedule
ai-s26-40333c0d0e2d72,AI,AIC,DEL,BOM,AI 1745,AI1745,1234567,Monday;Tuesday;Wednesday;Thursday;Friday;Saturday;Sunday,2026-03-29,2026-10-24,current,accepted,accepted_source_identity,confirmed_exact_designator,published,operating,,,A320,07:55,05:30,unknown; no timezone conversion,both_arrival_and_departure_rows,107983dc72d381e6897a5a333556946adcc98daef82e954d52cec1fc402c3086,p07-r39-n0374;p21-r52-n1114,p07-r39-n0374-departure;p21-r52-n1114-arrival,raw DGCA digits retained; weekday mapping separately corroborated by AAI; no DGCA legend,unknown_not_stated_by_source,passenger_or_cargo_not_stated_by_source,not_established_by_approved_schedule
ai-s26-c542b6164aeff7,AI,AIC,DEL,PAT,AI 1746,AI1746,1234567,Monday;Tuesday;Wednesday;Thursday;Friday;Saturday;Sunday,2026-03-29,2026-10-24,current,accepted,accepted_source_identity,confirmed_exact_designator,published,operating,,,A320,18:30,16:45,unknown; no timezone conversion,both_arrival_and_departure_rows,107983dc72d381e6897a5a333556946adcc98daef82e954d52cec1fc402c3086,p12-r282-n0617;p25-r11-n1401,p12-r282-n0617-departure;p25-r11-n1401-arrival,raw DGCA digits retained; weekday mapping separately corroborated by AAI; no DGCA legend,unknown_not_stated_by_source,passenger_or_cargo_not_stated_by_source,not_established_by_approved_schedule
ai-s26-3ca4630d8baa71,AI,AIC,DEL,BBI,AI 1747,AI1747,1234567,Monday;Tuesday;Wednesday;Thursday;Friday;Saturday;Sunday,2026-03-29,2026-10-24,current,accepted,accepted_source_identity,confirmed_exact_designator,published,operating,,,A320,09:05,07:10,unknown; no timezone conversion,both_arrival_and_departure_rows,107983dc72d381e6897a5a333556946adcc98daef82e954d52cec1fc402c3086,p05-r1-n0224;p08-r69-n0404,p05-r1-n0224-arrival;p08-r69-n0404-departure,raw DGCA digits retained; weekday mapping separately corroborated by AAI; no DGCA legend,unknown_not_stated_by_source,passenger_or_cargo_not_stated_by_source,not_established_by_approved_schedule
ai-s26-94c0000bb71357,AI,AIC,DEL,PAT,AI 1749,AI1749,1234567,Monday;Tuesday;Wednesday;Thursday;Friday;Saturday;Sunday,2026-03-29,2026-10-24,current,accepted,accepted_source_identity,confirmed_exact_designator,published,operating,,,A320,09:40,08:00,unknown; no timezone conversion,both_arrival_and_departure_rows,107983dc72d381e6897a5a333556946adcc98daef82e954d52cec1fc402c3086,p08-r85-n0420;p25-r3-n1393,p08-r85-n0420-departure;p25-r3-n1393-arrival,raw DGCA digits retained; weekday mapping separately corroborated by AAI; no DGCA legend,unknown_not_stated_by_source,passenger_or_cargo_not_stated_by_source,not_established_by_approved_schedule
ai-s26-4ae025aef159e5,AI,AIC,DEL,CJB,AI 1753,AI1753,1234567,Monday;Tuesday;Wednesday;Thursday;Friday;Saturday;Sunday,2026-03-29,2026-10-24,current,accepted,accepted_source_identity,confirmed_exact_designator,published,operating,,,A320,18:10,,unknown; no timezone conversion,one_side_only; absence_is_not_contradiction,107983dc72d381e6897a5a333556946adcc98daef82e954d52cec1fc402c3086,p06-r7-n0312,p06-r7-n0312-arrival,raw DGCA digits retained; weekday mapping separately corroborated by AAI; no DGCA legend,unknown_not_stated_by_source,passenger_or_cargo_not_stated_by_source,not_established_by_approved_schedule
ai-s26-da761988521ae9,AI,AIC,DEL,CJB,AI 1753,AI1753,123457,Monday;Tuesday;Wednesday;Thursday;Friday;Sunday,2026-03-29,2026-10-23,current,accepted,accepted_source_identity,confirmed_exact_designator,published,operating,,,A320,,15:00,unknown; no timezone conversion,one_side_only; absence_is_not_contradiction,107983dc72d381e6897a5a333556946adcc98daef82e954d52cec1fc402c3086,p11-r238-n0573,p11-r238-n0573-departure,raw DGCA digits retained; weekday mapping separately corroborated by AAI; no DGCA legend,unknown_not_stated_by_source,passenger_or_cargo_not_stated_by_source,not_established_by_approved_schedule
ai-s26-1f1cbfbe40c50a,AI,AIC,DEL,GAU,AI 1755,AI1755,1234567,Monday;Tuesday;Wednesday;Thursday;Friday;Saturday;Sunday,2026-03-29,2026-10-24,current,accepted,accepted_source_identity,confirmed_exact_designator,published,operating,,,A320,17:00,14:30,unknown; no timezone conversion,both_arrival_and_departure_rows,107983dc72d381e6897a5a333556946adcc98daef82e954d52cec1fc402c3086,p11-r229-n0564;p15-r7-n0785,p11-r229-n0564-departure;p15-r7-n0785-arrival,raw DGCA digits retained; weekday mapping separately corroborated by AAI; no DGCA legend,unknown_not_stated_by_source,passenger_or_cargo_not_stated_by_source,not_established_by_approved_schedule
ai-s26-d754637d4e6386,AI,AIC,DEL,DED,AI 1757,AI1757,1234567,Monday;Tuesday;Wednesday;Thursday;Friday;Saturday;Sunday,2026-03-29,2026-10-24,current,accepted,accepted_source_identity,confirmed_exact_designator,published,operating,,,A320,16:35,15:40,unknown; no timezone conversion,both_arrival_and_departure_rows,107983dc72d381e6897a5a333556946adcc98daef82e954d52cec1fc402c3086,p07-r19-n0334;p11-r258-n0593,p07-r19-n0334-arrival;p11-r258-n0593-departure,raw DGCA digits retained; weekday mapping separately corroborated by AAI; no DGCA legend,unknown_not_stated_by_source,passenger_or_cargo_not_stated_by_source,not_established_by_approved_schedule
ai-s26-48a526408db7c9,AI,AIC,DEL,JDH,AI 1759,AI1759,1234567,Monday;Tuesday;Wednesday;Thursday;Friday;Saturday;Sunday,2026-03-29,2026-10-24,current,accepted,accepted_source_identity,confirmed_exact_designator,published,operating,,,A320,,13:45,unknown; no timezone conversion,one_side_only; absence_is_not_contradiction,107983dc72d381e6897a5a333556946adcc98daef82e954d52cec1fc402c3086,p10-r214-n0549,p10-r214-n0549-departure,raw DGCA digits retained; weekday mapping separately corroborated by AAI; no DGCA legend,unknown_not_stated_by_source,passenger_or_cargo_not_stated_by_source,not_established_by_approved_schedule
ai-s26-18adb83c98e612,AI,AIC,DEL,JDH,AI 1759,AI1759,123457,Monday;Tuesday;Wednesday;Thursday;Friday;Sunday,2026-04-28,2026-10-23,current,accepted,accepted_source_identity,confirmed_exact_designator,published,operating,,,A320,15:05,,unknown; no timezone conversion,one_side_only; absence_is_not_contradiction,107983dc72d381e6897a5a333556946adcc98daef82e954d52cec1fc402c3086,p17-r61-n0945,p17-r61-n0945-arrival,raw DGCA digits retained; weekday mapping separately corroborated by AAI; no DGCA legend,unknown_not_stated_by_source,passenger_or_cargo_not_stated_by_source,not_established_by_approved_schedule
ai-s26-ca8fac87031248,AI,AIC,DEL,JDH,AI 1759,AI1759,6,Saturday,2026-05-02,2026-05-02,expired,expired,accepted_source_identity,expired_not_compared_to_baseline,,,,,A320,15:05,,unknown; no timezone conversion,one_side_only; absence_is_not_contradiction,107983dc72d381e6897a5a333556946adcc98daef82e954d52cec1fc402c3086,p17-r49-n0933,p17-r49-n0933-arrival,raw DGCA digits retained; weekday mapping separately corroborated by AAI; no DGCA legend,unknown_not_stated_by_source,passenger_or_cargo_not_stated_by_source,not_established_by_approved_schedule
ai-s26-b9f7387d420fe5,AI,AIC,DEL,JDH,AI 1759,AI1759,6,Saturday,2026-05-16,2026-05-16,expired,expired,accepted_source_identity,expired_not_compared_to_baseline,,,,,A320,15:05,,unknown; no timezone conversion,one_side_only; absence_is_not_contradiction,107983dc72d381e6897a5a333556946adcc98daef82e954d52cec1fc402c3086,p17-r50-n0934,p17-r50-n0934-arrival,raw DGCA digits retained; weekday mapping separately corroborated by AAI; no DGCA legend,unknown_not_stated_by_source,passenger_or_cargo_not_stated_by_source,not_established_by_approved_schedule
ai-s26-6311cc21d29415,AI,AIC,DEL,JDH,AI 1759,AI1759,6,Saturday,2026-05-30,2026-06-06,expired,expired,accepted_source_identity,expired_not_compared_to_baseline,,,,,A320,15:05,,unknown; no timezone conversion,one_side_only; absence_is_not_contradiction,107983dc72d381e6897a5a333556946adcc98daef82e954d52cec1fc402c3086,p17-r51-n0935,p17-r51-n0935-arrival,raw DGCA digits retained; weekday mapping separately corroborated by AAI; no DGCA legend,unknown_not_stated_by_source,passenger_or_cargo_not_stated_by_source,not_established_by_approved_schedule
ai-s26-0a5102272897ec,AI,AIC,DEL,JDH,AI 1759,AI1759,6,Saturday,2026-06-20,2026-06-20,expired,expired,accepted_source_identity,expired_not_compared_to_baseline,,,,,A320,15:05,,unknown; no timezone conversion,one_side_only; absence_is_not_contradiction,107983dc72d381e6897a5a333556946adcc98daef82e954d52cec1fc402c3086,p17-r52-n0936,p17-r52-n0936-arrival,raw DGCA digits retained; weekday mapping separately corroborated by AAI; no DGCA legend,unknown_not_stated_by_source,passenger_or_cargo_not_stated_by_source,not_established_by_approved_schedule
ai-s26-780cadb0d0b695,AI,AIC,DEL,JDH,AI 1759,AI1759,6,Saturday,2026-07-04,2026-07-04,expired,expired,accepted_source_identity,expired_not_compared_to_baseline,,,,,A320,15:05,,unknown; no timezone conversion,one_side_only; absence_is_not_contradiction,107983dc72d381e6897a5a333556946adcc98daef82e954d52cec1fc402c3086,p17-r53-n0937,p17-r53-n0937-arrival,raw DGCA digits retained; weekday mapping separately corroborated by AAI; no DGCA legend,unknown_not_stated_by_source,passenger_or_cargo_not_stated_by_source,not_established_by_approved_schedule
ai-s26-ea88c533c78995,AI,AIC,DEL,JDH,AI 1759,AI1759,6,Saturday,2026-07-18,2026-07-18,expired,expired,accepted_source_identity,expired_not_compared_to_baseline,,,,,A320,15:05,,unknown; no timezone conversion,one_side_only; absence_is_not_contradiction,107983dc72d381e6897a5a333556946adcc98daef82e954d52cec1fc402c3086,p17-r54-n0938,p17-r54-n0938-arrival,raw DGCA digits retained; weekday mapping separately corroborated by AAI; no DGCA legend,unknown_not_stated_by_source,passenger_or_cargo_not_stated_by_source,not_established_by_approved_schedule
ai-s26-d3c6893ae125cc,AI,AIC,DEL,JDH,AI 1759,AI1759,6,Saturday,2026-08-01,2026-08-01,expired,expired,accepted_source_identity,expired_not_compared_to_baseline,,,,,A320,15:05,,unknown; no timezone conversion,one_side_only; absence_is_not_contradiction,107983dc72d381e6897a5a333556946adcc98daef82e954d52cec1fc402c3086,p17-r55-n0939,p17-r55-n0939-arrival,raw DGCA digits retained; weekday mapping separately corroborated by AAI; no DGCA legend,unknown_not_stated_by_source,passenger_or_cargo_not_stated_by_source,not_established_by_approved_schedule
ai-s26-cbca7d8e209a5f,AI,AIC,DEL,JDH,AI 1759,AI1759,6,Saturday,2026-08-15,2026-08-15,expired,expired,accepted_source_identity,expired_not_compared_to_baseline,,,,,A320,15:05,,unknown; no timezone conversion,one_side_only; absence_is_not_contradiction,107983dc72d381e6897a5a333556946adcc98daef82e954d52cec1fc402c3086,p17-r56-n0940,p17-r56-n0940-arrival,raw DGCA digits retained; weekday mapping separately corroborated by AAI; no DGCA legend,unknown_not_stated_by_source,passenger_or_cargo_not_stated_by_source,not_established_by_approved_schedule
ai-s26-14b489e6a0e49b,AI,AIC,DEL,JDH,AI 1759,AI1759,6,Saturday,2026-08-29,2026-09-05,expired,expired,accepted_source_identity,expired_not_compared_to_baseline,,,,,A320,15:05,,unknown; no timezone conversion,one_side_only; absence_is_not_contradiction,107983dc72d381e6897a5a333556946adcc98daef82e954d52cec1fc402c3086,p17-r57-n0941,p17-r57-n0941-arrival,raw DGCA digits retained; weekday mapping separately corroborated by AAI; no DGCA legend,unknown_not_stated_by_source,passenger_or_cargo_not_stated_by_source,not_established_by_approved_schedule
ai-s26-dcb62b9e45de5e,AI,AIC,DEL,JDH,AI 1759,AI1759,6,Saturday,2026-09-19,2026-09-19,expired,expired,accepted_source_identity,expired_not_compared_to_baseline,,,,,A320,15:05,,unknown; no timezone conversion,one_side_only; absence_is_not_contradiction,107983dc72d381e6897a5a333556946adcc98daef82e954d52cec1fc402c3086,p17-r58-n0942,p17-r58-n0942-arrival,raw DGCA digits retained; weekday mapping separately corroborated by AAI; no DGCA legend,unknown_not_stated_by_source,passenger_or_cargo_not_stated_by_source,not_established_by_approved_schedule
ai-s26-285cac99de8702,AI,AIC,DEL,JDH,AI 1759,AI1759,6,Saturday,2026-10-03,2026-10-03,expired,expired,accepted_source_identity,expired_not_compared_to_baseline,,,,,A320,15:05,,unknown; no timezone conversion,one_side_only; absence_is_not_contradiction,107983dc72d381e6897a5a333556946adcc98daef82e954d52cec1fc402c3086,p17-r59-n0943,p17-r59-n0943-arrival,raw DGCA digits retained; weekday mapping separately corroborated by AAI; no DGCA legend,unknown_not_stated_by_source,passenger_or_cargo_not_stated_by_source,not_established_by_approved_schedule
ai-s26-e0d2a13a939f2e,AI,AIC,DEL,JDH,AI 1759,AI1759,6,Saturday,2026-10-17,2026-10-17,future,accepted,accepted_source_identity,confirmed_exact_designator,published,operating,,,A320,15:05,,unknown; no timezone conversion,one_side_only; absence_is_not_contradiction,107983dc72d381e6897a5a333556946adcc98daef82e954d52cec1fc402c3086,p17-r60-n0944,p17-r60-n0944-arrival,raw DGCA digits retained; weekday mapping separately corroborated by AAI; no DGCA legend,unknown_not_stated_by_source,passenger_or_cargo_not_stated_by_source,not_established_by_approved_schedule
ai-s26-d34023f1c1ab33,AI,AIC,DEL,SXR,AI 1761,AI1761,12345,Monday;Tuesday;Wednesday;Thursday;Friday,2026-08-03,2026-10-15,current,accepted,accepted_source_identity,confirmed_exact_designator,published,operating,,,A320,09:10,,unknown; no timezone conversion,one_side_only; absence_is_not_contradiction,107983dc72d381e6897a5a333556946adcc98daef82e954d52cec1fc402c3086,p27-r11-n1459,p27-r11-n1459-arrival,raw DGCA digits retained; weekday mapping separately corroborated by AAI; no DGCA legend,unknown_not_stated_by_source,passenger_or_cargo_not_stated_by_source,not_established_by_approved_schedule
ai-s26-61281500a0df25,AI,AIC,DEL,SXR,AI 1761,AI1761,1234567,Monday;Tuesday;Wednesday;Thursday;Friday;Saturday;Sunday,2026-03-29,2026-04-05,expired,expired,accepted_source_identity,expired_not_compared_to_baseline,,,,,A320,,08:20,unknown; no timezone conversion,one_side_only; absence_is_not_contradiction,107983dc72d381e6897a5a333556946adcc98daef82e954d52cec1fc402c3086,p08-r93-n0428,p08-r93-n0428-departure,raw DGCA digits retained; weekday mapping separately corroborated by AAI; no DGCA legend,unknown_not_stated_by_source,passenger_or_cargo_not_stated_by_source,not_established_by_approved_schedule
ai-s26-1037977ed17d3e,AI,AIC,DEL,SXR,AI 1761,AI1761,1234567,Monday;Tuesday;Wednesday;Thursday;Friday;Saturday;Sunday,2026-03-29,2026-07-31,expired,expired,accepted_source_identity,expired_not_compared_to_baseline,,,,,A320,09:10,,unknown; no timezone conversion,one_side_only; absence_is_not_contradiction,107983dc72d381e6897a5a333556946adcc98daef82e954d52cec1fc402c3086,p27-r12-n1460,p27-r12-n1460-arrival,raw DGCA digits retained; weekday mapping separately corroborated by AAI; no DGCA legend,unknown_not_stated_by_source,passenger_or_cargo_not_stated_by_source,not_established_by_approved_schedule
ai-s26-483e86c266ae32,AI,AIC,DEL,SXR,AI 1761,AI1761,1234567,Monday;Tuesday;Wednesday;Thursday;Friday;Saturday;Sunday,2026-04-06,2026-10-24,current,accepted,accepted_source_identity,confirmed_exact_designator,published,operating,,,A320,,08:20,unknown; no timezone conversion,one_side_only; absence_is_not_contradiction,107983dc72d381e6897a5a333556946adcc98daef82e954d52cec1fc402c3086,p08-r94-n0429,p08-r94-n0429-departure,raw DGCA digits retained; weekday mapping separately corroborated by AAI; no DGCA legend,unknown_not_stated_by_source,passenger_or_cargo_not_stated_by_source,not_established_by_approved_schedule
ai-s26-4b1e7c87080368,AI,AIC,DEL,COK,AI 1763,AI1763,1234567,Monday;Tuesday;Wednesday;Thursday;Friday;Saturday;Sunday,2026-03-29,2026-10-24,current,accepted,accepted_source_identity,confirmed_exact_designator,published,operating,,,A320,,10:25,unknown; no timezone conversion,one_side_only; absence_is_not_contradiction,107983dc72d381e6897a5a333556946adcc98daef82e954d52cec1fc402c3086,p09-r139-n0474,p09-r139-n0474-departure,raw DGCA digits retained; weekday mapping separately corroborated by AAI; no DGCA legend,unknown_not_stated_by_source,passenger_or_cargo_not_stated_by_source,not_established_by_approved_schedule
ai-s26-838d9d7c79932a,AI,AIC,DEL,COK,AI 1763,AI1763,134567,Monday;Wednesday;Thursday;Friday;Saturday;Sunday,2026-03-29,2026-10-24,current,accepted,accepted_source_identity,confirmed_exact_designator,published,operating,,,A320,13:40,,unknown; no timezone conversion,one_side_only; absence_is_not_contradiction,107983dc72d381e6897a5a333556946adcc98daef82e954d52cec1fc402c3086,p18-r14-n0972,p18-r14-n0972-arrival,raw DGCA digits retained; weekday mapping separately corroborated by AAI; no DGCA legend,unknown_not_stated_by_source,passenger_or_cargo_not_stated_by_source,not_established_by_approved_schedule
ai-s26-a5333e64ac996f,AI,AIC,DEL,COK,AI 1763,AI1763,2,Tuesday,2026-03-31,2026-10-20,current,accepted,accepted_source_identity,confirmed_exact_designator,published,operating,,,A320,13:00,,unknown; no timezone conversion,one_side_only; absence_is_not_contradiction,107983dc72d381e6897a5a333556946adcc98daef82e954d52cec1fc402c3086,p18-r12-n0970,p18-r12-n0970-arrival,raw DGCA digits retained; weekday mapping separately corroborated by AAI; no DGCA legend,unknown_not_stated_by_source,passenger_or_cargo_not_stated_by_source,not_established_by_approved_schedule
ai-s26-9a8b4928bce698,AI,AIC,DEL,VNS,AI 1765,AI1765,1234567,Monday;Tuesday;Wednesday;Thursday;Friday;Saturday;Sunday,2026-03-29,2026-10-24,current,accepted,accepted_source_identity,confirmed_exact_designator,published,operating,,,A320,09:10,08:00,unknown; no timezone conversion,both_arrival_and_departure_rows,107983dc72d381e6897a5a333556946adcc98daef82e954d52cec1fc402c3086,p08-r86-n0421;p28-r1-n1520,p08-r86-n0421-departure;p28-r1-n1520-arrival,raw DGCA digits retained; weekday mapping separately corroborated by AAI; no DGCA legend,unknown_not_stated_by_source,passenger_or_cargo_not_stated_by_source,not_established_by_approved_schedule
ai-s26-8061f706b24af0,AI,AIC,DEL,JAI,AI 1767,AI1767,1234567,Monday;Tuesday;Wednesday;Thursday;Friday;Saturday;Sunday,2026-03-29,2026-10-24,current,accepted,accepted_source_identity,confirmed_exact_designator,published,operating,,,A319,08:15,07:20,unknown; no timezone conversion,both_arrival_and_departure_rows,107983dc72d381e6897a5a333556946adcc98daef82e954d52cec1fc402c3086,p08-r74-n0409;p16-r3-n0865,p08-r74-n0409-departure;p16-r3-n0865-arrival,raw DGCA digits retained; weekday mapping separately corroborated by AAI; no DGCA legend,unknown_not_stated_by_source,passenger_or_cargo_not_stated_by_source,not_established_by_approved_schedule
ai-s26-95b6f15a2c5973,AI,AIC,DEL,TRV,AI 1769,AI1769,1234567,Monday;Tuesday;Wednesday;Thursday;Friday;Saturday;Sunday,2026-03-29,2026-10-24,current,accepted,accepted_source_identity,confirmed_exact_designator,published,operating,,,A321,10:25,07:10,unknown; no timezone conversion,both_arrival_and_departure_rows,107983dc72d381e6897a5a333556946adcc98daef82e954d52cec1fc402c3086,p08-r70-n0405;p27-r6-n1486,p08-r70-n0405-departure;p27-r6-n1486-arrival,raw DGCA digits retained; weekday mapping separately corroborated by AAI; no DGCA legend,unknown_not_stated_by_source,passenger_or_cargo_not_stated_by_source,not_established_by_approved_schedule
ai-s26-068f89411703e9,AI,AIC,DEL,ATQ,AI 1773,AI1773,1234567,Monday;Tuesday;Wednesday;Thursday;Friday;Saturday;Sunday,2026-03-29,2026-10-24,current,accepted,accepted_source_identity,confirmed_exact_designator,published,operating,,,A320,11:40,10:25,unknown; no timezone conversion,both_arrival_and_departure_rows,107983dc72d381e6897a5a333556946adcc98daef82e954d52cec1fc402c3086,p02-r11-n0089;p09-r140-n0475,p02-r11-n0089-arrival;p09-r140-n0475-departure,raw DGCA digits retained; weekday mapping separately corroborated by AAI; no DGCA legend,unknown_not_stated_by_source,passenger_or_cargo_not_stated_by_source,not_established_by_approved_schedule
ai-s26-697307a5058d30,AI,AIC,DEL,BOM,AI 1777,AI1777,1234567,Monday;Tuesday;Wednesday;Thursday;Friday;Saturday;Sunday,2026-03-29,2026-10-24,current,accepted,accepted_source_identity,confirmed_exact_designator,published,operating,,,A320,18:25,16:00,unknown; no timezone conversion,both_arrival_and_departure_rows,107983dc72d381e6897a5a333556946adcc98daef82e954d52cec1fc402c3086,p11-r268-n0603;p24-r238-n1300,p11-r268-n0603-departure;p24-r238-n1300-arrival,raw DGCA digits retained; weekday mapping separately corroborated by AAI; no DGCA legend,unknown_not_stated_by_source,passenger_or_cargo_not_stated_by_source,not_established_by_approved_schedule
ai-s26-6c37c5fedc228f,AI,AIC,DEL,UDR,AI 1779,AI1779,1234567,Monday;Tuesday;Wednesday;Thursday;Friday;Saturday;Sunday,2026-03-29,2026-10-24,current,accepted,accepted_source_identity,confirmed_exact_designator,published,operating,,,A320,15:15,13:55,unknown; no timezone conversion,both_arrival_and_departure_rows,107983dc72d381e6897a5a333556946adcc98daef82e954d52cec1fc402c3086,p11-r218-n0553;p27-r7-n1508,p11-r218-n0553-departure;p27-r7-n1508-arrival,raw DGCA digits retained; weekday mapping separately corroborated by AAI; no DGCA legend,unknown_not_stated_by_source,passenger_or_cargo_not_stated_by_source,not_established_by_approved_schedule
ai-s26-de7bafe859dbf2,AI,AIC,DEL,IXU,AI 1781,AI1781,1234567,Monday;Tuesday;Wednesday;Thursday;Friday;Saturday;Sunday,2026-03-29,2026-10-24,current,accepted,accepted_source_identity,confirmed_exact_designator,published,operating,,,A320,15:50,13:50,unknown; no timezone conversion,both_arrival_and_departure_rows,107983dc72d381e6897a5a333556946adcc98daef82e954d52cec1fc402c3086,p03-r3-n0102;p11-r215-n0550,p03-r3-n0102-arrival;p11-r215-n0550-departure,raw DGCA digits retained; weekday mapping separately corroborated by AAI; no DGCA legend,unknown_not_stated_by_source,passenger_or_cargo_not_stated_by_source,not_established_by_approved_schedule
ai-s26-8025f309b7d982,AI,AIC,DEL,BOM,AI 1785,AI1785,1234567,Monday;Tuesday;Wednesday;Thursday;Friday;Saturday;Sunday,2026-03-29,2026-10-24,current,accepted,accepted_source_identity,confirmed_exact_designator,published,operating,,,A320,,12:00,unknown; no timezone conversion,one_side_only; absence_is_not_contradiction,107983dc72d381e6897a5a333556946adcc98daef82e954d52cec1fc402c3086,p10-r180-n0515,p10-r180-n0515-departure,raw DGCA digits retained; weekday mapping separately corroborated by AAI; no DGCA legend,unknown_not_stated_by_source,passenger_or_cargo_not_stated_by_source,not_established_by_approved_schedule
ai-s26-64c237543245f7,AI,AIC,DEL,BOM,AI 1785,AI1785,234567,Tuesday;Wednesday;Thursday;Friday;Saturday;Sunday,2026-03-29,2026-10-24,current,accepted,accepted_source_identity,confirmed_exact_designator,published,operating,,,A320,14:25,,unknown; no timezone conversion,one_side_only; absence_is_not_contradiction,107983dc72d381e6897a5a333556946adcc98daef82e954d52cec1fc402c3086,p22-r166-n1228,p22-r166-n1228-arrival,raw DGCA digits retained; weekday mapping separately corroborated by AAI; no DGCA legend,unknown_not_stated_by_source,passenger_or_cargo_not_stated_by_source,not_established_by_approved_schedule
ai-s26-69340f860aa30b,AI,AIC,DEL,CCU,AI 1791,AI1791,1234567,Monday;Tuesday;Wednesday;Thursday;Friday;Saturday;Sunday,2026-03-29,2026-10-24,current,accepted,accepted_source_identity,confirmed_exact_designator,published,operating,,,A320,11:50,09:30,unknown; no timezone conversion,both_arrival_and_departure_rows,107983dc72d381e6897a5a333556946adcc98daef82e954d52cec1fc402c3086,p09-r117-n0452;p19-r25-n1012,p09-r117-n0452-departure;p19-r25-n1012-arrival,raw DGCA digits retained; weekday mapping separately corroborated by AAI; no DGCA legend,unknown_not_stated_by_source,passenger_or_cargo_not_stated_by_source,not_established_by_approved_schedule
ai-s26-b564ed0ebf0804,AI,AIC,DEL,SXR,AI 1792,AI1792,12345,Monday;Tuesday;Wednesday;Thursday;Friday,2026-08-03,2026-10-15,current,accepted,accepted_source_identity,confirmed_exact_designator,published,operating,,,A320,11:30,,unknown; no timezone conversion,one_side_only; absence_is_not_contradiction,107983dc72d381e6897a5a333556946adcc98daef82e954d52cec1fc402c3086,p27-r19-n1467,p27-r19-n1467-arrival,raw DGCA digits retained; weekday mapping separately corroborated by AAI; no DGCA legend,unknown_not_stated_by_source,passenger_or_cargo_not_stated_by_source,not_established_by_approved_schedule
ai-s26-9bde2a0cd26a6a,AI,AIC,DEL,SXR,AI 1792,AI1792,1234567,Monday;Tuesday;Wednesday;Thursday;Friday;Saturday;Sunday,2026-03-29,2026-07-31,expired,expired,accepted_source_identity,expired_not_compared_to_baseline,,,,,A320,11:30,,unknown; no timezone conversion,one_side_only; absence_is_not_contradiction,107983dc72d381e6897a5a333556946adcc98daef82e954d52cec1fc402c3086,p27-r20-n1468,p27-r20-n1468-arrival,raw DGCA digits retained; weekday mapping separately corroborated by AAI; no DGCA legend,unknown_not_stated_by_source,passenger_or_cargo_not_stated_by_source,not_established_by_approved_schedule
ai-s26-e8df184eadcfea,AI,AIC,DEL,SXR,AI 1792,AI1792,1234567,Monday;Tuesday;Wednesday;Thursday;Friday;Saturday;Sunday,2026-03-29,2026-10-24,current,accepted,accepted_source_identity,confirmed_exact_designator,published,operating,,,A320,,09:50,unknown; no timezone conversion,one_side_only; absence_is_not_contradiction,107983dc72d381e6897a5a333556946adcc98daef82e954d52cec1fc402c3086,p09-r130-n0465,p09-r130-n0465-departure,raw DGCA digits retained; weekday mapping separately corroborated by AAI; no DGCA legend,unknown_not_stated_by_source,passenger_or_cargo_not_stated_by_source,not_established_by_approved_schedule
ai-s26-eca27dfacb199e,AI,AIC,DEL,HYD,AI 1793,AI1793,1234567,Monday;Tuesday;Wednesday;Thursday;Friday;Saturday;Sunday,2026-03-29,2026-10-24,current,accepted,accepted_source_identity,confirmed_exact_designator,published,operating,,,A320,08:20,06:00,unknown; no timezone conversion,both_arrival_and_departure_rows,107983dc72d381e6897a5a333556946adcc98daef82e954d52cec1fc402c3086,p08-r48-n0383;p15-r17-n0807,p08-r48-n0383-departure;p15-r17-n0807-arrival,raw DGCA digits retained; weekday mapping separately corroborated by AAI; no DGCA legend,unknown_not_stated_by_source,passenger_or_cargo_not_stated_by_source,not_established_by_approved_schedule
ai-s26-1d3f8d9c0cfcfc,AI,AIC,DEL,BBI,AI 1795,AI1795,1234567,Monday;Tuesday;Wednesday;Thursday;Friday;Saturday;Sunday,2026-03-29,2026-10-24,current,accepted,accepted_source_identity,confirmed_exact_designator,published,operating,,,A319,12:50,10:30,unknown; no timezone conversion,both_arrival_and_departure_rows,107983dc72d381e6897a5a333556946adcc98daef82e954d52cec1fc402c3086,p05-r3-n0226;p09-r141-n0476,p05-r3-n0226-arrival;p09-r141-n0476-departure,raw DGCA digits retained; weekday mapping separately corroborated by AAI; no DGCA legend,unknown_not_stated_by_source,passenger_or_cargo_not_stated_by_source,not_established_by_approved_schedule
ai-s26-c6613e94730101,AI,AIC,DEL,PNQ,AI 1797,AI1797,1234567,Monday;Tuesday;Wednesday;Thursday;Friday;Saturday;Sunday,2026-03-29,2026-10-24,current,accepted,accepted_source_identity,confirmed_exact_designator,published,operating,,,A320,08:05,05:45,unknown; no timezone conversion,both_arrival_and_departure_rows,107983dc72d381e6897a5a333556946adcc98daef82e954d52cec1fc402c3086,p08-r43-n0378;p26-r9-n1419,p08-r43-n0378-departure;p26-r9-n1419-arrival,raw DGCA digits retained; weekday mapping separately corroborated by AAI; no DGCA legend,unknown_not_stated_by_source,passenger_or_cargo_not_stated_by_source,not_established_by_approved_schedule
ai-s26-0db296d707b8c4,AI,AIC,DEL,SXR,AI 1799,AI1799,1234567,Monday;Tuesday;Wednesday;Thursday;Friday;Saturday;Sunday,2026-03-31,2026-05-01,expired,expired,accepted_source_identity,expired_not_compared_to_baseline,,,,,A320,08:10,,unknown; no timezone conversion,one_side_only; absence_is_not_contradiction,107983dc72d381e6897a5a333556946adcc98daef82e954d52cec1fc402c3086,p26-r5-n1453,p26-r5-n1453-arrival,raw DGCA digits retained; weekday mapping separately corroborated by AAI; no DGCA legend,unknown_not_stated_by_source,passenger_or_cargo_not_stated_by_source,not_established_by_approved_schedule
ai-s26-321911eb7a8d72,AI,AIC,DEL,SXR,AI 1799,AI1799,1234567,Monday;Tuesday;Wednesday;Thursday;Friday;Saturday;Sunday,2026-03-31,2026-10-23,current,accepted,accepted_source_identity,confirmed_exact_designator,published,operating,,,A320,,06:40,unknown; no timezone conversion,one_side_only; absence_is_not_contradiction,107983dc72d381e6897a5a333556946adcc98daef82e954d52cec1fc402c3086,p08-r60-n0395,p08-r60-n0395-departure,raw DGCA digits retained; weekday mapping separately corroborated by AAI; no DGCA legend,unknown_not_stated_by_source,passenger_or_cargo_not_stated_by_source,not_established_by_approved_schedule
ai-s26-15d08e08234932,AI,AIC,DEL,SXR,AI 1799,AI1799,13,Monday;Wednesday,2026-08-03,2026-10-14,current,accepted,accepted_source_identity,confirmed_exact_designator,published,operating,,,A320,08:10,,unknown; no timezone conversion,one_side_only; absence_is_not_contradiction,107983dc72d381e6897a5a333556946adcc98daef82e954d52cec1fc402c3086,p26-r3-n1451,p26-r3-n1451-arrival,raw DGCA digits retained; weekday mapping separately corroborated by AAI; no DGCA legend,unknown_not_stated_by_source,passenger_or_cargo_not_stated_by_source,not_established_by_approved_schedule
ai-s26-9758a1460abb27,AI,AIC,DEL,SXR,AI 1799,AI1799,1367,Monday;Wednesday;Saturday;Sunday,2026-05-02,2026-07-29,expired,expired,accepted_source_identity,expired_not_compared_to_baseline,,,,,A320,08:10,,unknown; no timezone conversion,one_side_only; absence_is_not_contradiction,107983dc72d381e6897a5a333556946adcc98daef82e954d52cec1fc402c3086,p26-r4-n1452,p26-r4-n1452-arrival,raw DGCA digits retained; weekday mapping separately corroborated by AAI; no DGCA legend,unknown_not_stated_by_source,passenger_or_cargo_not_stated_by_source,not_established_by_approved_schedule
ai-s26-2fb2bcaf3299dc,AI,AIC,DEL,SXR,AI 1799,AI1799,245,Tuesday;Thursday;Friday,2026-05-05,2026-07-31,expired,expired,accepted_source_identity,expired_not_compared_to_baseline,,,,,A320,08:10,,unknown; no timezone conversion,one_side_only; absence_is_not_contradiction,107983dc72d381e6897a5a333556946adcc98daef82e954d52cec1fc402c3086,p26-r1-n1449,p26-r1-n1449-arrival,raw DGCA digits retained; weekday mapping separately corroborated by AAI; no DGCA legend,unknown_not_stated_by_source,passenger_or_cargo_not_stated_by_source,not_established_by_approved_schedule
ai-s26-103f9a7795690b,AI,AIC,DEL,SXR,AI 1799,AI1799,245,Tuesday;Thursday;Friday,2026-08-04,2026-10-15,current,accepted,accepted_source_identity,confirmed_exact_designator,published,operating,,,A320,08:10,,unknown; no timezone conversion,one_side_only; absence_is_not_contradiction,107983dc72d381e6897a5a333556946adcc98daef82e954d52cec1fc402c3086,p26-r2-n1450,p26-r2-n1450-arrival,raw DGCA digits retained; weekday mapping separately corroborated by AAI; no DGCA legend,unknown_not_stated_by_source,passenger_or_cargo_not_stated_by_source,not_established_by_approved_schedule
ai-s26-e8b41dd171331e,AI,AIC,VTZ,DEL,AI 1802,AI1802,123,Monday;Tuesday;Wednesday,2026-04-06,2026-10-21,current,accepted,accepted_source_identity,confirmed_exact_designator,published,operating,,,A320,00:10,,unknown; no timezone conversion,one_side_only; absence_is_not_contradiction,107983dc72d381e6897a5a333556946adcc98daef82e954d52cec1fc402c3086,p07-r3-n0338,p07-r3-n0338-arrival,raw DGCA digits retained; weekday mapping separately corroborated by AAI; no DGCA legend,unknown_not_stated_by_source,passenger_or_cargo_not_stated_by_source,not_established_by_approved_schedule
ai-s26-58aa4b4321f1a7,AI,AIC,VTZ,DEL,AI 1802,AI1802,1234567,Monday;Tuesday;Wednesday;Thursday;Friday;Saturday;Sunday,2026-04-01,2026-10-24,current,accepted,accepted_source_identity,confirmed_exact_designator,published,operating,,,A320,,21:30,unknown; no timezone conversion,one_side_only; absence_is_not_contradiction,107983dc72d381e6897a5a333556946adcc98daef82e954d52cec1fc402c3086,p28-r6-n1537,p28-r6-n1537-departure,raw DGCA digits retained; weekday mapping separately corroborated by AAI; no DGCA legend,unknown_not_stated_by_source,passenger_or_cargo_not_stated_by_source,not_established_by_approved_schedule
ai-s26-10c387f4c18d12,AI,AIC,VTZ,DEL,AI 1802,AI1802,4567,Thursday;Friday;Saturday;Sunday,2026-03-29,2026-10-24,current,accepted,accepted_source_identity,confirmed_exact_designator,published,operating,,,A320,00:10,,unknown; no timezone conversion,one_side_only; absence_is_not_contradiction,107983dc72d381e6897a5a333556946adcc98daef82e954d52cec1fc402c3086,p07-r2-n0337,p07-r2-n0337-arrival,raw DGCA digits retained; weekday mapping separately corroborated by AAI; no DGCA legend,unknown_not_stated_by_source,passenger_or_cargo_not_stated_by_source,not_established_by_approved_schedule
ai-s26-226bd42bead97f,AI,AIC,PNQ,DEL,AI 1804,AI1804,1234567,Monday;Tuesday;Wednesday;Thursday;Friday;Saturday;Sunday,2026-03-30,2026-10-24,current,accepted,accepted_source_identity,confirmed_exact_designator,published,operating,,,A320,00:25,,unknown; no timezone conversion,one_side_only; absence_is_not_contradiction,107983dc72d381e6897a5a333556946adcc98daef82e954d52cec1fc402c3086,p07-r6-n0341,p07-r6-n0341-arrival,raw DGCA digits retained; weekday mapping separately corroborated by AAI; no DGCA legend,unknown_not_stated_by_source,passenger_or_cargo_not_stated_by_source,not_established_by_approved_schedule
ai-s26-9fc5b144bbbdd1,AI,AIC,PNQ,DEL,AI 1804,AI1804,123457,Monday;Tuesday;Wednesday;Thursday;Friday;Sunday,2026-03-29,2026-10-23,current,accepted,accepted_source_identity,confirmed_exact_designator,published,operating,,,A320,,22:00,unknown; no timezone conversion,one_side_only; absence_is_not_contradiction,107983dc72d381e6897a5a333556946adcc98daef82e954d52cec1fc402c3086,p26-r22-n1432,p26-r22-n1432-departure,raw DGCA digits retained; weekday mapping separately corroborated by AAI; no DGCA legend,unknown_not_stated_by_source,passenger_or_cargo_not_stated_by_source,not_established_by_approved_schedule
ai-s26-f4bd3f0b925f84,AI,AIC,PNQ,DEL,AI 1804,AI1804,6,Saturday,2026-04-04,2026-10-17,current,accepted,accepted_source_identity,confirmed_exact_designator,published,operating,,,A320,,22:00,unknown; no timezone conversion,one_side_only; absence_is_not_contradiction,107983dc72d381e6897a5a333556946adcc98daef82e954d52cec1fc402c3086,p26-r21-n1431,p26-r21-n1431-departure,raw DGCA digits retained; weekday mapping separately corroborated by AAI; no DGCA legend,unknown_not_stated_by_source,passenger_or_cargo_not_stated_by_source,not_established_by_approved_schedule
ai-s26-9a737268ee38d7,AI,AIC,HYD,DEL,AI 1806,AI1806,1234567,Monday;Tuesday;Wednesday;Thursday;Friday;Saturday;Sunday,2026-03-29,2026-10-24,current,accepted,accepted_source_identity,confirmed_exact_designator,published,operating,,,A320,07:55,,unknown; no timezone conversion,one_side_only; absence_is_not_contradiction,107983dc72d381e6897a5a333556946adcc98daef82e954d52cec1fc402c3086,p08-r84-n0419,p08-r84-n0419-arrival,raw DGCA digits retained; weekday mapping separately corroborated by AAI; no DGCA legend,unknown_not_stated_by_source,passenger_or_cargo_not_stated_by_source,not_established_by_approved_schedule
ai-s26-09332237ea4304,AI,AIC,HYD,DEL,AI 1806,AI1806,1234567,Monday;Tuesday;Wednesday;Thursday;Friday;Saturday;Sunday,2026-03-30,2026-10-24,current,accepted,accepted_source_identity,confirmed_exact_designator,published,operating,,,A320,,05:30,unknown; no timezone conversion,one_side_only; absence_is_not_contradiction,107983dc72d381e6897a5a333556946adcc98daef82e954d52cec1fc402c3086,p15-r8-n0798,p15-r8-n0798-departure,raw DGCA digits retained; weekday mapping separately corroborated by AAI; no DGCA legend,unknown_not_stated_by_source,passenger_or_cargo_not_stated_by_source,not_established_by_approved_schedule
ai-s26-834d4f5091ad25,AI,AIC,HYD,DEL,AI 1806,AI1806,7,Sunday,2026-03-29,2026-03-29,expired,expired,accepted_source_identity,expired_not_compared_to_baseline,,,,,A320,,05:30,unknown; no timezone conversion,one_side_only; absence_is_not_contradiction,107983dc72d381e6897a5a333556946adcc98daef82e954d52cec1fc402c3086,p15-r7-n0797,p15-r7-n0797-departure,raw DGCA digits retained; weekday mapping separately corroborated by AAI; no DGCA legend,unknown_not_stated_by_source,passenger_or_cargo_not_stated_by_source,not_established_by_approved_schedule
ai-s26-2d9934d30d1d13,AI,AIC,BDQ,DEL,AI 1808,AI1808,1234567,Monday;Tuesday;Wednesday;Thursday;Friday;Saturday;Sunday,2026-03-29,2026-10-24,current,accepted,accepted_source_identity,confirmed_exact_designator,published,operating,,,A320,09:45,08:00,unknown; no timezone conversion,both_arrival_and_departure_rows,107983dc72d381e6897a5a333556946adcc98daef82e954d52cec1fc402c3086,p09-r127-n0462;p28-r4-n1515,p09-r127-n0462-arrival;p28-r4-n1515-departure,raw DGCA digits retained; weekday mapping separately corroborated by AAI; no DGCA legend,unknown_not_stated_by_source,passenger_or_cargo_not_stated_by_source,not_established_by_approved_schedule
ai-s26-f65b7fdf01d14c,AI,AIC,CJB,DEL,AI 1809,AI1809,1234567,Monday;Tuesday;Wednesday;Thursday;Friday;Saturday;Sunday,2026-03-29,2026-10-24,current,accepted,accepted_source_identity,confirmed_exact_designator,published,operating,,,A320,,18:45,unknown; no timezone conversion,one_side_only; absence_is_not_contradiction,107983dc72d381e6897a5a333556946adcc98daef82e954d52cec1fc402c3086,p06-r8-n0313,p06-r8-n0313-departure,raw DGCA digits retained; weekday mapping separately corroborated by AAI; no DGCA legend,unknown_not_stated_by_source,passenger_or_cargo_not_stated_by_source,not_established_by_approved_schedule
ai-s26-4d0d7bdb7870c6,AI,AIC,CJB,DEL,AI 1809,AI1809,123457,Monday;Tuesday;Wednesday;Thursday;Friday;Sunday,2026-03-29,2026-10-23,current,accepted,accepted_source_identity,confirmed_exact_designator,published,operating,,,A320,22:10,,unknown; no timezone conversion,one_side_only; absence_is_not_contradiction,107983dc72d381e6897a5a333556946adcc98daef82e954d52cec1fc402c3086,p14-r389-n0724,p14-r389-n0724-arrival,raw DGCA digits retained; weekday mapping separately corroborated by AAI; no DGCA legend,unknown_not_stated_by_source,passenger_or_cargo_not_stated_by_source,not_established_by_approved_schedule
ai-s26-488b08b5824f79,AI,AIC,SXR,DEL,AI 1810,AI1810,1234567,Monday;Tuesday;Wednesday;Thursday;Friday;Saturday;Sunday,2026-03-31,2026-05-01,expired,expired,accepted_source_identity,expired_not_compared_to_baseline,,,,,A320,,08:50,unknown; no timezone conversion,one_side_only; absence_is_not_contradiction,107983dc72d381e6897a5a333556946adcc98daef82e954d52cec1fc402c3086,p27-r10-n1458,p27-r10-n1458-departure,raw DGCA digits retained; weekday mapping separately corroborated by AAI; no DGCA legend,unknown_not_stated_by_source,passenger_or_cargo_not_stated_by_source,not_established_by_approved_schedule
ai-s26-776fb87db0a27d,AI,AIC,SXR,DEL,AI 1810,AI1810,1234567,Monday;Tuesday;Wednesday;Thursday;Friday;Saturday;Sunday,2026-03-31,2026-10-23,current,accepted,accepted_source_identity,confirmed_exact_designator,published,operating,,,A320,10:35,,unknown; no timezone conversion,one_side_only; absence_is_not_contradiction,107983dc72d381e6897a5a333556946adcc98daef82e954d52cec1fc402c3086,p09-r146-n0481,p09-r146-n0481-arrival,raw DGCA digits retained; weekday mapping separately corroborated by AAI; no DGCA legend,unknown_not_stated_by_source,passenger_or_cargo_not_stated_by_source,not_established_by_approved_schedule
ai-s26-1d748350335e10,AI,AIC,SXR,DEL,AI 1810,AI1810,13,Monday;Wednesday,2026-08-03,2026-10-14,current,accepted,accepted_source_identity,confirmed_exact_designator,published,operating,,,A320,,08:50,unknown; no timezone conversion,one_side_only; absence_is_not_contradiction,107983dc72d381e6897a5a333556946adcc98daef82e954d52cec1fc402c3086,p27-r8-n1456,p27-r8-n1456-departure,raw DGCA digits retained; weekday mapping separately corroborated by AAI; no DGCA legend,unknown_not_stated_by_source,passenger_or_cargo_not_stated_by_source,not_established_by_approved_schedule
ai-s26-89d7522995a68b,AI,AIC,SXR,DEL,AI 1810,AI1810,1367,Monday;Wednesday;Saturday;Sunday,2026-05-02,2026-07-29,expired,expired,accepted_source_identity,expired_not_compared_to_baseline,,,,,A320,,08:50,unknown; no timezone conversion,one_side_only; absence_is_not_contradiction,107983dc72d381e6897a5a333556946adcc98daef82e954d52cec1fc402c3086,p27-r9-n1457,p27-r9-n1457-departure,raw DGCA digits retained; weekday mapping separately corroborated by AAI; no DGCA legend,unknown_not_stated_by_source,passenger_or_cargo_not_stated_by_source,not_established_by_approved_schedule
ai-s26-cd7df6b950bfdc,AI,AIC,SXR,DEL,AI 1810,AI1810,245,Tuesday;Thursday;Friday,2026-05-05,2026-07-31,expired,expired,accepted_source_identity,expired_not_compared_to_baseline,,,,,A320,,08:50,unknown; no timezone conversion,one_side_only; absence_is_not_contradiction,107983dc72d381e6897a5a333556946adcc98daef82e954d52cec1fc402c3086,p26-r6-n1454,p26-r6-n1454-departure,raw DGCA digits retained; weekday mapping separately corroborated by AAI; no DGCA legend,unknown_not_stated_by_source,passenger_or_cargo_not_stated_by_source,not_established_by_approved_schedule
ai-s26-16a957af1d1c86,AI,AIC,SXR,DEL,AI 1810,AI1810,245,Tuesday;Thursday;Friday,2026-08-04,2026-10-15,current,accepted,accepted_source_identity,confirmed_exact_designator,published,operating,,,A320,,08:50,unknown; no timezone conversion,one_side_only; absence_is_not_contradiction,107983dc72d381e6897a5a333556946adcc98daef82e954d52cec1fc402c3086,p27-r7-n1455,p27-r7-n1455-departure,raw DGCA digits retained; weekday mapping separately corroborated by AAI; no DGCA legend,unknown_not_stated_by_source,passenger_or_cargo_not_stated_by_source,not_established_by_approved_schedule
ai-s26-4f55bd7e8b4c9a,AI,AIC,RPR,DEL,AI 1811,AI1811,1234567,Monday;Tuesday;Wednesday;Thursday;Friday;Saturday;Sunday,2026-03-29,2026-10-24,current,accepted,accepted_source_identity,confirmed_exact_designator,published,operating,,,A320,22:55,20:45,unknown; no timezone conversion,both_arrival_and_departure_rows,107983dc72d381e6897a5a333556946adcc98daef82e954d52cec1fc402c3086,p14-r406-n0741;p26-r6-n1440,p14-r406-n0741-arrival;p26-r6-n1440-departure,raw DGCA digits retained; weekday mapping separately corroborated by AAI; no DGCA legend,unknown_not_stated_by_source,passenger_or_cargo_not_stated_by_source,not_established_by_approved_schedule
ai-s26-8c501c4a3c6f55,AI,AIC,RPR,DEL,AI 1812,AI1812,1234567,Monday;Tuesday;Wednesday;Thursday;Friday;Saturday;Sunday,2026-03-29,2026-10-24,current,accepted,accepted_source_identity,confirmed_exact_designator,published,operating,,,A320,11:10,08:55,unknown; no timezone conversion,both_arrival_and_departure_rows,107983dc72d381e6897a5a333556946adcc98daef82e954d52cec1fc402c3086,p10-r159-n0494;p26-r2-n1436,p10-r159-n0494-arrival;p26-r2-n1436-departure,raw DGCA digits retained; weekday mapping separately corroborated by AAI; no DGCA legend,unknown_not_stated_by_source,passenger_or_cargo_not_stated_by_source,not_established_by_approved_schedule
ai-s26-368f373f8d2311,AI,AIC,BBI,DEL,AI 1814,AI1814,1234567,Monday;Tuesday;Wednesday;Thursday;Friday;Saturday;Sunday,2026-03-29,2026-10-24,current,accepted,accepted_source_identity,confirmed_exact_designator,published,operating,,,A320,12:05,09:40,unknown; no timezone conversion,both_arrival_and_departure_rows,107983dc72d381e6897a5a333556946adcc98daef82e954d52cec1fc402c3086,p05-r2-n0225;p10-r182-n0517,p05-r2-n0225-departure;p10-r182-n0517-arrival,raw DGCA digits retained; weekday mapping separately corroborated by AAI; no DGCA legend,unknown_not_stated_by_source,passenger_or_cargo_not_stated_by_source,not_established_by_approved_schedule
ai-s26-e0d328fb2a0568,AI,AIC,COK,DEL,AI 1816,AI1816,1234567,Monday;Tuesday;Wednesday;Thursday;Friday;Saturday;Sunday,2026-03-29,2026-10-24,current,accepted,accepted_source_identity,confirmed_exact_designator,published,operating,,,A320,14:40,11:15,unknown; no timezone conversion,both_arrival_and_departure_rows,107983dc72d381e6897a5a333556946adcc98daef82e954d52cec1fc402c3086,p11-r232-n0567;p18-r8-n0966,p11-r232-n0567-arrival;p18-r8-n0966-departure,raw DGCA digits retained; weekday mapping separately corroborated by AAI; no DGCA legend,unknown_not_stated_by_source,passenger_or_cargo_not_stated_by_source,not_established_by_approved_schedule
ai-s26-aa1092e487e607,AI,AIC,SXR,DEL,AI 1818,AI1818,12345,Monday;Tuesday;Wednesday;Thursday;Friday,2026-08-03,2026-10-15,current,accepted,accepted_source_identity,confirmed_exact_designator,published,operating,,,A320,,13:40,unknown; no timezone conversion,one_side_only; absence_is_not_contradiction,107983dc72d381e6897a5a333556946adcc98daef82e954d52cec1fc402c3086,p27-r27-n1475,p27-r27-n1475-departure,raw DGCA digits retained; weekday mapping separately corroborated by AAI; no DGCA legend,unknown_not_stated_by_source,passenger_or_cargo_not_stated_by_source,not_established_by_approved_schedule
ai-s26-5908fcf591afa3,AI,AIC,SXR,DEL,AI 1818,AI1818,1234567,Monday;Tuesday;Wednesday;Thursday;Friday;Saturday;Sunday,2026-03-29,2026-07-31,expired,expired,accepted_source_identity,expired_not_compared_to_baseline,,,,,A320,,13:40,unknown; no timezone conversion,one_side_only; absence_is_not_contradiction,107983dc72d381e6897a5a333556946adcc98daef82e954d52cec1fc402c3086,p27-r28-n1476,p27-r28-n1476-departure,raw DGCA digits retained; weekday mapping separately corroborated by AAI; no DGCA legend,unknown_not_stated_by_source,passenger_or_cargo_not_stated_by_source,not_established_by_approved_schedule
ai-s26-8e65368ae735e2,AI,AIC,SXR,DEL,AI 1818,AI1818,1234567,Monday;Tuesday;Wednesday;Thursday;Friday;Saturday;Sunday,2026-03-29,2026-10-24,current,accepted,accepted_source_identity,confirmed_exact_designator,published,operating,,,A320,15:25,,unknown; no timezone conversion,one_side_only; absence_is_not_contradiction,107983dc72d381e6897a5a333556946adcc98daef82e954d52cec1fc402c3086,p11-r245-n0580,p11-r245-n0580-arrival,raw DGCA digits retained; weekday mapping separately corroborated by AAI; no DGCA legend,unknown_not_stated_by_source,passenger_or_cargo_not_stated_by_source,not_established_by_approved_schedule
ai-s26-cf868629331203,AI,AIC,PAT,DEL,AI 1819,AI1819,1234567,Monday;Tuesday;Wednesday;Thursday;Friday;Saturday;Sunday,2026-03-29,2026-10-24,current,accepted,accepted_source_identity,confirmed_exact_designator,published,operating,,,A320,20:55,19:10,unknown; no timezone conversion,both_arrival_and_departure_rows,107983dc72d381e6897a5a333556946adcc98daef82e954d52cec1fc402c3086,p13-r366-n0701;p26-r12-n1402,p13-r366-n0701-arrival;p26-r12-n1402-departure,raw DGCA digits retained; weekday mapping separately corroborated by AAI; no DGCA legend,unknown_not_stated_by_source,passenger_or_cargo_not_stated_by_source,not_established_by_approved_schedule
ai-s26-348ed9d60aceba,AI,AIC,UDR,DEL,AI 1820,AI1820,1234567,Monday;Tuesday;Wednesday;Thursday;Friday;Saturday;Sunday,2026-03-29,2026-10-24,current,accepted,accepted_source_identity,confirmed_exact_designator,published,operating,,,A320,15:15,13:50,unknown; no timezone conversion,both_arrival_and_departure_rows,107983dc72d381e6897a5a333556946adcc98daef82e954d52cec1fc402c3086,p11-r242-n0577;p27-r4-n1505,p11-r242-n0577-arrival;p27-r4-n1505-departure,raw DGCA digits retained; weekday mapping separately corroborated by AAI; no DGCA legend,unknown_not_stated_by_source,passenger_or_cargo_not_stated_by_source,not_established_by_approved_schedule
ai-s26-6f50fd05c43612,AI,AIC,LKO,DEL,AI 1821,AI1821,1234567,Monday;Tuesday;Wednesday;Thursday;Friday;Saturday;Sunday,2026-03-29,2026-10-24,current,accepted,accepted_source_identity,confirmed_exact_designator,published,operating,,,A320,23:55,22:25,unknown; no timezone conversion,both_arrival_and_departure_rows,107983dc72d381e6897a5a333556946adcc98daef82e954d52cec1fc402c3086,p14-r424-n0759;p20-r10-n1060,p14-r424-n0759-arrival;p20-r10-n1060-departure,raw DGCA digits retained; weekday mapping separately corroborated by AAI; no DGCA legend,unknown_not_stated_by_source,passenger_or_cargo_not_stated_by_source,not_established_by_approved_schedule
ai-s26-3f780b34031f4e,AI,AIC,LKO,DEL,AI 1824,AI1824,1234567,Monday;Tuesday;Wednesday;Thursday;Friday;Saturday;Sunday,2026-03-29,2026-10-24,current,accepted,accepted_source_identity,confirmed_exact_designator,published,operating,,,A320,16:55,15:30,unknown; no timezone conversion,both_arrival_and_departure_rows,107983dc72d381e6897a5a333556946adcc98daef82e954d52cec1fc402c3086,p12-r283-n0618;p19-r6-n1056,p12-r283-n0618-arrival;p19-r6-n1056-departure,raw DGCA digits retained; weekday mapping separately corroborated by AAI; no DGCA legend,unknown_not_stated_by_source,passenger_or_cargo_not_stated_by_source,not_established_by_approved_schedule
ai-s26-27180c2efd2065,AI,AIC,ATQ,DEL,AI 1826,AI1826,1234567,Monday;Tuesday;Wednesday;Thursday;Friday;Saturday;Sunday,2026-03-29,2026-10-24,current,accepted,accepted_source_identity,confirmed_exact_designator,published,operating,,,A320,13:35,12:20,unknown; no timezone conversion,both_arrival_and_departure_rows,107983dc72d381e6897a5a333556946adcc98daef82e954d52cec1fc402c3086,p02-r12-n0090;p10-r207-n0542,p02-r12-n0090-departure;p10-r207-n0542-arrival,raw DGCA digits retained; weekday mapping separately corroborated by AAI; no DGCA legend,unknown_not_stated_by_source,passenger_or_cargo_not_stated_by_source,not_established_by_approved_schedule
ai-s26-92444d42288295,AI,AIC,COK,DEL,AI 1828,AI1828,1234567,Monday;Tuesday;Wednesday;Thursday;Friday;Saturday;Sunday,2026-03-29,2026-10-24,current,accepted,accepted_source_identity,confirmed_exact_designator,published,operating,,,A320,00:30,21:05,unknown; no timezone conversion,both_arrival_and_departure_rows,107983dc72d381e6897a5a333556946adcc98daef82e954d52cec1fc402c3086,p07-r9-n0344;p18-r25-n0983,p07-r9-n0344-arrival;p18-r25-n0983-departure,raw DGCA digits retained; weekday mapping separately corroborated by AAI; no DGCA legend,unknown_not_stated_by_source,passenger_or_cargo_not_stated_by_source,not_established_by_approved_schedule
ai-s26-4014a5db2e57e8,AI,AIC,TRV,DEL,AI 1830,AI1830,1234567,Monday;Tuesday;Wednesday;Thursday;Friday;Saturday;Sunday,2026-03-29,2026-10-24,current,accepted,accepted_source_identity,confirmed_exact_designator,published,operating,,,A321,23:10,,unknown; no timezone conversion,one_side_only; absence_is_not_contradiction,107983dc72d381e6897a5a333556946adcc98daef82e954d52cec1fc402c3086,p14-r412-n0747,p14-r412-n0747-arrival,raw DGCA digits retained; weekday mapping separately corroborated by AAI; no DGCA legend,unknown_not_stated_by_source,passenger_or_cargo_not_stated_by_source,not_established_by_approved_schedule
ai-s26-0eea8223bddcfe,AI,AIC,TRV,DEL,AI 1830,AI1830,123567,Monday;Tuesday;Wednesday;Friday;Saturday;Sunday,2026-03-29,2026-10-24,current,accepted,accepted_source_identity,confirmed_exact_designator,published,operating,,,A321,,19:35,unknown; no timezone conversion,one_side_only; absence_is_not_contradiction,107983dc72d381e6897a5a333556946adcc98daef82e954d52cec1fc402c3086,p27-r11-n1491,p27-r11-n1491-departure,raw DGCA digits retained; weekday mapping separately corroborated by AAI; no DGCA legend,unknown_not_stated_by_source,passenger_or_cargo_not_stated_by_source,not_established_by_approved_schedule
ai-s26-1582785cbf1ea4,AI,AIC,TRV,DEL,AI 1830,AI1830,4,Thursday,2026-04-09,2026-10-22,current,accepted,accepted_source_identity,confirmed_exact_designator,published,operating,,,A321,,19:35,unknown; no timezone conversion,one_side_only; absence_is_not_contradiction,107983dc72d381e6897a5a333556946adcc98daef82e954d52cec1fc402c3086,p27-r10-n1490,p27-r10-n1490-departure,raw DGCA digits retained; weekday mapping separately corroborated by AAI; no DGCA legend,unknown_not_stated_by_source,passenger_or_cargo_not_stated_by_source,not_established_by_approved_schedule
ai-s26-0b9c24ded57fc0,AI,AIC,CCU,DEL,AI 1832,AI1832,1234567,Monday;Tuesday;Wednesday;Thursday;Friday;Saturday;Sunday,2026-03-29,2026-10-24,current,accepted,accepted_source_identity,confirmed_exact_designator,published,operating,,,A320,03:05,,unknown; no timezone conversion,one_side_only; absence_is_not_contradiction,107983dc72d381e6897a5a333556946adcc98daef82e954d52cec1fc402c3086,p07-r30-n0365,p07-r30-n0365-arrival,raw DGCA digits retained; weekday mapping separately corroborated by AAI; no DGCA legend,unknown_not_stated_by_source,passenger_or_cargo_not_stated_by_source,not_established_by_approved_schedule
ai-s26-11f504cf526d0b,AI,AIC,CCU,DEL,AI 1832,AI1832,1234567,Monday;Tuesday;Wednesday;Thursday;Friday;Saturday;Sunday,2026-03-30,2026-10-24,current,accepted,accepted_source_identity,confirmed_exact_designator,published,operating,,,A320,,00:30,unknown; no timezone conversion,one_side_only; absence_is_not_contradiction,107983dc72d381e6897a5a333556946adcc98daef82e954d52cec1fc402c3086,p18-r3-n0990,p18-r3-n0990-departure,raw DGCA digits retained; weekday mapping separately corroborated by AAI; no DGCA legend,unknown_not_stated_by_source,passenger_or_cargo_not_stated_by_source,not_established_by_approved_schedule
ai-s26-781fc9ab9f966e,AI,AIC,CCU,DEL,AI 1832,AI1832,7,Sunday,2026-03-29,2026-03-29,expired,expired,accepted_source_identity,expired_not_compared_to_baseline,,,,,A320,,00:30,unknown; no timezone conversion,one_side_only; absence_is_not_contradiction,107983dc72d381e6897a5a333556946adcc98daef82e954d52cec1fc402c3086,p18-r2-n0989,p18-r2-n0989-departure,raw DGCA digits retained; weekday mapping separately corroborated by AAI; no DGCA legend,unknown_not_stated_by_source,passenger_or_cargo_not_stated_by_source,not_established_by_approved_schedule
ai-s26-ccfa23151b1345,AI,AIC,JAI,DEL,AI 1834,AI1834,1234567,Monday;Tuesday;Wednesday;Thursday;Friday;Saturday;Sunday,2026-03-29,2026-10-24,current,accepted,accepted_source_identity,confirmed_exact_designator,published,operating,,,A319,09:35,08:50,unknown; no timezone conversion,both_arrival_and_departure_rows,107983dc72d381e6897a5a333556946adcc98daef82e954d52cec1fc402c3086,p09-r120-n0455;p16-r4-n0866,p09-r120-n0455-arrival;p16-r4-n0866-departure,raw DGCA digits retained; weekday mapping separately corroborated by AAI; no DGCA legend,unknown_not_stated_by_source,passenger_or_cargo_not_stated_by_source,not_established_by_approved_schedule
ai-s26-0aea1daf9ef6e4,AI,AIC,IXU,DEL,AI 1836,AI1836,1234567,Monday;Tuesday;Wednesday;Thursday;Friday;Saturday;Sunday,2026-03-29,2026-10-24,current,accepted,accepted_source_identity,confirmed_exact_designator,published,operating,,,A320,10:40,08:40,unknown; no timezone conversion,both_arrival_and_departure_rows,107983dc72d381e6897a5a333556946adcc98daef82e954d52cec1fc402c3086,p03-r2-n0101;p09-r149-n0484,p03-r2-n0101-departure;p09-r149-n0484-arrival,raw DGCA digits retained; weekday mapping separately corroborated by AAI; no DGCA legend,unknown_not_stated_by_source,passenger_or_cargo_not_stated_by_source,not_established_by_approved_schedule
ai-s26-2b073d4b095fe4,AI,AIC,CJB,DEL,AI 1837,AI1837,1234567,Monday;Tuesday;Wednesday;Thursday;Friday;Saturday;Sunday,2026-03-29,2026-10-24,current,accepted,accepted_source_identity,confirmed_exact_designator,published,operating,,,A320,18:30,15:20,unknown; no timezone conversion,both_arrival_and_departure_rows,107983dc72d381e6897a5a333556946adcc98daef82e954d52cec1fc402c3086,p06-r6-n0311;p12-r321-n0656,p06-r6-n0311-departure;p12-r321-n0656-arrival,raw DGCA digits retained; weekday mapping separately corroborated by AAI; no DGCA legend,unknown_not_stated_by_source,passenger_or_cargo_not_stated_by_source,not_established_by_approved_schedule
ai-s26-4f23e27001ec40,AI,AIC,PNQ,DEL,AI 1838,AI1838,1234567,Monday;Tuesday;Wednesday;Thursday;Friday;Saturday;Sunday,2026-03-29,2026-10-24,current,accepted,accepted_source_identity,confirmed_exact_designator,published,operating,,,A320,11:10,08:45,unknown; no timezone conversion,both_arrival_and_departure_rows,107983dc72d381e6897a5a333556946adcc98daef82e954d52cec1fc402c3086,p10-r160-n0495;p26-r10-n1420,p10-r160-n0495-arrival;p26-r10-n1420-departure,raw DGCA digits retained; weekday mapping separately corroborated by AAI; no DGCA legend,unknown_not_stated_by_source,passenger_or_cargo_not_stated_by_source,not_established_by_approved_schedule
ai-s26-ed50264bf7d0ba,AI,AIC,PNQ,DEL,AI 1839,AI1839,123457,Monday;Tuesday;Wednesday;Thursday;Friday;Sunday,2026-03-29,2026-10-23,current,accepted,accepted_source_identity,confirmed_exact_designator,published,operating,,,A320,18:15,15:50,unknown; no timezone conversion,both_arrival_and_departure_rows,107983dc72d381e6897a5a333556946adcc98daef82e954d52cec1fc402c3086,p12-r317-n0652;p26-r12-n1422,p12-r317-n0652-arrival;p26-r12-n1422-departure,raw DGCA digits retained; weekday mapping separately corroborated by AAI; no DGCA legend,unknown_not_stated_by_source,passenger_or_cargo_not_stated_by_source,not_established_by_approved_schedule
ai-s26-35011797bc839b,AI,AIC,TRV,DEL,AI 1840,AI1840,4,Thursday,2026-04-02,2026-04-02,expired,expired,accepted_source_identity,expired_not_compared_to_baseline,,,,,A321,,21:45,unknown; no timezone conversion,one_side_only; absence_is_not_contradiction,107983dc72d381e6897a5a333556946adcc98daef82e954d52cec1fc402c3086,p27-r19-n1499,p27-r19-n1499-departure,raw DGCA digits retained; weekday mapping separately corroborated by AAI; no DGCA legend,unknown_not_stated_by_source,passenger_or_cargo_not_stated_by_source,not_established_by_approved_schedule
ai-s26-9947f4f0389e3c,AI,AIC,IXU,DEL,AI 1843,AI1843,1234567,Monday;Tuesday;Wednesday;Thursday;Friday;Saturday;Sunday,2026-03-29,2026-10-24,current,accepted,accepted_source_identity,confirmed_exact_designator,published,operating,,,A320,18:30,16:30,unknown; no timezone conversion,both_arrival_and_departure_rows,107983dc72d381e6897a5a333556946adcc98daef82e954d52cec1fc402c3086,p03-r4-n0103;p12-r322-n0657,p03-r4-n0103-departure;p12-r322-n0657-arrival,raw DGCA digits retained; weekday mapping separately corroborated by AAI; no DGCA legend,unknown_not_stated_by_source,passenger_or_cargo_not_stated_by_source,not_established_by_approved_schedule
ai-s26-7d39c9a598cbaf,AI,AIC,JAI,DEL,AI 1844,AI1844,1234567,Monday;Tuesday;Wednesday;Thursday;Friday;Saturday;Sunday,2026-03-29,2026-10-24,current,accepted,accepted_source_identity,confirmed_exact_designator,published,operating,,,A320,14:30,13:40,unknown; no timezone conversion,both_arrival_and_departure_rows,107983dc72d381e6897a5a333556946adcc98daef82e954d52cec1fc402c3086,p11-r227-n0562;p16-r8-n0870,p11-r227-n0562-arrival;p16-r8-n0870-departure,raw DGCA digits retained; weekday mapping separately corroborated by AAI; no DGCA legend,unknown_not_stated_by_source,passenger_or_cargo_not_stated_by_source,not_established_by_approved_schedule
ai-s26-11a064bd1b6fd5,AI,AIC,JDH,DEL,AI 1846,AI1846,1234567,Monday;Tuesday;Wednesday;Thursday;Friday;Saturday;Sunday,2026-04-28,2026-10-24,current,accepted,accepted_source_identity,confirmed_exact_designator,published,operating,,,A320,17:15,,unknown; no timezone conversion,one_side_only; absence_is_not_contradiction,107983dc72d381e6897a5a333556946adcc98daef82e954d52cec1fc402c3086,p12-r294-n0629,p12-r294-n0629-arrival,raw DGCA digits retained; weekday mapping separately corroborated by AAI; no DGCA legend,unknown_not_stated_by_source,passenger_or_cargo_not_stated_by_source,not_established_by_approved_schedule
ai-s26-27b35e65a3da67,AI,AIC,JDH,DEL,AI 1846,AI1846,123457,Monday;Tuesday;Wednesday;Thursday;Friday;Sunday,2026-04-28,2026-10-23,current,accepted,accepted_source_identity,confirmed_exact_designator,published,operating,,,A320,,15:50,unknown; no timezone conversion,one_side_only; absence_is_not_contradiction,107983dc72d381e6897a5a333556946adcc98daef82e954d52cec1fc402c3086,p18-r74-n0958,p18-r74-n0958-departure,raw DGCA digits retained; weekday mapping separately corroborated by AAI; no DGCA legend,unknown_not_stated_by_source,passenger_or_cargo_not_stated_by_source,not_established_by_approved_schedule
ai-s26-2ce98d1dd46adf,AI,AIC,JDH,DEL,AI 1846,AI1846,6,Saturday,2026-05-02,2026-05-02,expired,expired,accepted_source_identity,expired_not_compared_to_baseline,,,,,A320,,15:50,unknown; no timezone conversion,one_side_only; absence_is_not_contradiction,107983dc72d381e6897a5a333556946adcc98daef82e954d52cec1fc402c3086,p18-r62-n0946,p18-r62-n0946-departure,raw DGCA digits retained; weekday mapping separately corroborated by AAI; no DGCA legend,unknown_not_stated_by_source,passenger_or_cargo_not_stated_by_source,not_established_by_approved_schedule
ai-s26-ce566006b9eba1,AI,AIC,JDH,DEL,AI 1846,AI1846,6,Saturday,2026-05-16,2026-05-16,expired,expired,accepted_source_identity,expired_not_compared_to_baseline,,,,,A320,,15:50,unknown; no timezone conversion,one_side_only; absence_is_not_contradiction,107983dc72d381e6897a5a333556946adcc98daef82e954d52cec1fc402c3086,p18-r63-n0947,p18-r63-n0947-departure,raw DGCA digits retained; weekday mapping separately corroborated by AAI; no DGCA legend,unknown_not_stated_by_source,passenger_or_cargo_not_stated_by_source,not_established_by_approved_schedule
ai-s26-f19d7a66860dc8,AI,AIC,JDH,DEL,AI 1846,AI1846,6,Saturday,2026-05-30,2026-06-06,expired,expired,accepted_source_identity,expired_not_compared_to_baseline,,,,,A320,,15:50,unknown; no timezone conversion,one_side_only; absence_is_not_contradiction,107983dc72d381e6897a5a333556946adcc98daef82e954d52cec1fc402c3086,p18-r64-n0948,p18-r64-n0948-departure,raw DGCA digits retained; weekday mapping separately corroborated by AAI; no DGCA legend,unknown_not_stated_by_source,passenger_or_cargo_not_stated_by_source,not_established_by_approved_schedule
ai-s26-ef0d95b58c6c61,AI,AIC,JDH,DEL,AI 1846,AI1846,6,Saturday,2026-06-20,2026-06-20,expired,expired,accepted_source_identity,expired_not_compared_to_baseline,,,,,A320,,15:50,unknown; no timezone conversion,one_side_only; absence_is_not_contradiction,107983dc72d381e6897a5a333556946adcc98daef82e954d52cec1fc402c3086,p18-r65-n0949,p18-r65-n0949-departure,raw DGCA digits retained; weekday mapping separately corroborated by AAI; no DGCA legend,unknown_not_stated_by_source,passenger_or_cargo_not_stated_by_source,not_established_by_approved_schedule
ai-s26-1ad4cd1f2845c3,AI,AIC,JDH,DEL,AI 1846,AI1846,6,Saturday,2026-07-04,2026-07-04,expired,expired,accepted_source_identity,expired_not_compared_to_baseline,,,,,A320,,15:50,unknown; no timezone conversion,one_side_only; absence_is_not_contradiction,107983dc72d381e6897a5a333556946adcc98daef82e954d52cec1fc402c3086,p18-r66-n0950,p18-r66-n0950-departure,raw DGCA digits retained; weekday mapping separately corroborated by AAI; no DGCA legend,unknown_not_stated_by_source,passenger_or_cargo_not_stated_by_source,not_established_by_approved_schedule
ai-s26-0beb6b216d2338,AI,AIC,JDH,DEL,AI 1846,AI1846,6,Saturday,2026-07-18,2026-07-18,expired,expired,accepted_source_identity,expired_not_compared_to_baseline,,,,,A320,,15:50,unknown; no timezone conversion,one_side_only; absence_is_not_contradiction,107983dc72d381e6897a5a333556946adcc98daef82e954d52cec1fc402c3086,p18-r67-n0951,p18-r67-n0951-departure,raw DGCA digits retained; weekday mapping separately corroborated by AAI; no DGCA legend,unknown_not_stated_by_source,passenger_or_cargo_not_stated_by_source,not_established_by_approved_schedule
ai-s26-bd6a6dffb606e1,AI,AIC,JDH,DEL,AI 1846,AI1846,6,Saturday,2026-08-01,2026-08-01,expired,expired,accepted_source_identity,expired_not_compared_to_baseline,,,,,A320,,15:50,unknown; no timezone conversion,one_side_only; absence_is_not_contradiction,107983dc72d381e6897a5a333556946adcc98daef82e954d52cec1fc402c3086,p18-r68-n0952,p18-r68-n0952-departure,raw DGCA digits retained; weekday mapping separately corroborated by AAI; no DGCA legend,unknown_not_stated_by_source,passenger_or_cargo_not_stated_by_source,not_established_by_approved_schedule
ai-s26-e5969af98a50ac,AI,AIC,JDH,DEL,AI 1846,AI1846,6,Saturday,2026-08-15,2026-08-15,expired,expired,accepted_source_identity,expired_not_compared_to_baseline,,,,,A320,,15:50,unknown; no timezone conversion,one_side_only; absence_is_not_contradiction,107983dc72d381e6897a5a333556946adcc98daef82e954d52cec1fc402c3086,p18-r69-n0953,p18-r69-n0953-departure,raw DGCA digits retained; weekday mapping separately corroborated by AAI; no DGCA legend,unknown_not_stated_by_source,passenger_or_cargo_not_stated_by_source,not_established_by_approved_schedule
ai-s26-80d08e28d04755,AI,AIC,JDH,DEL,AI 1846,AI1846,6,Saturday,2026-08-29,2026-09-05,expired,expired,accepted_source_identity,expired_not_compared_to_baseline,,,,,A320,,15:50,unknown; no timezone conversion,one_side_only; absence_is_not_contradiction,107983dc72d381e6897a5a333556946adcc98daef82e954d52cec1fc402c3086,p18-r70-n0954,p18-r70-n0954-departure,raw DGCA digits retained; weekday mapping separately corroborated by AAI; no DGCA legend,unknown_not_stated_by_source,passenger_or_cargo_not_stated_by_source,not_established_by_approved_schedule
ai-s26-bb90e12a13ba77,AI,AIC,JDH,DEL,AI 1846,AI1846,6,Saturday,2026-09-19,2026-09-19,expired,expired,accepted_source_identity,expired_not_compared_to_baseline,,,,,A320,,15:50,unknown; no timezone conversion,one_side_only; absence_is_not_contradiction,107983dc72d381e6897a5a333556946adcc98daef82e954d52cec1fc402c3086,p18-r71-n0955,p18-r71-n0955-departure,raw DGCA digits retained; weekday mapping separately corroborated by AAI; no DGCA legend,unknown_not_stated_by_source,passenger_or_cargo_not_stated_by_source,not_established_by_approved_schedule
ai-s26-1348e8ecacb4e5,AI,AIC,JDH,DEL,AI 1846,AI1846,6,Saturday,2026-10-03,2026-10-03,expired,expired,accepted_source_identity,expired_not_compared_to_baseline,,,,,A320,,15:50,unknown; no timezone conversion,one_side_only; absence_is_not_contradiction,107983dc72d381e6897a5a333556946adcc98daef82e954d52cec1fc402c3086,p18-r72-n0956,p18-r72-n0956-departure,raw DGCA digits retained; weekday mapping separately corroborated by AAI; no DGCA legend,unknown_not_stated_by_source,passenger_or_cargo_not_stated_by_source,not_established_by_approved_schedule
ai-s26-c05fdc5e4a2cd6,AI,AIC,JDH,DEL,AI 1846,AI1846,6,Saturday,2026-10-17,2026-10-17,future,accepted,accepted_source_identity,confirmed_exact_designator,published,operating,,,A320,,15:50,unknown; no timezone conversion,one_side_only; absence_is_not_contradiction,107983dc72d381e6897a5a333556946adcc98daef82e954d52cec1fc402c3086,p18-r73-n0957,p18-r73-n0957-departure,raw DGCA digits retained; weekday mapping separately corroborated by AAI; no DGCA legend,unknown_not_stated_by_source,passenger_or_cargo_not_stated_by_source,not_established_by_approved_schedule
ai-s26-8418be748950b4,AI,AIC,BBI,DEL,AI 1847,AI1847,1234567,Monday;Tuesday;Wednesday;Thursday;Friday;Saturday;Sunday,2026-03-29,2026-10-24,current,accepted,accepted_source_identity,confirmed_exact_designator,published,operating,,,A320,23:50,21:20,unknown; no timezone conversion,both_arrival_and_departure_rows,107983dc72d381e6897a5a333556946adcc98daef82e954d52cec1fc402c3086,p05-r6-n0229;p14-r422-n0757,p05-r6-n0229-departure;p14-r422-n0757-arrival,raw DGCA digits retained; weekday mapping separately corroborated by AAI; no DGCA legend,unknown_not_stated_by_source,passenger_or_cargo_not_stated_by_source,not_established_by_approved_schedule
ai-s26-81ac9dd17a7f5b,AI,AIC,SXR,DEL,AI 1848,AI1848,12345,Monday;Tuesday;Wednesday;Thursday;Friday,2026-08-03,2026-10-15,current,accepted,accepted_source_identity,confirmed_exact_designator,published,operating,,,A320,,09:55,unknown; no timezone conversion,one_side_only; absence_is_not_contradiction,107983dc72d381e6897a5a333556946adcc98daef82e954d52cec1fc402c3086,p27-r15-n1463,p27-r15-n1463-departure,raw DGCA digits retained; weekday mapping separately corroborated by AAI; no DGCA legend,unknown_not_stated_by_source,passenger_or_cargo_not_stated_by_source,not_established_by_approved_schedule
ai-s26-1478cf00d2cd5f,AI,AIC,SXR,DEL,AI 1848,AI1848,1234567,Monday;Tuesday;Wednesday;Thursday;Friday;Saturday;Sunday,2026-03-29,2026-07-31,expired,expired,accepted_source_identity,expired_not_compared_to_baseline,,,,,A320,,09:55,unknown; no timezone conversion,one_side_only; absence_is_not_contradiction,107983dc72d381e6897a5a333556946adcc98daef82e954d52cec1fc402c3086,p27-r16-n1464,p27-r16-n1464-departure,raw DGCA digits retained; weekday mapping separately corroborated by AAI; no DGCA legend,unknown_not_stated_by_source,passenger_or_cargo_not_stated_by_source,not_established_by_approved_schedule
ai-s26-0e52b2fdee679c,AI,AIC,SXR,DEL,AI 1848,AI1848,1234567,Monday;Tuesday;Wednesday;Thursday;Friday;Saturday;Sunday,2026-03-29,2026-10-24,current,accepted,accepted_source_identity,confirmed_exact_designator,published,operating,,,A320,08:40,,unknown; no timezone conversion,one_side_only; absence_is_not_contradiction,107983dc72d381e6897a5a333556946adcc98daef82e954d52cec1fc402c3086,p09-r105-n0440,p09-r105-n0440-arrival,raw DGCA digits retained; weekday mapping separately corroborated by AAI; no DGCA legend,unknown_not_stated_by_source,passenger_or_cargo_not_stated_by_source,not_established_by_approved_schedule
ai-s26-21a898afb1e91e,AI,AIC,VNS,DEL,AI 1850,AI1850,1234567,Monday;Tuesday;Wednesday;Thursday;Friday;Saturday;Sunday,2026-03-29,2026-10-24,current,accepted,accepted_source_identity,confirmed_exact_designator,published,operating,,,A320,11:30,09:45,unknown; no timezone conversion,both_arrival_and_departure_rows,107983dc72d381e6897a5a333556946adcc98daef82e954d52cec1fc402c3086,p10-r167-n0502;p28-r2-n1521,p10-r167-n0502-arrival;p28-r2-n1521-departure,raw DGCA digits retained; weekday mapping separately corroborated by AAI; no DGCA legend,unknown_not_stated_by_source,passenger_or_cargo_not_stated_by_source,not_established_by_approved_schedule
ai-s26-7614ed9d7aea35,AI,AIC,BOM,DEL,AI 1851,AI1851,1234567,Monday;Tuesday;Wednesday;Thursday;Friday;Saturday;Sunday,2026-03-29,2026-10-24,current,accepted,accepted_source_identity,confirmed_exact_designator,published,operating,,,A320,18:00,,unknown; no timezone conversion,one_side_only; absence_is_not_contradiction,107983dc72d381e6897a5a333556946adcc98daef82e954d52cec1fc402c3086,p12-r308-n0643,p12-r308-n0643-arrival,raw DGCA digits retained; weekday mapping separately corroborated by AAI; no DGCA legend,unknown_not_stated_by_source,passenger_or_cargo_not_stated_by_source,not_established_by_approved_schedule
ai-s26-faae58e5ddafaf,AI,AIC,BOM,DEL,AI 1851,AI1851,234567,Tuesday;Wednesday;Thursday;Friday;Saturday;Sunday,2026-03-29,2026-10-24,current,accepted,accepted_source_identity,confirmed_exact_designator,published,operating,,,A320,,15:30,unknown; no timezone conversion,one_side_only; absence_is_not_contradiction,107983dc72d381e6897a5a333556946adcc98daef82e954d52cec1fc402c3086,p23-r184-n1246,p23-r184-n1246-departure,raw DGCA digits retained; weekday mapping separately corroborated by AAI; no DGCA legend,unknown_not_stated_by_source,passenger_or_cargo_not_stated_by_source,not_established_by_approved_schedule
ai-s26-26f27a83112fc5,AI,AIC,PNQ,DEL,AI 1853,AI1853,1234567,Monday;Tuesday;Wednesday;Thursday;Friday;Saturday;Sunday,2026-03-29,2026-10-24,current,accepted,accepted_source_identity,confirmed_exact_designator,published,operating,,,A319,22:55,20:30,unknown; no timezone conversion,both_arrival_and_departure_rows,107983dc72d381e6897a5a333556946adcc98daef82e954d52cec1fc402c3086,p14-r407-n0742;p26-r18-n1428,p14-r407-n0742-arrival;p26-r18-n1428-departure,raw DGCA digits retained; weekday mapping separately corroborated by AAI; no DGCA legend,unknown_not_stated_by_source,passenger_or_cargo_not_stated_by_source,not_established_by_approved_schedule
ai-s26-a448c51aff7a69,AI,AIC,GOX,DEL,AI 1854,AI1854,1234567,Monday;Tuesday;Wednesday;Thursday;Friday;Saturday;Sunday,2026-03-29,2026-10-24,current,accepted,accepted_source_identity,candidate_exact_designator,published,provider-listed,,,A320,00:25,21:50,unknown; no timezone conversion,both_arrival_and_departure_rows,107983dc72d381e6897a5a333556946adcc98daef82e954d52cec1fc402c3086,p07-r7-n0342;p14-r2-n0778,p07-r7-n0342-arrival;p14-r2-n0778-departure,raw DGCA digits retained; weekday mapping separately corroborated by AAI; no DGCA legend,unknown_not_stated_by_source,passenger_or_cargo_not_stated_by_source,not_established_by_approved_schedule
ai-s26-34696f788bf86c,AI,AIC,COK,DEL,AI 1858,AI1858,1234567,Monday;Tuesday;Wednesday;Thursday;Friday;Saturday;Sunday,2026-03-29,2026-10-24,current,accepted,accepted_source_identity,confirmed_exact_designator,published,operating,,,A320,02:25,23:00,unknown; no timezone conversion,both_arrival_and_departure_rows,107983dc72d381e6897a5a333556946adcc98daef82e954d52cec1fc402c3086,p07-r27-n0362;p18-r28-n0986,p07-r27-n0362-arrival;p18-r28-n0986-departure,raw DGCA digits retained; weekday mapping separately corroborated by AAI; no DGCA legend,unknown_not_stated_by_source,passenger_or_cargo_not_stated_by_source,not_established_by_approved_schedule
ai-s26-319d7e18602bb8,AI,AIC,BHJ,DEL,AI 1859,AI1859,1234567,Monday;Tuesday;Wednesday;Thursday;Friday;Saturday;Sunday,2026-03-29,2026-10-24,current,accepted,accepted_source_identity,confirmed_exact_designator,published,operating,,,A320,19:35,17:30,unknown; no timezone conversion,both_arrival_and_departure_rows,107983dc72d381e6897a5a333556946adcc98daef82e954d52cec1fc402c3086,p05-r6-n0235;p13-r346-n0681,p05-r6-n0235-departure;p13-r346-n0681-arrival,raw DGCA digits retained; weekday mapping separately corroborated by AAI; no DGCA legend,unknown_not_stated_by_source,passenger_or_cargo_not_stated_by_source,not_established_by_approved_schedule
ai-s26-c06e28b1bc96f7,AI,AIC,IDR,DEL,AI 1860,AI1860,1234567,Monday;Tuesday;Wednesday;Thursday;Friday;Saturday;Sunday,2026-03-29,2026-10-24,current,accepted,accepted_source_identity,confirmed_exact_designator,published,operating,,,A320,09:35,08:00,unknown; no timezone conversion,both_arrival_and_departure_rows,107983dc72d381e6897a5a333556946adcc98daef82e954d52cec1fc402c3086,p09-r121-n0456;p16-r2-n0852,p09-r121-n0456-arrival;p16-r2-n0852-departure,raw DGCA digits retained; weekday mapping separately corroborated by AAI; no DGCA legend,unknown_not_stated_by_source,passenger_or_cargo_not_stated_by_source,not_established_by_approved_schedule
ai-s26-d3d9c0cba7422e,AI,AIC,IXC,DEL,AI 1862,AI1862,123456,Monday;Tuesday;Wednesday;Thursday;Friday;Saturday,2026-03-30,2026-10-24,current,accepted,accepted_source_identity,confirmed_exact_designator,published,operating,,,A320,,08:30,unknown; no timezone conversion,one_side_only; absence_is_not_contradiction,107983dc72d381e6897a5a333556946adcc98daef82e954d52cec1fc402c3086,p05-r7-n0242,p05-r7-n0242-departure,raw DGCA digits retained; weekday mapping separately corroborated by AAI; no DGCA legend,unknown_not_stated_by_source,passenger_or_cargo_not_stated_by_source,not_established_by_approved_schedule
ai-s26-26d437f60f1809,AI,AIC,IXC,DEL,AI 1862,AI1862,1234567,Monday;Tuesday;Wednesday;Thursday;Friday;Saturday;Sunday,2026-03-29,2026-10-24,current,accepted,accepted_source_identity,confirmed_exact_designator,published,operating,,,A320,09:40,,unknown; no timezone conversion,one_side_only; absence_is_not_contradiction,107983dc72d381e6897a5a333556946adcc98daef82e954d52cec1fc402c3086,p09-r124-n0459,p09-r124-n0459-arrival,raw DGCA digits retained; weekday mapping separately corroborated by AAI; no DGCA legend,unknown_not_stated_by_source,passenger_or_cargo_not_stated_by_source,not_established_by_approved_schedule
ai-s26-db40750d506672,AI,AIC,IXC,DEL,AI 1862,AI1862,7,Sunday,2026-03-29,2026-10-18,current,accepted,accepted_source_identity,confirmed_exact_designator,published,operating,,,A320,,07:50,unknown; no timezone conversion,one_side_only; absence_is_not_contradiction,107983dc72d381e6897a5a333556946adcc98daef82e954d52cec1fc402c3086,p05-r4-n0239,p05-r4-n0239-departure,raw DGCA digits retained; weekday mapping separately corroborated by AAI; no DGCA legend,unknown_not_stated_by_source,passenger_or_cargo_not_stated_by_source,not_established_by_approved_schedule
ai-s26-824e3d9e9751fe,AI,AIC,CCU,DEL,AI 1863,AI1863,1234567,Monday;Tuesday;Wednesday;Thursday;Friday;Saturday;Sunday,2026-03-29,2026-10-24,current,accepted,accepted_source_identity,confirmed_exact_designator,published,operating,,,A320,21:35,19:15,unknown; no timezone conversion,both_arrival_and_departure_rows,107983dc72d381e6897a5a333556946adcc98daef82e954d52cec1fc402c3086,p13-r379-n0714;p19-r34-n1021,p13-r379-n0714-arrival;p19-r34-n1021-departure,raw DGCA digits retained; weekday mapping separately corroborated by AAI; no DGCA legend,unknown_not_stated_by_source,passenger_or_cargo_not_stated_by_source,not_established_by_approved_schedule
ai-s26-c4490c363fae7c,AI,AIC,IDR,DEL,AI 1865,AI1865,1234567,Monday;Tuesday;Wednesday;Thursday;Friday;Saturday;Sunday,2026-03-29,2026-10-24,current,accepted,accepted_source_identity,confirmed_exact_designator,published,operating,,,A320,22:35,21:00,unknown; no timezone conversion,both_arrival_and_departure_rows,107983dc72d381e6897a5a333556946adcc98daef82e954d52cec1fc402c3086,p14-r399-n0734;p16-r12-n0862,p14-r399-n0734-arrival;p16-r12-n0862-departure,raw DGCA digits retained; weekday mapping separately corroborated by AAI; no DGCA legend,unknown_not_stated_by_source,passenger_or_cargo_not_stated_by_source,not_established_by_approved_schedule
ai-s26-fe0fa226777bb9,AI,AIC,HYD,DEL,AI 1866,AI1866,1234567,Monday;Tuesday;Wednesday;Thursday;Friday;Saturday;Sunday,2026-03-29,2026-10-24,current,accepted,accepted_source_identity,confirmed_exact_designator,published,operating,,,A320,12:10,09:40,unknown; no timezone conversion,both_arrival_and_departure_rows,107983dc72d381e6897a5a333556946adcc98daef82e954d52cec1fc402c3086,p10-r184-n0519;p15-r21-n0811,p10-r184-n0519-arrival;p15-r21-n0811-departure,raw DGCA digits retained; weekday mapping separately corroborated by AAI; no DGCA legend,unknown_not_stated_by_source,passenger_or_cargo_not_stated_by_source,not_established_by_approved_schedule
ai-s26-1b63e5359e1a9a,AI,AIC,GAU,DEL,AI 1867,AI1867,1234567,Monday;Tuesday;Wednesday;Thursday;Friday;Saturday;Sunday,2026-03-29,2026-10-24,current,accepted,accepted_source_identity,confirmed_exact_designator,published,operating,,,A320,20:15,17:35,unknown; no timezone conversion,both_arrival_and_departure_rows,107983dc72d381e6897a5a333556946adcc98daef82e954d52cec1fc402c3086,p13-r353-n0688;p15-r8-n0786,p13-r353-n0688-arrival;p15-r8-n0786-departure,raw DGCA digits retained; weekday mapping separately corroborated by AAI; no DGCA legend,unknown_not_stated_by_source,passenger_or_cargo_not_stated_by_source,not_established_by_approved_schedule
ai-s26-3fe0760aecbb96,AI,AIC,DED,DEL,AI 1869,AI1869,1234567,Monday;Tuesday;Wednesday;Thursday;Friday;Saturday;Sunday,2026-03-29,2026-10-24,current,accepted,accepted_source_identity,confirmed_exact_designator,published,operating,,,A320,18:20,17:10,unknown; no timezone conversion,both_arrival_and_departure_rows,107983dc72d381e6897a5a333556946adcc98daef82e954d52cec1fc402c3086,p07-r20-n0335;p12-r318-n0653,p07-r20-n0335-departure;p12-r318-n0653-arrival,raw DGCA digits retained; weekday mapping separately corroborated by AAI; no DGCA legend,unknown_not_stated_by_source,passenger_or_cargo_not_stated_by_source,not_established_by_approved_schedule
ai-s26-3362dad49aeceb,AI,AIC,COK,DEL,AI 1873,AI1873,1234567,Monday;Tuesday;Wednesday;Thursday;Friday;Saturday;Sunday,2026-03-29,2026-10-24,current,accepted,accepted_source_identity,confirmed_exact_designator,published,operating,,,A320,17:50,,unknown; no timezone conversion,one_side_only; absence_is_not_contradiction,107983dc72d381e6897a5a333556946adcc98daef82e954d52cec1fc402c3086,p12-r306-n0641,p12-r306-n0641-arrival,raw DGCA digits retained; weekday mapping separately corroborated by AAI; no DGCA legend,unknown_not_stated_by_source,passenger_or_cargo_not_stated_by_source,not_established_by_approved_schedule
ai-s26-eacad228db5356,AI,AIC,COK,DEL,AI 1873,AI1873,134567,Monday;Wednesday;Thursday;Friday;Saturday;Sunday,2026-03-29,2026-10-24,current,accepted,accepted_source_identity,confirmed_exact_designator,published,operating,,,A320,,14:25,unknown; no timezone conversion,one_side_only; absence_is_not_contradiction,107983dc72d381e6897a5a333556946adcc98daef82e954d52cec1fc402c3086,p18-r15-n0973,p18-r15-n0973-departure,raw DGCA digits retained; weekday mapping separately corroborated by AAI; no DGCA legend,unknown_not_stated_by_source,passenger_or_cargo_not_stated_by_source,not_established_by_approved_schedule
ai-s26-03c13e548a5145,AI,AIC,COK,DEL,AI 1873,AI1873,2,Tuesday,2026-03-31,2026-10-20,current,accepted,accepted_source_identity,confirmed_exact_designator,published,operating,,,A320,,13:40,unknown; no timezone conversion,one_side_only; absence_is_not_contradiction,107983dc72d381e6897a5a333556946adcc98daef82e954d52cec1fc402c3086,p18-r13-n0971,p18-r13-n0971-departure,raw DGCA digits retained; weekday mapping separately corroborated by AAI; no DGCA legend,unknown_not_stated_by_source,passenger_or_cargo_not_stated_by_source,not_established_by_approved_schedule
ai-s26-32a48055559c61,AI,AIC,CCU,DEL,AI 1874,AI1874,1234567,Monday;Tuesday;Wednesday;Thursday;Friday;Saturday;Sunday,2026-03-29,2026-10-24,current,accepted,accepted_source_identity,confirmed_exact_designator,published,operating,,,A320,15:30,12:55,unknown; no timezone conversion,both_arrival_and_departure_rows,107983dc72d381e6897a5a333556946adcc98daef82e954d52cec1fc402c3086,p11-r248-n0583;p19-r26-n1013,p11-r248-n0583-arrival;p19-r26-n1013-departure,raw DGCA digits retained; weekday mapping separately corroborated by AAI; no DGCA legend,unknown_not_stated_by_source,passenger_or_cargo_not_stated_by_source,not_established_by_approved_schedule
ai-s26-437eabefa6a194,AI,AIC,LKO,DEL,AI 1877,AI1877,1234567,Monday;Tuesday;Wednesday;Thursday;Friday;Saturday;Sunday,2026-03-29,2026-10-24,current,accepted,accepted_source_identity,confirmed_exact_designator,published,operating,,,A320,21:50,20:25,unknown; no timezone conversion,both_arrival_and_departure_rows,107983dc72d381e6897a5a333556946adcc98daef82e954d52cec1fc402c3086,p13-r383-n0718;p20-r8-n1058,p13-r383-n0718-arrival;p20-r8-n1058-departure,raw DGCA digits retained; weekday mapping separately corroborated by AAI; no DGCA legend,unknown_not_stated_by_source,passenger_or_cargo_not_stated_by_source,not_established_by_approved_schedule
ai-s26-492d6afd2f209e,AI,AIC,IXC,DEL,AI 1879,AI1879,1234567,Monday;Tuesday;Wednesday;Thursday;Friday;Saturday;Sunday,2026-03-29,2026-10-24,current,accepted,accepted_source_identity,confirmed_exact_designator,published,operating,,,A320,22:50,22:00,unknown; no timezone conversion,both_arrival_and_departure_rows,107983dc72d381e6897a5a333556946adcc98daef82e954d52cec1fc402c3086,p05-r26-n0261;p14-r404-n0739,p05-r26-n0261-departure;p14-r404-n0739-arrival,raw DGCA digits retained; weekday mapping separately corroborated by AAI; no DGCA legend,unknown_not_stated_by_source,passenger_or_cargo_not_stated_by_source,not_established_by_approved_schedule
ai-s26-157bfe7ff79866,AI,AIC,HYD,DEL,AI 1880,AI1880,1234567,Monday;Tuesday;Wednesday;Thursday;Friday;Saturday;Sunday,2026-03-29,2026-10-24,current,accepted,accepted_source_identity,confirmed_exact_designator,published,operating,,,A320,01:00,22:30,unknown; no timezone conversion,both_arrival_and_departure_rows,107983dc72d381e6897a5a333556946adcc98daef82e954d52cec1fc402c3086,p07-r17-n0352;p16-r56-n0846,p07-r17-n0352-arrival;p16-r56-n0846-departure,raw DGCA digits retained; weekday mapping separately corroborated by AAI; no DGCA legend,unknown_not_stated_by_source,passenger_or_cargo_not_stated_by_source,not_established_by_approved_schedule
ai-s26-ddc8bbc4346750,AI,AIC,BOM,DEL,AI 1882,AI1882,1234567,Monday;Tuesday;Wednesday;Thursday;Friday;Saturday;Sunday,2026-03-29,2026-10-24,current,accepted,accepted_source_identity,confirmed_exact_designator,published,operating,,,A320,02:15,23:55,unknown; no timezone conversion,both_arrival_and_departure_rows,107983dc72d381e6897a5a333556946adcc98daef82e954d52cec1fc402c3086,p07-r24-n0359;p25-r319-n1381,p07-r24-n0359-arrival;p25-r319-n1381-departure,raw DGCA digits retained; weekday mapping separately corroborated by AAI; no DGCA legend,unknown_not_stated_by_source,passenger_or_cargo_not_stated_by_source,not_established_by_approved_schedule
ai-s26-07530aeead8111,AI,AIC,ATQ,DEL,AI 1884,AI1884,1234567,Monday;Tuesday;Wednesday;Thursday;Friday;Saturday;Sunday,2026-03-29,2026-10-24,current,accepted,accepted_source_identity,confirmed_exact_designator,published,operating,,,A320,08:25,07:05,unknown; no timezone conversion,both_arrival_and_departure_rows,107983dc72d381e6897a5a333556946adcc98daef82e954d52cec1fc402c3086,p02-r2-n0080;p08-r95-n0430,p02-r2-n0080-departure;p08-r95-n0430-arrival,raw DGCA digits retained; weekday mapping separately corroborated by AAI; no DGCA legend,unknown_not_stated_by_source,passenger_or_cargo_not_stated_by_source,not_established_by_approved_schedule
ai-s26-b9b9ff06e805f2,AI,AIC,BHO,DEL,AI 1886,AI1886,1234567,Monday;Tuesday;Wednesday;Thursday;Friday;Saturday;Sunday,2026-03-29,2026-10-24,current,accepted,accepted_source_identity,confirmed_exact_designator,published,operating,,,A320,08:45,08:25,unknown; no timezone conversion,both_arrival_and_departure_rows,107983dc72d381e6897a5a333556946adcc98daef82e954d52cec1fc402c3086,p04-r2-n0207;p09-r107-n0442,p04-r2-n0207-departure;p09-r107-n0442-arrival,raw DGCA digits retained; weekday mapping separately corroborated by AAI; no DGCA legend,unknown_not_stated_by_source,passenger_or_cargo_not_stated_by_source,not_established_by_approved_schedule
ai-s26-d9363b00287a2e,AI,AIC,BOM,DEL,AI 1890,AI1890,1234567,Monday;Tuesday;Wednesday;Thursday;Friday;Saturday;Sunday,2026-03-29,2026-10-24,current,accepted,accepted_source_identity,confirmed_exact_designator,published,operating,,,A320,11:15,09:00,unknown; no timezone conversion,both_arrival_and_departure_rows,107983dc72d381e6897a5a333556946adcc98daef82e954d52cec1fc402c3086,p10-r162-n0497;p21-r64-n1126,p10-r162-n0497-arrival;p21-r64-n1126-departure,raw DGCA digits retained; weekday mapping separately corroborated by AAI; no DGCA legend,unknown_not_stated_by_source,passenger_or_cargo_not_stated_by_source,not_established_by_approved_schedule
ai-s26-ab1206a6fe1ffb,AI,AIC,PAT,DEL,AI 1892,AI1892,1234567,Monday;Tuesday;Wednesday;Thursday;Friday;Saturday;Sunday,2026-03-29,2026-10-24,current,accepted,accepted_source_identity,confirmed_exact_designator,published,operating,,,A320,12:20,10:20,unknown; no timezone conversion,both_arrival_and_departure_rows,107983dc72d381e6897a5a333556946adcc98daef82e954d52cec1fc402c3086,p10-r189-n0524;p25-r4-n1394,p10-r189-n0524-arrival;p25-r4-n1394-departure,raw DGCA digits retained; weekday mapping separately corroborated by AAI; no DGCA legend,unknown_not_stated_by_source,passenger_or_cargo_not_stated_by_source,not_established_by_approved_schedule
ai-s26-2c7ca21e8328f1,AI,AIC,SXR,DEL,AI 1893,AI1893,12345,Monday;Tuesday;Wednesday;Thursday;Friday,2026-08-03,2026-10-15,current,accepted,accepted_source_identity,confirmed_exact_designator,published,operating,,,A320,,12:15,unknown; no timezone conversion,one_side_only; absence_is_not_contradiction,107983dc72d381e6897a5a333556946adcc98daef82e954d52cec1fc402c3086,p27-r21-n1469,p27-r21-n1469-departure,raw DGCA digits retained; weekday mapping separately corroborated by AAI; no DGCA legend,unknown_not_stated_by_source,passenger_or_cargo_not_stated_by_source,not_established_by_approved_schedule
ai-s26-54d50127b661e2,AI,AIC,SXR,DEL,AI 1893,AI1893,1234567,Monday;Tuesday;Wednesday;Thursday;Friday;Saturday;Sunday,2026-03-29,2026-07-31,expired,expired,accepted_source_identity,expired_not_compared_to_baseline,,,,,A320,,12:15,unknown; no timezone conversion,one_side_only; absence_is_not_contradiction,107983dc72d381e6897a5a333556946adcc98daef82e954d52cec1fc402c3086,p27-r22-n1470,p27-r22-n1470-departure,raw DGCA digits retained; weekday mapping separately corroborated by AAI; no DGCA legend,unknown_not_stated_by_source,passenger_or_cargo_not_stated_by_source,not_established_by_approved_schedule
ai-s26-a80ce3b9594aa7,AI,AIC,SXR,DEL,AI 1893,AI1893,1234567,Monday;Tuesday;Wednesday;Thursday;Friday;Saturday;Sunday,2026-03-29,2026-10-24,current,accepted,accepted_source_identity,confirmed_exact_designator,published,operating,,,A320,13:45,,unknown; no timezone conversion,one_side_only; absence_is_not_contradiction,107983dc72d381e6897a5a333556946adcc98daef82e954d52cec1fc402c3086,p10-r213-n0548,p10-r213-n0548-arrival,raw DGCA digits retained; weekday mapping separately corroborated by AAI; no DGCA legend,unknown_not_stated_by_source,passenger_or_cargo_not_stated_by_source,not_established_by_approved_schedule
ai-s26-d72ec02f5e936c,AI,AIC,BHO,DEL,AI 1894,AI1894,1234567,Monday;Tuesday;Wednesday;Thursday;Friday;Saturday;Sunday,2026-03-29,2026-06-13,expired,expired,accepted_source_identity,expired_not_compared_to_baseline,,,,,A320,,12:35,unknown; no timezone conversion,one_side_only; absence_is_not_contradiction,107983dc72d381e6897a5a333556946adcc98daef82e954d52cec1fc402c3086,p05-r6-n0211,p05-r6-n0211-departure,raw DGCA digits retained; weekday mapping separately corroborated by AAI; no DGCA legend,unknown_not_stated_by_source,passenger_or_cargo_not_stated_by_source,not_established_by_approved_schedule
ai-s26-4fa26e893b1f7f,AI,AIC,BHO,DEL,AI 1894,AI1894,1234567,Monday;Tuesday;Wednesday;Thursday;Friday;Saturday;Sunday,2026-03-29,2026-10-24,current,accepted,accepted_source_identity,confirmed_exact_designator,published,operating,,,A320,14:05,,unknown; no timezone conversion,one_side_only; absence_is_not_contradiction,107983dc72d381e6897a5a333556946adcc98daef82e954d52cec1fc402c3086,p11-r221-n0556,p11-r221-n0556-arrival,raw DGCA digits retained; weekday mapping separately corroborated by AAI; no DGCA legend,unknown_not_stated_by_source,passenger_or_cargo_not_stated_by_source,not_established_by_approved_schedule
ai-s26-a3f96828c2e2de,AI,AIC,BHO,DEL,AI 1894,AI1894,1234567,Monday;Tuesday;Wednesday;Thursday;Friday;Saturday;Sunday,2026-06-14,2026-09-14,expired,expired,accepted_source_identity,expired_not_compared_to_baseline,,,,,A320,,12:35,unknown; no timezone conversion,one_side_only; absence_is_not_contradiction,107983dc72d381e6897a5a333556946adcc98daef82e954d52cec1fc402c3086,p05-r7-n0212,p05-r7-n0212-departure,raw DGCA digits retained; weekday mapping separately corroborated by AAI; no DGCA legend,unknown_not_stated_by_source,passenger_or_cargo_not_stated_by_source,not_established_by_approved_schedule
ai-s26-ca0988490cfc86,AI,AIC,BHO,DEL,AI 1894,AI1894,1234567,Monday;Tuesday;Wednesday;Thursday;Friday;Saturday;Sunday,2026-09-15,2026-10-24,current,accepted,accepted_source_identity,confirmed_exact_designator,published,operating,,,A320,,12:35,unknown; no timezone conversion,one_side_only; absence_is_not_contradiction,107983dc72d381e6897a5a333556946adcc98daef82e954d52cec1fc402c3086,p05-r8-n0213,p05-r8-n0213-departure,raw DGCA digits retained; weekday mapping separately corroborated by AAI; no DGCA legend,unknown_not_stated_by_source,passenger_or_cargo_not_stated_by_source,not_established_by_approved_schedule
ai-s26-5dc6ec640af639,AI,AIC,BOM,DEL,AI 1895,AI1895,1234567,Monday;Tuesday;Wednesday;Thursday;Friday;Saturday;Sunday,2026-03-29,2026-10-24,current,accepted,accepted_source_identity,confirmed_exact_designator,published,operating,,,A320,23:45,21:30,unknown; no timezone conversion,both_arrival_and_departure_rows,107983dc72d381e6897a5a333556946adcc98daef82e954d52cec1fc402c3086,p14-r421-n0756;p25-r293-n1355,p14-r421-n0756-arrival;p25-r293-n1355-departure,raw DGCA digits retained; weekday mapping separately corroborated by AAI; no DGCA legend,unknown_not_stated_by_source,passenger_or_cargo_not_stated_by_source,not_established_by_approved_schedule
ai-s26-960cb4f95bc553,AI,AIC,TRV,DEL,AI 1896,AI1896,1234567,Monday;Tuesday;Wednesday;Thursday;Friday;Saturday;Sunday,2026-03-29,2026-10-24,current,accepted,accepted_source_identity,confirmed_exact_designator,published,operating,,,A321,14:40,11:05,unknown; no timezone conversion,both_arrival_and_departure_rows,107983dc72d381e6897a5a333556946adcc98daef82e954d52cec1fc402c3086,p11-r233-n0568;p27-r7-n1487,p11-r233-n0568-arrival;p27-r7-n1487-departure,raw DGCA digits retained; weekday mapping separately corroborated by AAI; no DGCA legend,unknown_not_stated_by_source,passenger_or_cargo_not_stated_by_source,not_established_by_approved_schedule
ai-s26-7f0347e615ebd8,AI,AIC,UDR,DEL,AI 1897,AI1897,1234567,Monday;Tuesday;Wednesday;Thursday;Friday;Saturday;Sunday,2026-03-29,2026-10-24,current,accepted,accepted_source_identity,confirmed_exact_designator,published,operating,,,A320,17:20,15:55,unknown; no timezone conversion,both_arrival_and_departure_rows,107983dc72d381e6897a5a333556946adcc98daef82e954d52cec1fc402c3086,p12-r296-n0631;p27-r8-n1509,p12-r296-n0631-arrival;p27-r8-n1509-departure,raw DGCA digits retained; weekday mapping separately corroborated by AAI; no DGCA legend,unknown_not_stated_by_source,passenger_or_cargo_not_stated_by_source,not_established_by_approved_schedule
ai-s26-101fc6f2555f00,AI,AIC,BBI,DEL,AI 1898,AI1898,1234567,Monday;Tuesday;Wednesday;Thursday;Friday;Saturday;Sunday,2026-03-29,2026-10-24,current,accepted,accepted_source_identity,confirmed_exact_designator,published,operating,,,A319,15:45,13:20,unknown; no timezone conversion,both_arrival_and_departure_rows,107983dc72d381e6897a5a333556946adcc98daef82e954d52cec1fc402c3086,p05-r4-n0227;p11-r259-n0594,p05-r4-n0227-departure;p11-r259-n0594-arrival,raw DGCA digits retained; weekday mapping separately corroborated by AAI; no DGCA legend,unknown_not_stated_by_source,passenger_or_cargo_not_stated_by_source,not_established_by_approved_schedule
ai-s26-9788b09bfe3323,AI,AIC,BOM,BLR,AI 2401,AI2401,1234567,Monday;Tuesday;Wednesday;Thursday;Friday;Saturday;Sunday,2026-03-29,2026-06-03,expired,expired,accepted_source_identity,expired_not_compared_to_baseline,,,,,A320,22:45,,unknown; no timezone conversion,one_side_only; absence_is_not_contradiction,107983dc72d381e6897a5a333556946adcc98daef82e954d52cec1fc402c3086,p04-r97-n0200,p04-r97-n0200-arrival,raw DGCA digits retained; weekday mapping separately corroborated by AAI; no DGCA legend,unknown_not_stated_by_source,passenger_or_cargo_not_stated_by_source,not_established_by_approved_schedule
ai-s26-6c45fa1a6e8eef,AI,AIC,BOM,BLR,AI 2401,AI2401,1234567,Monday;Tuesday;Wednesday;Thursday;Friday;Saturday;Sunday,2026-03-29,2026-10-24,current,accepted,accepted_source_identity,confirmed_exact_designator,published,operating,,,A320,,20:45,unknown; no timezone conversion,one_side_only; absence_is_not_contradiction,107983dc72d381e6897a5a333556946adcc98daef82e954d52cec1fc402c3086,p24-r278-n1340,p24-r278-n1340-departure,raw DGCA digits retained; weekday mapping separately corroborated by AAI; no DGCA legend,unknown_not_stated_by_source,passenger_or_cargo_not_stated_by_source,not_established_by_approved_schedule
ai-s26-53d38a23502898,AI,AIC,BOM,BLR,AI 2401,AI2401,123567,Monday;Tuesday;Wednesday;Friday;Saturday;Sunday,2026-06-05,2026-10-23,current,accepted,accepted_source_identity,confirmed_exact_designator,published,operating,,,A320,22:45,,unknown; no timezone conversion,one_side_only; absence_is_not_contradiction,107983dc72d381e6897a5a333556946adcc98daef82e954d52cec1fc402c3086,p04-r96-n0199,p04-r96-n0199-arrival,raw DGCA digits retained; weekday mapping separately corroborated by AAI; no DGCA legend,unknown_not_stated_by_source,passenger_or_cargo_not_stated_by_source,not_established_by_approved_schedule
ai-s26-87f598e6fcb274,AI,AIC,BOM,BLR,AI 2401,AI2401,4,Thursday,2026-06-04,2026-10-22,current,accepted,accepted_source_identity,confirmed_exact_designator,published,operating,,,A320,22:45,,unknown; no timezone conversion,one_side_only; absence_is_not_contradiction,107983dc72d381e6897a5a333556946adcc98daef82e954d52cec1fc402c3086,p04-r95-n0198,p04-r95-n0198-arrival,raw DGCA digits retained; weekday mapping separately corroborated by AAI; no DGCA legend,unknown_not_stated_by_source,passenger_or_cargo_not_stated_by_source,not_established_by_approved_schedule
ai-s26-81e08c3855b2e0,AI,AIC,BOM,BLR,AI 2401,AI2401,6,Saturday,2026-10-24,2026-10-24,future,accepted,accepted_source_identity,confirmed_exact_designator,published,operating,,,A320,22:45,,unknown; no timezone conversion,one_side_only; absence_is_not_contradiction,107983dc72d381e6897a5a333556946adcc98daef82e954d52cec1fc402c3086,p04-r94-n0197,p04-r94-n0197-arrival,raw DGCA digits retained; weekday mapping separately corroborated by AAI; no DGCA legend,unknown_not_stated_by_source,passenger_or_cargo_not_stated_by_source,not_established_by_approved_schedule
ai-s26-72333b4a0cc493,AI,AIC,BLR,BOM,AI 2402,AI2402,1234567,Monday;Tuesday;Wednesday;Thursday;Friday;Saturday;Sunday,2026-03-29,2026-10-24,current,accepted,accepted_source_identity,confirmed_exact_designator,published,operating,,,A320,08:35,,unknown; no timezone conversion,one_side_only; absence_is_not_contradiction,107983dc72d381e6897a5a333556946adcc98daef82e954d52cec1fc402c3086,p21-r61-n1123,p21-r61-n1123-arrival,raw DGCA digits retained; weekday mapping separately corroborated by AAI; no DGCA legend,unknown_not_stated_by_source,passenger_or_cargo_not_stated_by_source,not_established_by_approved_schedule
ai-s26-4174b1edd6c362,AI,AIC,BLR,BOM,AI 2402,AI2402,1234567,Monday;Tuesday;Wednesday;Thursday;Friday;Saturday;Sunday,2026-03-30,2026-06-04,expired,expired,accepted_source_identity,expired_not_compared_to_baseline,,,,,A320,,06:35,unknown; no timezone conversion,one_side_only; absence_is_not_contradiction,107983dc72d381e6897a5a333556946adcc98daef82e954d52cec1fc402c3086,p03-r22-n0125,p03-r22-n0125-departure,raw DGCA digits retained; weekday mapping separately corroborated by AAI; no DGCA legend,unknown_not_stated_by_source,passenger_or_cargo_not_stated_by_source,not_established_by_approved_schedule
ai-s26-7ddc4ab12aec1e,AI,AIC,BLR,BOM,AI 2402,AI2402,123467,Monday;Tuesday;Wednesday;Thursday;Saturday;Sunday,2026-06-06,2026-10-24,current,accepted,accepted_source_identity,confirmed_exact_designator,published,operating,,,A320,,06:35,unknown; no timezone conversion,one_side_only; absence_is_not_contradiction,107983dc72d381e6897a5a333556946adcc98daef82e954d52cec1fc402c3086,p03-r21-n0124,p03-r21-n0124-departure,raw DGCA digits retained; weekday mapping separately corroborated by AAI; no DGCA legend,unknown_not_stated_by_source,passenger_or_cargo_not_stated_by_source,not_established_by_approved_schedule
ai-s26-fcf65fc6e59872,AI,AIC,BLR,BOM,AI 2402,AI2402,5,Friday,2026-06-04,2026-10-22,current,accepted,accepted_source_identity,confirmed_exact_designator,published,operating,,,A320,,06:35,unknown; no timezone conversion,one_side_only; absence_is_not_contradiction,107983dc72d381e6897a5a333556946adcc98daef82e954d52cec1fc402c3086,p03-r20-n0123,p03-r20-n0123-departure,raw DGCA digits retained; weekday mapping separately corroborated by AAI; no DGCA legend,unknown_not_stated_by_source,passenger_or_cargo_not_stated_by_source,not_established_by_approved_schedule
ai-s26-28cc3ca76dc757,AI,AIC,BLR,BOM,AI 2402,AI2402,7,Sunday,2026-03-29,2026-03-29,expired,expired,accepted_source_identity,expired_not_compared_to_baseline,,,,,A320,,06:35,unknown; no timezone conversion,one_side_only; absence_is_not_contradiction,107983dc72d381e6897a5a333556946adcc98daef82e954d52cec1fc402c3086,p03-r19-n0122,p03-r19-n0122-departure,raw DGCA digits retained; weekday mapping separately corroborated by AAI; no DGCA legend,unknown_not_stated_by_source,passenger_or_cargo_not_stated_by_source,not_established_by_approved_schedule
ai-s26-8286afd567c89d,AI,AIC,DEL,CCU,AI 2403,AI2403,1234567,Monday;Tuesday;Wednesday;Thursday;Friday;Saturday;Sunday,2026-03-29,2026-10-24,current,accepted,accepted_source_identity,confirmed_exact_designator,published,operating,,,A320,20:20,18:00,unknown; no timezone conversion,both_arrival_and_departure_rows,107983dc72d381e6897a5a333556946adcc98daef82e954d52cec1fc402c3086,p12-r311-n0646;p19-r37-n1024,p12-r311-n0646-departure;p19-r37-n1024-arrival,raw DGCA digits retained; weekday mapping separately corroborated by AAI; no DGCA legend,unknown_not_stated_by_source,passenger_or_cargo_not_stated_by_source,not_established_by_approved_schedule
ai-s26-9617c2f77c2ac5,AI,AIC,IXC,DEL,AI 2403,AI2403,1234567,Monday;Tuesday;Wednesday;Thursday;Friday;Saturday;Sunday,2026-03-29,2026-10-24,current,accepted,accepted_source_identity,confirmed_exact_designator,published,operating,,,A320,16:55,15:50,unknown; no timezone conversion,both_arrival_and_departure_rows,107983dc72d381e6897a5a333556946adcc98daef82e954d52cec1fc402c3086,p05-r18-n0253;p12-r284-n0619,p05-r18-n0253-departure;p12-r284-n0619-arrival,raw DGCA digits retained; weekday mapping separately corroborated by AAI; no DGCA legend,unknown_not_stated_by_source,passenger_or_cargo_not_stated_by_source,not_established_by_approved_schedule
ai-s26-e661ea52ae568b,AI,AIC,PNQ,DEL,AI 2404,AI2404,1234567,Monday;Tuesday;Wednesday;Thursday;Friday;Saturday;Sunday,2026-03-29,2026-10-24,current,accepted,accepted_source_identity,confirmed_exact_designator,published,operating,,,A320,07:45,05:20,unknown; no timezone conversion,both_arrival_and_departure_rows,107983dc72d381e6897a5a333556946adcc98daef82e954d52cec1fc402c3086,p08-r83-n0418;p26-r4-n1414,p08-r83-n0418-arrival;p26-r4-n1414-departure,raw DGCA digits retained; weekday mapping separately corroborated by AAI; no DGCA legend,unknown_not_stated_by_source,passenger_or_cargo_not_stated_by_source,not_established_by_approved_schedule
ai-s26-723f84bddf476d,AI,AIC,BLR,DEL,AI 2406,AI2406,1234567,Monday;Tuesday;Wednesday;Thursday;Friday;Saturday;Sunday,2026-03-29,2026-10-24,current,accepted,accepted_source_identity,confirmed_exact_designator,published,operating,,,A320,14:00,11:00,unknown; no timezone conversion,both_arrival_and_departure_rows,107983dc72d381e6897a5a333556946adcc98daef82e954d52cec1fc402c3086,p03-r44-n0147;p11-r219-n0554,p03-r44-n0147-departure;p11-r219-n0554-arrival,raw DGCA digits retained; weekday mapping separately corroborated by AAI; no DGCA legend,unknown_not_stated_by_source,passenger_or_cargo_not_stated_by_source,not_established_by_approved_schedule
ai-s26-ad5abe471cea94,AI,AIC,BOM,DEL,AI 2408,AI2408,12345,Monday;Tuesday;Wednesday;Thursday;Friday,2026-03-30,2026-10-23,current,accepted,accepted_source_identity,confirmed_exact_designator,published,operating,,,A320,,19:30,unknown; no timezone conversion,one_side_only; absence_is_not_contradiction,107983dc72d381e6897a5a333556946adcc98daef82e954d52cec1fc402c3086,p24-r252-n1314,p24-r252-n1314-departure,raw DGCA digits retained; weekday mapping separately corroborated by AAI; no DGCA legend,unknown_not_stated_by_source,passenger_or_cargo_not_stated_by_source,not_established_by_approved_schedule
ai-s26-83e87601224407,AI,AIC,BOM,DEL,AI 2408,AI2408,1234567,Monday;Tuesday;Wednesday;Thursday;Friday;Saturday;Sunday,2026-03-29,2026-10-24,current,accepted,accepted_source_identity,confirmed_exact_designator,published,operating,,,A320,21:45,,unknown; no timezone conversion,one_side_only; absence_is_not_contradiction,107983dc72d381e6897a5a333556946adcc98daef82e954d52cec1fc402c3086,p13-r381-n0716,p13-r381-n0716-arrival,raw DGCA digits retained; weekday mapping separately corroborated by AAI; no DGCA legend,unknown_not_stated_by_source,passenger_or_cargo_not_stated_by_source,not_established_by_approved_schedule
ai-s26-cd9ae46620fb6e,AI,AIC,BOM,DEL,AI 2408,AI2408,67,Saturday;Sunday,2026-03-29,2026-10-24,current,accepted,accepted_source_identity,confirmed_exact_designator,published,operating,,,A320,,19:30,unknown; no timezone conversion,one_side_only; absence_is_not_contradiction,107983dc72d381e6897a5a333556946adcc98daef82e954d52cec1fc402c3086,p24-r251-n1313,p24-r251-n1313-departure,raw DGCA digits retained; weekday mapping separately corroborated by AAI; no DGCA legend,unknown_not_stated_by_source,passenger_or_cargo_not_stated_by_source,not_established_by_approved_schedule
ai-s26-05ace062684467,AI,AIC,DEL,BLR,AI 2409,AI2409,1234567,Monday;Tuesday;Wednesday;Thursday;Friday;Saturday;Sunday,2026-03-29,2026-10-24,current,accepted,accepted_source_identity,confirmed_exact_designator,published,operating,,,A320,08:55,06:00,unknown; no timezone conversion,both_arrival_and_departure_rows,107983dc72d381e6897a5a333556946adcc98daef82e954d52cec1fc402c3086,p03-r30-n0133;p08-r49-n0384,p03-r30-n0133-arrival;p08-r49-n0384-departure,raw DGCA digits retained; weekday mapping separately corroborated by AAI; no DGCA legend,unknown_not_stated_by_source,passenger_or_cargo_not_stated_by_source,not_established_by_approved_schedule
ai-s26-6cf85babc43615,AI,AIC,CCU,BOM,AI 2410,AI2410,1234567,Monday;Tuesday;Wednesday;Thursday;Friday;Saturday;Sunday,2026-03-29,2026-10-24,current,accepted,accepted_source_identity,confirmed_exact_designator,published,operating,,,A320,,23:00,unknown; no timezone conversion,one_side_only; absence_is_not_contradiction,107983dc72d381e6897a5a333556946adcc98daef82e954d52cec1fc402c3086,p19-r44-n1031,p19-r44-n1031-departure,raw DGCA digits retained; weekday mapping separately corroborated by AAI; no DGCA legend,unknown_not_stated_by_source,passenger_or_cargo_not_stated_by_source,not_established_by_approved_schedule
ai-s26-876ba768cfe33d,AI,AIC,CCU,BOM,AI 2410,AI2410,1234567,Monday;Tuesday;Wednesday;Thursday;Friday;Saturday;Sunday,2026-03-30,2026-10-24,current,accepted,accepted_source_identity,confirmed_exact_designator,published,operating,,,A320,02:05,,unknown; no timezone conversion,one_side_only; absence_is_not_contradiction,107983dc72d381e6897a5a333556946adcc98daef82e954d52cec1fc402c3086,p20-r16-n1078,p20-r16-n1078-arrival,raw DGCA digits retained; weekday mapping separately corroborated by AAI; no DGCA legend,unknown_not_stated_by_source,passenger_or_cargo_not_stated_by_source,not_established_by_approved_schedule
ai-s26-7ba190a85091c9,AI,AIC,CCU,BOM,AI 2410,AI2410,7,Sunday,2026-03-29,2026-03-29,expired,expired,accepted_source_identity,expired_not_compared_to_baseline,,,,,A321,02:05,,unknown; no timezone conversion,one_side_only; absence_is_not_contradiction,107983dc72d381e6897a5a333556946adcc98daef82e954d52cec1fc402c3086,p20-r15-n1077,p20-r15-n1077-arrival,raw DGCA digits retained; weekday mapping separately corroborated by AAI; no DGCA legend,unknown_not_stated_by_source,passenger_or_cargo_not_stated_by_source,not_established_by_approved_schedule
ai-s26-1c1dafe3d65b72,AI,AIC,BOM,CCU,AI 2411,AI2411,1234567,Monday;Tuesday;Wednesday;Thursday;Friday;Saturday;Sunday,2026-03-29,2026-10-24,current,accepted,accepted_source_identity,confirmed_exact_designator,published,operating,,,A320,22:15,19:20,unknown; no timezone conversion,both_arrival_and_departure_rows,107983dc72d381e6897a5a333556946adcc98daef82e954d52cec1fc402c3086,p19-r43-n1030;p24-r248-n1310,p19-r43-n1030-arrival;p24-r248-n1310-departure,raw DGCA digits retained; weekday mapping separately corroborated by AAI; no DGCA legend,unknown_not_stated_by_source,passenger_or_cargo_not_stated_by_source,not_established_by_approved_schedule
ai-s26-b46bdd25597ccb,AI,AIC,DEL,BLR,AI 2412,AI2412,1234567,Monday;Tuesday;Wednesday;Thursday;Friday;Saturday;Sunday,2026-03-29,2026-10-24,current,accepted,accepted_source_identity,confirmed_exact_designator,published,operating,,,A320,00:25,21:30,unknown; no timezone conversion,both_arrival_and_departure_rows,107983dc72d381e6897a5a333556946adcc98daef82e954d52cec1fc402c3086,p03-r5-n0108;p13-r376-n0711,p03-r5-n0108-arrival;p13-r376-n0711-departure,raw DGCA digits retained; weekday mapping separately corroborated by AAI; no DGCA legend,unknown_not_stated_by_source,passenger_or_cargo_not_stated_by_source,not_established_by_approved_schedule
ai-s26-3bc4836708bdad,AI,AIC,BLR,DEL,AI 2414,AI2414,1234567,Monday;Tuesday;Wednesday;Thursday;Friday;Saturday;Sunday,2026-03-29,2026-10-24,current,accepted,accepted_source_identity,confirmed_exact_designator,published,operating,,,A320,08:25,05:30,unknown; no timezone conversion,both_arrival_and_departure_rows,107983dc72d381e6897a5a333556946adcc98daef82e954d52cec1fc402c3086,p03-r17-n0120;p08-r96-n0431,p03-r17-n0120-departure;p08-r96-n0431-arrival,raw DGCA digits retained; weekday mapping separately corroborated by AAI; no DGCA legend,unknown_not_stated_by_source,passenger_or_cargo_not_stated_by_source,not_established_by_approved_schedule
ai-s26-2c0ef0a0198c5e,AI,AIC,DEL,BLR,AI 2415,AI2415,1234567,Monday;Tuesday;Wednesday;Thursday;Friday;Saturday;Sunday,2026-03-29,2026-10-24,current,accepted,accepted_source_identity,confirmed_exact_designator,published,operating,,,A320,12:25,09:30,unknown; no timezone conversion,both_arrival_and_departure_rows,107983dc72d381e6897a5a333556946adcc98daef82e954d52cec1fc402c3086,p04-r49-n0152;p09-r118-n0453,p04-r49-n0152-arrival;p09-r118-n0453-departure,raw DGCA digits retained; weekday mapping separately corroborated by AAI; no DGCA legend,unknown_not_stated_by_source,passenger_or_cargo_not_stated_by_source,not_established_by_approved_schedule
ai-s26-54ce04302011ed,AI,AIC,DEL,BLR,AI 2417,AI2417,1234567,Monday;Tuesday;Wednesday;Thursday;Friday;Saturday;Sunday,2026-03-29,2026-10-24,current,accepted,accepted_source_identity,confirmed_exact_designator,published,operating,,,A320,15:55,13:00,unknown; no timezone conversion,both_arrival_and_departure_rows,107983dc72d381e6897a5a333556946adcc98daef82e954d52cec1fc402c3086,p04-r60-n0163;p10-r199-n0534,p04-r60-n0163-arrival;p10-r199-n0534-departure,raw DGCA digits retained; weekday mapping separately corroborated by AAI; no DGCA legend,unknown_not_stated_by_source,passenger_or_cargo_not_stated_by_source,not_established_by_approved_schedule
ai-s26-d5b456debbd66e,AI,AIC,BLR,DEL,AI 2418,AI2418,1234567,Monday;Tuesday;Wednesday;Thursday;Friday;Saturday;Sunday,2026-03-29,2026-10-24,current,accepted,accepted_source_identity,confirmed_exact_designator,published,operating,,,A320,19:25,16:30,unknown; no timezone conversion,both_arrival_and_departure_rows,107983dc72d381e6897a5a333556946adcc98daef82e954d52cec1fc402c3086,p04-r61-n0164;p13-r340-n0675,p04-r61-n0164-departure;p13-r340-n0675-arrival,raw DGCA digits retained; weekday mapping separately corroborated by AAI; no DGCA legend,unknown_not_stated_by_source,passenger_or_cargo_not_stated_by_source,not_established_by_approved_schedule
ai-s26-b0469e7fbbd958,AI,AIC,BOM,DEL,AI 2419,AI2419,1234567,Monday;Tuesday;Wednesday;Thursday;Friday;Saturday;Sunday,2026-03-29,2026-10-24,current,accepted,accepted_source_identity,confirmed_exact_designator,published,operating,,,A320,14:20,12:00,unknown; no timezone conversion,both_arrival_and_departure_rows,107983dc72d381e6897a5a333556946adcc98daef82e954d52cec1fc402c3086,p11-r226-n0561;p22-r127-n1189,p11-r226-n0561-arrival;p22-r127-n1189-departure,raw DGCA digits retained; weekday mapping separately corroborated by AAI; no DGCA legend,unknown_not_stated_by_source,passenger_or_cargo_not_stated_by_source,not_established_by_approved_schedule
ai-s26-af8b63558aafa1,AI,AIC,BOM,DEL,AI 2422,AI2422,1234567,Monday;Tuesday;Wednesday;Thursday;Friday;Saturday;Sunday,2026-03-29,2026-10-23,current,accepted,accepted_source_identity,confirmed_exact_designator,published,operating,,,A320,03:20,,unknown; no timezone conversion,one_side_only; absence_is_not_contradiction,107983dc72d381e6897a5a333556946adcc98daef82e954d52cec1fc402c3086,p07-r32-n0367,p07-r32-n0367-arrival,raw DGCA digits retained; weekday mapping separately corroborated by AAI; no DGCA legend,unknown_not_stated_by_source,passenger_or_cargo_not_stated_by_source,not_established_by_approved_schedule
ai-s26-e5afd1169ffa53,AI,AIC,BOM,DEL,AI 2424,AI2424,1234567,Monday;Tuesday;Wednesday;Thursday;Friday;Saturday;Sunday,2026-03-29,2026-10-24,current,accepted,accepted_source_identity,confirmed_exact_designator,published,operating,,,A320,09:15,07:00,unknown; no timezone conversion,both_arrival_and_departure_rows,107983dc72d381e6897a5a333556946adcc98daef82e954d52cec1fc402c3086,p09-r112-n0447;p20-r44-n1106,p09-r112-n0447-arrival;p20-r44-n1106-departure,raw DGCA digits retained; weekday mapping separately corroborated by AAI; no DGCA legend,unknown_not_stated_by_source,passenger_or_cargo_not_stated_by_source,not_established_by_approved_schedule
ai-s26-f3ec69783d4797,AI,AIC,DEL,BOM,AI 2425,AI2425,12,Monday;Tuesday,2026-03-30,2026-10-20,current,accepted,accepted_source_identity,confirmed_exact_designator,published,operating,,,A320,12:50,,unknown; no timezone conversion,one_side_only; absence_is_not_contradiction,107983dc72d381e6897a5a333556946adcc98daef82e954d52cec1fc402c3086,p22-r140-n1202,p22-r140-n1202-arrival,raw DGCA digits retained; weekday mapping separately corroborated by AAI; no DGCA legend,unknown_not_stated_by_source,passenger_or_cargo_not_stated_by_source,not_established_by_approved_schedule
ai-s26-1e946e8b061a7c,AI,AIC,DEL,BOM,AI 2425,AI2425,123567,Monday;Tuesday;Wednesday;Friday;Saturday;Sunday,2026-03-29,2026-10-24,current,accepted,accepted_source_identity,confirmed_exact_designator,published,operating,,,A320,,10:30,unknown; no timezone conversion,one_side_only; absence_is_not_contradiction,107983dc72d381e6897a5a333556946adcc98daef82e954d52cec1fc402c3086,p09-r142-n0477,p09-r142-n0477-departure,raw DGCA digits retained; weekday mapping separately corroborated by AAI; no DGCA legend,unknown_not_stated_by_source,passenger_or_cargo_not_stated_by_source,not_established_by_approved_schedule
ai-s26-16ae403bf1d3f3,AI,AIC,DEL,BOM,AI 2425,AI2425,3567,Wednesday;Friday;Saturday;Sunday,2026-03-29,2026-10-24,current,accepted,accepted_source_identity,confirmed_exact_designator,published,operating,,,A320,12:50,,unknown; no timezone conversion,one_side_only; absence_is_not_contradiction,107983dc72d381e6897a5a333556946adcc98daef82e954d52cec1fc402c3086,p22-r139-n1201,p22-r139-n1201-arrival,raw DGCA digits retained; weekday mapping separately corroborated by AAI; no DGCA legend,unknown_not_stated_by_source,passenger_or_cargo_not_stated_by_source,not_established_by_approved_schedule
ai-s26-f65a7312c49136,AI,AIC,DEL,BOM,AI 2425,AI2425,4,Thursday,2026-04-02,2026-10-01,expired,expired,accepted_source_identity,expired_not_compared_to_baseline,,,,,B787,12:50,,unknown; no timezone conversion,one_side_only; absence_is_not_contradiction,107983dc72d381e6897a5a333556946adcc98daef82e954d52cec1fc402c3086,p22-r137-n1199,p22-r137-n1199-arrival,raw DGCA digits retained; weekday mapping separately corroborated by AAI; no DGCA legend,unknown_not_stated_by_source,passenger_or_cargo_not_stated_by_source,not_established_by_approved_schedule
ai-s26-15d426b6d7af29,AI,AIC,DEL,BOM,AI 2425,AI2425,4,Thursday,2026-04-02,2026-10-22,current,accepted,accepted_source_identity,confirmed_exact_designator,published,operating,,,B787,,10:30,unknown; no timezone conversion,one_side_only; absence_is_not_contradiction,107983dc72d381e6897a5a333556946adcc98daef82e954d52cec1fc402c3086,p09-r143-n0478,p09-r143-n0478-departure,raw DGCA digits retained; weekday mapping separately corroborated by AAI; no DGCA legend,unknown_not_stated_by_source,passenger_or_cargo_not_stated_by_source,not_established_by_approved_schedule
ai-s26-10253e282bca43,AI,AIC,DEL,BOM,AI 2425,AI2425,4,Thursday,2026-10-08,2026-10-22,future,accepted,accepted_source_identity,confirmed_exact_designator,published,operating,,,B787,12:50,,unknown; no timezone conversion,one_side_only; absence_is_not_contradiction,107983dc72d381e6897a5a333556946adcc98daef82e954d52cec1fc402c3086,p22-r138-n1200,p22-r138-n1200-arrival,raw DGCA digits retained; weekday mapping separately corroborated by AAI; no DGCA legend,unknown_not_stated_by_source,passenger_or_cargo_not_stated_by_source,not_established_by_approved_schedule
ai-s26-da66020a9f1fb2,AI,AIC,BOM,DEL,AI 2426,AI2426,123467,Monday;Tuesday;Wednesday;Thursday;Saturday;Sunday,2026-03-29,2026-10-24,current,accepted,accepted_source_identity,confirmed_exact_designator,published,operating,,,A320,21:20,19:00,unknown; no timezone conversion,both_arrival_and_departure_rows,107983dc72d381e6897a5a333556946adcc98daef82e954d52cec1fc402c3086,p13-r373-n0708;p24-r243-n1305,p13-r373-n0708-arrival;p24-r243-n1305-departure,raw DGCA digits retained; weekday mapping separately corroborated by AAI; no DGCA legend,unknown_not_stated_by_source,passenger_or_cargo_not_stated_by_source,not_established_by_approved_schedule
ai-s26-76b0c5a8347fcf,AI,AIC,BOM,DEL,AI 2426,AI2426,5,Friday,2026-04-03,2026-07-31,expired,expired,accepted_source_identity,expired_not_compared_to_baseline,,,,,B787,,19:00,unknown; no timezone conversion,one_side_only; absence_is_not_contradiction,107983dc72d381e6897a5a333556946adcc98daef82e954d52cec1fc402c3086,p24-r245-n1307,p24-r245-n1307-departure,raw DGCA digits retained; weekday mapping separately corroborated by AAI; no DGCA legend,unknown_not_stated_by_source,passenger_or_cargo_not_stated_by_source,not_established_by_approved_schedule
ai-s26-72f3ae4e493e52,AI,AIC,BOM,DEL,AI 2426,AI2426,5,Friday,2026-04-03,2026-10-23,current,accepted,accepted_source_identity,confirmed_exact_designator,published,operating,,,B787,21:20,,unknown; no timezone conversion,one_side_only; absence_is_not_contradiction,107983dc72d381e6897a5a333556946adcc98daef82e954d52cec1fc402c3086,p13-r374-n0709,p13-r374-n0709-arrival,raw DGCA digits retained; weekday mapping separately corroborated by AAI; no DGCA legend,unknown_not_stated_by_source,passenger_or_cargo_not_stated_by_source,not_established_by_approved_schedule
ai-s26-90df7d1000c73b,AI,AIC,BOM,DEL,AI 2426,AI2426,5,Friday,2026-08-07,2026-10-23,current,accepted,accepted_source_identity,confirmed_exact_designator,published,operating,,,B787,,19:00,unknown; no timezone conversion,one_side_only; absence_is_not_contradiction,107983dc72d381e6897a5a333556946adcc98daef82e954d52cec1fc402c3086,p24-r244-n1306,p24-r244-n1306-departure,raw DGCA digits retained; weekday mapping separately corroborated by AAI; no DGCA legend,unknown_not_stated_by_source,passenger_or_cargo_not_stated_by_source,not_established_by_approved_schedule
ai-s26-af81b5ad754edf,AI,AIC,IXL,IXC,AI 2427,AI2427,2,Tuesday,2026-03-31,2026-03-31,expired,expired,accepted_source_identity,expired_not_compared_to_baseline,,,,,A320,09:50,,unknown; no timezone conversion,one_side_only; absence_is_not_contradiction,107983dc72d381e6897a5a333556946adcc98daef82e954d52cec1fc402c3086,p05-r10-n0245,p05-r10-n0245-arrival,raw DGCA digits retained; weekday mapping separately corroborated by AAI; no DGCA legend,unknown_not_stated_by_source,passenger_or_cargo_not_stated_by_source,not_established_by_approved_schedule
ai-s26-30d3b71b2c9690,AI,AIC,IXL,IXC,AI 2427,AI2427,26,Tuesday;Saturday,2026-03-31,2026-10-24,current,accepted,accepted_source_identity,confirmed_exact_designator,published,operating,,,A320,,09:00,unknown; no timezone conversion,one_side_only; absence_is_not_contradiction,107983dc72d381e6897a5a333556946adcc98daef82e954d52cec1fc402c3086,p19-r6-n1038,p19-r6-n1038-departure,raw DGCA digits retained; weekday mapping separately corroborated by AAI; no DGCA legend,unknown_not_stated_by_source,passenger_or_cargo_not_stated_by_source,not_established_by_approved_schedule
ai-s26-6017f43d522fc2,AI,AIC,IXL,IXC,AI 2427,AI2427,26,Tuesday;Saturday,2026-04-04,2026-10-20,current,accepted,accepted_source_identity,confirmed_exact_designator,published,operating,,,A320,10:00,,unknown; no timezone conversion,one_side_only; absence_is_not_contradiction,107983dc72d381e6897a5a333556946adcc98daef82e954d52cec1fc402c3086,p05-r11-n0246,p05-r11-n0246-arrival,raw DGCA digits retained; weekday mapping separately corroborated by AAI; no DGCA legend,unknown_not_stated_by_source,passenger_or_cargo_not_stated_by_source,not_established_by_approved_schedule
ai-s26-2d0b4aa047c979,AI,AIC,IXL,IXC,AI 2427,AI2427,6,Saturday,2026-10-24,2026-10-24,future,accepted,accepted_source_identity,confirmed_exact_designator,published,operating,,,A320,09:50,,unknown; no timezone conversion,one_side_only; absence_is_not_contradiction,107983dc72d381e6897a5a333556946adcc98daef82e954d52cec1fc402c3086,p05-r9-n0244,p05-r9-n0244-arrival,raw DGCA digits retained; weekday mapping separately corroborated by AAI; no DGCA legend,unknown_not_stated_by_source,passenger_or_cargo_not_stated_by_source,not_established_by_approved_schedule
ai-s26-638046577f2fee,AI,AIC,BOM,DEL,AI 2428,AI2428,1234567,Monday;Tuesday;Wednesday;Thursday;Friday;Saturday;Sunday,2026-03-29,2026-10-24,current,accepted,accepted_source_identity,confirmed_exact_designator,published,operating,,,A320,10:20,08:00,unknown; no timezone conversion,both_arrival_and_departure_rows,107983dc72d381e6897a5a333556946adcc98daef82e954d52cec1fc402c3086,p09-r137-n0472;p21-r53-n1115,p09-r137-n0472-arrival;p21-r53-n1115-departure,raw DGCA digits retained; weekday mapping separately corroborated by AAI; no DGCA legend,unknown_not_stated_by_source,passenger_or_cargo_not_stated_by_source,not_established_by_approved_schedule
ai-s26-77b23a4be5bc07,AI,AIC,DEL,BOM,AI 2429,AI2429,1234567,Monday;Tuesday;Wednesday;Thursday;Friday;Saturday;Sunday,2026-03-29,2026-10-24,current,accepted,accepted_source_identity,confirmed_exact_designator,published,operating,,,A320,,07:00,unknown; no timezone conversion,one_side_only; absence_is_not_contradiction,107983dc72d381e6897a5a333556946adcc98daef82e954d52cec1fc402c3086,p08-r65-n0400,p08-r65-n0400-departure,raw DGCA digits retained; weekday mapping separately corroborated by AAI; no DGCA legend,unknown_not_stated_by_source,passenger_or_cargo_not_stated_by_source,not_established_by_approved_schedule
ai-s26-d3dfdc2056dbea,AI,AIC,DEL,BOM,AI 2429,AI2429,123567,Monday;Tuesday;Wednesday;Friday;Saturday;Sunday,2026-03-29,2026-10-24,current,accepted,accepted_source_identity,confirmed_exact_designator,published,operating,,,A320,09:25,,unknown; no timezone conversion,one_side_only; absence_is_not_contradiction,107983dc72d381e6897a5a333556946adcc98daef82e954d52cec1fc402c3086,p21-r73-n1135,p21-r73-n1135-arrival,raw DGCA digits retained; weekday mapping separately corroborated by AAI; no DGCA legend,unknown_not_stated_by_source,passenger_or_cargo_not_stated_by_source,not_established_by_approved_schedule
ai-s26-822718b5bd5aef,AI,AIC,DEL,BOM,AI 2429,AI2429,4,Thursday,2026-04-02,2026-10-22,current,accepted,accepted_source_identity,confirmed_exact_designator,published,operating,,,A320,09:25,,unknown; no timezone conversion,one_side_only; absence_is_not_contradiction,107983dc72d381e6897a5a333556946adcc98daef82e954d52cec1fc402c3086,p21-r72-n1134,p21-r72-n1134-arrival,raw DGCA digits retained; weekday mapping separately corroborated by AAI; no DGCA legend,unknown_not_stated_by_source,passenger_or_cargo_not_stated_by_source,not_established_by_approved_schedule
ai-s26-39b578284111e6,AI,AIC,BOM,DEL,AI 2430,AI2430,1234567,Monday;Tuesday;Wednesday;Thursday;Friday;Saturday;Sunday,2026-03-29,2026-10-24,current,accepted,accepted_source_identity,confirmed_exact_designator,published,operating,,,A320,12:20,,unknown; no timezone conversion,one_side_only; absence_is_not_contradiction,107983dc72d381e6897a5a333556946adcc98daef82e954d52cec1fc402c3086,p10-r190-n0525,p10-r190-n0525-arrival,raw DGCA digits retained; weekday mapping separately corroborated by AAI; no DGCA legend,unknown_not_stated_by_source,passenger_or_cargo_not_stated_by_source,not_established_by_approved_schedule
ai-s26-58dfda887d0a00,AI,AIC,BOM,DEL,AI 2430,AI2430,123567,Monday;Tuesday;Wednesday;Friday;Saturday;Sunday,2026-03-29,2026-10-24,current,accepted,accepted_source_identity,confirmed_exact_designator,published,operating,,,A320,,10:00,unknown; no timezone conversion,one_side_only; absence_is_not_contradiction,107983dc72d381e6897a5a333556946adcc98daef82e954d52cec1fc402c3086,p21-r90-n1152,p21-r90-n1152-departure,raw DGCA digits retained; weekday mapping separately corroborated by AAI; no DGCA legend,unknown_not_stated_by_source,passenger_or_cargo_not_stated_by_source,not_established_by_approved_schedule
ai-s26-d69b0009f421ec,AI,AIC,BOM,DEL,AI 2430,AI2430,4,Thursday,2026-04-02,2026-10-22,current,accepted,accepted_source_identity,confirmed_exact_designator,published,operating,,,A320,,10:00,unknown; no timezone conversion,one_side_only; absence_is_not_contradiction,107983dc72d381e6897a5a333556946adcc98daef82e954d52cec1fc402c3086,p21-r89-n1151,p21-r89-n1151-departure,raw DGCA digits retained; weekday mapping separately corroborated by AAI; no DGCA legend,unknown_not_stated_by_source,passenger_or_cargo_not_stated_by_source,not_established_by_approved_schedule
ai-s26-461027020f9f08,AI,AIC,IXL,SXR,AI 2431,AI2431,34,Wednesday;Thursday,2026-04-01,2026-07-30,expired,expired,accepted_source_identity,expired_not_compared_to_baseline,,,,,A320,09:35,,unknown; no timezone conversion,one_side_only; absence_is_not_contradiction,107983dc72d381e6897a5a333556946adcc98daef82e954d52cec1fc402c3086,p27-r13-n1461,p27-r13-n1461-arrival,raw DGCA digits retained; weekday mapping separately corroborated by AAI; no DGCA legend,unknown_not_stated_by_source,passenger_or_cargo_not_stated_by_source,not_established_by_approved_schedule
ai-s26-65548bd617a181,AI,AIC,IXL,SXR,AI 2431,AI2431,34,Wednesday;Thursday,2026-04-01,2026-10-22,current,accepted,accepted_source_identity,confirmed_exact_designator,published,operating,,,A320,,09:00,unknown; no timezone conversion,one_side_only; absence_is_not_contradiction,107983dc72d381e6897a5a333556946adcc98daef82e954d52cec1fc402c3086,p19-r7-n1039,p19-r7-n1039-departure,raw DGCA digits retained; weekday mapping separately corroborated by AAI; no DGCA legend,unknown_not_stated_by_source,passenger_or_cargo_not_stated_by_source,not_established_by_approved_schedule
ai-s26-39169d09f2f7f6,AI,AIC,IXL,SXR,AI 2431,AI2431,34,Wednesday;Thursday,2026-08-05,2026-10-15,current,accepted,accepted_source_identity,confirmed_exact_designator,published,operating,,,A320,09:35,,unknown; no timezone conversion,one_side_only; absence_is_not_contradiction,107983dc72d381e6897a5a333556946adcc98daef82e954d52cec1fc402c3086,p27-r14-n1462,p27-r14-n1462-arrival,raw DGCA digits retained; weekday mapping separately corroborated by AAI; no DGCA legend,unknown_not_stated_by_source,passenger_or_cargo_not_stated_by_source,not_established_by_approved_schedule
ai-s26-1849b87025f002,AI,AIC,BOM,DEL,AI 2432,AI2432,1234567,Monday;Tuesday;Wednesday;Thursday;Friday;Saturday;Sunday,2026-03-29,2026-10-24,current,accepted,accepted_source_identity,confirmed_exact_designator,published,operating,,,A320,11:50,09:30,unknown; no timezone conversion,both_arrival_and_departure_rows,107983dc72d381e6897a5a333556946adcc98daef82e954d52cec1fc402c3086,p10-r175-n0510;p21-r74-n1136,p10-r175-n0510-arrival;p21-r74-n1136-departure,raw DGCA digits retained; weekday mapping separately corroborated by AAI; no DGCA legend,unknown_not_stated_by_source,passenger_or_cargo_not_stated_by_source,not_established_by_approved_schedule
ai-s26-016a4e07195062,AI,AIC,DEL,BOM,AI 2433,AI2433,1234567,Monday;Tuesday;Wednesday;Thursday;Friday;Saturday;Sunday,2026-03-29,2026-10-24,current,accepted,accepted_source_identity,confirmed_exact_designator,published,operating,,,A320,23:55,21:30,unknown; no timezone conversion,both_arrival_and_departure_rows,107983dc72d381e6897a5a333556946adcc98daef82e954d52cec1fc402c3086,p13-r377-n0712;p25-r320-n1382,p13-r377-n0712-departure;p25-r320-n1382-arrival,raw DGCA digits retained; weekday mapping separately corroborated by AAI; no DGCA legend,unknown_not_stated_by_source,passenger_or_cargo_not_stated_by_source,not_established_by_approved_schedule
ai-s26-61474f28fe2722,AI,AIC,SXR,IXL,AI 2434,AI2434,34,Wednesday;Thursday,2026-04-01,2026-07-30,expired,expired,accepted_source_identity,expired_not_compared_to_baseline,,,,,A320,,10:20,unknown; no timezone conversion,one_side_only; absence_is_not_contradiction,107983dc72d381e6897a5a333556946adcc98daef82e954d52cec1fc402c3086,p27-r17-n1465,p27-r17-n1465-departure,raw DGCA digits retained; weekday mapping separately corroborated by AAI; no DGCA legend,unknown_not_stated_by_source,passenger_or_cargo_not_stated_by_source,not_established_by_approved_schedule
ai-s26-277d8c1bee25ca,AI,AIC,SXR,IXL,AI 2434,AI2434,34,Wednesday;Thursday,2026-04-01,2026-10-22,current,accepted,accepted_source_identity,confirmed_exact_designator,published,operating,,,A320,11:25,,unknown; no timezone conversion,one_side_only; absence_is_not_contradiction,107983dc72d381e6897a5a333556946adcc98daef82e954d52cec1fc402c3086,p19-r11-n1043,p19-r11-n1043-arrival,raw DGCA digits retained; weekday mapping separately corroborated by AAI; no DGCA legend,unknown_not_stated_by_source,passenger_or_cargo_not_stated_by_source,not_established_by_approved_schedule
ai-s26-77b0569ab39a67,AI,AIC,SXR,IXL,AI 2434,AI2434,34,Wednesday;Thursday,2026-08-05,2026-10-15,current,accepted,accepted_source_identity,confirmed_exact_designator,published,operating,,,A320,,10:20,unknown; no timezone conversion,one_side_only; absence_is_not_contradiction,107983dc72d381e6897a5a333556946adcc98daef82e954d52cec1fc402c3086,p27-r18-n1466,p27-r18-n1466-departure,raw DGCA digits retained; weekday mapping separately corroborated by AAI; no DGCA legend,unknown_not_stated_by_source,passenger_or_cargo_not_stated_by_source,not_established_by_approved_schedule
ai-s26-73749904089b63,AI,AIC,IXL,IXJ,AI 2435,AI2435,157,Monday;Friday;Sunday,2026-03-29,2026-10-23,current,accepted,accepted_source_identity,confirmed_exact_designator,published,operating,,,A320,,09:00,unknown; no timezone conversion,one_side_only; absence_is_not_contradiction,107983dc72d381e6897a5a333556946adcc98daef82e954d52cec1fc402c3086,p19-r8-n1040,p19-r8-n1040-departure,raw DGCA digits retained; weekday mapping separately corroborated by AAI; no DGCA legend,unknown_not_stated_by_source,passenger_or_cargo_not_stated_by_source,not_established_by_approved_schedule
ai-s26-2195a77f1ea77b,AI,AIC,IXL,IXJ,AI 2435,AI2435,17,Monday;Sunday,2026-03-29,2026-10-19,current,accepted,accepted_source_identity,confirmed_exact_designator,published,operating,,,A320,09:45,,unknown; no timezone conversion,one_side_only; absence_is_not_contradiction,107983dc72d381e6897a5a333556946adcc98daef82e954d52cec1fc402c3086,p16-r2-n0878,p16-r2-n0878-arrival,raw DGCA digits retained; weekday mapping separately corroborated by AAI; no DGCA legend,unknown_not_stated_by_source,passenger_or_cargo_not_stated_by_source,not_established_by_approved_schedule
ai-s26-e55ddc7bae549f,AI,AIC,IXL,IXJ,AI 2435,AI2435,5,Friday,2026-04-03,2026-10-23,current,accepted,accepted_source_identity,confirmed_exact_designator,published,operating,,,A320,09:45,,unknown; no timezone conversion,one_side_only; absence_is_not_contradiction,107983dc72d381e6897a5a333556946adcc98daef82e954d52cec1fc402c3086,p16-r1-n0877,p16-r1-n0877-arrival,raw DGCA digits retained; weekday mapping separately corroborated by AAI; no DGCA legend,unknown_not_stated_by_source,passenger_or_cargo_not_stated_by_source,not_established_by_approved_schedule
ai-s26-3d867dbe9ba0ff,AI,AIC,IXJ,IXL,AI 2436,AI2436,17,Monday;Sunday,2026-03-29,2026-10-19,current,accepted,accepted_source_identity,confirmed_exact_designator,published,operating,,,A320,11:25,10:15,unknown; no timezone conversion,both_arrival_and_departure_rows,107983dc72d381e6897a5a333556946adcc98daef82e954d52cec1fc402c3086,p16-r3-n0879;p19-r13-n1045,p16-r3-n0879-departure;p19-r13-n1045-arrival,raw DGCA digits retained; weekday mapping separately corroborated by AAI; no DGCA legend,unknown_not_stated_by_source,passenger_or_cargo_not_stated_by_source,not_established_by_approved_schedule
ai-s26-cc3e4010554051,AI,AIC,IXJ,IXL,AI 2436,AI2436,5,Friday,2026-04-03,2026-10-23,current,accepted,accepted_source_identity,confirmed_exact_designator,published,operating,,,A320,11:25,10:25,unknown; no timezone conversion,both_arrival_and_departure_rows,107983dc72d381e6897a5a333556946adcc98daef82e954d52cec1fc402c3086,p16-r4-n0880;p19-r12-n1044,p16-r4-n0880-departure;p19-r12-n1044-arrival,raw DGCA digits retained; weekday mapping separately corroborated by AAI; no DGCA legend,unknown_not_stated_by_source,passenger_or_cargo_not_stated_by_source,not_established_by_approved_schedule
ai-s26-f5f25839184030,AI,AIC,DEL,BOM,AI 2437,AI2437,1234567,Monday;Tuesday;Wednesday;Thursday;Friday;Saturday;Sunday,2026-03-29,2026-10-24,current,accepted,accepted_source_identity,confirmed_exact_designator,published,operating,,,A320,,22:30,unknown; no timezone conversion,one_side_only; absence_is_not_contradiction,107983dc72d381e6897a5a333556946adcc98daef82e954d52cec1fc402c3086,p14-r397-n0732,p14-r397-n0732-departure,raw DGCA digits retained; weekday mapping separately corroborated by AAI; no DGCA legend,unknown_not_stated_by_source,passenger_or_cargo_not_stated_by_source,not_established_by_approved_schedule
ai-s26-bc823b013e47bb,AI,AIC,DEL,BOM,AI 2437,AI2437,1234567,Monday;Tuesday;Wednesday;Thursday;Friday;Saturday;Sunday,2026-03-30,2026-10-24,current,accepted,accepted_source_identity,confirmed_exact_designator,published,operating,,,A320,00:55,,unknown; no timezone conversion,one_side_only; absence_is_not_contradiction,107983dc72d381e6897a5a333556946adcc98daef82e954d52cec1fc402c3086,p20-r10-n1072,p20-r10-n1072-arrival,raw DGCA digits retained; weekday mapping separately corroborated by AAI; no DGCA legend,unknown_not_stated_by_source,passenger_or_cargo_not_stated_by_source,not_established_by_approved_schedule
ai-s26-919441e631c2a6,AI,AIC,DEL,BOM,AI 2437,AI2437,7,Sunday,2026-03-29,2026-03-29,expired,expired,accepted_source_identity,expired_not_compared_to_baseline,,,,,A320,00:55,,unknown; no timezone conversion,one_side_only; absence_is_not_contradiction,107983dc72d381e6897a5a333556946adcc98daef82e954d52cec1fc402c3086,p20-r9-n1071,p20-r9-n1071-arrival,raw DGCA digits retained; weekday mapping separately corroborated by AAI; no DGCA legend,unknown_not_stated_by_source,passenger_or_cargo_not_stated_by_source,not_established_by_approved_schedule
ai-s26-5fa3eb218e76bc,AI,AIC,DEL,DED,AI 2438,AI2438,1234567,Monday;Tuesday;Wednesday;Thursday;Friday;Saturday;Sunday,2026-04-10,2026-05-01,expired,expired,accepted_source_identity,expired_not_compared_to_baseline,,,,,A320,14:45,,unknown; no timezone conversion,one_side_only; absence_is_not_contradiction,107983dc72d381e6897a5a333556946adcc98daef82e954d52cec1fc402c3086,p07-r9-n0324,p07-r9-n0324-arrival,raw DGCA digits retained; weekday mapping separately corroborated by AAI; no DGCA legend,unknown_not_stated_by_source,passenger_or_cargo_not_stated_by_source,not_established_by_approved_schedule
ai-s26-7c441f25381e5d,AI,AIC,DEL,DED,AI 2438,AI2438,1234567,Monday;Tuesday;Wednesday;Thursday;Friday;Saturday;Sunday,2026-05-06,2026-05-13,expired,expired,accepted_source_identity,expired_not_compared_to_baseline,,,,,A320,14:45,,unknown; no timezone conversion,one_side_only; absence_is_not_contradiction,107983dc72d381e6897a5a333556946adcc98daef82e954d52cec1fc402c3086,p07-r10-n0325,p07-r10-n0325-arrival,raw DGCA digits retained; weekday mapping separately corroborated by AAI; no DGCA legend,unknown_not_stated_by_source,passenger_or_cargo_not_stated_by_source,not_established_by_approved_schedule
ai-s26-42e2d0551f4d17,AI,AIC,DEL,DED,AI 2438,AI2438,1234567,Monday;Tuesday;Wednesday;Thursday;Friday;Saturday;Sunday,2026-09-15,2026-10-24,current,accepted,accepted_source_identity,confirmed_exact_designator,published,operating,,,A320,14:45,,unknown; no timezone conversion,one_side_only; absence_is_not_contradiction,107983dc72d381e6897a5a333556946adcc98daef82e954d52cec1fc402c3086,p07-r11-n0326,p07-r11-n0326-arrival,raw DGCA digits retained; weekday mapping separately corroborated by AAI; no DGCA legend,unknown_not_stated_by_source,passenger_or_cargo_not_stated_by_source,not_established_by_approved_schedule
ai-s26-25d3466aa1f323,AI,AIC,DEL,DED,AI 2438,AI2438,123457,Monday;Tuesday;Wednesday;Thursday;Friday;Sunday,2026-06-14,2026-09-14,expired,expired,accepted_source_identity,expired_not_compared_to_baseline,,,,,A320,14:45,,unknown; no timezone conversion,one_side_only; absence_is_not_contradiction,107983dc72d381e6897a5a333556946adcc98daef82e954d52cec1fc402c3086,p07-r8-n0323,p07-r8-n0323-arrival,raw DGCA digits retained; weekday mapping separately corroborated by AAI; no DGCA legend,unknown_not_stated_by_source,passenger_or_cargo_not_stated_by_source,not_established_by_approved_schedule
ai-s26-f4ae21ee3522d6,AI,AIC,DEL,DED,AI 2438,AI2438,17,Monday;Sunday,2026-05-03,2026-05-04,expired,expired,accepted_source_identity,expired_not_compared_to_baseline,,,,,A320,14:45,,unknown; no timezone conversion,one_side_only; absence_is_not_contradiction,107983dc72d381e6897a5a333556946adcc98daef82e954d52cec1fc402c3086,p07-r7-n0322,p07-r7-n0322-arrival,raw DGCA digits retained; weekday mapping separately corroborated by AAI; no DGCA legend,unknown_not_stated_by_source,passenger_or_cargo_not_stated_by_source,not_established_by_approved_schedule
ai-s26-d762de1e449818,AI,AIC,DEL,DED,AI 2438,AI2438,4,Thursday,2026-04-09,2026-04-09,expired,expired,accepted_source_identity,expired_not_compared_to_baseline,,,,,A320,14:45,,unknown; no timezone conversion,one_side_only; absence_is_not_contradiction,107983dc72d381e6897a5a333556946adcc98daef82e954d52cec1fc402c3086,p07-r6-n0321,p07-r6-n0321-arrival,raw DGCA digits retained; weekday mapping separately corroborated by AAI; no DGCA legend,unknown_not_stated_by_source,passenger_or_cargo_not_stated_by_source,not_established_by_approved_schedule
ai-s26-f7864bcb08ea5e,AI,AIC,DEL,BOM,AI 2439,AI2439,123467,Monday;Tuesday;Wednesday;Thursday;Saturday;Sunday,2026-03-29,2026-10-24,current,accepted,accepted_source_identity,confirmed_exact_designator,published,operating,,,A320,,23:00,unknown; no timezone conversion,one_side_only; absence_is_not_contradiction,107983dc72d381e6897a5a333556946adcc98daef82e954d52cec1fc402c3086,p14-r410-n0745,p14-r410-n0745-departure,raw DGCA digits retained; weekday mapping separately corroborated by AAI; no DGCA legend,unknown_not_stated_by_source,passenger_or_cargo_not_stated_by_source,not_established_by_approved_schedule
ai-s26-938bd20e13dfc2,AI,AIC,DEL,BOM,AI 2439,AI2439,5,Friday,2026-04-03,2026-10-23,current,accepted,accepted_source_identity,confirmed_exact_designator,published,operating,,,B787,,23:00,unknown; no timezone conversion,one_side_only; absence_is_not_contradiction,107983dc72d381e6897a5a333556946adcc98daef82e954d52cec1fc402c3086,p14-r411-n0746,p14-r411-n0746-departure,raw DGCA digits retained; weekday mapping separately corroborated by AAI; no DGCA legend,unknown_not_stated_by_source,passenger_or_cargo_not_stated_by_source,not_established_by_approved_schedule
ai-s26-d8439e61f69407,AI,AIC,BOM,DEL,AI 2440,AI2440,12,Monday;Tuesday,2026-03-30,2026-10-20,current,accepted,accepted_source_identity,confirmed_exact_designator,published,operating,,,A320,,18:00,unknown; no timezone conversion,one_side_only; absence_is_not_contradiction,107983dc72d381e6897a5a333556946adcc98daef82e954d52cec1fc402c3086,p23-r224-n1286,p23-r224-n1286-departure,raw DGCA digits retained; weekday mapping separately corroborated by AAI; no DGCA legend,unknown_not_stated_by_source,passenger_or_cargo_not_stated_by_source,not_established_by_approved_schedule
ai-s26-617ac0e48d76bb,AI,AIC,BOM,DEL,AI 2440,AI2440,123567,Monday;Tuesday;Wednesday;Friday;Saturday;Sunday,2026-03-29,2026-10-24,current,accepted,accepted_source_identity,confirmed_exact_designator,published,operating,,,A320,20:20,,unknown; no timezone conversion,one_side_only; absence_is_not_contradiction,107983dc72d381e6897a5a333556946adcc98daef82e954d52cec1fc402c3086,p13-r354-n0689,p13-r354-n0689-arrival,raw DGCA digits retained; weekday mapping separately corroborated by AAI; no DGCA legend,unknown_not_stated_by_source,passenger_or_cargo_not_stated_by_source,not_established_by_approved_schedule
ai-s26-385f34259fc99f,AI,AIC,BOM,DEL,AI 2440,AI2440,3567,Wednesday;Friday;Saturday;Sunday,2026-03-29,2026-10-24,current,accepted,accepted_source_identity,confirmed_exact_designator,published,operating,,,A320,,18:00,unknown; no timezone conversion,one_side_only; absence_is_not_contradiction,107983dc72d381e6897a5a333556946adcc98daef82e954d52cec1fc402c3086,p23-r223-n1285,p23-r223-n1285-departure,raw DGCA digits retained; weekday mapping separately corroborated by AAI; no DGCA legend,unknown_not_stated_by_source,passenger_or_cargo_not_stated_by_source,not_established_by_approved_schedule
ai-s26-011aa182639c48,AI,AIC,BOM,DEL,AI 2440,AI2440,4,Thursday,2026-04-02,2026-06-25,expired,expired,accepted_source_identity,expired_not_compared_to_baseline,,,,,B787,,18:00,unknown; no timezone conversion,one_side_only; absence_is_not_contradiction,107983dc72d381e6897a5a333556946adcc98daef82e954d52cec1fc402c3086,p23-r225-n1287,p23-r225-n1287-departure,raw DGCA digits retained; weekday mapping separately corroborated by AAI; no DGCA legend,unknown_not_stated_by_source,passenger_or_cargo_not_stated_by_source,not_established_by_approved_schedule
ai-s26-26b7a10fd78b43,AI,AIC,BOM,DEL,AI 2440,AI2440,4,Thursday,2026-04-02,2026-10-22,current,accepted,accepted_source_identity,confirmed_exact_designator,published,operating,,,B787,20:25,,unknown; no timezone conversion,one_side_only; absence_is_not_contradiction,107983dc72d381e6897a5a333556946adcc98daef82e954d52cec1fc402c3086,p13-r355-n0690,p13-r355-n0690-arrival,raw DGCA digits retained; weekday mapping separately corroborated by AAI; no DGCA legend,unknown_not_stated_by_source,passenger_or_cargo_not_stated_by_source,not_established_by_approved_schedule
ai-s26-7119790a74f4be,AI,AIC,BOM,DEL,AI 2440,AI2440,4,Thursday,2026-07-02,2026-07-23,expired,expired,accepted_source_identity,expired_not_compared_to_baseline,,,,,B787,,18:00,unknown; no timezone conversion,one_side_only; absence_is_not_contradiction,107983dc72d381e6897a5a333556946adcc98daef82e954d52cec1fc402c3086,p24-r226-n1288,p24-r226-n1288-departure,raw DGCA digits retained; weekday mapping separately corroborated by AAI; no DGCA legend,unknown_not_stated_by_source,passenger_or_cargo_not_stated_by_source,not_established_by_approved_schedule
ai-s26-0f6d9bb57acb9f,AI,AIC,BOM,DEL,AI 2440,AI2440,4,Thursday,2026-07-30,2026-10-22,current,accepted,accepted_source_identity,confirmed_exact_designator,published,operating,,,B787,,18:00,unknown; no timezone conversion,one_side_only; absence_is_not_contradiction,107983dc72d381e6897a5a333556946adcc98daef82e954d52cec1fc402c3086,p24-r227-n1289,p24-r227-n1289-departure,raw DGCA digits retained; weekday mapping separately corroborated by AAI; no DGCA legend,unknown_not_stated_by_source,passenger_or_cargo_not_stated_by_source,not_established_by_approved_schedule
ai-s26-6b3714a8948357,AI,AIC,DEL,BOM,AI 2441,AI2441,1234567,Monday;Tuesday;Wednesday;Thursday;Friday;Saturday;Sunday,2026-03-29,2026-10-24,current,accepted,accepted_source_identity,confirmed_exact_designator,published,operating,,,A321,,14:10,unknown; no timezone conversion,one_side_only; absence_is_not_contradiction,107983dc72d381e6897a5a333556946adcc98daef82e954d52cec1fc402c3086,p11-r224-n0559,p11-r224-n0559-departure,raw DGCA digits retained; weekday mapping separately corroborated by AAI; no DGCA legend,unknown_not_stated_by_source,passenger_or_cargo_not_stated_by_source,not_established_by_approved_schedule
ai-s26-09457dd15f0537,AI,AIC,DEL,BOM,AI 2441,AI2441,123567,Monday;Tuesday;Wednesday;Friday;Saturday;Sunday,2026-03-29,2026-10-24,current,accepted,accepted_source_identity,confirmed_exact_designator,published,operating,,,A320,16:35,,unknown; no timezone conversion,one_side_only; absence_is_not_contradiction,107983dc72d381e6897a5a333556946adcc98daef82e954d52cec1fc402c3086,p23-r203-n1265,p23-r203-n1265-arrival,raw DGCA digits retained; weekday mapping separately corroborated by AAI; no DGCA legend,unknown_not_stated_by_source,passenger_or_cargo_not_stated_by_source,not_established_by_approved_schedule
ai-s26-e33dc4b7cd4543,AI,AIC,DEL,BOM,AI 2441,AI2441,4,Thursday,2026-04-02,2026-10-22,current,accepted,accepted_source_identity,confirmed_exact_designator,published,operating,,,A320,16:35,,unknown; no timezone conversion,one_side_only; absence_is_not_contradiction,107983dc72d381e6897a5a333556946adcc98daef82e954d52cec1fc402c3086,p23-r202-n1264,p23-r202-n1264-arrival,raw DGCA digits retained; weekday mapping separately corroborated by AAI; no DGCA legend,unknown_not_stated_by_source,passenger_or_cargo_not_stated_by_source,not_established_by_approved_schedule
ai-s26-41aff5e241d06a,AI,AIC,BOM,DEL,AI 2442,AI2442,123567,Monday;Tuesday;Wednesday;Friday;Saturday;Sunday,2026-03-29,2026-10-24,current,accepted,accepted_source_identity,confirmed_exact_designator,published,operating,,,A320,17:20,15:00,unknown; no timezone conversion,both_arrival_and_departure_rows,107983dc72d381e6897a5a333556946adcc98daef82e954d52cec1fc402c3086,p12-r297-n0632;p23-r174-n1236,p12-r297-n0632-arrival;p23-r174-n1236-departure,raw DGCA digits retained; weekday mapping separately corroborated by AAI; no DGCA legend,unknown_not_stated_by_source,passenger_or_cargo_not_stated_by_source,not_established_by_approved_schedule
ai-s26-22fa05facc3dea,AI,AIC,BOM,HYD,AI 2444,AI2444,1234567,Monday;Tuesday;Wednesday;Thursday;Friday;Saturday;Sunday,2026-03-29,2026-10-24,current,accepted,accepted_source_identity,confirmed_exact_designator,published,operating,,,A320,12:25,10:50,unknown; no timezone conversion,both_arrival_and_departure_rows,107983dc72d381e6897a5a333556946adcc98daef82e954d52cec1fc402c3086,p15-r27-n0817;p21-r106-n1168,p15-r27-n0817-arrival;p21-r106-n1168-departure,raw DGCA digits retained; weekday mapping separately corroborated by AAI; no DGCA legend,unknown_not_stated_by_source,passenger_or_cargo_not_stated_by_source,not_established_by_approved_schedule
ai-s26-be1f01db971385,AI,AIC,HYD,BOM,AI 2445,AI2445,1234567,Monday;Tuesday;Wednesday;Thursday;Friday;Saturday;Sunday,2026-03-29,2026-10-24,current,accepted,accepted_source_identity,confirmed_exact_designator,published,operating,,,A320,16:25,14:25,unknown; no timezone conversion,both_arrival_and_departure_rows,107983dc72d381e6897a5a333556946adcc98daef82e954d52cec1fc402c3086,p15-r32-n0822;p23-r199-n1261,p15-r32-n0822-departure;p23-r199-n1261-arrival,raw DGCA digits retained; weekday mapping separately corroborated by AAI; no DGCA legend,unknown_not_stated_by_source,passenger_or_cargo_not_stated_by_source,not_established_by_approved_schedule
ai-s26-48a11462a028e6,AI,AIC,HYD,BOM,AI 2447,AI2447,1234567,Monday;Tuesday;Wednesday;Thursday;Friday;Saturday;Sunday,2026-03-29,2026-10-24,current,accepted,accepted_source_identity,confirmed_exact_designator,published,operating,,,A320,19:25,17:25,unknown; no timezone conversion,both_arrival_and_departure_rows,107983dc72d381e6897a5a333556946adcc98daef82e954d52cec1fc402c3086,p15-r38-n0828;p24-r250-n1312,p15-r38-n0828-departure;p24-r250-n1312-arrival,raw DGCA digits retained; weekday mapping separately corroborated by AAI; no DGCA legend,unknown_not_stated_by_source,passenger_or_cargo_not_stated_by_source,not_established_by_approved_schedule
ai-s26-9cec8062da667e,AI,AIC,GOI,DEL,AI 2448,AI2448,7,Sunday,2026-03-29,2026-03-29,expired,expired,accepted_source_identity,expired_not_compared_to_baseline,,,,,A320,00:40,,unknown; no timezone conversion,one_side_only; absence_is_not_contradiction,107983dc72d381e6897a5a333556946adcc98daef82e954d52cec1fc402c3086,p07-r12-n0347,p07-r12-n0347-arrival,raw DGCA digits retained; weekday mapping separately corroborated by AAI; no DGCA legend,unknown_not_stated_by_source,passenger_or_cargo_not_stated_by_source,not_established_by_approved_schedule
ai-s26-3723d412d7aad4,AI,AIC,IXC,IXL,AI 2448,AI2448,2,Tuesday,2026-03-31,2026-03-31,expired,expired,accepted_source_identity,expired_not_compared_to_baseline,,,,,A320,,10:20,unknown; no timezone conversion,one_side_only; absence_is_not_contradiction,107983dc72d381e6897a5a333556946adcc98daef82e954d52cec1fc402c3086,p05-r13-n0248,p05-r13-n0248-departure,raw DGCA digits retained; weekday mapping separately corroborated by AAI; no DGCA legend,unknown_not_stated_by_source,passenger_or_cargo_not_stated_by_source,not_established_by_approved_schedule
ai-s26-e14e28db335528,AI,AIC,IXC,IXL,AI 2448,AI2448,26,Tuesday;Saturday,2026-03-31,2026-10-24,current,accepted,accepted_source_identity,confirmed_exact_designator,published,operating,,,A320,11:25,,unknown; no timezone conversion,one_side_only; absence_is_not_contradiction,107983dc72d381e6897a5a333556946adcc98daef82e954d52cec1fc402c3086,p19-r14-n1046,p19-r14-n1046-arrival,raw DGCA digits retained; weekday mapping separately corroborated by AAI; no DGCA legend,unknown_not_stated_by_source,passenger_or_cargo_not_stated_by_source,not_established_by_approved_schedule
ai-s26-4e0704eedb4624,AI,AIC,IXC,IXL,AI 2448,AI2448,26,Tuesday;Saturday,2026-04-04,2026-10-20,current,accepted,accepted_source_identity,confirmed_exact_designator,published,operating,,,A320,,10:35,unknown; no timezone conversion,one_side_only; absence_is_not_contradiction,107983dc72d381e6897a5a333556946adcc98daef82e954d52cec1fc402c3086,p05-r14-n0249,p05-r14-n0249-departure,raw DGCA digits retained; weekday mapping separately corroborated by AAI; no DGCA legend,unknown_not_stated_by_source,passenger_or_cargo_not_stated_by_source,not_established_by_approved_schedule
ai-s26-d3efe4d7ac74a1,AI,AIC,IXC,IXL,AI 2448,AI2448,6,Saturday,2026-10-24,2026-10-24,future,accepted,accepted_source_identity,confirmed_exact_designator,published,operating,,,A320,,10:20,unknown; no timezone conversion,one_side_only; absence_is_not_contradiction,107983dc72d381e6897a5a333556946adcc98daef82e954d52cec1fc402c3086,p05-r12-n0247,p05-r12-n0247-departure,raw DGCA digits retained; weekday mapping separately corroborated by AAI; no DGCA legend,unknown_not_stated_by_source,passenger_or_cargo_not_stated_by_source,not_established_by_approved_schedule
ai-s26-3946d1d939f78c,AI,AIC,DEL,HYD,AI 2449,AI2449,1234567,Monday;Tuesday;Wednesday;Thursday;Friday;Saturday;Sunday,2026-03-29,2026-10-24,current,accepted,accepted_source_identity,confirmed_exact_designator,published,operating,,,A320,,22:00,unknown; no timezone conversion,one_side_only; absence_is_not_contradiction,107983dc72d381e6897a5a333556946adcc98daef82e954d52cec1fc402c3086,p13-r386-n0721,p13-r386-n0721-departure,raw DGCA digits retained; weekday mapping separately corroborated by AAI; no DGCA legend,unknown_not_stated_by_source,passenger_or_cargo_not_stated_by_source,not_established_by_approved_schedule
ai-s26-b98cbd82da9da4,AI,AIC,DEL,HYD,AI 2449,AI2449,1234567,Monday;Tuesday;Wednesday;Thursday;Friday;Saturday;Sunday,2026-03-30,2026-10-24,current,accepted,accepted_source_identity,confirmed_exact_designator,published,operating,,,A320,00:20,,unknown; no timezone conversion,one_side_only; absence_is_not_contradiction,107983dc72d381e6897a5a333556946adcc98daef82e954d52cec1fc402c3086,p15-r1-n0791,p15-r1-n0791-arrival,raw DGCA digits retained; weekday mapping separately corroborated by AAI; no DGCA legend,unknown_not_stated_by_source,passenger_or_cargo_not_stated_by_source,not_established_by_approved_schedule
ai-s26-fc99489817279b,AI,AIC,DEL,HYD,AI 2449,AI2449,7,Sunday,2026-03-29,2026-03-29,expired,expired,accepted_source_identity,expired_not_compared_to_baseline,,,,,A320,00:25,,unknown; no timezone conversion,one_side_only; absence_is_not_contradiction,107983dc72d381e6897a5a333556946adcc98daef82e954d52cec1fc402c3086,p15-r2-n0792,p15-r2-n0792-arrival,raw DGCA digits retained; weekday mapping separately corroborated by AAI; no DGCA legend,unknown_not_stated_by_source,passenger_or_cargo_not_stated_by_source,not_established_by_approved_schedule
ai-s26-6322febd2dd7f4,AI,AIC,BOM,DEL,AI 2452,AI2452,5,Friday,2026-04-03,2026-10-23,current,accepted,accepted_source_identity,confirmed_exact_designator,published,operating,,,A320,05:25,03:05,unknown; no timezone conversion,both_arrival_and_departure_rows,107983dc72d381e6897a5a333556946adcc98daef82e954d52cec1fc402c3086,p07-r38-n0373;p20-r17-n1079,p07-r38-n0373-arrival;p20-r17-n1079-departure,raw DGCA digits retained; weekday mapping separately corroborated by AAI; no DGCA legend,unknown_not_stated_by_source,passenger_or_cargo_not_stated_by_source,not_established_by_approved_schedule
ai-s26-b8f8ac2ca386da,AI,AIC,DEL,IXL,AI 2454,AI2454,1234567,Monday;Tuesday;Wednesday;Thursday;Friday;Saturday;Sunday,2026-03-29,2026-10-24,current,accepted,accepted_source_identity,confirmed_exact_designator,published,operating,,,A320,09:30,08:00,unknown; no timezone conversion,both_arrival_and_departure_rows,107983dc72d381e6897a5a333556946adcc98daef82e954d52cec1fc402c3086,p08-r87-n0422;p19-r9-n1041,p08-r87-n0422-departure;p19-r9-n1041-arrival,raw DGCA digits retained; weekday mapping separately corroborated by AAI; no DGCA legend,unknown_not_stated_by_source,passenger_or_cargo_not_stated_by_source,not_established_by_approved_schedule
ai-s26-5114bfeea0b013,AI,AIC,IXL,DEL,AI 2455,AI2455,1234567,Monday;Tuesday;Wednesday;Thursday;Friday;Saturday;Sunday,2026-03-29,2026-10-24,current,accepted,accepted_source_identity,confirmed_exact_designator,published,operating,,,A320,11:40,10:00,unknown; no timezone conversion,both_arrival_and_departure_rows,107983dc72d381e6897a5a333556946adcc98daef82e954d52cec1fc402c3086,p10-r172-n0507;p19-r10-n1042,p10-r172-n0507-arrival;p19-r10-n1042-departure,raw DGCA digits retained; weekday mapping separately corroborated by AAI; no DGCA legend,unknown_not_stated_by_source,passenger_or_cargo_not_stated_by_source,not_established_by_approved_schedule
ai-s26-6da9b0af28ed40,AI,AIC,DEL,COK,AI 2458,AI2458,134567,Monday;Wednesday;Thursday;Friday;Saturday;Sunday,2026-03-29,2026-10-24,current,accepted,accepted_source_identity,confirmed_exact_designator,published,operating,,,A320,15:20,12:10,unknown; no timezone conversion,both_arrival_and_departure_rows,107983dc72d381e6897a5a333556946adcc98daef82e954d52cec1fc402c3086,p10-r185-n0520;p18-r16-n0974,p10-r185-n0520-departure;p18-r16-n0974-arrival,raw DGCA digits retained; weekday mapping separately corroborated by AAI; no DGCA legend,unknown_not_stated_by_source,passenger_or_cargo_not_stated_by_source,not_established_by_approved_schedule
ai-s26-d15d07ea712bdf,AI,AIC,COK,DEL,AI 2459,AI2459,134567,Monday;Wednesday;Thursday;Friday;Saturday;Sunday,2026-03-29,2026-10-24,current,accepted,accepted_source_identity,confirmed_exact_designator,published,operating,,,A320,19:20,16:00,unknown; no timezone conversion,both_arrival_and_departure_rows,107983dc72d381e6897a5a333556946adcc98daef82e954d52cec1fc402c3086,p13-r336-n0671;p18-r18-n0976,p13-r336-n0671-arrival;p18-r18-n0976-departure,raw DGCA digits retained; weekday mapping separately corroborated by AAI; no DGCA legend,unknown_not_stated_by_source,passenger_or_cargo_not_stated_by_source,not_established_by_approved_schedule
ai-s26-88592ac994e0b9,AI,AIC,DEL,IXL,AI 2461,AI2461,246,Tuesday;Thursday;Saturday,2026-03-31,2026-10-24,current,accepted,accepted_source_identity,confirmed_exact_designator,published,operating,,,A320,,06:50,unknown; no timezone conversion,one_side_only; absence_is_not_contradiction,107983dc72d381e6897a5a333556946adcc98daef82e954d52cec1fc402c3086,p08-r64-n0399,p08-r64-n0399-departure,raw DGCA digits retained; weekday mapping separately corroborated by AAI; no DGCA legend,unknown_not_stated_by_source,passenger_or_cargo_not_stated_by_source,not_established_by_approved_schedule
ai-s26-15eb26e2f5cf2a,AI,AIC,LKO,DEL,AI 2461,AI2461,7,Sunday,2026-03-29,2026-03-29,expired,expired,accepted_source_identity,expired_not_compared_to_baseline,,,,,A320,01:00,,unknown; no timezone conversion,one_side_only; absence_is_not_contradiction,107983dc72d381e6897a5a333556946adcc98daef82e954d52cec1fc402c3086,p07-r18-n0353,p07-r18-n0353-arrival,raw DGCA digits retained; weekday mapping separately corroborated by AAI; no DGCA legend,unknown_not_stated_by_source,passenger_or_cargo_not_stated_by_source,not_established_by_approved_schedule
ai-s26-02e149c28ab146,AI,AIC,IXL,DEL,AI 2462,AI2462,246,Tuesday;Thursday;Saturday,2026-03-31,2026-10-24,current,accepted,accepted_source_identity,confirmed_exact_designator,published,operating,,,A320,13:55,,unknown; no timezone conversion,one_side_only; absence_is_not_contradiction,107983dc72d381e6897a5a333556946adcc98daef82e954d52cec1fc402c3086,p11-r217-n0552,p11-r217-n0552-arrival,raw DGCA digits retained; weekday mapping separately corroborated by AAI; no DGCA legend,unknown_not_stated_by_source,passenger_or_cargo_not_stated_by_source,not_established_by_approved_schedule
ai-s26-e3d156deb4e468,AI,AIC,DEL,IXL,AI 2463,AI2463,1234567,Monday;Tuesday;Wednesday;Thursday;Friday;Saturday;Sunday,2026-03-29,2026-10-24,current,accepted,accepted_source_identity,confirmed_exact_designator,published,operating,,,A320,,06:40,unknown; no timezone conversion,one_side_only; absence_is_not_contradiction,107983dc72d381e6897a5a333556946adcc98daef82e954d52cec1fc402c3086,p08-r61-n0396,p08-r61-n0396-departure,raw DGCA digits retained; weekday mapping separately corroborated by AAI; no DGCA legend,unknown_not_stated_by_source,passenger_or_cargo_not_stated_by_source,not_established_by_approved_schedule
ai-s26-2feef236decd00,AI,AIC,DEL,IXL,AI 2463,AI2463,157,Monday;Friday;Sunday,2026-03-29,2026-10-23,current,accepted,accepted_source_identity,confirmed_exact_designator,published,operating,,,A320,08:15,,unknown; no timezone conversion,one_side_only; absence_is_not_contradiction,107983dc72d381e6897a5a333556946adcc98daef82e954d52cec1fc402c3086,p19-r5-n1037,p19-r5-n1037-arrival,raw DGCA digits retained; weekday mapping separately corroborated by AAI; no DGCA legend,unknown_not_stated_by_source,passenger_or_cargo_not_stated_by_source,not_established_by_approved_schedule
ai-s26-7d6bbc12dfbf84,AI,AIC,DEL,IXL,AI 2463,AI2463,26,Tuesday;Saturday,2026-03-31,2026-10-24,current,accepted,accepted_source_identity,confirmed_exact_designator,published,operating,,,A320,08:15,,unknown; no timezone conversion,one_side_only; absence_is_not_contradiction,107983dc72d381e6897a5a333556946adcc98daef82e954d52cec1fc402c3086,p19-r4-n1036,p19-r4-n1036-arrival,raw DGCA digits retained; weekday mapping separately corroborated by AAI; no DGCA legend,unknown_not_stated_by_source,passenger_or_cargo_not_stated_by_source,not_established_by_approved_schedule
ai-s26-b56046500ab7c2,AI,AIC,DEL,IXL,AI 2463,AI2463,34,Wednesday;Thursday,2026-04-01,2026-10-22,current,accepted,accepted_source_identity,confirmed_exact_designator,published,operating,,,A320,08:15,,unknown; no timezone conversion,one_side_only; absence_is_not_contradiction,107983dc72d381e6897a5a333556946adcc98daef82e954d52cec1fc402c3086,p19-r3-n1035,p19-r3-n1035-arrival,raw DGCA digits retained; weekday mapping separately corroborated by AAI; no DGCA legend,unknown_not_stated_by_source,passenger_or_cargo_not_stated_by_source,not_established_by_approved_schedule
ai-s26-baef9db07eeb35,AI,AIC,IXL,DEL,AI 2464,AI2464,1234567,Monday;Tuesday;Wednesday;Thursday;Friday;Saturday;Sunday,2026-03-29,2026-10-24,current,accepted,accepted_source_identity,confirmed_exact_designator,published,operating,,,A320,13:35,,unknown; no timezone conversion,one_side_only; absence_is_not_contradiction,107983dc72d381e6897a5a333556946adcc98daef82e954d52cec1fc402c3086,p10-r208-n0543,p10-r208-n0543-arrival,raw DGCA digits retained; weekday mapping separately corroborated by AAI; no DGCA legend,unknown_not_stated_by_source,passenger_or_cargo_not_stated_by_source,not_established_by_approved_schedule
ai-s26-f63bc6691648fc,AI,AIC,IXL,DEL,AI 2464,AI2464,17,Monday;Sunday,2026-03-29,2026-10-19,current,accepted,accepted_source_identity,confirmed_exact_designator,published,operating,,,A320,,12:10,unknown; no timezone conversion,one_side_only; absence_is_not_contradiction,107983dc72d381e6897a5a333556946adcc98daef82e954d52cec1fc402c3086,p19-r18-n1050,p19-r18-n1050-departure,raw DGCA digits retained; weekday mapping separately corroborated by AAI; no DGCA legend,unknown_not_stated_by_source,passenger_or_cargo_not_stated_by_source,not_established_by_approved_schedule
ai-s26-b01ea14b66c897,AI,AIC,IXL,DEL,AI 2464,AI2464,26,Tuesday;Saturday,2026-03-31,2026-10-24,current,accepted,accepted_source_identity,confirmed_exact_designator,published,operating,,,A320,,12:10,unknown; no timezone conversion,one_side_only; absence_is_not_contradiction,107983dc72d381e6897a5a333556946adcc98daef82e954d52cec1fc402c3086,p19-r17-n1049,p19-r17-n1049-departure,raw DGCA digits retained; weekday mapping separately corroborated by AAI; no DGCA legend,unknown_not_stated_by_source,passenger_or_cargo_not_stated_by_source,not_established_by_approved_schedule
ai-s26-e14de2f0f27d9a,AI,AIC,IXL,DEL,AI 2464,AI2464,34,Wednesday;Thursday,2026-04-01,2026-10-22,current,accepted,accepted_source_identity,confirmed_exact_designator,published,operating,,,A320,,12:10,unknown; no timezone conversion,one_side_only; absence_is_not_contradiction,107983dc72d381e6897a5a333556946adcc98daef82e954d52cec1fc402c3086,p19-r16-n1048,p19-r16-n1048-departure,raw DGCA digits retained; weekday mapping separately corroborated by AAI; no DGCA legend,unknown_not_stated_by_source,passenger_or_cargo_not_stated_by_source,not_established_by_approved_schedule
ai-s26-f40d4c057e722a,AI,AIC,IXL,DEL,AI 2464,AI2464,5,Friday,2026-04-03,2026-10-23,current,accepted,accepted_source_identity,confirmed_exact_designator,published,operating,,,A320,,12:10,unknown; no timezone conversion,one_side_only; absence_is_not_contradiction,107983dc72d381e6897a5a333556946adcc98daef82e954d52cec1fc402c3086,p19-r15-n1047,p19-r15-n1047-departure,raw DGCA digits retained; weekday mapping separately corroborated by AAI; no DGCA legend,unknown_not_stated_by_source,passenger_or_cargo_not_stated_by_source,not_established_by_approved_schedule
ai-s26-04eceb3859f24d,AI,AIC,DEL,HYD,AI 2465,AI2465,1234567,Monday;Tuesday;Wednesday;Thursday;Friday;Saturday;Sunday,2026-03-29,2026-10-24,current,accepted,accepted_source_identity,confirmed_exact_designator,published,operating,,,A320,16:40,14:30,unknown; no timezone conversion,both_arrival_and_departure_rows,107983dc72d381e6897a5a333556946adcc98daef82e954d52cec1fc402c3086,p11-r230-n0565;p15-r37-n0827,p11-r230-n0565-departure;p15-r37-n0827-arrival,raw DGCA digits retained; weekday mapping separately corroborated by AAI; no DGCA legend,unknown_not_stated_by_source,passenger_or_cargo_not_stated_by_source,not_established_by_approved_schedule
ai-s26-21bafdd233fe78,AI,AIC,HYD,DEL,AI 2466,AI2466,1234567,Monday;Tuesday;Wednesday;Thursday;Friday;Saturday;Sunday,2026-03-29,2026-10-24,current,accepted,accepted_source_identity,confirmed_exact_designator,published,operating,,,A320,10:55,08:35,unknown; no timezone conversion,both_arrival_and_departure_rows,107983dc72d381e6897a5a333556946adcc98daef82e954d52cec1fc402c3086,p09-r154-n0489;p15-r18-n0808,p09-r154-n0489-arrival;p15-r18-n0808-departure,raw DGCA digits retained; weekday mapping separately corroborated by AAI; no DGCA legend,unknown_not_stated_by_source,passenger_or_cargo_not_stated_by_source,not_established_by_approved_schedule
ai-s26-0ccad03ec7ea05,AI,AIC,DEL,MAA,AI 2467,AI2467,1234567,Monday;Tuesday;Wednesday;Thursday;Friday;Saturday;Sunday,2026-03-29,2026-10-24,current,accepted,accepted_source_identity,confirmed_exact_designator,published,operating,,,A320,12:45,10:00,unknown; no timezone conversion,both_arrival_and_departure_rows,107983dc72d381e6897a5a333556946adcc98daef82e954d52cec1fc402c3086,p06-r23-n0284;p09-r133-n0468,p06-r23-n0284-arrival;p09-r133-n0468-departure,raw DGCA digits retained; weekday mapping separately corroborated by AAI; no DGCA legend,unknown_not_stated_by_source,passenger_or_cargo_not_stated_by_source,not_established_by_approved_schedule
ai-s26-d6ce021b5146c3,AI,AIC,MAA,DEL,AI 2468,AI2468,1234567,Monday;Tuesday;Wednesday;Thursday;Friday;Saturday;Sunday,2026-03-29,2026-10-24,current,accepted,accepted_source_identity,confirmed_exact_designator,published,operating,,,A320,16:55,14:00,unknown; no timezone conversion,both_arrival_and_departure_rows,107983dc72d381e6897a5a333556946adcc98daef82e954d52cec1fc402c3086,p06-r24-n0285;p12-r285-n0620,p06-r24-n0285-departure;p12-r285-n0620-arrival,raw DGCA digits retained; weekday mapping separately corroborated by AAI; no DGCA legend,unknown_not_stated_by_source,passenger_or_cargo_not_stated_by_source,not_established_by_approved_schedule
ai-s26-0edca999299efc,AI,AIC,DEL,PNQ,AI 2469,AI2469,123457,Monday;Tuesday;Wednesday;Thursday;Friday;Sunday,2026-03-29,2026-10-23,current,accepted,accepted_source_identity,confirmed_exact_designator,published,operating,,,A321,06:55,04:45,unknown; no timezone conversion,both_arrival_and_departure_rows,107983dc72d381e6897a5a333556946adcc98daef82e954d52cec1fc402c3086,p07-r35-n0370;p26-r6-n1416,p07-r35-n0370-departure;p26-r6-n1416-arrival,raw DGCA digits retained; weekday mapping separately corroborated by AAI; no DGCA legend,unknown_not_stated_by_source,passenger_or_cargo_not_stated_by_source,not_established_by_approved_schedule
ai-s26-0fcf49d7975165,AI,AIC,DEL,PNQ,AI 2469,AI2469,6,Saturday,2026-04-04,2026-10-24,current,held_field_only,accepted_source_identity,confirmed_exact_designator,published,operating,aircraft_type_only,aircraft_type_disagreement,A320;A321,06:55,04:45,unknown; no timezone conversion,both_arrival_and_departure_rows,107983dc72d381e6897a5a333556946adcc98daef82e954d52cec1fc402c3086,p07-r34-n0369;p26-r5-n1415,p07-r34-n0369-departure;p26-r5-n1415-arrival,raw DGCA digits retained; weekday mapping separately corroborated by AAI; no DGCA legend,unknown_not_stated_by_source,passenger_or_cargo_not_stated_by_source,not_established_by_approved_schedule
ai-s26-3328ef51da6113,AI,AIC,PNQ,DEL,AI 2470,AI2470,123457,Monday;Tuesday;Wednesday;Thursday;Friday;Sunday,2026-03-29,2026-10-23,current,accepted,accepted_source_identity,confirmed_exact_designator,published,operating,,,A321,10:05,07:40,unknown; no timezone conversion,both_arrival_and_departure_rows,107983dc72d381e6897a5a333556946adcc98daef82e954d52cec1fc402c3086,p09-r136-n0471;p26-r8-n1418,p09-r136-n0471-arrival;p26-r8-n1418-departure,raw DGCA digits retained; weekday mapping separately corroborated by AAI; no DGCA legend,unknown_not_stated_by_source,passenger_or_cargo_not_stated_by_source,not_established_by_approved_schedule
ai-s26-06bb2f46e8f726,AI,AIC,PNQ,DEL,AI 2470,AI2470,6,Saturday,2026-04-04,2026-10-24,current,held_field_only,accepted_source_identity,confirmed_exact_designator,published,operating,aircraft_type_only,aircraft_type_disagreement,A320;A321,10:05,07:40,unknown; no timezone conversion,both_arrival_and_departure_rows,107983dc72d381e6897a5a333556946adcc98daef82e954d52cec1fc402c3086,p09-r135-n0470;p26-r7-n1417,p09-r135-n0470-arrival;p26-r7-n1417-departure,raw DGCA digits retained; weekday mapping separately corroborated by AAI; no DGCA legend,unknown_not_stated_by_source,passenger_or_cargo_not_stated_by_source,not_established_by_approved_schedule
ai-s26-878eb0ab10de4a,AI,AIC,BOM,CCU,AI 2471,AI2471,1234567,Monday;Tuesday;Wednesday;Thursday;Friday;Saturday;Sunday,2026-03-29,2026-10-24,current,accepted,accepted_source_identity,confirmed_exact_designator,published,operating,,,A320,14:25,11:30,unknown; no timezone conversion,both_arrival_and_departure_rows,107983dc72d381e6897a5a333556946adcc98daef82e954d52cec1fc402c3086,p19-r27-n1014;p22-r122-n1184,p19-r27-n1014-arrival;p22-r122-n1184-departure,raw DGCA digits retained; weekday mapping separately corroborated by AAI; no DGCA legend,unknown_not_stated_by_source,passenger_or_cargo_not_stated_by_source,not_established_by_approved_schedule
ai-s26-32d6363ddaeb2e,AI,AIC,CCU,BOM,AI 2472,AI2472,1234567,Monday;Tuesday;Wednesday;Thursday;Friday;Saturday;Sunday,2026-03-29,2026-10-24,current,accepted,accepted_source_identity,confirmed_exact_designator,published,operating,,,A320,18:15,15:10,unknown; no timezone conversion,both_arrival_and_departure_rows,107983dc72d381e6897a5a333556946adcc98daef82e954d52cec1fc402c3086,p19-r28-n1015;p24-r235-n1297,p19-r28-n1015-departure;p24-r235-n1297-arrival,raw DGCA digits retained; weekday mapping separately corroborated by AAI; no DGCA legend,unknown_not_stated_by_source,passenger_or_cargo_not_stated_by_source,not_established_by_approved_schedule
ai-s26-3d2d3ba6dd0d0a,AI,AIC,DEL,COK,AI 2473,AI2473,1234567,Monday;Tuesday;Wednesday;Thursday;Friday;Saturday;Sunday,2026-03-29,2026-10-24,current,accepted,accepted_source_identity,confirmed_exact_designator,published,operating,,,A320,18:40,15:25,unknown; no timezone conversion,both_arrival_and_departure_rows,107983dc72d381e6897a5a333556946adcc98daef82e954d52cec1fc402c3086,p11-r247-n0582;p18-r20-n0978,p11-r247-n0582-departure;p18-r20-n0978-arrival,raw DGCA digits retained; weekday mapping separately corroborated by AAI; no DGCA legend,unknown_not_stated_by_source,passenger_or_cargo_not_stated_by_source,not_established_by_approved_schedule
ai-s26-bb385e797675d0,AI,AIC,COK,DEL,AI 2474,AI2474,1234567,Monday;Tuesday;Wednesday;Thursday;Friday;Saturday;Sunday,2026-03-29,2026-10-24,current,accepted,accepted_source_identity,confirmed_exact_designator,published,operating,,,A320,22:45,19:20,unknown; no timezone conversion,both_arrival_and_departure_rows,107983dc72d381e6897a5a333556946adcc98daef82e954d52cec1fc402c3086,p14-r400-n0735;p18-r22-n0980,p14-r400-n0735-arrival;p18-r22-n0980-departure,raw DGCA digits retained; weekday mapping separately corroborated by AAI; no DGCA legend,unknown_not_stated_by_source,passenger_or_cargo_not_stated_by_source,not_established_by_approved_schedule
ai-s26-a4ac46462757d6,AI,AIC,BOM,GOI,AI 2477,AI2477,1234567,Monday;Tuesday;Wednesday;Thursday;Friday;Saturday;Sunday,2026-03-29,2026-10-24,current,accepted,accepted_source_identity,confirmed_exact_designator,published,operating,,,A320,14:20,13:05,unknown; no timezone conversion,both_arrival_and_departure_rows,107983dc72d381e6897a5a333556946adcc98daef82e954d52cec1fc402c3086,p14-r7-n0767;p22-r143-n1205,p14-r7-n0767-arrival;p22-r143-n1205-departure,raw DGCA digits retained; weekday mapping separately corroborated by AAI; no DGCA legend,unknown_not_stated_by_source,passenger_or_cargo_not_stated_by_source,not_established_by_approved_schedule
ai-s26-de1a88a0135f70,AI,AIC,GOI,BOM,AI 2478,AI2478,1234567,Monday;Tuesday;Wednesday;Thursday;Friday;Saturday;Sunday,2026-03-29,2026-10-24,current,accepted,accepted_source_identity,confirmed_exact_designator,published,operating,,,A320,16:30,14:55,unknown; no timezone conversion,both_arrival_and_departure_rows,107983dc72d381e6897a5a333556946adcc98daef82e954d52cec1fc402c3086,p14-r9-n0769;p23-r201-n1263,p14-r9-n0769-departure;p23-r201-n1263-arrival,raw DGCA digits retained; weekday mapping separately corroborated by AAI; no DGCA legend,unknown_not_stated_by_source,passenger_or_cargo_not_stated_by_source,not_established_by_approved_schedule
ai-s26-11dc3aa70a8d8a,AI,AIC,LKO,DEL,AI 2478,AI2478,7,Sunday,2026-03-29,2026-03-29,expired,expired,accepted_source_identity,expired_not_compared_to_baseline,,,,,A320,07:05,,unknown; no timezone conversion,one_side_only; absence_is_not_contradiction,107983dc72d381e6897a5a333556946adcc98daef82e954d52cec1fc402c3086,p08-r68-n0403,p08-r68-n0403-arrival,raw DGCA digits retained; weekday mapping separately corroborated by AAI; no DGCA legend,unknown_not_stated_by_source,passenger_or_cargo_not_stated_by_source,not_established_by_approved_schedule
ai-s26-47f50bcee7b5c0,AI,AIC,DEL,IXL,AI 2479,AI2479,1234567,Monday;Tuesday;Wednesday;Thursday;Friday;Saturday;Sunday,2026-03-29,2026-10-24,current,accepted,accepted_source_identity,confirmed_exact_designator,published,operating,,,A320,06:15,04:55,unknown; no timezone conversion,both_arrival_and_departure_rows,107983dc72d381e6897a5a333556946adcc98daef82e954d52cec1fc402c3086,p07-r36-n0371;p19-r1-n1033,p07-r36-n0371-departure;p19-r1-n1033-arrival,raw DGCA digits retained; weekday mapping separately corroborated by AAI; no DGCA legend,unknown_not_stated_by_source,passenger_or_cargo_not_stated_by_source,not_established_by_approved_schedule
ai-s26-f5654c5e4d8718,AI,AIC,IXL,DEL,AI 2480,AI2480,1234567,Monday;Tuesday;Wednesday;Thursday;Friday;Saturday;Sunday,2026-03-29,2026-10-24,current,accepted,accepted_source_identity,confirmed_exact_designator,published,operating,,,A320,08:15,06:55,unknown; no timezone conversion,both_arrival_and_departure_rows,107983dc72d381e6897a5a333556946adcc98daef82e954d52cec1fc402c3086,p08-r91-n0426;p19-r2-n1034,p08-r91-n0426-arrival;p19-r2-n1034-departure,raw DGCA digits retained; weekday mapping separately corroborated by AAI; no DGCA legend,unknown_not_stated_by_source,passenger_or_cargo_not_stated_by_source,not_established_by_approved_schedule
ai-s26-7e4d929f78f2b9,AI,AIC,BOM,CCU,AI 2481,AI2481,1234567,Monday;Tuesday;Wednesday;Thursday;Friday;Saturday;Sunday,2026-03-29,2026-04-29,expired,expired,accepted_source_identity,expired_not_compared_to_baseline,,,,,A320,19:55,,unknown; no timezone conversion,one_side_only; absence_is_not_contradiction,107983dc72d381e6897a5a333556946adcc98daef82e954d52cec1fc402c3086,p19-r35-n1022,p19-r35-n1022-arrival,raw DGCA digits retained; weekday mapping separately corroborated by AAI; no DGCA legend,unknown_not_stated_by_source,passenger_or_cargo_not_stated_by_source,not_established_by_approved_schedule
ai-s26-d75195fe36a1dc,AI,AIC,BOM,CCU,AI 2481,AI2481,1234567,Monday;Tuesday;Wednesday;Thursday;Friday;Saturday;Sunday,2026-03-29,2026-10-24,current,accepted,accepted_source_identity,confirmed_exact_designator,published,operating,,,A320,,17:05,unknown; no timezone conversion,one_side_only; absence_is_not_contradiction,107983dc72d381e6897a5a333556946adcc98daef82e954d52cec1fc402c3086,p23-r210-n1272,p23-r210-n1272-departure,raw DGCA digits retained; weekday mapping separately corroborated by AAI; no DGCA legend,unknown_not_stated_by_source,passenger_or_cargo_not_stated_by_source,not_established_by_approved_schedule
ai-s26-0171977f68e49d,AI,AIC,BOM,CCU,AI 2481,AI2481,1234567,Monday;Tuesday;Wednesday;Thursday;Friday;Saturday;Sunday,2026-04-30,2026-10-24,current,accepted,accepted_source_identity,confirmed_exact_designator,published,operating,,,A320,19:55,,unknown; no timezone conversion,one_side_only; absence_is_not_contradiction,107983dc72d381e6897a5a333556946adcc98daef82e954d52cec1fc402c3086,p19-r36-n1023,p19-r36-n1023-arrival,raw DGCA digits retained; weekday mapping separately corroborated by AAI; no DGCA legend,unknown_not_stated_by_source,passenger_or_cargo_not_stated_by_source,not_established_by_approved_schedule
ai-s26-9c23dee42a9cd7,AI,AIC,CCU,BOM,AI 2482,AI2482,1234567,Monday;Tuesday;Wednesday;Thursday;Friday;Saturday;Sunday,2026-03-29,2026-04-29,expired,expired,accepted_source_identity,expired_not_compared_to_baseline,,,,,A320,,20:35,unknown; no timezone conversion,one_side_only; absence_is_not_contradiction,107983dc72d381e6897a5a333556946adcc98daef82e954d52cec1fc402c3086,p19-r38-n1025,p19-r38-n1025-departure,raw DGCA digits retained; weekday mapping separately corroborated by AAI; no DGCA legend,unknown_not_stated_by_source,passenger_or_cargo_not_stated_by_source,not_established_by_approved_schedule
ai-s26-8ebb642ec6c368,AI,AIC,CCU,BOM,AI 2482,AI2482,1234567,Monday;Tuesday;Wednesday;Thursday;Friday;Saturday;Sunday,2026-04-30,2026-10-24,current,accepted,accepted_source_identity,confirmed_exact_designator,published,operating,,,A320,,20:35,unknown; no timezone conversion,one_side_only; absence_is_not_contradiction,107983dc72d381e6897a5a333556946adcc98daef82e954d52cec1fc402c3086,p19-r39-n1026,p19-r39-n1026-departure,raw DGCA digits retained; weekday mapping separately corroborated by AAI; no DGCA legend,unknown_not_stated_by_source,passenger_or_cargo_not_stated_by_source,not_established_by_approved_schedule
ai-s26-322d89d90ea68c,AI,AIC,CCU,BOM,AI 2482,AI2482,12456,Monday;Tuesday;Thursday;Friday;Saturday,2026-03-30,2026-10-23,current,accepted,accepted_source_identity,confirmed_exact_designator,published,operating,,,A320,23:45,,unknown; no timezone conversion,one_side_only; absence_is_not_contradiction,107983dc72d381e6897a5a333556946adcc98daef82e954d52cec1fc402c3086,p25-r318-n1380,p25-r318-n1380-arrival,raw DGCA digits retained; weekday mapping separately corroborated by AAI; no DGCA legend,unknown_not_stated_by_source,passenger_or_cargo_not_stated_by_source,not_established_by_approved_schedule
ai-s26-b9f20cd64539ec,AI,AIC,CCU,BOM,AI 2482,AI2482,3,Wednesday,2026-04-01,2026-10-21,current,accepted,accepted_source_identity,confirmed_exact_designator,published,operating,,,A320,23:45,,unknown; no timezone conversion,one_side_only; absence_is_not_contradiction,107983dc72d381e6897a5a333556946adcc98daef82e954d52cec1fc402c3086,p25-r317-n1379,p25-r317-n1379-arrival,raw DGCA digits retained; weekday mapping separately corroborated by AAI; no DGCA legend,unknown_not_stated_by_source,passenger_or_cargo_not_stated_by_source,not_established_by_approved_schedule
ai-s26-f2c45706d7fbf6,AI,AIC,CCU,BOM,AI 2482,AI2482,6,Saturday,2026-10-24,2026-10-24,future,accepted,accepted_source_identity,confirmed_exact_designator,published,operating,,,A320,23:45,,unknown; no timezone conversion,one_side_only; absence_is_not_contradiction,107983dc72d381e6897a5a333556946adcc98daef82e954d52cec1fc402c3086,p25-r316-n1378,p25-r316-n1378-arrival,raw DGCA digits retained; weekday mapping separately corroborated by AAI; no DGCA legend,unknown_not_stated_by_source,passenger_or_cargo_not_stated_by_source,not_established_by_approved_schedule
ai-s26-e50206607d1d21,AI,AIC,CCU,BOM,AI 2482,AI2482,7,Sunday,2026-03-29,2026-10-18,current,accepted,accepted_source_identity,confirmed_exact_designator,published,operating,,,A320,23:45,,unknown; no timezone conversion,one_side_only; absence_is_not_contradiction,107983dc72d381e6897a5a333556946adcc98daef82e954d52cec1fc402c3086,p25-r315-n1377,p25-r315-n1377-arrival,raw DGCA digits retained; weekday mapping separately corroborated by AAI; no DGCA legend,unknown_not_stated_by_source,passenger_or_cargo_not_stated_by_source,not_established_by_approved_schedule
ai-s26-773349d9285a6a,AI,AIC,DEL,MAA,AI 2483,AI2483,1234567,Monday;Tuesday;Wednesday;Thursday;Friday;Saturday;Sunday,2026-03-29,2026-10-24,current,accepted,accepted_source_identity,confirmed_exact_designator,published,operating,,,A320,15:10,12:10,unknown; no timezone conversion,both_arrival_and_departure_rows,107983dc72d381e6897a5a333556946adcc98daef82e954d52cec1fc402c3086,p06-r26-n0287;p10-r186-n0521,p06-r26-n0287-arrival;p10-r186-n0521-departure,raw DGCA digits retained; weekday mapping separately corroborated by AAI; no DGCA legend,unknown_not_stated_by_source,passenger_or_cargo_not_stated_by_source,not_established_by_approved_schedule
ai-s26-6b6f6f5dc7ec68,AI,AIC,MAA,DEL,AI 2484,AI2484,1234567,Monday;Tuesday;Wednesday;Thursday;Friday;Saturday;Sunday,2026-03-29,2026-10-24,current,accepted,accepted_source_identity,confirmed_exact_designator,published,operating,,,A320,19:20,16:20,unknown; no timezone conversion,both_arrival_and_departure_rows,107983dc72d381e6897a5a333556946adcc98daef82e954d52cec1fc402c3086,p06-r30-n0291;p13-r337-n0672,p06-r30-n0291-departure;p13-r337-n0672-arrival,raw DGCA digits retained; weekday mapping separately corroborated by AAI; no DGCA legend,unknown_not_stated_by_source,passenger_or_cargo_not_stated_by_source,not_established_by_approved_schedule
ai-s26-dabf72c2636d05,AI,AIC,DEL,BLR,AI 2485,AI2485,1234567,Monday;Tuesday;Wednesday;Thursday;Friday;Saturday;Sunday,2026-03-29,2026-10-24,current,accepted,accepted_source_identity,confirmed_exact_designator,published,operating,,,A320,13:20,10:30,unknown; no timezone conversion,both_arrival_and_departure_rows,107983dc72d381e6897a5a333556946adcc98daef82e954d52cec1fc402c3086,p04-r52-n0155;p09-r144-n0479,p04-r52-n0155-arrival;p09-r144-n0479-departure,raw DGCA digits retained; weekday mapping separately corroborated by AAI; no DGCA legend,unknown_not_stated_by_source,passenger_or_cargo_not_stated_by_source,not_established_by_approved_schedule
ai-s26-1a5d9ff74774eb,AI,AIC,BLR,DEL,AI 2486,AI2486,1234567,Monday;Tuesday;Wednesday;Thursday;Friday;Saturday;Sunday,2026-03-29,2026-10-24,current,accepted,accepted_source_identity,confirmed_exact_designator,published,operating,,,A320,16:45,14:00,unknown; no timezone conversion,both_arrival_and_departure_rows,107983dc72d381e6897a5a333556946adcc98daef82e954d52cec1fc402c3086,p04-r53-n0156;p12-r280-n0615,p04-r53-n0156-departure;p12-r280-n0615-arrival,raw DGCA digits retained; weekday mapping separately corroborated by AAI; no DGCA legend,unknown_not_stated_by_source,passenger_or_cargo_not_stated_by_source,not_established_by_approved_schedule
ai-s26-42cde66efa7f39,AI,AIC,DEL,BLR,AI 2487,AI2487,1234567,Monday;Tuesday;Wednesday;Thursday;Friday;Saturday;Sunday,2026-03-29,2026-10-24,current,accepted,accepted_source_identity,confirmed_exact_designator,published,operating,,,A320,21:25,18:30,unknown; no timezone conversion,both_arrival_and_departure_rows,107983dc72d381e6897a5a333556946adcc98daef82e954d52cec1fc402c3086,p04-r82-n0185;p12-r325-n0660,p04-r82-n0185-arrival;p12-r325-n0660-departure,raw DGCA digits retained; weekday mapping separately corroborated by AAI; no DGCA legend,unknown_not_stated_by_source,passenger_or_cargo_not_stated_by_source,not_established_by_approved_schedule
ai-s26-3657b7fe02a180,AI,AIC,BLR,DEL,AI 2488,AI2488,1234567,Monday;Tuesday;Wednesday;Thursday;Friday;Saturday;Sunday,2026-03-29,2026-10-24,current,accepted,accepted_source_identity,confirmed_exact_designator,published,operating,,,A320,01:25,22:30,unknown; no timezone conversion,both_arrival_and_departure_rows,107983dc72d381e6897a5a333556946adcc98daef82e954d52cec1fc402c3086,p04-r92-n0195;p07-r21-n0356,p04-r92-n0195-departure;p07-r21-n0356-arrival,raw DGCA digits retained; weekday mapping separately corroborated by AAI; no DGCA legend,unknown_not_stated_by_source,passenger_or_cargo_not_stated_by_source,not_established_by_approved_schedule
ai-s26-072a5c3993ed30,AI,AIC,BOM,LKO,AI 2491,AI2491,1234567,Monday;Tuesday;Wednesday;Thursday;Friday;Saturday;Sunday,2026-03-29,2026-10-24,current,accepted,accepted_source_identity,confirmed_exact_designator,published,operating,,,A320,13:30,11:15,unknown; no timezone conversion,both_arrival_and_departure_rows,107983dc72d381e6897a5a333556946adcc98daef82e954d52cec1fc402c3086,p19-r3-n1053;p22-r113-n1175,p19-r3-n1053-arrival;p22-r113-n1175-departure,raw DGCA digits retained; weekday mapping separately corroborated by AAI; no DGCA legend,unknown_not_stated_by_source,passenger_or_cargo_not_stated_by_source,not_established_by_approved_schedule
ai-s26-ea1503bb43b996,AI,AIC,LKO,BOM,AI 2492,AI2492,1234567,Monday;Tuesday;Wednesday;Thursday;Friday;Saturday;Sunday,2026-03-29,2026-10-24,current,accepted,accepted_source_identity,confirmed_exact_designator,published,operating,,,A320,16:40,14:10,unknown; no timezone conversion,both_arrival_and_departure_rows,107983dc72d381e6897a5a333556946adcc98daef82e954d52cec1fc402c3086,p19-r4-n1054;p23-r205-n1267,p19-r4-n1054-departure;p23-r205-n1267-arrival,raw DGCA digits retained; weekday mapping separately corroborated by AAI; no DGCA legend,unknown_not_stated_by_source,passenger_or_cargo_not_stated_by_source,not_established_by_approved_schedule
ai-s26-ea96abb2fe32de,AI,AIC,BOM,AMD,AI 2493,AI2493,1234567,Monday;Tuesday;Wednesday;Thursday;Friday;Saturday;Sunday,2026-03-29,2026-10-24,current,accepted,accepted_source_identity,confirmed_exact_designator,published,operating,,,A321,19:20,18:05,unknown; no timezone conversion,both_arrival_and_departure_rows,107983dc72d381e6897a5a333556946adcc98daef82e954d52cec1fc402c3086,p02-r68-n0068;p24-r233-n1295,p02-r68-n0068-arrival;p24-r233-n1295-departure,raw DGCA digits retained; weekday mapping separately corroborated by AAI; no DGCA legend,unknown_not_stated_by_source,passenger_or_cargo_not_stated_by_source,not_established_by_approved_schedule
ai-s26-4f4248617d983d,AI,AIC,AMD,BOM,AI 2494,AI2494,1234567,Monday;Tuesday;Wednesday;Thursday;Friday;Saturday;Sunday,2026-03-29,2026-10-24,current,accepted,accepted_source_identity,confirmed_exact_designator,published,operating,,,A321,22:40,21:00,unknown; no timezone conversion,both_arrival_and_departure_rows,107983dc72d381e6897a5a333556946adcc98daef82e954d52cec1fc402c3086,p02-r71-n0071;p25-r303-n1365,p02-r71-n0071-departure;p25-r303-n1365-arrival,raw DGCA digits retained; weekday mapping separately corroborated by AAI; no DGCA legend,unknown_not_stated_by_source,passenger_or_cargo_not_stated_by_source,not_established_by_approved_schedule
ai-s26-2887469f81a714,AI,AIC,DED,DEL,AI 2498,AI2498,1234567,Monday;Tuesday;Wednesday;Thursday;Friday;Saturday;Sunday,2026-04-10,2026-05-01,expired,expired,accepted_source_identity,expired_not_compared_to_baseline,,,,,A320,,15:30,unknown; no timezone conversion,one_side_only; absence_is_not_contradiction,107983dc72d381e6897a5a333556946adcc98daef82e954d52cec1fc402c3086,p07-r16-n0331,p07-r16-n0331-departure,raw DGCA digits retained; weekday mapping separately corroborated by AAI; no DGCA legend,unknown_not_stated_by_source,passenger_or_cargo_not_stated_by_source,not_established_by_approved_schedule
ai-s26-9b4ce17bad1be7,AI,AIC,DED,DEL,AI 2498,AI2498,1234567,Monday;Tuesday;Wednesday;Thursday;Friday;Saturday;Sunday,2026-05-06,2026-05-13,expired,expired,accepted_source_identity,expired_not_compared_to_baseline,,,,,A320,,15:30,unknown; no timezone conversion,one_side_only; absence_is_not_contradiction,107983dc72d381e6897a5a333556946adcc98daef82e954d52cec1fc402c3086,p07-r17-n0332,p07-r17-n0332-departure,raw DGCA digits retained; weekday mapping separately corroborated by AAI; no DGCA legend,unknown_not_stated_by_source,passenger_or_cargo_not_stated_by_source,not_established_by_approved_schedule
ai-s26-70b5444cad02c7,AI,AIC,DED,DEL,AI 2498,AI2498,1234567,Monday;Tuesday;Wednesday;Thursday;Friday;Saturday;Sunday,2026-09-15,2026-10-24,current,accepted,accepted_source_identity,confirmed_exact_designator,published,operating,,,A320,,15:30,unknown; no timezone conversion,one_side_only; absence_is_not_contradiction,107983dc72d381e6897a5a333556946adcc98daef82e954d52cec1fc402c3086,p07-r18-n0333,p07-r18-n0333-departure,raw DGCA digits retained; weekday mapping separately corroborated by AAI; no DGCA legend,unknown_not_stated_by_source,passenger_or_cargo_not_stated_by_source,not_established_by_approved_schedule
ai-s26-42161fdf657f63,AI,AIC,DED,DEL,AI 2498,AI2498,123457,Monday;Tuesday;Wednesday;Thursday;Friday;Sunday,2026-06-14,2026-09-14,expired,expired,accepted_source_identity,expired_not_compared_to_baseline,,,,,A320,,15:30,unknown; no timezone conversion,one_side_only; absence_is_not_contradiction,107983dc72d381e6897a5a333556946adcc98daef82e954d52cec1fc402c3086,p07-r15-n0330,p07-r15-n0330-departure,raw DGCA digits retained; weekday mapping separately corroborated by AAI; no DGCA legend,unknown_not_stated_by_source,passenger_or_cargo_not_stated_by_source,not_established_by_approved_schedule
ai-s26-65142ac6fe6b2d,AI,AIC,DED,DEL,AI 2498,AI2498,17,Monday;Sunday,2026-05-03,2026-05-04,expired,expired,accepted_source_identity,expired_not_compared_to_baseline,,,,,A320,,15:30,unknown; no timezone conversion,one_side_only; absence_is_not_contradiction,107983dc72d381e6897a5a333556946adcc98daef82e954d52cec1fc402c3086,p07-r14-n0329,p07-r14-n0329-departure,raw DGCA digits retained; weekday mapping separately corroborated by AAI; no DGCA legend,unknown_not_stated_by_source,passenger_or_cargo_not_stated_by_source,not_established_by_approved_schedule
ai-s26-76ddc2be2876e6,AI,AIC,DED,DEL,AI 2498,AI2498,4,Thursday,2026-04-09,2026-04-09,expired,expired,accepted_source_identity,expired_not_compared_to_baseline,,,,,A320,,15:30,unknown; no timezone conversion,one_side_only; absence_is_not_contradiction,107983dc72d381e6897a5a333556946adcc98daef82e954d52cec1fc402c3086,p07-r13-n0328,p07-r13-n0328-departure,raw DGCA digits retained; weekday mapping separately corroborated by AAI; no DGCA legend,unknown_not_stated_by_source,passenger_or_cargo_not_stated_by_source,not_established_by_approved_schedule
ai-s26-5e0cd3b206ce52,AI,AIC,DEL,LKO,AI 2499,AI2499,1234567,Monday;Tuesday;Wednesday;Thursday;Friday;Saturday;Sunday,2026-03-29,2026-10-24,current,accepted,accepted_source_identity,confirmed_exact_designator,published,operating,,,A320,07:05,06:00,unknown; no timezone conversion,both_arrival_and_departure_rows,107983dc72d381e6897a5a333556946adcc98daef82e954d52cec1fc402c3086,p08-r50-n0385;p19-r1-n1051,p08-r50-n0385-departure;p19-r1-n1051-arrival,raw DGCA digits retained; weekday mapping separately corroborated by AAI; no DGCA legend,unknown_not_stated_by_source,passenger_or_cargo_not_stated_by_source,not_established_by_approved_schedule
ai-s26-9e5fb6da7eb1fe,AI,AIC,LKO,DEL,AI 2500,AI2500,1234567,Monday;Tuesday;Wednesday;Thursday;Friday;Saturday;Sunday,2026-03-29,2026-10-24,current,accepted,accepted_source_identity,confirmed_exact_designator,published,operating,,,A320,09:25,08:00,unknown; no timezone conversion,both_arrival_and_departure_rows,107983dc72d381e6897a5a333556946adcc98daef82e954d52cec1fc402c3086,p09-r116-n0451;p19-r2-n1052,p09-r116-n0451-arrival;p19-r2-n1052-departure,raw DGCA digits retained; weekday mapping separately corroborated by AAI; no DGCA legend,unknown_not_stated_by_source,passenger_or_cargo_not_stated_by_source,not_established_by_approved_schedule
ai-s26-3032a6fde3a297,AI,AIC,BOM,AMD,AI 2503,AI2503,124567,Monday;Tuesday;Thursday;Friday;Saturday;Sunday,2026-03-29,2026-10-24,current,accepted,accepted_source_identity,confirmed_exact_designator,published,operating,,,A321,14:15,12:55,unknown; no timezone conversion,both_arrival_and_departure_rows,107983dc72d381e6897a5a333556946adcc98daef82e954d52cec1fc402c3086,p02-r41-n0041;p22-r141-n1203,p02-r41-n0041-arrival;p22-r141-n1203-departure,raw DGCA digits retained; weekday mapping separately corroborated by AAI; no DGCA legend,unknown_not_stated_by_source,passenger_or_cargo_not_stated_by_source,not_established_by_approved_schedule
ai-s26-af53d42e33e905,AI,AIC,BOM,AMD,AI 2503,AI2503,3,Wednesday,2026-04-01,2026-04-29,expired,expired,accepted_source_identity,expired_not_compared_to_baseline,,,,,A321,15:10,,unknown; no timezone conversion,one_side_only; absence_is_not_contradiction,107983dc72d381e6897a5a333556946adcc98daef82e954d52cec1fc402c3086,p02-r43-n0043,p02-r43-n0043-arrival,raw DGCA digits retained; weekday mapping separately corroborated by AAI; no DGCA legend,unknown_not_stated_by_source,passenger_or_cargo_not_stated_by_source,not_established_by_approved_schedule
ai-s26-706f4625747841,AI,AIC,BOM,AMD,AI 2503,AI2503,3,Wednesday,2026-04-01,2026-10-21,current,accepted,accepted_source_identity,confirmed_exact_designator,published,operating,,,A321,,13:50,unknown; no timezone conversion,one_side_only; absence_is_not_contradiction,107983dc72d381e6897a5a333556946adcc98daef82e954d52cec1fc402c3086,p22-r157-n1219,p22-r157-n1219-departure,raw DGCA digits retained; weekday mapping separately corroborated by AAI; no DGCA legend,unknown_not_stated_by_source,passenger_or_cargo_not_stated_by_source,not_established_by_approved_schedule
ai-s26-c3de9d3890cebb,AI,AIC,BOM,AMD,AI 2503,AI2503,3,Wednesday,2026-05-13,2026-05-27,expired,expired,accepted_source_identity,expired_not_compared_to_baseline,,,,,A321,15:10,,unknown; no timezone conversion,one_side_only; absence_is_not_contradiction,107983dc72d381e6897a5a333556946adcc98daef82e954d52cec1fc402c3086,p02-r44-n0044,p02-r44-n0044-arrival,raw DGCA digits retained; weekday mapping separately corroborated by AAI; no DGCA legend,unknown_not_stated_by_source,passenger_or_cargo_not_stated_by_source,not_established_by_approved_schedule
ai-s26-0dd09d0408d59b,AI,AIC,BOM,AMD,AI 2503,AI2503,3,Wednesday,2026-06-03,2026-10-21,current,accepted,accepted_source_identity,confirmed_exact_designator,published,operating,,,A321,15:10,,unknown; no timezone conversion,one_side_only; absence_is_not_contradiction,107983dc72d381e6897a5a333556946adcc98daef82e954d52cec1fc402c3086,p02-r45-n0045,p02-r45-n0045-arrival,raw DGCA digits retained; weekday mapping separately corroborated by AAI; no DGCA legend,unknown_not_stated_by_source,passenger_or_cargo_not_stated_by_source,not_established_by_approved_schedule
ai-s26-9c6f7cb08c04a2,AI,AIC,BOM,CJB,AI 2503,AI2503,1234567,Monday;Tuesday;Wednesday;Thursday;Friday;Saturday;Sunday,2026-03-29,2026-10-24,current,accepted,accepted_source_identity,confirmed_exact_designator,published,operating,,,A320,13:45,,unknown; no timezone conversion,one_side_only; absence_is_not_contradiction,107983dc72d381e6897a5a333556946adcc98daef82e954d52cec1fc402c3086,p06-r3-n0308,p06-r3-n0308-arrival,raw DGCA digits retained; weekday mapping separately corroborated by AAI; no DGCA legend,unknown_not_stated_by_source,passenger_or_cargo_not_stated_by_source,not_established_by_approved_schedule
ai-s26-e7b696ec4b8c24,AI,AIC,AMD,BOM,AI 2504,AI2504,124567,Monday;Tuesday;Thursday;Friday;Saturday;Sunday,2026-03-29,2026-10-24,current,accepted,accepted_source_identity,confirmed_exact_designator,published,operating,,,A321,16:35,14:55,unknown; no timezone conversion,both_arrival_and_departure_rows,107983dc72d381e6897a5a333556946adcc98daef82e954d52cec1fc402c3086,p02-r42-n0042;p23-r204-n1266,p02-r42-n0042-departure;p23-r204-n1266-arrival,raw DGCA digits retained; weekday mapping separately corroborated by AAI; no DGCA legend,unknown_not_stated_by_source,passenger_or_cargo_not_stated_by_source,not_established_by_approved_schedule
ai-s26-0207895e21fdcc,AI,AIC,AMD,BOM,AI 2504,AI2504,3,Wednesday,2026-04-01,2026-04-29,expired,expired,accepted_source_identity,expired_not_compared_to_baseline,,,,,A321,,15:55,unknown; no timezone conversion,one_side_only; absence_is_not_contradiction,107983dc72d381e6897a5a333556946adcc98daef82e954d52cec1fc402c3086,p02-r53-n0053,p02-r53-n0053-departure,raw DGCA digits retained; weekday mapping separately corroborated by AAI; no DGCA legend,unknown_not_stated_by_source,passenger_or_cargo_not_stated_by_source,not_established_by_approved_schedule
ai-s26-731e169f3a9220,AI,AIC,AMD,BOM,AI 2504,AI2504,3,Wednesday,2026-04-01,2026-10-21,current,accepted,accepted_source_identity,confirmed_exact_designator,published,operating,,,A321,17:35,,unknown; no timezone conversion,one_side_only; absence_is_not_contradiction,107983dc72d381e6897a5a333556946adcc98daef82e954d52cec1fc402c3086,p23-r218-n1280,p23-r218-n1280-arrival,raw DGCA digits retained; weekday mapping separately corroborated by AAI; no DGCA legend,unknown_not_stated_by_source,passenger_or_cargo_not_stated_by_source,not_established_by_approved_schedule
ai-s26-11b1046b54f465,AI,AIC,AMD,BOM,AI 2504,AI2504,3,Wednesday,2026-05-13,2026-05-27,expired,expired,accepted_source_identity,expired_not_compared_to_baseline,,,,,A321,,15:55,unknown; no timezone conversion,one_side_only; absence_is_not_contradiction,107983dc72d381e6897a5a333556946adcc98daef82e954d52cec1fc402c3086,p02-r54-n0054,p02-r54-n0054-departure,raw DGCA digits retained; weekday mapping separately corroborated by AAI; no DGCA legend,unknown_not_stated_by_source,passenger_or_cargo_not_stated_by_source,not_established_by_approved_schedule
ai-s26-c2579e18cf8370,AI,AIC,AMD,BOM,AI 2504,AI2504,3,Wednesday,2026-06-03,2026-10-21,current,accepted,accepted_source_identity,confirmed_exact_designator,published,operating,,,A321,,15:50,unknown; no timezone conversion,one_side_only; absence_is_not_contradiction,107983dc72d381e6897a5a333556946adcc98daef82e954d52cec1fc402c3086,p02-r49-n0049,p02-r49-n0049-departure,raw DGCA digits retained; weekday mapping separately corroborated by AAI; no DGCA legend,unknown_not_stated_by_source,passenger_or_cargo_not_stated_by_source,not_established_by_approved_schedule
ai-s26-3fcabe7742bed3,AI,AIC,CJB,BOM,AI 2504,AI2504,1234567,Monday;Tuesday;Wednesday;Thursday;Friday;Saturday;Sunday,2026-03-29,2026-10-24,current,accepted,accepted_source_identity,confirmed_exact_designator,published,operating,,,A320,,14:20,unknown; no timezone conversion,one_side_only; absence_is_not_contradiction,107983dc72d381e6897a5a333556946adcc98daef82e954d52cec1fc402c3086,p06-r4-n0309,p06-r4-n0309-departure,raw DGCA digits retained; weekday mapping separately corroborated by AAI; no DGCA legend,unknown_not_stated_by_source,passenger_or_cargo_not_stated_by_source,not_established_by_approved_schedule
ai-s26-3359d1568c6e50,AI,AIC,BOM,GOI,AI 2505,AI2505,1234567,Monday;Tuesday;Wednesday;Thursday;Friday;Saturday;Sunday,2026-03-29,2026-10-24,current,accepted,accepted_source_identity,confirmed_exact_designator,published,operating,,,A320,20:50,19:25,unknown; no timezone conversion,both_arrival_and_departure_rows,107983dc72d381e6897a5a333556946adcc98daef82e954d52cec1fc402c3086,p14-r15-n0775;p24-r249-n1311,p14-r15-n0775-arrival;p24-r249-n1311-departure,raw DGCA digits retained; weekday mapping separately corroborated by AAI; no DGCA legend,unknown_not_stated_by_source,passenger_or_cargo_not_stated_by_source,not_established_by_approved_schedule
ai-s26-df6541cb233639,AI,AIC,GOI,BOM,AI 2506,AI2506,1234567,Monday;Tuesday;Wednesday;Thursday;Friday;Saturday;Sunday,2026-03-29,2026-10-24,current,accepted,accepted_source_identity,confirmed_exact_designator,published,operating,,,A320,23:10,21:30,unknown; no timezone conversion,both_arrival_and_departure_rows,107983dc72d381e6897a5a333556946adcc98daef82e954d52cec1fc402c3086,p14-r16-n0776;p25-r310-n1372,p14-r16-n0776-departure;p25-r310-n1372-arrival,raw DGCA digits retained; weekday mapping separately corroborated by AAI; no DGCA legend,unknown_not_stated_by_source,passenger_or_cargo_not_stated_by_source,not_established_by_approved_schedule
ai-s26-0482d706ed815c,AI,AIC,BOM,CJB,AI 2507,AI2507,1234567,Monday;Tuesday;Wednesday;Thursday;Friday;Saturday;Sunday,2026-03-29,2026-10-24,current,accepted,accepted_source_identity,confirmed_exact_designator,published,operating,,,A321,08:20,06:20,unknown; no timezone conversion,both_arrival_and_departure_rows,107983dc72d381e6897a5a333556946adcc98daef82e954d52cec1fc402c3086,p06-r1-n0306;p20-r31-n1093,p06-r1-n0306-arrival;p20-r31-n1093-departure,raw DGCA digits retained; weekday mapping separately corroborated by AAI; no DGCA legend,unknown_not_stated_by_source,passenger_or_cargo_not_stated_by_source,not_established_by_approved_schedule
ai-s26-8524d8051aaed2,AI,AIC,CJB,BOM,AI 2508,AI2508,1234567,Monday;Tuesday;Wednesday;Thursday;Friday;Saturday;Sunday,2026-03-29,2026-10-24,current,accepted,accepted_source_identity,confirmed_exact_designator,published,operating,,,A321,11:05,09:00,unknown; no timezone conversion,both_arrival_and_departure_rows,107983dc72d381e6897a5a333556946adcc98daef82e954d52cec1fc402c3086,p06-r2-n0307;p22-r110-n1172,p06-r2-n0307-departure;p22-r110-n1172-arrival,raw DGCA digits retained; weekday mapping separately corroborated by AAI; no DGCA legend,unknown_not_stated_by_source,passenger_or_cargo_not_stated_by_source,not_established_by_approved_schedule
ai-s26-cbd01a506f753b,AI,AIC,BLR,DEL,AI 2511,AI2511,1234567,Monday;Tuesday;Wednesday;Thursday;Friday;Saturday;Sunday,2026-03-29,2026-10-24,current,accepted,accepted_source_identity,confirmed_exact_designator,published,operating,,,A320,18:00,15:00,unknown; no timezone conversion,both_arrival_and_departure_rows,107983dc72d381e6897a5a333556946adcc98daef82e954d52cec1fc402c3086,p04-r59-n0162;p12-r309-n0644,p04-r59-n0162-departure;p12-r309-n0644-arrival,raw DGCA digits retained; weekday mapping separately corroborated by AAI; no DGCA legend,unknown_not_stated_by_source,passenger_or_cargo_not_stated_by_source,not_established_by_approved_schedule
ai-s26-b39998fe17b009,AI,AIC,DEL,BLR,AI 2512,AI2512,1234567,Monday;Tuesday;Wednesday;Thursday;Friday;Saturday;Sunday,2026-03-29,2026-10-24,current,accepted,accepted_source_identity,confirmed_exact_designator,published,operating,,,A320,21:55,19:00,unknown; no timezone conversion,both_arrival_and_departure_rows,107983dc72d381e6897a5a333556946adcc98daef82e954d52cec1fc402c3086,p04-r85-n0188;p13-r331-n0666,p04-r85-n0188-arrival;p13-r331-n0666-departure,raw DGCA digits retained; weekday mapping separately corroborated by AAI; no DGCA legend,unknown_not_stated_by_source,passenger_or_cargo_not_stated_by_source,not_established_by_approved_schedule
ai-s26-f064c6dba93542,AI,AIC,DEL,IDR,AI 2515,AI2515,1234567,Monday;Tuesday;Wednesday;Thursday;Friday;Saturday;Sunday,2026-03-29,2026-10-24,current,accepted,accepted_source_identity,confirmed_exact_designator,published,operating,,,A320,13:45,12:10,unknown; no timezone conversion,both_arrival_and_departure_rows,107983dc72d381e6897a5a333556946adcc98daef82e954d52cec1fc402c3086,p10-r187-n0522;p16-r5-n0855,p10-r187-n0522-departure;p16-r5-n0855-arrival,raw DGCA digits retained; weekday mapping separately corroborated by AAI; no DGCA legend,unknown_not_stated_by_source,passenger_or_cargo_not_stated_by_source,not_established_by_approved_schedule
ai-s26-4bbd7616b62c14,AI,AIC,IDR,DEL,AI 2516,AI2516,1234567,Monday;Tuesday;Wednesday;Thursday;Friday;Saturday;Sunday,2026-03-29,2026-10-24,current,accepted,accepted_source_identity,confirmed_exact_designator,published,operating,,,A320,15:55,14:15,unknown; no timezone conversion,both_arrival_and_departure_rows,107983dc72d381e6897a5a333556946adcc98daef82e954d52cec1fc402c3086,p11-r263-n0598;p16-r6-n0856,p11-r263-n0598-arrival;p16-r6-n0856-departure,raw DGCA digits retained; weekday mapping separately corroborated by AAI; no DGCA legend,unknown_not_stated_by_source,passenger_or_cargo_not_stated_by_source,not_established_by_approved_schedule
ai-s26-26914a895c1789,AI,AIC,BOM,COK,AI 2517,AI2517,134567,Monday;Wednesday;Thursday;Friday;Saturday;Sunday,2026-03-29,2026-10-24,current,accepted,accepted_source_identity,confirmed_exact_designator,published,operating,,,A320,15:30,13:30,unknown; no timezone conversion,both_arrival_and_departure_rows,107983dc72d381e6897a5a333556946adcc98daef82e954d52cec1fc402c3086,p18-r17-n0975;p22-r152-n1214,p18-r17-n0975-arrival;p22-r152-n1214-departure,raw DGCA digits retained; weekday mapping separately corroborated by AAI; no DGCA legend,unknown_not_stated_by_source,passenger_or_cargo_not_stated_by_source,not_established_by_approved_schedule
ai-s26-a68a0914b888d8,AI,AIC,COK,BOM,AI 2518,AI2518,134567,Monday;Wednesday;Thursday;Friday;Saturday;Sunday,2026-03-29,2026-10-24,current,accepted,accepted_source_identity,confirmed_exact_designator,published,operating,,,A320,19:10,16:45,unknown; no timezone conversion,both_arrival_and_departure_rows,107983dc72d381e6897a5a333556946adcc98daef82e954d52cec1fc402c3086,p18-r19-n0977;p24-r247-n1309,p18-r19-n0977-departure;p24-r247-n1309-arrival,raw DGCA digits retained; weekday mapping separately corroborated by AAI; no DGCA legend,unknown_not_stated_by_source,passenger_or_cargo_not_stated_by_source,not_established_by_approved_schedule
ai-s26-b30b1eb5aa024f,AI,AIC,DEL,HYD,AI 2519,AI2519,1,Monday,2026-05-11,2026-10-19,current,accepted,accepted_source_identity,confirmed_exact_designator,published,operating,,,A320,18:30,16:00,unknown; no timezone conversion,both_arrival_and_departure_rows,107983dc72d381e6897a5a333556946adcc98daef82e954d52cec1fc402c3086,p11-r270-n0605;p15-r42-n0832,p11-r270-n0605-departure;p15-r42-n0832-arrival,raw DGCA digits retained; weekday mapping separately corroborated by AAI; no DGCA legend,unknown_not_stated_by_source,passenger_or_cargo_not_stated_by_source,not_established_by_approved_schedule
ai-s26-fb3c48c3a8a489,AI,AIC,DEL,HYD,AI 2519,AI2519,24567,Tuesday;Thursday;Friday;Saturday;Sunday,2026-03-29,2026-10-24,current,accepted,accepted_source_identity,confirmed_exact_designator,published,operating,,,A320,18:20,16:00,unknown; no timezone conversion,both_arrival_and_departure_rows,107983dc72d381e6897a5a333556946adcc98daef82e954d52cec1fc402c3086,p11-r269-n0604;p15-r40-n0830,p11-r269-n0604-departure;p15-r40-n0830-arrival,raw DGCA digits retained; weekday mapping separately corroborated by AAI; no DGCA legend,unknown_not_stated_by_source,passenger_or_cargo_not_stated_by_source,not_established_by_approved_schedule
ai-s26-d7b86fb46e1579,AI,AIC,HYD,DEL,AI 2520,AI2520,1,Monday,2026-05-11,2026-10-19,current,accepted,accepted_source_identity,confirmed_exact_designator,published,operating,,,A320,22:25,20:00,unknown; no timezone conversion,both_arrival_and_departure_rows,107983dc72d381e6897a5a333556946adcc98daef82e954d52cec1fc402c3086,p14-r394-n0729;p16-r47-n0837,p14-r394-n0729-arrival;p16-r47-n0837-departure,raw DGCA digits retained; weekday mapping separately corroborated by AAI; no DGCA legend,unknown_not_stated_by_source,passenger_or_cargo_not_stated_by_source,not_established_by_approved_schedule
ai-s26-4acc7d773afb78,AI,AIC,HYD,DEL,AI 2520,AI2520,24567,Tuesday;Thursday;Friday;Saturday;Sunday,2026-03-29,2026-10-24,current,accepted,accepted_source_identity,confirmed_exact_designator,published,operating,,,A320,22:25,20:00,unknown; no timezone conversion,both_arrival_and_departure_rows,107983dc72d381e6897a5a333556946adcc98daef82e954d52cec1fc402c3086,p14-r393-n0728;p16-r46-n0836,p14-r393-n0728-arrival;p16-r46-n0836-departure,raw DGCA digits retained; weekday mapping separately corroborated by AAI; no DGCA legend,unknown_not_stated_by_source,passenger_or_cargo_not_stated_by_source,not_established_by_approved_schedule
ai-s26-931bba6a8f232a,AI,AIC,DEL,PAT,AI 2523,AI2523,1234567,Monday;Tuesday;Wednesday;Thursday;Friday;Saturday;Sunday,2026-03-29,2026-10-24,current,accepted,accepted_source_identity,confirmed_exact_designator,published,operating,,,A320,12:30,10:45,unknown; no timezone conversion,both_arrival_and_departure_rows,107983dc72d381e6897a5a333556946adcc98daef82e954d52cec1fc402c3086,p09-r151-n0486;p25-r5-n1395,p09-r151-n0486-departure;p25-r5-n1395-arrival,raw DGCA digits retained; weekday mapping separately corroborated by AAI; no DGCA legend,unknown_not_stated_by_source,passenger_or_cargo_not_stated_by_source,not_established_by_approved_schedule
ai-s26-5455dc042e7070,AI,AIC,PAT,DEL,AI 2524,AI2524,1234567,Monday;Tuesday;Wednesday;Thursday;Friday;Saturday;Sunday,2026-03-29,2026-10-24,current,accepted,accepted_source_identity,confirmed_exact_designator,published,operating,,,A320,15:05,13:20,unknown; no timezone conversion,both_arrival_and_departure_rows,107983dc72d381e6897a5a333556946adcc98daef82e954d52cec1fc402c3086,p11-r240-n0575;p25-r6-n1396,p11-r240-n0575-arrival;p25-r6-n1396-departure,raw DGCA digits retained; weekday mapping separately corroborated by AAI; no DGCA legend,unknown_not_stated_by_source,passenger_or_cargo_not_stated_by_source,not_established_by_approved_schedule
ai-s26-196e9470e0c181,AI,AIC,DEL,MAA,AI 2525,AI2525,1234567,Monday;Tuesday;Wednesday;Thursday;Friday;Saturday;Sunday,2026-03-29,2026-10-24,current,accepted,accepted_source_identity,confirmed_exact_designator,published,operating,,,A320,08:40,,unknown; no timezone conversion,one_side_only; absence_is_not_contradiction,107983dc72d381e6897a5a333556946adcc98daef82e954d52cec1fc402c3086,p06-r14-n0275,p06-r14-n0275-arrival,raw DGCA digits retained; weekday mapping separately corroborated by AAI; no DGCA legend,unknown_not_stated_by_source,passenger_or_cargo_not_stated_by_source,not_established_by_approved_schedule
ai-s26-b161b7263dae41,AI,AIC,DEL,MAA,AI 2525,AI2525,123457,Monday;Tuesday;Wednesday;Thursday;Friday;Sunday,2026-03-29,2026-10-23,current,accepted,accepted_source_identity,confirmed_exact_designator,published,operating,,,A320,,06:00,unknown; no timezone conversion,one_side_only; absence_is_not_contradiction,107983dc72d381e6897a5a333556946adcc98daef82e954d52cec1fc402c3086,p08-r51-n0386,p08-r51-n0386-departure,raw DGCA digits retained; weekday mapping separately corroborated by AAI; no DGCA legend,unknown_not_stated_by_source,passenger_or_cargo_not_stated_by_source,not_established_by_approved_schedule
ai-s26-a691517982d5b4,AI,AIC,DEL,MAA,AI 2525,AI2525,6,Saturday,2026-04-04,2026-10-24,current,accepted,accepted_source_identity,confirmed_exact_designator,published,operating,,,A321,,06:00,unknown; no timezone conversion,one_side_only; absence_is_not_contradiction,107983dc72d381e6897a5a333556946adcc98daef82e954d52cec1fc402c3086,p08-r52-n0387,p08-r52-n0387-departure,raw DGCA digits retained; weekday mapping separately corroborated by AAI; no DGCA legend,unknown_not_stated_by_source,passenger_or_cargo_not_stated_by_source,not_established_by_approved_schedule
ai-s26-7965078d9ca94e,AI,AIC,MAA,DEL,AI 2526,AI2526,1234567,Monday;Tuesday;Wednesday;Thursday;Friday;Saturday;Sunday,2026-03-29,2026-10-24,current,accepted,accepted_source_identity,confirmed_exact_designator,published,operating,,,A320,,09:50,unknown; no timezone conversion,one_side_only; absence_is_not_contradiction,107983dc72d381e6897a5a333556946adcc98daef82e954d52cec1fc402c3086,p06-r17-n0278,p06-r17-n0278-departure,raw DGCA digits retained; weekday mapping separately corroborated by AAI; no DGCA legend,unknown_not_stated_by_source,passenger_or_cargo_not_stated_by_source,not_established_by_approved_schedule
ai-s26-27c51619f5129e,AI,AIC,MAA,DEL,AI 2526,AI2526,123457,Monday;Tuesday;Wednesday;Thursday;Friday;Sunday,2026-03-29,2026-10-23,current,accepted,accepted_source_identity,confirmed_exact_designator,published,operating,,,A320,12:45,,unknown; no timezone conversion,one_side_only; absence_is_not_contradiction,107983dc72d381e6897a5a333556946adcc98daef82e954d52cec1fc402c3086,p10-r194-n0529,p10-r194-n0529-arrival,raw DGCA digits retained; weekday mapping separately corroborated by AAI; no DGCA legend,unknown_not_stated_by_source,passenger_or_cargo_not_stated_by_source,not_established_by_approved_schedule
ai-s26-fe9e92bff98439,AI,AIC,MAA,DEL,AI 2526,AI2526,6,Saturday,2026-04-04,2026-10-24,current,accepted,accepted_source_identity,confirmed_exact_designator,published,operating,,,A321,12:45,,unknown; no timezone conversion,one_side_only; absence_is_not_contradiction,107983dc72d381e6897a5a333556946adcc98daef82e954d52cec1fc402c3086,p10-r195-n0530,p10-r195-n0530-arrival,raw DGCA digits retained; weekday mapping separately corroborated by AAI; no DGCA legend,unknown_not_stated_by_source,passenger_or_cargo_not_stated_by_source,not_established_by_approved_schedule
ai-s26-ca3a283fb466e5,AI,AIC,BOM,HYD,AI 2531,AI2531,1234567,Monday;Tuesday;Wednesday;Thursday;Friday;Saturday;Sunday,2026-03-29,2026-10-24,current,accepted,accepted_source_identity,confirmed_exact_designator,published,operating,,,A320,16:35,15:05,unknown; no timezone conversion,both_arrival_and_departure_rows,107983dc72d381e6897a5a333556946adcc98daef82e954d52cec1fc402c3086,p15-r36-n0826;p23-r178-n1240,p15-r36-n0826-arrival;p23-r178-n1240-departure,raw DGCA digits retained; weekday mapping separately corroborated by AAI; no DGCA legend,unknown_not_stated_by_source,passenger_or_cargo_not_stated_by_source,not_established_by_approved_schedule
ai-s26-2c847d7d13354a,AI,AIC,DEL,IXC,AI 2532,AI2532,123456,Monday;Tuesday;Wednesday;Thursday;Friday;Saturday,2026-03-30,2026-10-24,current,accepted,accepted_source_identity,confirmed_exact_designator,published,operating,,,A320,12:20,11:10,unknown; no timezone conversion,both_arrival_and_departure_rows,107983dc72d381e6897a5a333556946adcc98daef82e954d52cec1fc402c3086,p05-r15-n0250;p10-r161-n0496,p05-r15-n0250-arrival;p10-r161-n0496-departure,raw DGCA digits retained; weekday mapping separately corroborated by AAI; no DGCA legend,unknown_not_stated_by_source,passenger_or_cargo_not_stated_by_source,not_established_by_approved_schedule
ai-s26-6e539e74790a8a,AI,AIC,IXC,DEL,AI 2533,AI2533,123456,Monday;Tuesday;Wednesday;Thursday;Friday;Saturday,2026-03-30,2026-10-24,current,accepted,accepted_source_identity,confirmed_exact_designator,published,operating,,,A320,14:50,13:50,unknown; no timezone conversion,both_arrival_and_departure_rows,107983dc72d381e6897a5a333556946adcc98daef82e954d52cec1fc402c3086,p05-r16-n0251;p11-r235-n0570,p05-r16-n0251-departure;p11-r235-n0570-arrival,raw DGCA digits retained; weekday mapping separately corroborated by AAI; no DGCA legend,unknown_not_stated_by_source,passenger_or_cargo_not_stated_by_source,not_established_by_approved_schedule
ai-s26-553f4a38681a98,AI,AIC,DEL,CCU,AI 2535,AI2535,1234567,Monday;Tuesday;Wednesday;Thursday;Friday;Saturday;Sunday,2026-03-29,2026-10-24,current,accepted,accepted_source_identity,confirmed_exact_designator,published,operating,,,A320,08:50,06:40,unknown; no timezone conversion,both_arrival_and_departure_rows,107983dc72d381e6897a5a333556946adcc98daef82e954d52cec1fc402c3086,p08-r62-n0397;p19-r19-n1006,p08-r62-n0397-departure;p19-r19-n1006-arrival,raw DGCA digits retained; weekday mapping separately corroborated by AAI; no DGCA legend,unknown_not_stated_by_source,passenger_or_cargo_not_stated_by_source,not_established_by_approved_schedule
ai-s26-679a49bd073341,AI,AIC,CCU,DEL,AI 2536,AI2536,1234567,Monday;Tuesday;Wednesday;Thursday;Friday;Saturday;Sunday,2026-03-29,2026-10-24,current,accepted,accepted_source_identity,confirmed_exact_designator,published,operating,,,A320,12:35,09:55,unknown; no timezone conversion,both_arrival_and_departure_rows,107983dc72d381e6897a5a333556946adcc98daef82e954d52cec1fc402c3086,p10-r193-n0528;p19-r22-n1009,p10-r193-n0528-arrival;p19-r22-n1009-departure,raw DGCA digits retained; weekday mapping separately corroborated by AAI; no DGCA legend,unknown_not_stated_by_source,passenger_or_cargo_not_stated_by_source,not_established_by_approved_schedule
ai-s26-3321ab1a4d6d21,AI,AIC,DEL,HSR,AI 2537,AI2537,1234567,Monday;Tuesday;Wednesday;Thursday;Friday;Saturday;Sunday,2026-03-29,2026-10-24,current,accepted,accepted_source_identity,confirmed_exact_designator,published,operating,,,A320,19:20,17:30,unknown; no timezone conversion,both_arrival_and_departure_rows,107983dc72d381e6897a5a333556946adcc98daef82e954d52cec1fc402c3086,p12-r300-n0635;p26-r7-n1447,p12-r300-n0635-departure;p26-r7-n1447-arrival,raw DGCA digits retained; weekday mapping separately corroborated by AAI; no DGCA legend,unknown_not_stated_by_source,passenger_or_cargo_not_stated_by_source,not_established_by_approved_schedule
ai-s26-1a90427c33e8a1,AI,AIC,HSR,DEL,AI 2538,AI2538,1234567,Monday;Tuesday;Wednesday;Thursday;Friday;Saturday;Sunday,2026-03-29,2026-10-24,current,accepted,accepted_source_identity,confirmed_exact_designator,published,operating,,,A320,21:55,20:00,unknown; no timezone conversion,both_arrival_and_departure_rows,107983dc72d381e6897a5a333556946adcc98daef82e954d52cec1fc402c3086,p13-r384-n0719;p26-r8-n1448,p13-r384-n0719-arrival;p26-r8-n1448-departure,raw DGCA digits retained; weekday mapping separately corroborated by AAI; no DGCA legend,unknown_not_stated_by_source,passenger_or_cargo_not_stated_by_source,not_established_by_approved_schedule
ai-s26-f23b69a7e4939f,AI,AIC,HYD,DEL,AI 2541,AI2541,1234567,Monday;Tuesday;Wednesday;Thursday;Friday;Saturday;Sunday,2026-03-29,2026-10-24,current,accepted,accepted_source_identity,confirmed_exact_designator,published,operating,,,A320,18:00,15:25,unknown; no timezone conversion,both_arrival_and_departure_rows,107983dc72d381e6897a5a333556946adcc98daef82e954d52cec1fc402c3086,p12-r310-n0645;p15-r34-n0824,p12-r310-n0645-arrival;p15-r34-n0824-departure,raw DGCA digits retained; weekday mapping separately corroborated by AAI; no DGCA legend,unknown_not_stated_by_source,passenger_or_cargo_not_stated_by_source,not_established_by_approved_schedule
ai-s26-90af9d893f44b4,AI,AIC,DEL,HYD,AI 2542,AI2542,1234567,Monday;Tuesday;Wednesday;Thursday;Friday;Saturday;Sunday,2026-03-29,2026-10-24,current,accepted,accepted_source_identity,confirmed_exact_designator,published,operating,,,A320,12:00,09:40,unknown; no timezone conversion,both_arrival_and_departure_rows,107983dc72d381e6897a5a333556946adcc98daef82e954d52cec1fc402c3086,p09-r126-n0461;p15-r26-n0816,p09-r126-n0461-departure;p15-r26-n0816-arrival,raw DGCA digits retained; weekday mapping separately corroborated by AAI; no DGCA legend,unknown_not_stated_by_source,passenger_or_cargo_not_stated_by_source,not_established_by_approved_schedule
ai-s26-f96ff24d14bc0b,AI,AIC,HYD,DEL,AI 2543,AI2543,1234567,Monday;Tuesday;Wednesday;Thursday;Friday;Saturday;Sunday,2026-03-29,2026-10-24,current,accepted,accepted_source_identity,confirmed_exact_designator,published,operating,,,A320,13:05,10:35,unknown; no timezone conversion,both_arrival_and_departure_rows,107983dc72d381e6897a5a333556946adcc98daef82e954d52cec1fc402c3086,p10-r201-n0536;p15-r24-n0814,p10-r201-n0536-arrival;p15-r24-n0814-departure,raw DGCA digits retained; weekday mapping separately corroborated by AAI; no DGCA legend,unknown_not_stated_by_source,passenger_or_cargo_not_stated_by_source,not_established_by_approved_schedule
ai-s26-34036fd6110078,AI,AIC,DEL,AMD,AI 2545,AI2545,1234567,Monday;Tuesday;Wednesday;Thursday;Friday;Saturday;Sunday,2026-03-29,2026-10-24,current,accepted,accepted_source_identity,confirmed_exact_designator,published,operating,,,A320,22:10,20:30,unknown; no timezone conversion,both_arrival_and_departure_rows,107983dc72d381e6897a5a333556946adcc98daef82e954d52cec1fc402c3086,p02-r73-n0073;p13-r358-n0693,p02-r73-n0073-arrival;p13-r358-n0693-departure,raw DGCA digits retained; weekday mapping separately corroborated by AAI; no DGCA legend,unknown_not_stated_by_source,passenger_or_cargo_not_stated_by_source,not_established_by_approved_schedule
ai-s26-f624c50696d416,AI,AIC,AMD,DEL,AI 2546,AI2546,1234567,Monday;Tuesday;Wednesday;Thursday;Friday;Saturday;Sunday,2026-03-29,2026-10-24,current,accepted,accepted_source_identity,confirmed_exact_designator,published,operating,,,A320,00:45,23:00,unknown; no timezone conversion,both_arrival_and_departure_rows,107983dc72d381e6897a5a333556946adcc98daef82e954d52cec1fc402c3086,p02-r74-n0074;p07-r15-n0350,p02-r74-n0074-departure;p07-r15-n0350-arrival,raw DGCA digits retained; weekday mapping separately corroborated by AAI; no DGCA legend,unknown_not_stated_by_source,passenger_or_cargo_not_stated_by_source,not_established_by_approved_schedule
ai-s26-4314a0564a76da,AI,AIC,HYD,DEL,AI 2559,AI2559,1234567,Monday;Tuesday;Wednesday;Thursday;Friday;Saturday;Sunday,2026-03-29,2026-10-24,current,accepted,accepted_source_identity,confirmed_exact_designator,published,operating,,,A320,15:20,,unknown; no timezone conversion,one_side_only; absence_is_not_contradiction,107983dc72d381e6897a5a333556946adcc98daef82e954d52cec1fc402c3086,p11-r244-n0579,p11-r244-n0579-arrival,raw DGCA digits retained; weekday mapping separately corroborated by AAI; no DGCA legend,unknown_not_stated_by_source,passenger_or_cargo_not_stated_by_source,not_established_by_approved_schedule
ai-s26-8a9efee335f44a,AI,AIC,HYD,DEL,AI 2559,AI2559,1234567,Monday;Tuesday;Wednesday;Thursday;Friday;Saturday;Sunday,2026-03-30,2026-10-24,current,accepted,accepted_source_identity,confirmed_exact_designator,published,operating,,,A320,,12:45,unknown; no timezone conversion,one_side_only; absence_is_not_contradiction,107983dc72d381e6897a5a333556946adcc98daef82e954d52cec1fc402c3086,p15-r29-n0819,p15-r29-n0819-departure,raw DGCA digits retained; weekday mapping separately corroborated by AAI; no DGCA legend,unknown_not_stated_by_source,passenger_or_cargo_not_stated_by_source,not_established_by_approved_schedule
ai-s26-9d09db94891c00,AI,AIC,HYD,DEL,AI 2559,AI2559,7,Sunday,2026-03-29,2026-03-29,expired,expired,accepted_source_identity,expired_not_compared_to_baseline,,,,,A320,,12:45,unknown; no timezone conversion,one_side_only; absence_is_not_contradiction,107983dc72d381e6897a5a333556946adcc98daef82e954d52cec1fc402c3086,p15-r28-n0818,p15-r28-n0818-departure,raw DGCA digits retained; weekday mapping separately corroborated by AAI; no DGCA legend,unknown_not_stated_by_source,passenger_or_cargo_not_stated_by_source,not_established_by_approved_schedule
ai-s26-ec01d6072d7c86,AI,AIC,DEL,HYD,AI 2560,AI2560,1234567,Monday;Tuesday;Wednesday;Thursday;Friday;Saturday;Sunday,2026-03-29,2026-10-24,current,accepted,accepted_source_identity,confirmed_exact_designator,published,operating,,,A320,09:20,07:00,unknown; no timezone conversion,both_arrival_and_departure_rows,107983dc72d381e6897a5a333556946adcc98daef82e954d52cec1fc402c3086,p08-r66-n0401;p15-r20-n0810,p08-r66-n0401-departure;p15-r20-n0810-arrival,raw DGCA digits retained; weekday mapping separately corroborated by AAI; no DGCA legend,unknown_not_stated_by_source,passenger_or_cargo_not_stated_by_source,not_established_by_approved_schedule
ai-s26-fe7f42764a011c,AI,AIC,DEL,VGA,AI 2571,AI2571,1234567,Monday;Tuesday;Wednesday;Thursday;Friday;Saturday;Sunday,2026-03-29,2026-10-24,current,accepted,accepted_source_identity,confirmed_exact_designator,published,operating,,,A320,08:10,05:45,unknown; no timezone conversion,both_arrival_and_departure_rows,107983dc72d381e6897a5a333556946adcc98daef82e954d52cec1fc402c3086,p08-r44-n0379;p28-r1-n1526,p08-r44-n0379-departure;p28-r1-n1526-arrival,raw DGCA digits retained; weekday mapping separately corroborated by AAI; no DGCA legend,unknown_not_stated_by_source,passenger_or_cargo_not_stated_by_source,not_established_by_approved_schedule
ai-s26-885c6c1d785f0b,AI,AIC,VGA,DEL,AI 2572,AI2572,1234567,Monday;Tuesday;Wednesday;Thursday;Friday;Saturday;Sunday,2026-03-29,2026-10-24,current,accepted,accepted_source_identity,confirmed_exact_designator,published,operating,,,A320,11:30,08:50,unknown; no timezone conversion,both_arrival_and_departure_rows,107983dc72d381e6897a5a333556946adcc98daef82e954d52cec1fc402c3086,p10-r168-n0503;p28-r2-n1527,p10-r168-n0503-arrival;p28-r2-n1527-departure,raw DGCA digits retained; weekday mapping separately corroborated by AAI; no DGCA legend,unknown_not_stated_by_source,passenger_or_cargo_not_stated_by_source,not_established_by_approved_schedule
ai-s26-dd94a6bb198ee1,AI,AIC,DEL,HYD,AI 2577,AI2577,1234567,Monday;Tuesday;Wednesday;Thursday;Friday;Saturday;Sunday,2026-03-29,2026-10-24,current,accepted,accepted_source_identity,confirmed_exact_designator,published,operating,,,A320,,02:00,unknown; no timezone conversion,one_side_only; absence_is_not_contradiction,107983dc72d381e6897a5a333556946adcc98daef82e954d52cec1fc402c3086,p07-r23-n0358,p07-r23-n0358-departure,raw DGCA digits retained; weekday mapping separately corroborated by AAI; no DGCA legend,unknown_not_stated_by_source,passenger_or_cargo_not_stated_by_source,not_established_by_approved_schedule
ai-s26-01e5002b6b5d98,AI,AIC,DEL,HYD,AI 2577,AI2577,1234567,Monday;Tuesday;Wednesday;Thursday;Friday;Saturday;Sunday,2026-03-30,2026-10-24,current,accepted,accepted_source_identity,confirmed_exact_designator,published,operating,,,A320,04:20,,unknown; no timezone conversion,one_side_only; absence_is_not_contradiction,107983dc72d381e6897a5a333556946adcc98daef82e954d52cec1fc402c3086,p15-r5-n0795,p15-r5-n0795-arrival,raw DGCA digits retained; weekday mapping separately corroborated by AAI; no DGCA legend,unknown_not_stated_by_source,passenger_or_cargo_not_stated_by_source,not_established_by_approved_schedule
ai-s26-b7774b163473a2,AI,AIC,DEL,HYD,AI 2577,AI2577,7,Sunday,2026-03-29,2026-03-29,expired,expired,accepted_source_identity,expired_not_compared_to_baseline,,,,,A320,04:20,,unknown; no timezone conversion,one_side_only; absence_is_not_contradiction,107983dc72d381e6897a5a333556946adcc98daef82e954d52cec1fc402c3086,p15-r6-n0796,p15-r6-n0796-arrival,raw DGCA digits retained; weekday mapping separately corroborated by AAI; no DGCA legend,unknown_not_stated_by_source,passenger_or_cargo_not_stated_by_source,not_established_by_approved_schedule
ai-s26-6a4a5ed83f5aad,AI,AIC,BOM,UDR,AI 2579,AI2579,1234567,Monday;Tuesday;Wednesday;Thursday;Friday;Saturday;Sunday,2026-03-29,2026-10-24,current,accepted,accepted_source_identity,confirmed_exact_designator,published,operating,,,A319,12:05,10:35,unknown; no timezone conversion,both_arrival_and_departure_rows,107983dc72d381e6897a5a333556946adcc98daef82e954d52cec1fc402c3086,p21-r102-n1164;p27-r1-n1502,p21-r102-n1164-departure;p27-r1-n1502-arrival,raw DGCA digits retained; weekday mapping separately corroborated by AAI; no DGCA legend,unknown_not_stated_by_source,passenger_or_cargo_not_stated_by_source,not_established_by_approved_schedule
ai-s26-654e59c192a347,AI,AIC,UDR,BOM,AI 2580,AI2580,1234567,Monday;Tuesday;Wednesday;Thursday;Friday;Saturday;Sunday,2026-03-29,2026-10-24,current,accepted,accepted_source_identity,confirmed_exact_designator,published,operating,,,A319,,12:40,unknown; no timezone conversion,one_side_only; absence_is_not_contradiction,107983dc72d381e6897a5a333556946adcc98daef82e954d52cec1fc402c3086,p27-r2-n1503,p27-r2-n1503-departure,raw DGCA digits retained; weekday mapping separately corroborated by AAI; no DGCA legend,unknown_not_stated_by_source,passenger_or_cargo_not_stated_by_source,not_established_by_approved_schedule
ai-s26-30f4fa8f8b453b,AI,AIC,UDR,BOM,AI 2580,AI2580,14,Monday;Thursday,2026-03-30,2026-10-22,current,accepted,accepted_source_identity,confirmed_exact_designator,published,operating,,,A319,14:20,,unknown; no timezone conversion,one_side_only; absence_is_not_contradiction,107983dc72d381e6897a5a333556946adcc98daef82e954d52cec1fc402c3086,p22-r164-n1226,p22-r164-n1226-arrival,raw DGCA digits retained; weekday mapping separately corroborated by AAI; no DGCA legend,unknown_not_stated_by_source,passenger_or_cargo_not_stated_by_source,not_established_by_approved_schedule
ai-s26-494fad2f3b2525,AI,AIC,UDR,BOM,AI 2580,AI2580,23567,Tuesday;Wednesday;Friday;Saturday;Sunday,2026-03-29,2026-10-24,current,accepted,accepted_source_identity,confirmed_exact_designator,published,operating,,,A319,14:20,,unknown; no timezone conversion,one_side_only; absence_is_not_contradiction,107983dc72d381e6897a5a333556946adcc98daef82e954d52cec1fc402c3086,p22-r163-n1225,p22-r163-n1225-arrival,raw DGCA digits retained; weekday mapping separately corroborated by AAI; no DGCA legend,unknown_not_stated_by_source,passenger_or_cargo_not_stated_by_source,not_established_by_approved_schedule
ai-s26-5f52f5b73d8fc7,AI,AIC,BOM,NAG,AI 2581,AI2581,1234567,Monday;Tuesday;Wednesday;Thursday;Friday;Saturday;Sunday,2026-03-29,2026-10-24,current,accepted,accepted_source_identity,confirmed_exact_designator,published,operating,,,A319,07:30,05:50,unknown; no timezone conversion,both_arrival_and_departure_rows,107983dc72d381e6897a5a333556946adcc98daef82e954d52cec1fc402c3086,p20-r27-n1089;p25-r1-n1383,p20-r27-n1089-departure;p25-r1-n1383-arrival,raw DGCA digits retained; weekday mapping separately corroborated by AAI; no DGCA legend,unknown_not_stated_by_source,passenger_or_cargo_not_stated_by_source,not_established_by_approved_schedule
ai-s26-9a212bf128b17f,AI,AIC,NAG,BOM,AI 2582,AI2582,1234567,Monday;Tuesday;Wednesday;Thursday;Friday;Saturday;Sunday,2026-03-29,2026-04-30,expired,expired,accepted_source_identity,expired_not_compared_to_baseline,,,,,A319,09:50,,unknown; no timezone conversion,one_side_only; absence_is_not_contradiction,107983dc72d381e6897a5a333556946adcc98daef82e954d52cec1fc402c3086,p21-r81-n1143,p21-r81-n1143-arrival,raw DGCA digits retained; weekday mapping separately corroborated by AAI; no DGCA legend,unknown_not_stated_by_source,passenger_or_cargo_not_stated_by_source,not_established_by_approved_schedule
ai-s26-483c738af98345,AI,AIC,NAG,BOM,AI 2582,AI2582,1234567,Monday;Tuesday;Wednesday;Thursday;Friday;Saturday;Sunday,2026-03-29,2026-10-24,current,accepted,accepted_source_identity,confirmed_exact_designator,published,operating,,,A319,,08:05,unknown; no timezone conversion,one_side_only; absence_is_not_contradiction,107983dc72d381e6897a5a333556946adcc98daef82e954d52cec1fc402c3086,p25-r2-n1384,p25-r2-n1384-departure,raw DGCA digits retained; weekday mapping separately corroborated by AAI; no DGCA legend,unknown_not_stated_by_source,passenger_or_cargo_not_stated_by_source,not_established_by_approved_schedule
ai-s26-b617f3c06344d9,AI,AIC,NAG,BOM,AI 2582,AI2582,1234567,Monday;Tuesday;Wednesday;Thursday;Friday;Saturday;Sunday,2026-05-01,2026-10-24,current,accepted,accepted_source_identity,confirmed_exact_designator,published,operating,,,A319,09:50,,unknown; no timezone conversion,one_side_only; absence_is_not_contradiction,107983dc72d381e6897a5a333556946adcc98daef82e954d52cec1fc402c3086,p21-r82-n1144,p21-r82-n1144-arrival,raw DGCA digits retained; weekday mapping separately corroborated by AAI; no DGCA legend,unknown_not_stated_by_source,passenger_or_cargo_not_stated_by_source,not_established_by_approved_schedule
ai-s26-93a2e9e296c484,AI,AIC,BOM,NAG,AI 2583,AI2583,1234567,Monday;Tuesday;Wednesday;Thursday;Friday;Saturday;Sunday,2026-03-29,2026-10-24,current,accepted,accepted_source_identity,confirmed_exact_designator,published,operating,,,A319,21:30,19:55,unknown; no timezone conversion,both_arrival_and_departure_rows,107983dc72d381e6897a5a333556946adcc98daef82e954d52cec1fc402c3086,p24-r265-n1327;p25-r7-n1389,p24-r265-n1327-departure;p25-r7-n1389-arrival,raw DGCA digits retained; weekday mapping separately corroborated by AAI; no DGCA legend,unknown_not_stated_by_source,passenger_or_cargo_not_stated_by_source,not_established_by_approved_schedule
ai-s26-3c6a3ce828d5b6,AI,AIC,NAG,BOM,AI 2584,AI2584,1234567,Monday;Tuesday;Wednesday;Thursday;Friday;Saturday;Sunday,2026-03-29,2026-10-24,current,accepted,accepted_source_identity,confirmed_exact_designator,published,operating,,,A319,00:05,22:10,unknown; no timezone conversion,both_arrival_and_departure_rows,107983dc72d381e6897a5a333556946adcc98daef82e954d52cec1fc402c3086,p20-r1-n1063;p25-r8-n1390,p20-r1-n1063-arrival;p25-r8-n1390-departure,raw DGCA digits retained; weekday mapping separately corroborated by AAI; no DGCA legend,unknown_not_stated_by_source,passenger_or_cargo_not_stated_by_source,not_established_by_approved_schedule
ai-s26-39bc037a07250e,AI,AIC,BOM,IDR,AI 2591,AI2591,1234567,Monday;Tuesday;Wednesday;Thursday;Friday;Saturday;Sunday,2026-03-29,2026-10-24,current,accepted,accepted_source_identity,confirmed_exact_designator,published,operating,,,A320,08:55,07:25,unknown; no timezone conversion,both_arrival_and_departure_rows,107983dc72d381e6897a5a333556946adcc98daef82e954d52cec1fc402c3086,p16-r3-n0853;p20-r45-n1107,p16-r3-n0853-arrival;p20-r45-n1107-departure,raw DGCA digits retained; weekday mapping separately corroborated by AAI; no DGCA legend,unknown_not_stated_by_source,passenger_or_cargo_not_stated_by_source,not_established_by_approved_schedule
ai-s26-208ce614f2f232,AI,AIC,IDR,DEL,AI 2591,AI2591,1234567,Monday;Tuesday;Wednesday;Thursday;Friday;Saturday;Sunday,2026-03-29,2026-10-24,current,accepted,accepted_source_identity,confirmed_exact_designator,published,operating,,,A320,11:15,09:40,unknown; no timezone conversion,both_arrival_and_departure_rows,107983dc72d381e6897a5a333556946adcc98daef82e954d52cec1fc402c3086,p10-r163-n0498;p16-r4-n0854,p10-r163-n0498-arrival;p16-r4-n0854-departure,raw DGCA digits retained; weekday mapping separately corroborated by AAI; no DGCA legend,unknown_not_stated_by_source,passenger_or_cargo_not_stated_by_source,not_established_by_approved_schedule
ai-s26-3f852fb252a899,AI,AIC,DEL,IDR,AI 2592,AI2592,1234567,Monday;Tuesday;Wednesday;Thursday;Friday;Saturday;Sunday,2026-03-29,2026-10-24,current,accepted,accepted_source_identity,confirmed_exact_designator,published,operating,,,A320,16:05,14:30,unknown; no timezone conversion,both_arrival_and_departure_rows,107983dc72d381e6897a5a333556946adcc98daef82e954d52cec1fc402c3086,p11-r231-n0566;p16-r7-n0857,p11-r231-n0566-departure;p16-r7-n0857-arrival,raw DGCA digits retained; weekday mapping separately corroborated by AAI; no DGCA legend,unknown_not_stated_by_source,passenger_or_cargo_not_stated_by_source,not_established_by_approved_schedule
ai-s26-cbbe0fd9fae075,AI,AIC,IDR,BOM,AI 2592,AI2592,1234567,Monday;Tuesday;Wednesday;Thursday;Friday;Saturday;Sunday,2026-03-29,2026-10-24,current,accepted,accepted_source_identity,confirmed_exact_designator,published,operating,,,A320,18:20,16:50,unknown; no timezone conversion,both_arrival_and_departure_rows,107983dc72d381e6897a5a333556946adcc98daef82e954d52cec1fc402c3086,p16-r8-n0858;p24-r237-n1299,p16-r8-n0858-departure;p24-r237-n1299-arrival,raw DGCA digits retained; weekday mapping separately corroborated by AAI; no DGCA legend,unknown_not_stated_by_source,passenger_or_cargo_not_stated_by_source,not_established_by_approved_schedule
ai-s26-5d853f692379d5,AI,AIC,BOM,UDR,AI 2593,AI2593,1234567,Monday;Tuesday;Wednesday;Thursday;Friday;Saturday;Sunday,2026-03-29,2026-10-24,current,accepted,accepted_source_identity,confirmed_exact_designator,published,operating,,,A320,14:00,,unknown; no timezone conversion,one_side_only; absence_is_not_contradiction,107983dc72d381e6897a5a333556946adcc98daef82e954d52cec1fc402c3086,p27-r5-n1506,p27-r5-n1506-arrival,raw DGCA digits retained; weekday mapping separately corroborated by AAI; no DGCA legend,unknown_not_stated_by_source,passenger_or_cargo_not_stated_by_source,not_established_by_approved_schedule
ai-s26-5cb3f449bb142d,AI,AIC,BOM,UDR,AI 2593,AI2593,234567,Tuesday;Wednesday;Thursday;Friday;Saturday;Sunday,2026-03-29,2026-10-24,current,accepted,accepted_source_identity,confirmed_exact_designator,published,operating,,,A320,,12:30,unknown; no timezone conversion,one_side_only; absence_is_not_contradiction,107983dc72d381e6897a5a333556946adcc98daef82e954d52cec1fc402c3086,p22-r132-n1194,p22-r132-n1194-departure,raw DGCA digits retained; weekday mapping separately corroborated by AAI; no DGCA legend,unknown_not_stated_by_source,passenger_or_cargo_not_stated_by_source,not_established_by_approved_schedule
ai-s26-9cfd51fd40aa56,AI,AIC,UDR,BOM,AI 2594,AI2594,1234567,Monday;Tuesday;Wednesday;Thursday;Friday;Saturday;Sunday,2026-03-29,2026-10-24,current,accepted,accepted_source_identity,confirmed_exact_designator,published,operating,,,A320,,14:40,unknown; no timezone conversion,one_side_only; absence_is_not_contradiction,107983dc72d381e6897a5a333556946adcc98daef82e954d52cec1fc402c3086,p27-r6-n1507,p27-r6-n1507-departure,raw DGCA digits retained; weekday mapping separately corroborated by AAI; no DGCA legend,unknown_not_stated_by_source,passenger_or_cargo_not_stated_by_source,not_established_by_approved_schedule
ai-s26-e36ca9181a47e9,AI,AIC,UDR,BOM,AI 2594,AI2594,234567,Tuesday;Wednesday;Thursday;Friday;Saturday;Sunday,2026-03-29,2026-10-24,current,accepted,accepted_source_identity,confirmed_exact_designator,published,operating,,,A320,16:20,,unknown; no timezone conversion,one_side_only; absence_is_not_contradiction,107983dc72d381e6897a5a333556946adcc98daef82e954d52cec1fc402c3086,p23-r198-n1260,p23-r198-n1260-arrival,raw DGCA digits retained; weekday mapping separately corroborated by AAI; no DGCA legend,unknown_not_stated_by_source,passenger_or_cargo_not_stated_by_source,not_established_by_approved_schedule
ai-s26-03d65b108bdd79,AI,AIC,BOM,UDR,AI 2595,AI2595,1234567,Monday;Tuesday;Wednesday;Thursday;Friday;Saturday;Sunday,2026-03-29,2026-10-24,current,accepted,accepted_source_identity,confirmed_exact_designator,published,operating,,,A320,16:00,,unknown; no timezone conversion,one_side_only; absence_is_not_contradiction,107983dc72d381e6897a5a333556946adcc98daef82e954d52cec1fc402c3086,p28-r9-n1510,p28-r9-n1510-arrival,raw DGCA digits retained; weekday mapping separately corroborated by AAI; no DGCA legend,unknown_not_stated_by_source,passenger_or_cargo_not_stated_by_source,not_established_by_approved_schedule
ai-s26-d85d9a30179eaa,AI,AIC,BOM,UDR,AI 2595,AI2595,123567,Monday;Tuesday;Wednesday;Friday;Saturday;Sunday,2026-03-29,2026-10-24,current,accepted,accepted_source_identity,confirmed_exact_designator,published,operating,,,A320,,14:25,unknown; no timezone conversion,one_side_only; absence_is_not_contradiction,107983dc72d381e6897a5a333556946adcc98daef82e954d52cec1fc402c3086,p22-r165-n1227,p22-r165-n1227-departure,raw DGCA digits retained; weekday mapping separately corroborated by AAI; no DGCA legend,unknown_not_stated_by_source,passenger_or_cargo_not_stated_by_source,not_established_by_approved_schedule
ai-s26-c5793a419f69f9,AI,AIC,UDR,BOM,AI 2596,AI2596,1234567,Monday;Tuesday;Wednesday;Thursday;Friday;Saturday;Sunday,2026-03-29,2026-10-24,current,accepted,accepted_source_identity,confirmed_exact_designator,published,operating,,,A320,,16:35,unknown; no timezone conversion,one_side_only; absence_is_not_contradiction,107983dc72d381e6897a5a333556946adcc98daef82e954d52cec1fc402c3086,p28-r10-n1511,p28-r10-n1511-departure,raw DGCA digits retained; weekday mapping separately corroborated by AAI; no DGCA legend,unknown_not_stated_by_source,passenger_or_cargo_not_stated_by_source,not_established_by_approved_schedule
ai-s26-417313229885b9,AI,AIC,UDR,BOM,AI 2596,AI2596,123567,Monday;Tuesday;Wednesday;Friday;Saturday;Sunday,2026-03-29,2026-10-24,current,accepted,accepted_source_identity,confirmed_exact_designator,published,operating,,,A320,18:15,,unknown; no timezone conversion,one_side_only; absence_is_not_contradiction,107983dc72d381e6897a5a333556946adcc98daef82e954d52cec1fc402c3086,p24-r236-n1298,p24-r236-n1298-arrival,raw DGCA digits retained; weekday mapping separately corroborated by AAI; no DGCA legend,unknown_not_stated_by_source,passenger_or_cargo_not_stated_by_source,not_established_by_approved_schedule
ai-s26-258eb7b247b01f,AI,AIC,DEL,BLR,AI 2600,AI2600,1234567,Monday;Tuesday;Wednesday;Thursday;Friday;Saturday;Sunday,2026-03-29,2026-10-24,current,accepted,accepted_source_identity,confirmed_exact_designator,published,operating,,,A320,19:55,,unknown; no timezone conversion,one_side_only; absence_is_not_contradiction,107983dc72d381e6897a5a333556946adcc98daef82e954d52cec1fc402c3086,p04-r76-n0179,p04-r76-n0179-arrival,raw DGCA digits retained; weekday mapping separately corroborated by AAI; no DGCA legend,unknown_not_stated_by_source,passenger_or_cargo_not_stated_by_source,not_established_by_approved_schedule
ai-s26-c3e081ba6af8fe,AI,AIC,DEL,IXC,AI 2601,AI2601,1234567,Monday;Tuesday;Wednesday;Thursday;Friday;Saturday;Sunday,2026-03-29,2026-10-24,current,accepted,accepted_source_identity,confirmed_exact_designator,published,operating,,,A320,18:00,17:00,unknown; no timezone conversion,both_arrival_and_departure_rows,107983dc72d381e6897a5a333556946adcc98daef82e954d52cec1fc402c3086,p05-r21-n0256;p12-r290-n0625,p05-r21-n0256-arrival;p12-r290-n0625-departure,raw DGCA digits retained; weekday mapping separately corroborated by AAI; no DGCA legend,unknown_not_stated_by_source,passenger_or_cargo_not_stated_by_source,not_established_by_approved_schedule
ai-s26-a7853bc8bb9ab0,AI,AIC,IXC,DEL,AI 2602,AI2602,1234567,Monday;Tuesday;Wednesday;Thursday;Friday;Saturday;Sunday,2026-03-29,2026-10-24,current,accepted,accepted_source_identity,confirmed_exact_designator,published,operating,,,A320,20:00,18:45,unknown; no timezone conversion,both_arrival_and_departure_rows,107983dc72d381e6897a5a333556946adcc98daef82e954d52cec1fc402c3086,p05-r22-n0257;p13-r348-n0683,p05-r22-n0257-departure;p13-r348-n0683-arrival,raw DGCA digits retained; weekday mapping separately corroborated by AAI; no DGCA legend,unknown_not_stated_by_source,passenger_or_cargo_not_stated_by_source,not_established_by_approved_schedule
ai-s26-a6168ffc078456,AI,AIC,BOM,BLR,AI 2603,AI2603,1234567,Monday;Tuesday;Wednesday;Thursday;Friday;Saturday;Sunday,2026-03-29,2026-10-24,current,accepted,accepted_source_identity,confirmed_exact_designator,published,operating,,,A320,08:35,06:35,unknown; no timezone conversion,both_arrival_and_departure_rows,107983dc72d381e6897a5a333556946adcc98daef82e954d52cec1fc402c3086,p03-r29-n0132;p20-r34-n1096,p03-r29-n0132-arrival;p20-r34-n1096-departure,raw DGCA digits retained; weekday mapping separately corroborated by AAI; no DGCA legend,unknown_not_stated_by_source,passenger_or_cargo_not_stated_by_source,not_established_by_approved_schedule
ai-s26-a34d27876ddc93,AI,AIC,BLR,BOM,AI 2604,AI2604,1234567,Monday;Tuesday;Wednesday;Thursday;Friday;Saturday;Sunday,2026-03-29,2026-10-24,current,accepted,accepted_source_identity,confirmed_exact_designator,published,operating,,,A320,11:15,09:15,unknown; no timezone conversion,both_arrival_and_departure_rows,107983dc72d381e6897a5a333556946adcc98daef82e954d52cec1fc402c3086,p03-r36-n0139;p22-r114-n1176,p03-r36-n0139-departure;p22-r114-n1176-arrival,raw DGCA digits retained; weekday mapping separately corroborated by AAI; no DGCA legend,unknown_not_stated_by_source,passenger_or_cargo_not_stated_by_source,not_established_by_approved_schedule
ai-s26-0e59f3bcb88d87,AI,AIC,BOM,TRV,AI 2605,AI2605,1234567,Monday;Tuesday;Wednesday;Thursday;Friday;Saturday;Sunday,2026-03-29,2026-10-24,current,accepted,accepted_source_identity,confirmed_exact_designator,published,operating,,,A320,08:50,06:30,unknown; no timezone conversion,both_arrival_and_departure_rows,107983dc72d381e6897a5a333556946adcc98daef82e954d52cec1fc402c3086,p20-r32-n1094;p27-r4-n1484,p20-r32-n1094-departure;p27-r4-n1484-arrival,raw DGCA digits retained; weekday mapping separately corroborated by AAI; no DGCA legend,unknown_not_stated_by_source,passenger_or_cargo_not_stated_by_source,not_established_by_approved_schedule
ai-s26-c9bb379213b795,AI,AIC,TRV,BOM,AI 2606,AI2606,1234567,Monday;Tuesday;Wednesday;Thursday;Friday;Saturday;Sunday,2026-03-29,2026-10-24,current,accepted,accepted_source_identity,confirmed_exact_designator,published,operating,,,A320,11:55,09:35,unknown; no timezone conversion,both_arrival_and_departure_rows,107983dc72d381e6897a5a333556946adcc98daef82e954d52cec1fc402c3086,p22-r125-n1187;p27-r5-n1485,p22-r125-n1187-arrival;p27-r5-n1485-departure,raw DGCA digits retained; weekday mapping separately corroborated by AAI; no DGCA legend,unknown_not_stated_by_source,passenger_or_cargo_not_stated_by_source,not_established_by_approved_schedule
ai-s26-8f98cd60d5b515,AI,AIC,PNQ,DEL,AI 2608,AI2608,1234567,Monday;Tuesday;Wednesday;Thursday;Friday;Saturday;Sunday,2026-03-29,2026-10-24,current,accepted,accepted_source_identity,confirmed_exact_designator,published,operating,,,A320,03:00,,unknown; no timezone conversion,one_side_only; absence_is_not_contradiction,107983dc72d381e6897a5a333556946adcc98daef82e954d52cec1fc402c3086,p07-r29-n0364,p07-r29-n0364-arrival,raw DGCA digits retained; weekday mapping separately corroborated by AAI; no DGCA legend,unknown_not_stated_by_source,passenger_or_cargo_not_stated_by_source,not_established_by_approved_schedule
ai-s26-6b0b2bdf74c0cd,AI,AIC,PNQ,DEL,AI 2608,AI2608,1234567,Monday;Tuesday;Wednesday;Thursday;Friday;Saturday;Sunday,2026-03-30,2026-10-24,current,accepted,accepted_source_identity,confirmed_exact_designator,published,operating,,,A320,,00:35,unknown; no timezone conversion,one_side_only; absence_is_not_contradiction,107983dc72d381e6897a5a333556946adcc98daef82e954d52cec1fc402c3086,p26-r2-n1412,p26-r2-n1412-departure,raw DGCA digits retained; weekday mapping separately corroborated by AAI; no DGCA legend,unknown_not_stated_by_source,passenger_or_cargo_not_stated_by_source,not_established_by_approved_schedule
ai-s26-c18ec713ca1fba,AI,AIC,PNQ,DEL,AI 2608,AI2608,7,Sunday,2026-03-29,2026-03-29,expired,expired,accepted_source_identity,expired_not_compared_to_baseline,,,,,A320,,00:35,unknown; no timezone conversion,one_side_only; absence_is_not_contradiction,107983dc72d381e6897a5a333556946adcc98daef82e954d52cec1fc402c3086,p26-r1-n1411,p26-r1-n1411-departure,raw DGCA digits retained; weekday mapping separately corroborated by AAI; no DGCA legend,unknown_not_stated_by_source,passenger_or_cargo_not_stated_by_source,not_established_by_approved_schedule
ai-s26-b338a721015059,AI,AIC,DEL,PNQ,AI 2609,AI2609,1234567,Monday;Tuesday;Wednesday;Thursday;Friday;Saturday;Sunday,2026-03-29,2026-10-24,current,accepted,accepted_source_identity,confirmed_exact_designator,published,operating,,,A320,02:05,23:50,unknown; no timezone conversion,both_arrival_and_departure_rows,107983dc72d381e6897a5a333556946adcc98daef82e954d52cec1fc402c3086,p14-r423-n0758;p26-r3-n1413,p14-r423-n0758-departure;p26-r3-n1413-arrival,raw DGCA digits retained; weekday mapping separately corroborated by AAI; no DGCA legend,unknown_not_stated_by_source,passenger_or_cargo_not_stated_by_source,not_established_by_approved_schedule
ai-s26-f0694c5bd66215,AI,AIC,BLR,BOM,AI 2610,AI2610,1234567,Monday;Tuesday;Wednesday;Thursday;Friday;Saturday;Sunday,2026-03-29,2026-10-24,current,accepted,accepted_source_identity,confirmed_exact_designator,published,operating,,,A320,21:05,19:00,unknown; no timezone conversion,both_arrival_and_departure_rows,107983dc72d381e6897a5a333556946adcc98daef82e954d52cec1fc402c3086,p04-r69-n0172;p25-r287-n1349,p04-r69-n0172-departure;p25-r287-n1349-arrival,raw DGCA digits retained; weekday mapping separately corroborated by AAI; no DGCA legend,unknown_not_stated_by_source,passenger_or_cargo_not_stated_by_source,not_established_by_approved_schedule
ai-s26-dce31184faba13,AI,AIC,DEL,SXR,AI 2611,AI2611,1367,Monday;Wednesday;Saturday;Sunday,2026-03-29,2026-10-24,current,accepted,accepted_source_identity,confirmed_exact_designator,published,operating,,,A320,,06:30,unknown; no timezone conversion,one_side_only; absence_is_not_contradiction,107983dc72d381e6897a5a333556946adcc98daef82e954d52cec1fc402c3086,p08-r56-n0391,p08-r56-n0391-departure,raw DGCA digits retained; weekday mapping separately corroborated by AAI; no DGCA legend,unknown_not_stated_by_source,passenger_or_cargo_not_stated_by_source,not_established_by_approved_schedule
ai-s26-9eab5eab38b944,AI,AIC,SXR,DEL,AI 2612,AI2612,1367,Monday;Wednesday;Saturday;Sunday,2026-03-29,2026-04-27,expired,expired,accepted_source_identity,expired_not_compared_to_baseline,,,,,A320,14:10,,unknown; no timezone conversion,one_side_only; absence_is_not_contradiction,107983dc72d381e6897a5a333556946adcc98daef82e954d52cec1fc402c3086,p11-r223-n0558,p11-r223-n0558-arrival,raw DGCA digits retained; weekday mapping separately corroborated by AAI; no DGCA legend,unknown_not_stated_by_source,passenger_or_cargo_not_stated_by_source,not_established_by_approved_schedule
ai-s26-52ea3209d5f39c,AI,AIC,BOM,HYD,AI 2619,AI2619,1234567,Monday;Tuesday;Wednesday;Thursday;Friday;Saturday;Sunday,2026-03-29,2026-10-24,current,accepted,accepted_source_identity,confirmed_exact_designator,published,operating,,,A320,19:35,18:00,unknown; no timezone conversion,both_arrival_and_departure_rows,107983dc72d381e6897a5a333556946adcc98daef82e954d52cec1fc402c3086,p16-r45-n0835;p24-r228-n1290,p16-r45-n0835-arrival;p24-r228-n1290-departure,raw DGCA digits retained; weekday mapping separately corroborated by AAI; no DGCA legend,unknown_not_stated_by_source,passenger_or_cargo_not_stated_by_source,not_established_by_approved_schedule
ai-s26-45f954d2346a35,AI,AIC,DEL,VNS,AI 2623,AI2623,1234567,Monday;Tuesday;Wednesday;Thursday;Friday;Saturday;Sunday,2026-03-29,2026-10-24,current,accepted,accepted_source_identity,confirmed_exact_designator,published,operating,,,A320,15:05,13:35,unknown; no timezone conversion,both_arrival_and_departure_rows,107983dc72d381e6897a5a333556946adcc98daef82e954d52cec1fc402c3086,p10-r211-n0546;p28-r5-n1524,p10-r211-n0546-departure;p28-r5-n1524-arrival,raw DGCA digits retained; weekday mapping separately corroborated by AAI; no DGCA legend,unknown_not_stated_by_source,passenger_or_cargo_not_stated_by_source,not_established_by_approved_schedule
ai-s26-132238bb813d77,AI,AIC,VNS,DEL,AI 2624,AI2624,1234567,Monday;Tuesday;Wednesday;Thursday;Friday;Saturday;Sunday,2026-03-29,2026-10-24,current,accepted,accepted_source_identity,confirmed_exact_designator,published,operating,,,A320,17:30,15:45,unknown; no timezone conversion,both_arrival_and_departure_rows,107983dc72d381e6897a5a333556946adcc98daef82e954d52cec1fc402c3086,p12-r298-n0633;p28-r6-n1525,p12-r298-n0633-arrival;p28-r6-n1525-departure,raw DGCA digits retained; weekday mapping separately corroborated by AAI; no DGCA legend,unknown_not_stated_by_source,passenger_or_cargo_not_stated_by_source,not_established_by_approved_schedule
ai-s26-7d359687440828,AI,AIC,BOM,HYD,AI 2625,AI2625,1234567,Monday;Tuesday;Wednesday;Thursday;Friday;Saturday;Sunday,2026-03-29,2026-10-24,current,accepted,accepted_source_identity,confirmed_exact_designator,published,operating,,,A320,07:35,06:00,unknown; no timezone conversion,both_arrival_and_departure_rows,107983dc72d381e6897a5a333556946adcc98daef82e954d52cec1fc402c3086,p15-r16-n0806;p20-r28-n1090,p15-r16-n0806-arrival;p20-r28-n1090-departure,raw DGCA digits retained; weekday mapping separately corroborated by AAI; no DGCA legend,unknown_not_stated_by_source,passenger_or_cargo_not_stated_by_source,not_established_by_approved_schedule
ai-s26-4b996e7b28f4b2,AI,AIC,HYD,BOM,AI 2626,AI2626,1234567,Monday;Tuesday;Wednesday;Thursday;Friday;Saturday;Sunday,2026-03-29,2026-10-23,current,accepted,accepted_source_identity,confirmed_exact_designator,published,operating,,,A320,,07:25,unknown; no timezone conversion,one_side_only; absence_is_not_contradiction,107983dc72d381e6897a5a333556946adcc98daef82e954d52cec1fc402c3086,p15-r13-n0803,p15-r13-n0803-departure,raw DGCA digits retained; weekday mapping separately corroborated by AAI; no DGCA legend,unknown_not_stated_by_source,passenger_or_cargo_not_stated_by_source,not_established_by_approved_schedule
ai-s26-a85fcb2fd1f15d,AI,AIC,HYD,BOM,AI 2626,AI2626,1234567,Monday;Tuesday;Wednesday;Thursday;Friday;Saturday;Sunday,2026-03-29,2026-10-24,current,accepted,accepted_source_identity,confirmed_exact_designator,published,operating,,,A320,09:15,,unknown; no timezone conversion,one_side_only; absence_is_not_contradiction,107983dc72d381e6897a5a333556946adcc98daef82e954d52cec1fc402c3086,p21-r68-n1130,p21-r68-n1130-arrival,raw DGCA digits retained; weekday mapping separately corroborated by AAI; no DGCA legend,unknown_not_stated_by_source,passenger_or_cargo_not_stated_by_source,not_established_by_approved_schedule
ai-s26-3424dd412e3701,AI,AIC,HYD,BOM,AI 2626,AI2626,7,Sunday,2026-03-29,2026-03-29,expired,expired,accepted_source_identity,expired_not_compared_to_baseline,,,,,A320,,07:25,unknown; no timezone conversion,one_side_only; absence_is_not_contradiction,107983dc72d381e6897a5a333556946adcc98daef82e954d52cec1fc402c3086,p15-r12-n0802,p15-r12-n0802-departure,raw DGCA digits retained; weekday mapping separately corroborated by AAI; no DGCA legend,unknown_not_stated_by_source,passenger_or_cargo_not_stated_by_source,not_established_by_approved_schedule
ai-s26-195b899bac065d,AI,AIC,DEL,GOI,AI 2627,AI2627,1234567,Monday;Tuesday;Wednesday;Thursday;Friday;Saturday;Sunday,2026-03-29,2026-10-24,current,accepted,accepted_source_identity,confirmed_exact_designator,published,operating,,,A320,13:30,10:45,unknown; no timezone conversion,both_arrival_and_departure_rows,107983dc72d381e6897a5a333556946adcc98daef82e954d52cec1fc402c3086,p09-r152-n0487;p14-r5-n0765,p09-r152-n0487-departure;p14-r5-n0765-arrival,raw DGCA digits retained; weekday mapping separately corroborated by AAI; no DGCA legend,unknown_not_stated_by_source,passenger_or_cargo_not_stated_by_source,not_established_by_approved_schedule
ai-s26-cb656370bb4882,AI,AIC,GOI,DEL,AI 2628,AI2628,1234567,Monday;Tuesday;Wednesday;Thursday;Friday;Saturday;Sunday,2026-03-29,2026-10-24,current,accepted,accepted_source_identity,confirmed_exact_designator,published,operating,,,A320,16:40,14:10,unknown; no timezone conversion,both_arrival_and_departure_rows,107983dc72d381e6897a5a333556946adcc98daef82e954d52cec1fc402c3086,p12-r278-n0613;p14-r6-n0766,p12-r278-n0613-arrival;p14-r6-n0766-departure,raw DGCA digits retained; weekday mapping separately corroborated by AAI; no DGCA legend,unknown_not_stated_by_source,passenger_or_cargo_not_stated_by_source,not_established_by_approved_schedule
ai-s26-113f16605b6844,AI,AIC,BLR,BOM,AI 2630,AI2630,1234567,Monday;Tuesday;Wednesday;Thursday;Friday;Saturday;Sunday,2026-03-29,2026-10-24,current,accepted,accepted_source_identity,confirmed_exact_designator,published,operating,,,A320,14:05,12:05,unknown; no timezone conversion,both_arrival_and_departure_rows,107983dc72d381e6897a5a333556946adcc98daef82e954d52cec1fc402c3086,p03-r47-n0150;p22-r162-n1224,p03-r47-n0150-departure;p22-r162-n1224-arrival,raw DGCA digits retained; weekday mapping separately corroborated by AAI; no DGCA legend,unknown_not_stated_by_source,passenger_or_cargo_not_stated_by_source,not_established_by_approved_schedule
ai-s26-433708bbf506c2,AI,AIC,BOM,BLR,AI 2632,AI2632,1234567,Monday;Tuesday;Wednesday;Thursday;Friday;Saturday;Sunday,2026-03-29,2026-10-24,current,accepted,accepted_source_identity,confirmed_exact_designator,published,operating,,,A320,14:05,12:00,unknown; no timezone conversion,both_arrival_and_departure_rows,107983dc72d381e6897a5a333556946adcc98daef82e954d52cec1fc402c3086,p04-r54-n0157;p22-r128-n1190,p04-r54-n0157-arrival;p22-r128-n1190-departure,raw DGCA digits retained; weekday mapping separately corroborated by AAI; no DGCA legend,unknown_not_stated_by_source,passenger_or_cargo_not_stated_by_source,not_established_by_approved_schedule
ai-s26-be0406a74bcb0c,AI,AIC,DEL,RPR,AI 2635,AI2635,1234567,Monday;Tuesday;Wednesday;Thursday;Friday;Saturday;Sunday,2026-03-29,2026-10-24,current,accepted,accepted_source_identity,confirmed_exact_designator,published,operating,,,A320,14:05,12:10,unknown; no timezone conversion,both_arrival_and_departure_rows,107983dc72d381e6897a5a333556946adcc98daef82e954d52cec1fc402c3086,p10-r188-n0523;p26-r3-n1437,p10-r188-n0523-departure;p26-r3-n1437-arrival,raw DGCA digits retained; weekday mapping separately corroborated by AAI; no DGCA legend,unknown_not_stated_by_source,passenger_or_cargo_not_stated_by_source,not_established_by_approved_schedule
ai-s26-c7733044e381da,AI,AIC,RPR,DEL,AI 2636,AI2636,1234567,Monday;Tuesday;Wednesday;Thursday;Friday;Saturday;Sunday,2026-03-29,2026-10-24,current,accepted,accepted_source_identity,confirmed_exact_designator,published,operating,,,A320,16:45,14:35,unknown; no timezone conversion,both_arrival_and_departure_rows,107983dc72d381e6897a5a333556946adcc98daef82e954d52cec1fc402c3086,p12-r281-n0616;p26-r4-n1438,p12-r281-n0616-arrival;p26-r4-n1438-departure,raw DGCA digits retained; weekday mapping separately corroborated by AAI; no DGCA legend,unknown_not_stated_by_source,passenger_or_cargo_not_stated_by_source,not_established_by_approved_schedule
ai-s26-c3bcc5648665db,AI,AIC,BOM,BLR,AI 2641,AI2641,1234567,Monday;Tuesday;Wednesday;Thursday;Friday;Saturday;Sunday,2026-03-29,2026-10-24,current,accepted,accepted_source_identity,confirmed_exact_designator,published,operating,,,A320,20:35,18:30,unknown; no timezone conversion,both_arrival_and_departure_rows,107983dc72d381e6897a5a333556946adcc98daef82e954d52cec1fc402c3086,p04-r79-n0182;p24-r239-n1301,p04-r79-n0182-arrival;p24-r239-n1301-departure,raw DGCA digits retained; weekday mapping separately corroborated by AAI; no DGCA legend,unknown_not_stated_by_source,passenger_or_cargo_not_stated_by_source,not_established_by_approved_schedule
ai-s26-b554984a40efcd,AI,AIC,BLR,BOM,AI 2642,AI2642,1234567,Monday;Tuesday;Wednesday;Thursday;Friday;Saturday;Sunday,2026-03-29,2026-10-24,current,accepted,accepted_source_identity,confirmed_exact_designator,published,operating,,,A320,23:35,21:30,unknown; no timezone conversion,both_arrival_and_departure_rows,107983dc72d381e6897a5a333556946adcc98daef82e954d52cec1fc402c3086,p04-r83-n0186;p25-r314-n1376,p04-r83-n0186-departure;p25-r314-n1376-arrival,raw DGCA digits retained; weekday mapping separately corroborated by AAI; no DGCA legend,unknown_not_stated_by_source,passenger_or_cargo_not_stated_by_source,not_established_by_approved_schedule
ai-s26-4b2385f98b0895,AI,AIC,BOM,CCU,AI 2643,AI2643,1234567,Monday;Tuesday;Wednesday;Thursday;Friday;Saturday;Sunday,2026-03-29,2026-10-24,current,accepted,accepted_source_identity,confirmed_exact_designator,published,operating,,,A320,,21:50,unknown; no timezone conversion,one_side_only; absence_is_not_contradiction,107983dc72d381e6897a5a333556946adcc98daef82e954d52cec1fc402c3086,p25-r295-n1357,p25-r295-n1357-departure,raw DGCA digits retained; weekday mapping separately corroborated by AAI; no DGCA legend,unknown_not_stated_by_source,passenger_or_cargo_not_stated_by_source,not_established_by_approved_schedule
ai-s26-dbaffa3d33ee75,AI,AIC,BOM,CCU,AI 2643,AI2643,1234567,Monday;Tuesday;Wednesday;Thursday;Friday;Saturday;Sunday,2026-03-30,2026-04-13,expired,expired,accepted_source_identity,expired_not_compared_to_baseline,,,,,A320,00:45,,unknown; no timezone conversion,one_side_only; absence_is_not_contradiction,107983dc72d381e6897a5a333556946adcc98daef82e954d52cec1fc402c3086,p18-r8-n0995,p18-r8-n0995-arrival,raw DGCA digits retained; weekday mapping separately corroborated by AAI; no DGCA legend,unknown_not_stated_by_source,passenger_or_cargo_not_stated_by_source,not_established_by_approved_schedule
ai-s26-20ec07a366d1e5,AI,AIC,BOM,CCU,AI 2643,AI2643,1234567,Monday;Tuesday;Wednesday;Thursday;Friday;Saturday;Sunday,2026-04-14,2026-05-01,expired,expired,accepted_source_identity,expired_not_compared_to_baseline,,,,,A320,00:45,,unknown; no timezone conversion,one_side_only; absence_is_not_contradiction,107983dc72d381e6897a5a333556946adcc98daef82e954d52cec1fc402c3086,p18-r9-n0996,p18-r9-n0996-arrival,raw DGCA digits retained; weekday mapping separately corroborated by AAI; no DGCA legend,unknown_not_stated_by_source,passenger_or_cargo_not_stated_by_source,not_established_by_approved_schedule
ai-s26-c9a14cac0a3207,AI,AIC,BOM,CCU,AI 2643,AI2643,12367,Monday;Tuesday;Wednesday;Saturday;Sunday,2026-05-02,2026-10-24,current,accepted,accepted_source_identity,confirmed_exact_designator,published,operating,,,A320,00:45,,unknown; no timezone conversion,one_side_only; absence_is_not_contradiction,107983dc72d381e6897a5a333556946adcc98daef82e954d52cec1fc402c3086,p18-r7-n0994,p18-r7-n0994-arrival,raw DGCA digits retained; weekday mapping separately corroborated by AAI; no DGCA legend,unknown_not_stated_by_source,passenger_or_cargo_not_stated_by_source,not_established_by_approved_schedule
ai-s26-2b7aa67deb5aee,AI,AIC,BOM,CCU,AI 2643,AI2643,45,Thursday;Friday,2026-05-07,2026-05-08,expired,expired,accepted_source_identity,expired_not_compared_to_baseline,,,,,A320,00:45,,unknown; no timezone conversion,one_side_only; absence_is_not_contradiction,107983dc72d381e6897a5a333556946adcc98daef82e954d52cec1fc402c3086,p18-r5-n0992,p18-r5-n0992-arrival,raw DGCA digits retained; weekday mapping separately corroborated by AAI; no DGCA legend,unknown_not_stated_by_source,passenger_or_cargo_not_stated_by_source,not_established_by_approved_schedule
ai-s26-c4621300c70b5a,AI,AIC,BOM,CCU,AI 2643,AI2643,45,Thursday;Friday,2026-05-14,2026-10-23,current,accepted,accepted_source_identity,confirmed_exact_designator,published,operating,,,A320,00:45,,unknown; no timezone conversion,one_side_only; absence_is_not_contradiction,107983dc72d381e6897a5a333556946adcc98daef82e954d52cec1fc402c3086,p18-r6-n0993,p18-r6-n0993-arrival,raw DGCA digits retained; weekday mapping separately corroborated by AAI; no DGCA legend,unknown_not_stated_by_source,passenger_or_cargo_not_stated_by_source,not_established_by_approved_schedule
ai-s26-ab7dffc9048ad0,AI,AIC,BOM,CCU,AI 2643,AI2643,7,Sunday,2026-03-29,2026-03-29,expired,expired,accepted_source_identity,expired_not_compared_to_baseline,,,,,A320,00:35,,unknown; no timezone conversion,one_side_only; absence_is_not_contradiction,107983dc72d381e6897a5a333556946adcc98daef82e954d52cec1fc402c3086,p18-r4-n0991,p18-r4-n0991-arrival,raw DGCA digits retained; weekday mapping separately corroborated by AAI; no DGCA legend,unknown_not_stated_by_source,passenger_or_cargo_not_stated_by_source,not_established_by_approved_schedule
ai-s26-6364f9196886a3,AI,AIC,CCU,BOM,AI 2644,AI2644,1234567,Monday;Tuesday;Wednesday;Thursday;Friday;Saturday;Sunday,2026-03-29,2026-10-24,current,accepted,accepted_source_identity,confirmed_exact_designator,published,operating,,,A320,09:55,,unknown; no timezone conversion,one_side_only; absence_is_not_contradiction,107983dc72d381e6897a5a333556946adcc98daef82e954d52cec1fc402c3086,p21-r86-n1148,p21-r86-n1148-arrival,raw DGCA digits retained; weekday mapping separately corroborated by AAI; no DGCA legend,unknown_not_stated_by_source,passenger_or_cargo_not_stated_by_source,not_established_by_approved_schedule
ai-s26-b2357d7f25309a,AI,AIC,CCU,BOM,AI 2644,AI2644,1234567,Monday;Tuesday;Wednesday;Thursday;Friday;Saturday;Sunday,2026-03-30,2026-04-13,expired,expired,accepted_source_identity,expired_not_compared_to_baseline,,,,,A320,,06:55,unknown; no timezone conversion,one_side_only; absence_is_not_contradiction,107983dc72d381e6897a5a333556946adcc98daef82e954d52cec1fc402c3086,p19-r15-n1002,p19-r15-n1002-departure,raw DGCA digits retained; weekday mapping separately corroborated by AAI; no DGCA legend,unknown_not_stated_by_source,passenger_or_cargo_not_stated_by_source,not_established_by_approved_schedule
ai-s26-ccc55116015f8c,AI,AIC,CCU,BOM,AI 2644,AI2644,1234567,Monday;Tuesday;Wednesday;Thursday;Friday;Saturday;Sunday,2026-04-14,2026-05-01,expired,expired,accepted_source_identity,expired_not_compared_to_baseline,,,,,A320,,06:55,unknown; no timezone conversion,one_side_only; absence_is_not_contradiction,107983dc72d381e6897a5a333556946adcc98daef82e954d52cec1fc402c3086,p19-r16-n1003,p19-r16-n1003-departure,raw DGCA digits retained; weekday mapping separately corroborated by AAI; no DGCA legend,unknown_not_stated_by_source,passenger_or_cargo_not_stated_by_source,not_established_by_approved_schedule
ai-s26-0ba94be7cdd26c,AI,AIC,CCU,BOM,AI 2644,AI2644,12367,Monday;Tuesday;Wednesday;Saturday;Sunday,2026-05-02,2026-10-24,current,accepted,accepted_source_identity,confirmed_exact_designator,published,operating,,,A320,,06:55,unknown; no timezone conversion,one_side_only; absence_is_not_contradiction,107983dc72d381e6897a5a333556946adcc98daef82e954d52cec1fc402c3086,p18-r14-n1001,p18-r14-n1001-departure,raw DGCA digits retained; weekday mapping separately corroborated by AAI; no DGCA legend,unknown_not_stated_by_source,passenger_or_cargo_not_stated_by_source,not_established_by_approved_schedule
ai-s26-2c8ac1cd74e440,AI,AIC,CCU,BOM,AI 2644,AI2644,45,Thursday;Friday,2026-05-07,2026-05-08,expired,expired,accepted_source_identity,expired_not_compared_to_baseline,,,,,A320,,06:55,unknown; no timezone conversion,one_side_only; absence_is_not_contradiction,107983dc72d381e6897a5a333556946adcc98daef82e954d52cec1fc402c3086,p18-r12-n0999,p18-r12-n0999-departure,raw DGCA digits retained; weekday mapping separately corroborated by AAI; no DGCA legend,unknown_not_stated_by_source,passenger_or_cargo_not_stated_by_source,not_established_by_approved_schedule
ai-s26-4ee880bc31b1be,AI,AIC,CCU,BOM,AI 2644,AI2644,45,Thursday;Friday,2026-05-14,2026-10-23,current,accepted,accepted_source_identity,confirmed_exact_designator,published,operating,,,A320,,06:55,unknown; no timezone conversion,one_side_only; absence_is_not_contradiction,107983dc72d381e6897a5a333556946adcc98daef82e954d52cec1fc402c3086,p18-r13-n1000,p18-r13-n1000-departure,raw DGCA digits retained; weekday mapping separately corroborated by AAI; no DGCA legend,unknown_not_stated_by_source,passenger_or_cargo_not_stated_by_source,not_established_by_approved_schedule
ai-s26-62e8e0cd4663e9,AI,AIC,CCU,BOM,AI 2644,AI2644,7,Sunday,2026-03-29,2026-03-29,expired,expired,accepted_source_identity,expired_not_compared_to_baseline,,,,,A320,,06:55,unknown; no timezone conversion,one_side_only; absence_is_not_contradiction,107983dc72d381e6897a5a333556946adcc98daef82e954d52cec1fc402c3086,p18-r11-n0998,p18-r11-n0998-departure,raw DGCA digits retained; weekday mapping separately corroborated by AAI; no DGCA legend,unknown_not_stated_by_source,passenger_or_cargo_not_stated_by_source,not_established_by_approved_schedule
ai-s26-ed40ba5d636c02,AI,AIC,DEL,PAT,AI 2645,AI2645,1234567,Monday;Tuesday;Wednesday;Thursday;Friday;Saturday;Sunday,2026-03-29,2026-10-24,current,accepted,accepted_source_identity,confirmed_exact_designator,published,operating,,,A320,14:50,13:05,unknown; no timezone conversion,both_arrival_and_departure_rows,107983dc72d381e6897a5a333556946adcc98daef82e954d52cec1fc402c3086,p10-r203-n0538;p25-r9-n1399,p10-r203-n0538-departure;p25-r9-n1399-arrival,raw DGCA digits retained; weekday mapping separately corroborated by AAI; no DGCA legend,unknown_not_stated_by_source,passenger_or_cargo_not_stated_by_source,not_established_by_approved_schedule
ai-s26-090bada645e9e5,AI,AIC,PAT,DEL,AI 2646,AI2646,1234567,Monday;Tuesday;Wednesday;Thursday;Friday;Saturday;Sunday,2026-03-29,2026-10-24,current,accepted,accepted_source_identity,confirmed_exact_designator,published,operating,,,A320,17:15,15:20,unknown; no timezone conversion,both_arrival_and_departure_rows,107983dc72d381e6897a5a333556946adcc98daef82e954d52cec1fc402c3086,p12-r295-n0630;p25-r10-n1400,p12-r295-n0630-arrival;p25-r10-n1400-departure,raw DGCA digits retained; weekday mapping separately corroborated by AAI; no DGCA legend,unknown_not_stated_by_source,passenger_or_cargo_not_stated_by_source,not_established_by_approved_schedule
ai-s26-936d4b70622e63,AI,AIC,DEL,BLR,AI 2651,AI2651,1,Monday,2026-03-30,2026-10-19,current,accepted,accepted_source_identity,confirmed_exact_designator,published,operating,,,A320,10:55,,unknown; no timezone conversion,one_side_only; absence_is_not_contradiction,107983dc72d381e6897a5a333556946adcc98daef82e954d52cec1fc402c3086,p03-r43-n0146,p03-r43-n0146-arrival,raw DGCA digits retained; weekday mapping separately corroborated by AAI; no DGCA legend,unknown_not_stated_by_source,passenger_or_cargo_not_stated_by_source,not_established_by_approved_schedule
ai-s26-e14dd20ce44c00,AI,AIC,DEL,BLR,AI 2651,AI2651,167,Monday;Saturday;Sunday,2026-03-29,2026-10-24,current,accepted,accepted_source_identity,confirmed_exact_designator,published,operating,,,A320,,08:00,unknown; no timezone conversion,one_side_only; absence_is_not_contradiction,107983dc72d381e6897a5a333556946adcc98daef82e954d52cec1fc402c3086,p08-r88-n0423,p08-r88-n0423-departure,raw DGCA digits retained; weekday mapping separately corroborated by AAI; no DGCA legend,unknown_not_stated_by_source,passenger_or_cargo_not_stated_by_source,not_established_by_approved_schedule
ai-s26-877b5a55b025b8,AI,AIC,DEL,BLR,AI 2651,AI2651,234,Tuesday;Wednesday;Thursday,2026-03-31,2026-10-22,current,accepted,accepted_source_identity,confirmed_exact_designator,published,operating,,,A321,10:55,,unknown; no timezone conversion,one_side_only; absence_is_not_contradiction,107983dc72d381e6897a5a333556946adcc98daef82e954d52cec1fc402c3086,p03-r42-n0145,p03-r42-n0145-arrival,raw DGCA digits retained; weekday mapping separately corroborated by AAI; no DGCA legend,unknown_not_stated_by_source,passenger_or_cargo_not_stated_by_source,not_established_by_approved_schedule
ai-s26-c02678a3c6fb9d,AI,AIC,DEL,BLR,AI 2651,AI2651,2345,Tuesday;Wednesday;Thursday;Friday,2026-03-31,2026-10-23,current,accepted,accepted_source_identity,confirmed_exact_designator,published,operating,,,A321,,08:00,unknown; no timezone conversion,one_side_only; absence_is_not_contradiction,107983dc72d381e6897a5a333556946adcc98daef82e954d52cec1fc402c3086,p08-r89-n0424,p08-r89-n0424-departure,raw DGCA digits retained; weekday mapping separately corroborated by AAI; no DGCA legend,unknown_not_stated_by_source,passenger_or_cargo_not_stated_by_source,not_established_by_approved_schedule
ai-s26-1a8e62ba71338f,AI,AIC,BLR,DEL,AI 2652,AI2652,1,Monday,2026-03-30,2026-10-19,current,accepted,accepted_source_identity,confirmed_exact_designator,published,operating,,,A320,,12:30,unknown; no timezone conversion,one_side_only; absence_is_not_contradiction,107983dc72d381e6897a5a333556946adcc98daef82e954d52cec1fc402c3086,p04-r51-n0154,p04-r51-n0154-departure,raw DGCA digits retained; weekday mapping separately corroborated by AAI; no DGCA legend,unknown_not_stated_by_source,passenger_or_cargo_not_stated_by_source,not_established_by_approved_schedule
ai-s26-e26af7e90524c3,AI,AIC,BLR,DEL,AI 2652,AI2652,167,Monday;Saturday;Sunday,2026-03-29,2026-10-24,current,accepted,accepted_source_identity,confirmed_exact_designator,published,operating,,,A320,15:30,,unknown; no timezone conversion,one_side_only; absence_is_not_contradiction,107983dc72d381e6897a5a333556946adcc98daef82e954d52cec1fc402c3086,p11-r249-n0584,p11-r249-n0584-arrival,raw DGCA digits retained; weekday mapping separately corroborated by AAI; no DGCA legend,unknown_not_stated_by_source,passenger_or_cargo_not_stated_by_source,not_established_by_approved_schedule
ai-s26-6779fbc8ec294b,AI,AIC,BLR,DEL,AI 2652,AI2652,234,Tuesday;Wednesday;Thursday,2026-03-31,2026-10-22,current,accepted,accepted_source_identity,confirmed_exact_designator,published,operating,,,A321,15:30,12:30,unknown; no timezone conversion,both_arrival_and_departure_rows,107983dc72d381e6897a5a333556946adcc98daef82e954d52cec1fc402c3086,p04-r50-n0153;p11-r251-n0586,p04-r50-n0153-departure;p11-r251-n0586-arrival,raw DGCA digits retained; weekday mapping separately corroborated by AAI; no DGCA legend,unknown_not_stated_by_source,passenger_or_cargo_not_stated_by_source,not_established_by_approved_schedule
ai-s26-f6baaeb07f3628,AI,AIC,BLR,DEL,AI 2652,AI2652,5,Friday,2026-04-03,2026-04-24,expired,expired,accepted_source_identity,expired_not_compared_to_baseline,,,,,A321,15:30,,unknown; no timezone conversion,one_side_only; absence_is_not_contradiction,107983dc72d381e6897a5a333556946adcc98daef82e954d52cec1fc402c3086,p11-r250-n0585,p11-r250-n0585-arrival,raw DGCA digits retained; weekday mapping separately corroborated by AAI; no DGCA legend,unknown_not_stated_by_source,passenger_or_cargo_not_stated_by_source,not_established_by_approved_schedule
ai-s26-abdc158a21b16d,AI,AIC,DEL,BLR,AI 2653,AI2653,1234567,Monday;Tuesday;Wednesday;Thursday;Friday;Saturday;Sunday,2026-03-29,2026-10-24,current,accepted,accepted_source_identity,confirmed_exact_designator,published,operating,,,A320,07:20,04:30,unknown; no timezone conversion,both_arrival_and_departure_rows,107983dc72d381e6897a5a333556946adcc98daef82e954d52cec1fc402c3086,p03-r25-n0128;p07-r33-n0368,p03-r25-n0128-arrival;p07-r33-n0368-departure,raw DGCA digits retained; weekday mapping separately corroborated by AAI; no DGCA legend,unknown_not_stated_by_source,passenger_or_cargo_not_stated_by_source,not_established_by_approved_schedule
ai-s26-b9fc38838218d5,AI,AIC,BLR,DEL,AI 2654,AI2654,1234567,Monday;Tuesday;Wednesday;Thursday;Friday;Saturday;Sunday,2026-03-29,2026-10-24,current,accepted,accepted_source_identity,confirmed_exact_designator,published,operating,,,A320,10:00,,unknown; no timezone conversion,one_side_only; absence_is_not_contradiction,107983dc72d381e6897a5a333556946adcc98daef82e954d52cec1fc402c3086,p09-r132-n0467,p09-r132-n0467-arrival,raw DGCA digits retained; weekday mapping separately corroborated by AAI; no DGCA legend,unknown_not_stated_by_source,passenger_or_cargo_not_stated_by_source,not_established_by_approved_schedule
ai-s26-adf782ed5c656d,AI,AIC,BLR,DEL,AI 2654,AI2654,1234567,Monday;Tuesday;Wednesday;Thursday;Friday;Saturday;Sunday,2026-03-30,2026-10-24,current,accepted,accepted_source_identity,confirmed_exact_designator,published,operating,,,A320,,07:00,unknown; no timezone conversion,one_side_only; absence_is_not_contradiction,107983dc72d381e6897a5a333556946adcc98daef82e954d52cec1fc402c3086,p03-r24-n0127,p03-r24-n0127-departure,raw DGCA digits retained; weekday mapping separately corroborated by AAI; no DGCA legend,unknown_not_stated_by_source,passenger_or_cargo_not_stated_by_source,not_established_by_approved_schedule
ai-s26-6b81babb03c69c,AI,AIC,BLR,DEL,AI 2654,AI2654,7,Sunday,2026-03-29,2026-03-29,expired,expired,accepted_source_identity,expired_not_compared_to_baseline,,,,,A320,,07:00,unknown; no timezone conversion,one_side_only; absence_is_not_contradiction,107983dc72d381e6897a5a333556946adcc98daef82e954d52cec1fc402c3086,p03-r23-n0126,p03-r23-n0126-departure,raw DGCA digits retained; weekday mapping separately corroborated by AAI; no DGCA legend,unknown_not_stated_by_source,passenger_or_cargo_not_stated_by_source,not_established_by_approved_schedule
ai-s26-632ba183fd4427,AI,AIC,BOM,TRV,AI 2655,AI2655,1234567,Monday;Tuesday;Wednesday;Thursday;Friday;Saturday;Sunday,2026-04-09,2026-10-24,current,accepted,accepted_source_identity,confirmed_exact_designator,published,operating,,,A321,,17:35,unknown; no timezone conversion,one_side_only; absence_is_not_contradiction,107983dc72d381e6897a5a333556946adcc98daef82e954d52cec1fc402c3086,p23-r216-n1278,p23-r216-n1278-departure,raw DGCA digits retained; weekday mapping separately corroborated by AAI; no DGCA legend,unknown_not_stated_by_source,passenger_or_cargo_not_stated_by_source,not_established_by_approved_schedule
ai-s26-47b77171d35a09,AI,AIC,BOM,TRV,AI 2655,AI2655,123567,Monday;Tuesday;Wednesday;Friday;Saturday;Sunday,2026-03-29,2026-04-08,expired,expired,accepted_source_identity,expired_not_compared_to_baseline,,,,,A321,19:45,17:35,unknown; no timezone conversion,both_arrival_and_departure_rows,107983dc72d381e6897a5a333556946adcc98daef82e954d52cec1fc402c3086,p23-r215-n1277;p27-r13-n1493,p23-r215-n1277-departure;p27-r13-n1493-arrival,raw DGCA digits retained; weekday mapping separately corroborated by AAI; no DGCA legend,unknown_not_stated_by_source,passenger_or_cargo_not_stated_by_source,not_established_by_approved_schedule
ai-s26-fb2d79e5985804,AI,AIC,BOM,TRV,AI 2655,AI2655,123567,Monday;Tuesday;Wednesday;Friday;Saturday;Sunday,2026-04-10,2026-10-24,current,accepted,accepted_source_identity,confirmed_exact_designator,published,operating,,,A321,19:45,,unknown; no timezone conversion,one_side_only; absence_is_not_contradiction,107983dc72d381e6897a5a333556946adcc98daef82e954d52cec1fc402c3086,p27-r14-n1494,p27-r14-n1494-arrival,raw DGCA digits retained; weekday mapping separately corroborated by AAI; no DGCA legend,unknown_not_stated_by_source,passenger_or_cargo_not_stated_by_source,not_established_by_approved_schedule
ai-s26-eddb0e4cd259dc,AI,AIC,BOM,TRV,AI 2655,AI2655,4,Thursday,2026-04-02,2026-04-02,expired,expired,accepted_source_identity,expired_not_compared_to_baseline,,,,,A321,21:45,19:30,unknown; no timezone conversion,both_arrival_and_departure_rows,107983dc72d381e6897a5a333556946adcc98daef82e954d52cec1fc402c3086,p24-r253-n1315;p27-r20-n1500,p24-r253-n1315-departure;p27-r20-n1500-arrival,raw DGCA digits retained; weekday mapping separately corroborated by AAI; no DGCA legend,unknown_not_stated_by_source,passenger_or_cargo_not_stated_by_source,not_established_by_approved_schedule
ai-s26-57d8cdbc947704,AI,AIC,BOM,TRV,AI 2655,AI2655,4,Thursday,2026-04-09,2026-10-22,current,accepted,accepted_source_identity,confirmed_exact_designator,published,operating,,,A321,19:45,,unknown; no timezone conversion,one_side_only; absence_is_not_contradiction,107983dc72d381e6897a5a333556946adcc98daef82e954d52cec1fc402c3086,p27-r12-n1492,p27-r12-n1492-arrival,raw DGCA digits retained; weekday mapping separately corroborated by AAI; no DGCA legend,unknown_not_stated_by_source,passenger_or_cargo_not_stated_by_source,not_established_by_approved_schedule
ai-s26-2756fd5a00f58f,AI,AIC,TRV,BOM,AI 2656,AI2656,123567,Monday;Tuesday;Wednesday;Friday;Saturday;Sunday,2026-03-29,2026-04-08,expired,expired,accepted_source_identity,expired_not_compared_to_baseline,,,,,A321,23:05,20:30,unknown; no timezone conversion,both_arrival_and_departure_rows,107983dc72d381e6897a5a333556946adcc98daef82e954d52cec1fc402c3086,p25-r307-n1369;p27-r16-n1496,p25-r307-n1369-arrival;p27-r16-n1496-departure,raw DGCA digits retained; weekday mapping separately corroborated by AAI; no DGCA legend,unknown_not_stated_by_source,passenger_or_cargo_not_stated_by_source,not_established_by_approved_schedule
ai-s26-d16ec6422f8dbf,AI,AIC,TRV,BOM,AI 2656,AI2656,123567,Monday;Tuesday;Wednesday;Friday;Saturday;Sunday,2026-04-10,2026-10-24,current,accepted,accepted_source_identity,confirmed_exact_designator,published,operating,,,A321,23:05,20:30,unknown; no timezone conversion,both_arrival_and_departure_rows,107983dc72d381e6897a5a333556946adcc98daef82e954d52cec1fc402c3086,p25-r308-n1370;p27-r17-n1497,p25-r308-n1370-arrival;p27-r17-n1497-departure,raw DGCA digits retained; weekday mapping separately corroborated by AAI; no DGCA legend,unknown_not_stated_by_source,passenger_or_cargo_not_stated_by_source,not_established_by_approved_schedule
ai-s26-5368a21fae2860,AI,AIC,TRV,BOM,AI 2656,AI2656,4,Thursday,2026-04-09,2026-10-22,current,accepted,accepted_source_identity,confirmed_exact_designator,published,operating,,,A321,23:05,20:30,unknown; no timezone conversion,both_arrival_and_departure_rows,107983dc72d381e6897a5a333556946adcc98daef82e954d52cec1fc402c3086,p25-r306-n1368;p27-r15-n1495,p25-r306-n1368-arrival;p27-r15-n1495-departure,raw DGCA digits retained; weekday mapping separately corroborated by AAI; no DGCA legend,unknown_not_stated_by_source,passenger_or_cargo_not_stated_by_source,not_established_by_approved_schedule
ai-s26-e26f9a4590933c,AI,AIC,TRV,BOM,AI 2658,AI2658,4,Thursday,2026-04-02,2026-04-02,expired,expired,accepted_source_identity,expired_not_compared_to_baseline,,,,,A321,,22:25,unknown; no timezone conversion,one_side_only; absence_is_not_contradiction,107983dc72d381e6897a5a333556946adcc98daef82e954d52cec1fc402c3086,p27-r21-n1501,p27-r21-n1501-departure,raw DGCA digits retained; weekday mapping separately corroborated by AAI; no DGCA legend,unknown_not_stated_by_source,passenger_or_cargo_not_stated_by_source,not_established_by_approved_schedule
ai-s26-e77a6215ba6691,AI,AIC,TRV,BOM,AI 2658,AI2658,5,Friday,2026-04-03,2026-04-03,expired,expired,accepted_source_identity,expired_not_compared_to_baseline,,,,,A321,01:00,,unknown; no timezone conversion,one_side_only; absence_is_not_contradiction,107983dc72d381e6897a5a333556946adcc98daef82e954d52cec1fc402c3086,p20-r12-n1074,p20-r12-n1074-arrival,raw DGCA digits retained; weekday mapping separately corroborated by AAI; no DGCA legend,unknown_not_stated_by_source,passenger_or_cargo_not_stated_by_source,not_established_by_approved_schedule
ai-s26-6898d073cbb59f,AI,AIC,BOM,IXC,AI 2659,AI2659,1234567,Monday;Tuesday;Wednesday;Thursday;Friday;Saturday;Sunday,2026-03-29,2026-10-24,current,accepted,accepted_source_identity,confirmed_exact_designator,published,operating,,,A320,17:15,14:35,unknown; no timezone conversion,both_arrival_and_departure_rows,107983dc72d381e6897a5a333556946adcc98daef82e954d52cec1fc402c3086,p05-r19-n0254;p22-r167-n1229,p05-r19-n0254-arrival;p22-r167-n1229-departure,raw DGCA digits retained; weekday mapping separately corroborated by AAI; no DGCA legend,unknown_not_stated_by_source,passenger_or_cargo_not_stated_by_source,not_established_by_approved_schedule
ai-s26-97c482dd056d10,AI,AIC,IXC,BOM,AI 2660,AI2660,1234567,Monday;Tuesday;Wednesday;Thursday;Friday;Saturday;Sunday,2026-03-29,2026-10-24,current,accepted,accepted_source_identity,confirmed_exact_designator,published,operating,,,A320,20:30,17:50,unknown; no timezone conversion,both_arrival_and_departure_rows,107983dc72d381e6897a5a333556946adcc98daef82e954d52cec1fc402c3086,p05-r20-n0255;p24-r277-n1339,p05-r20-n0255-departure;p24-r277-n1339-arrival,raw DGCA digits retained; weekday mapping separately corroborated by AAI; no DGCA legend,unknown_not_stated_by_source,passenger_or_cargo_not_stated_by_source,not_established_by_approved_schedule
ai-s26-b12e3244f3e776,AI,AIC,BLR,DEL,AI 2661,AI2661,1234567,Monday;Tuesday;Wednesday;Thursday;Friday;Saturday;Sunday,2026-03-29,2026-10-24,current,accepted,accepted_source_identity,confirmed_exact_designator,published,operating,,,A320,,21:00,unknown; no timezone conversion,one_side_only; absence_is_not_contradiction,107983dc72d381e6897a5a333556946adcc98daef82e954d52cec1fc402c3086,p04-r81-n0184,p04-r81-n0184-departure,raw DGCA digits retained; weekday mapping separately corroborated by AAI; no DGCA legend,unknown_not_stated_by_source,passenger_or_cargo_not_stated_by_source,not_established_by_approved_schedule
ai-s26-ce3bc9762e6d20,AI,AIC,SXR,BOM,AI 2662,AI2662,12345,Monday;Tuesday;Wednesday;Thursday;Friday,2026-08-03,2026-10-15,current,accepted,accepted_source_identity,confirmed_exact_designator,published,operating,,,A319,,13:50,unknown; no timezone conversion,one_side_only; absence_is_not_contradiction,107983dc72d381e6897a5a333556946adcc98daef82e954d52cec1fc402c3086,p27-r29-n1477,p27-r29-n1477-departure,raw DGCA digits retained; weekday mapping separately corroborated by AAI; no DGCA legend,unknown_not_stated_by_source,passenger_or_cargo_not_stated_by_source,not_established_by_approved_schedule
ai-s26-0ede9b29b88e2b,AI,AIC,SXR,BOM,AI 2662,AI2662,1234567,Monday;Tuesday;Wednesday;Thursday;Friday;Saturday;Sunday,2026-03-29,2026-07-31,expired,expired,accepted_source_identity,expired_not_compared_to_baseline,,,,,A319,,13:50,unknown; no timezone conversion,one_side_only; absence_is_not_contradiction,107983dc72d381e6897a5a333556946adcc98daef82e954d52cec1fc402c3086,p27-r30-n1478,p27-r30-n1478-departure,raw DGCA digits retained; weekday mapping separately corroborated by AAI; no DGCA legend,unknown_not_stated_by_source,passenger_or_cargo_not_stated_by_source,not_established_by_approved_schedule
ai-s26-033e46acb68535,AI,AIC,SXR,BOM,AI 2662,AI2662,1234567,Monday;Tuesday;Wednesday;Thursday;Friday;Saturday;Sunday,2026-03-29,2026-10-24,current,accepted,accepted_source_identity,confirmed_exact_designator,published,operating,,,A321,17:10,,unknown; no timezone conversion,one_side_only; absence_is_not_contradiction,107983dc72d381e6897a5a333556946adcc98daef82e954d52cec1fc402c3086,p23-r211-n1273,p23-r211-n1273-arrival,raw DGCA digits retained; weekday mapping separately corroborated by AAI; no DGCA legend,unknown_not_stated_by_source,passenger_or_cargo_not_stated_by_source,not_established_by_approved_schedule
ai-s26-cbe404bdd3c608,AI,AIC,BOM,SXR,AI 2663,AI2663,12345,Monday;Tuesday;Wednesday;Thursday;Friday,2026-08-03,2026-10-15,current,accepted,accepted_source_identity,confirmed_exact_designator,published,operating,,,A319,13:10,,unknown; no timezone conversion,one_side_only; absence_is_not_contradiction,107983dc72d381e6897a5a333556946adcc98daef82e954d52cec1fc402c3086,p27-r25-n1473,p27-r25-n1473-arrival,raw DGCA digits retained; weekday mapping separately corroborated by AAI; no DGCA legend,unknown_not_stated_by_source,passenger_or_cargo_not_stated_by_source,not_established_by_approved_schedule
ai-s26-4e35df8469eb7d,AI,AIC,BOM,SXR,AI 2663,AI2663,1234567,Monday;Tuesday;Wednesday;Thursday;Friday;Saturday;Sunday,2026-03-29,2026-04-23,expired,expired,accepted_source_identity,expired_not_compared_to_baseline,,,,,A321,,10:25,unknown; no timezone conversion,one_side_only; absence_is_not_contradiction,107983dc72d381e6897a5a333556946adcc98daef82e954d52cec1fc402c3086,p21-r99-n1161,p21-r99-n1161-departure,raw DGCA digits retained; weekday mapping separately corroborated by AAI; no DGCA legend,unknown_not_stated_by_source,passenger_or_cargo_not_stated_by_source,not_established_by_approved_schedule
ai-s26-dd65f1b84c72d6,AI,AIC,BOM,SXR,AI 2663,AI2663,1234567,Monday;Tuesday;Wednesday;Thursday;Friday;Saturday;Sunday,2026-03-29,2026-07-31,expired,expired,accepted_source_identity,expired_not_compared_to_baseline,,,,,A319,13:10,,unknown; no timezone conversion,one_side_only; absence_is_not_contradiction,107983dc72d381e6897a5a333556946adcc98daef82e954d52cec1fc402c3086,p27-r26-n1474,p27-r26-n1474-arrival,raw DGCA digits retained; weekday mapping separately corroborated by AAI; no DGCA legend,unknown_not_stated_by_source,passenger_or_cargo_not_stated_by_source,not_established_by_approved_schedule
ai-s26-20a080b5e487a7,AI,AIC,BOM,SXR,AI 2663,AI2663,12467,Monday;Tuesday;Thursday;Saturday;Sunday,2026-04-28,2026-10-24,current,accepted,accepted_source_identity,confirmed_exact_designator,published,operating,,,A321,,10:25,unknown; no timezone conversion,one_side_only; absence_is_not_contradiction,107983dc72d381e6897a5a333556946adcc98daef82e954d52cec1fc402c3086,p21-r98-n1160,p21-r98-n1160-departure,raw DGCA digits retained; weekday mapping separately corroborated by AAI; no DGCA legend,unknown_not_stated_by_source,passenger_or_cargo_not_stated_by_source,not_established_by_approved_schedule
ai-s26-3dcbc9538fd573,AI,AIC,BOM,SXR,AI 2663,AI2663,167,Monday;Saturday;Sunday,2026-04-25,2026-04-27,expired,expired,accepted_source_identity,expired_not_compared_to_baseline,,,,,A321,,10:25,unknown; no timezone conversion,one_side_only; absence_is_not_contradiction,107983dc72d381e6897a5a333556946adcc98daef82e954d52cec1fc402c3086,p21-r97-n1159,p21-r97-n1159-departure,raw DGCA digits retained; weekday mapping separately corroborated by AAI; no DGCA legend,unknown_not_stated_by_source,passenger_or_cargo_not_stated_by_source,not_established_by_approved_schedule
ai-s26-fa5f0e20dd7535,AI,AIC,BOM,SXR,AI 2663,AI2663,35,Wednesday;Friday,2026-04-29,2026-10-23,current,accepted,accepted_source_identity,confirmed_exact_designator,published,operating,,,A321,,10:25,unknown; no timezone conversion,one_side_only; absence_is_not_contradiction,107983dc72d381e6897a5a333556946adcc98daef82e954d52cec1fc402c3086,p21-r96-n1158,p21-r96-n1158-departure,raw DGCA digits retained; weekday mapping separately corroborated by AAI; no DGCA legend,unknown_not_stated_by_source,passenger_or_cargo_not_stated_by_source,not_established_by_approved_schedule
ai-s26-ac9c7fe1d0bc21,AI,AIC,BOM,SXR,AI 2663,AI2663,5,Friday,2026-04-24,2026-04-24,expired,expired,accepted_source_identity,expired_not_compared_to_baseline,,,,,A321,,10:25,unknown; no timezone conversion,one_side_only; absence_is_not_contradiction,107983dc72d381e6897a5a333556946adcc98daef82e954d52cec1fc402c3086,p21-r95-n1157,p21-r95-n1157-departure,raw DGCA digits retained; weekday mapping separately corroborated by AAI; no DGCA legend,unknown_not_stated_by_source,passenger_or_cargo_not_stated_by_source,not_established_by_approved_schedule
ai-s26-156497fd77bedb,AI,AIC,DEL,BLR,AI 2664,AI2664,1234567,Monday;Tuesday;Wednesday;Thursday;Friday;Saturday;Sunday,2026-04-02,2026-10-24,current,accepted,accepted_source_identity,confirmed_exact_designator,published,operating,,,A350,18:10,,unknown; no timezone conversion,one_side_only; absence_is_not_contradiction,107983dc72d381e6897a5a333556946adcc98daef82e954d52cec1fc402c3086,p04-r67-n0170,p04-r67-n0170-arrival,raw DGCA digits retained; weekday mapping separately corroborated by AAI; no DGCA legend,unknown_not_stated_by_source,passenger_or_cargo_not_stated_by_source,not_established_by_approved_schedule
ai-s26-9160ff417686bc,AI,AIC,DEL,BLR,AI 2664,AI2664,1367,Monday;Wednesday;Saturday;Sunday,2026-03-29,2026-10-24,current,accepted,accepted_source_identity,confirmed_exact_designator,published,operating,,,A320,,15:30,unknown; no timezone conversion,one_side_only; absence_is_not_contradiction,107983dc72d381e6897a5a333556946adcc98daef82e954d52cec1fc402c3086,p11-r253-n0588,p11-r253-n0588-departure,raw DGCA digits retained; weekday mapping separately corroborated by AAI; no DGCA legend,unknown_not_stated_by_source,passenger_or_cargo_not_stated_by_source,not_established_by_approved_schedule
ai-s26-9cafb6be8d901b,AI,AIC,DEL,BLR,AI 2664,AI2664,137,Monday;Wednesday;Sunday,2026-03-29,2026-04-01,expired,expired,accepted_source_identity,expired_not_compared_to_baseline,,,,,A320,18:20,,unknown; no timezone conversion,one_side_only; absence_is_not_contradiction,107983dc72d381e6897a5a333556946adcc98daef82e954d52cec1fc402c3086,p04-r68-n0171,p04-r68-n0171-arrival,raw DGCA digits retained; weekday mapping separately corroborated by AAI; no DGCA legend,unknown_not_stated_by_source,passenger_or_cargo_not_stated_by_source,not_established_by_approved_schedule
ai-s26-d160b93bf42c30,AI,AIC,DEL,BLR,AI 2664,AI2664,2,Tuesday,2026-03-31,2026-03-31,expired,expired,accepted_source_identity,expired_not_compared_to_baseline,,,,,B777,18:10,,unknown; no timezone conversion,one_side_only; absence_is_not_contradiction,107983dc72d381e6897a5a333556946adcc98daef82e954d52cec1fc402c3086,p04-r66-n0169,p04-r66-n0169-arrival,raw DGCA digits retained; weekday mapping separately corroborated by AAI; no DGCA legend,unknown_not_stated_by_source,passenger_or_cargo_not_stated_by_source,not_established_by_approved_schedule
ai-s26-44593d4ab9f049,AI,AIC,DEL,BLR,AI 2664,AI2664,245,Tuesday;Thursday;Friday,2026-03-31,2026-10-23,current,accepted,accepted_source_identity,confirmed_exact_designator,published,operating,,,A350,,15:30,unknown; no timezone conversion,one_side_only; absence_is_not_contradiction,107983dc72d381e6897a5a333556946adcc98daef82e954d52cec1fc402c3086,p11-r254-n0589,p11-r254-n0589-departure,raw DGCA digits retained; weekday mapping separately corroborated by AAI; no DGCA legend,unknown_not_stated_by_source,passenger_or_cargo_not_stated_by_source,not_established_by_approved_schedule
ai-s26-82978d98a45eaa,AI,AIC,BLR,DEL,AI 2665,AI2665,1234567,Monday;Tuesday;Wednesday;Thursday;Friday;Saturday;Sunday,2026-04-02,2026-10-24,current,accepted,accepted_source_identity,confirmed_exact_designator,published,operating,,,A350,,19:40,unknown; no timezone conversion,one_side_only; absence_is_not_contradiction,107983dc72d381e6897a5a333556946adcc98daef82e954d52cec1fc402c3086,p04-r75-n0178,p04-r75-n0178-departure,raw DGCA digits retained; weekday mapping separately corroborated by AAI; no DGCA legend,unknown_not_stated_by_source,passenger_or_cargo_not_stated_by_source,not_established_by_approved_schedule
ai-s26-6838ba15b2fa13,AI,AIC,BLR,DEL,AI 2665,AI2665,1367,Monday;Wednesday;Saturday;Sunday,2026-03-29,2026-10-24,current,accepted,accepted_source_identity,confirmed_exact_designator,published,operating,,,A320,22:25,,unknown; no timezone conversion,one_side_only; absence_is_not_contradiction,107983dc72d381e6897a5a333556946adcc98daef82e954d52cec1fc402c3086,p14-r395-n0730,p14-r395-n0730-arrival,raw DGCA digits retained; weekday mapping separately corroborated by AAI; no DGCA legend,unknown_not_stated_by_source,passenger_or_cargo_not_stated_by_source,not_established_by_approved_schedule
ai-s26-a795650ecefd09,AI,AIC,BLR,DEL,AI 2665,AI2665,137,Monday;Wednesday;Sunday,2026-03-29,2026-04-01,expired,expired,accepted_source_identity,expired_not_compared_to_baseline,,,,,A320,,19:20,unknown; no timezone conversion,one_side_only; absence_is_not_contradiction,107983dc72d381e6897a5a333556946adcc98daef82e954d52cec1fc402c3086,p04-r72-n0175,p04-r72-n0175-departure,raw DGCA digits retained; weekday mapping separately corroborated by AAI; no DGCA legend,unknown_not_stated_by_source,passenger_or_cargo_not_stated_by_source,not_established_by_approved_schedule
ai-s26-86ca3a44b38606,AI,AIC,BLR,DEL,AI 2665,AI2665,2,Tuesday,2026-03-31,2026-03-31,expired,expired,accepted_source_identity,expired_not_compared_to_baseline,,,,,B777,,19:40,unknown; no timezone conversion,one_side_only; absence_is_not_contradiction,107983dc72d381e6897a5a333556946adcc98daef82e954d52cec1fc402c3086,p04-r74-n0177,p04-r74-n0177-departure,raw DGCA digits retained; weekday mapping separately corroborated by AAI; no DGCA legend,unknown_not_stated_by_source,passenger_or_cargo_not_stated_by_source,not_established_by_approved_schedule
ai-s26-3494dfce3990d6,AI,AIC,BLR,DEL,AI 2665,AI2665,245,Tuesday;Thursday;Friday,2026-03-31,2026-10-23,current,accepted,accepted_source_identity,confirmed_exact_designator,published,operating,,,A350,22:25,,unknown; no timezone conversion,one_side_only; absence_is_not_contradiction,107983dc72d381e6897a5a333556946adcc98daef82e954d52cec1fc402c3086,p14-r396-n0731,p14-r396-n0731-arrival,raw DGCA digits retained; weekday mapping separately corroborated by AAI; no DGCA legend,unknown_not_stated_by_source,passenger_or_cargo_not_stated_by_source,not_established_by_approved_schedule
ai-s26-1d32c8c3a9328c,AI,AIC,BOM,DEL,AI 2677,AI2677,1234567,Monday;Tuesday;Wednesday;Thursday;Friday;Saturday;Sunday,2026-03-29,2026-10-24,current,accepted,accepted_source_identity,confirmed_exact_designator,published,operating,,,A320,15:15,13:00,unknown; no timezone conversion,both_arrival_and_departure_rows,107983dc72d381e6897a5a333556946adcc98daef82e954d52cec1fc402c3086,p11-r243-n0578;p22-r142-n1204,p11-r243-n0578-arrival;p22-r142-n1204-departure,raw DGCA digits retained; weekday mapping separately corroborated by AAI; no DGCA legend,unknown_not_stated_by_source,passenger_or_cargo_not_stated_by_source,not_established_by_approved_schedule
ai-s26-c61cc6d42575df,AI,AIC,DEL,BOM,AI 2678,AI2678,1234567,Monday;Tuesday;Wednesday;Thursday;Friday;Saturday;Sunday,2026-03-29,2026-10-24,current,accepted,accepted_source_identity,confirmed_exact_designator,published,operating,,,A320,10:40,08:30,unknown; no timezone conversion,both_arrival_and_departure_rows,107983dc72d381e6897a5a333556946adcc98daef82e954d52cec1fc402c3086,p09-r103-n0438;p21-r103-n1165,p09-r103-n0438-departure;p21-r103-n1165-arrival,raw DGCA digits retained; weekday mapping separately corroborated by AAI; no DGCA legend,unknown_not_stated_by_source,passenger_or_cargo_not_stated_by_source,not_established_by_approved_schedule
ai-s26-2b87568d137632,AI,AIC,BOM,DEL,AI 2687,AI2687,1234567,Monday;Tuesday;Wednesday;Thursday;Friday;Saturday;Sunday,2026-03-29,2026-10-24,current,accepted,accepted_source_identity,confirmed_exact_designator,published,operating,,,A321,19:00,16:30,unknown; no timezone conversion,both_arrival_and_departure_rows,107983dc72d381e6897a5a333556946adcc98daef82e954d52cec1fc402c3086,p12-r330-n0665;p23-r200-n1262,p12-r330-n0665-arrival;p23-r200-n1262-departure,raw DGCA digits retained; weekday mapping separately corroborated by AAI; no DGCA legend,unknown_not_stated_by_source,passenger_or_cargo_not_stated_by_source,not_established_by_approved_schedule
ai-s26-42e0254333a293,AI,AIC,HYD,BOM,AI 2699,AI2699,1234567,Monday;Tuesday;Wednesday;Thursday;Friday;Saturday;Sunday,2026-03-29,2026-10-24,current,accepted,accepted_source_identity,confirmed_exact_designator,published,operating,,,A320,,22:20,unknown; no timezone conversion,one_side_only; absence_is_not_contradiction,107983dc72d381e6897a5a333556946adcc98daef82e954d52cec1fc402c3086,p16-r55-n0845,p16-r55-n0845-departure,raw DGCA digits retained; weekday mapping separately corroborated by AAI; no DGCA legend,unknown_not_stated_by_source,passenger_or_cargo_not_stated_by_source,not_established_by_approved_schedule
ai-s26-4b137ad0935ce1,AI,AIC,HYD,BOM,AI 2699,AI2699,1234567,Monday;Tuesday;Wednesday;Thursday;Friday;Saturday;Sunday,2026-03-30,2026-10-24,current,accepted,accepted_source_identity,confirmed_exact_designator,published,operating,,,A320,00:15,,unknown; no timezone conversion,one_side_only; absence_is_not_contradiction,107983dc72d381e6897a5a333556946adcc98daef82e954d52cec1fc402c3086,p20-r4-n1066,p20-r4-n1066-arrival,raw DGCA digits retained; weekday mapping separately corroborated by AAI; no DGCA legend,unknown_not_stated_by_source,passenger_or_cargo_not_stated_by_source,not_established_by_approved_schedule
ai-s26-16063bb42b4d45,AI,AIC,HYD,BOM,AI 2699,AI2699,7,Sunday,2026-03-29,2026-03-29,expired,expired,accepted_source_identity,expired_not_compared_to_baseline,,,,,A320,00:10,,unknown; no timezone conversion,one_side_only; absence_is_not_contradiction,107983dc72d381e6897a5a333556946adcc98daef82e954d52cec1fc402c3086,p20-r3-n1065,p20-r3-n1065-arrival,raw DGCA digits retained; weekday mapping separately corroborated by AAI; no DGCA legend,unknown_not_stated_by_source,passenger_or_cargo_not_stated_by_source,not_established_by_approved_schedule
ai-s26-3c24e8deaf73be,AI,AIC,DEL,CCU,AI 2702,AI2702,1234567,Monday;Tuesday;Wednesday;Thursday;Friday;Saturday;Sunday,2026-03-29,2026-10-24,current,accepted,accepted_source_identity,confirmed_exact_designator,published,operating,,,A320,04:50,02:30,unknown; no timezone conversion,both_arrival_and_departure_rows,107983dc72d381e6897a5a333556946adcc98daef82e954d52cec1fc402c3086,p07-r28-n0363;p18-r10-n0997,p07-r28-n0363-departure;p18-r10-n0997-arrival,raw DGCA digits retained; weekday mapping separately corroborated by AAI; no DGCA legend,unknown_not_stated_by_source,passenger_or_cargo_not_stated_by_source,not_established_by_approved_schedule
ai-s26-605f43dcd98ce9,AI,AIC,DEL,CCU,AI 2705,AI2705,1234567,Monday;Tuesday;Wednesday;Thursday;Friday;Saturday;Sunday,2026-03-29,2026-10-24,current,accepted,accepted_source_identity,confirmed_exact_designator,published,operating,,,A320,09:50,07:30,unknown; no timezone conversion,both_arrival_and_departure_rows,107983dc72d381e6897a5a333556946adcc98daef82e954d52cec1fc402c3086,p08-r77-n0412;p19-r21-n1008,p08-r77-n0412-departure;p19-r21-n1008-arrival,raw DGCA digits retained; weekday mapping separately corroborated by AAI; no DGCA legend,unknown_not_stated_by_source,passenger_or_cargo_not_stated_by_source,not_established_by_approved_schedule
ai-s26-54e49df8d7b55e,AI,AIC,CCU,DEL,AI 2706,AI2706,1234567,Monday;Tuesday;Wednesday;Thursday;Friday;Saturday;Sunday,2026-03-29,2026-10-24,current,accepted,accepted_source_identity,confirmed_exact_designator,published,operating,,,A320,13:05,10:30,unknown; no timezone conversion,both_arrival_and_departure_rows,107983dc72d381e6897a5a333556946adcc98daef82e954d52cec1fc402c3086,p10-r202-n0537;p19-r23-n1010,p10-r202-n0537-arrival;p19-r23-n1010-departure,raw DGCA digits retained; weekday mapping separately corroborated by AAI; no DGCA legend,unknown_not_stated_by_source,passenger_or_cargo_not_stated_by_source,not_established_by_approved_schedule
ai-s26-8f7f127603e977,AI,AIC,DEL,IXC,AI 2706,AI2706,1234567,Monday;Tuesday;Wednesday;Thursday;Friday;Saturday;Sunday,2026-03-29,2026-10-24,current,accepted,accepted_source_identity,confirmed_exact_designator,published,operating,,,A320,15:05,14:10,unknown; no timezone conversion,both_arrival_and_departure_rows,107983dc72d381e6897a5a333556946adcc98daef82e954d52cec1fc402c3086,p05-r17-n0252;p11-r225-n0560,p05-r17-n0252-arrival;p11-r225-n0560-departure,raw DGCA digits retained; weekday mapping separately corroborated by AAI; no DGCA legend,unknown_not_stated_by_source,passenger_or_cargo_not_stated_by_source,not_established_by_approved_schedule
ai-s26-47f4c71ef532f0,AI,AIC,CCU,DEL,AI 2708,AI2708,1234567,Monday;Tuesday;Wednesday;Thursday;Friday;Saturday;Sunday,2026-03-29,2026-10-24,current,accepted,accepted_source_identity,confirmed_exact_designator,published,operating,,,A320,23:35,21:00,unknown; no timezone conversion,both_arrival_and_departure_rows,107983dc72d381e6897a5a333556946adcc98daef82e954d52cec1fc402c3086,p14-r418-n0753;p19-r40-n1027,p14-r418-n0753-arrival;p19-r40-n1027-departure,raw DGCA digits retained; weekday mapping separately corroborated by AAI; no DGCA legend,unknown_not_stated_by_source,passenger_or_cargo_not_stated_by_source,not_established_by_approved_schedule
ai-s26-d74c64d87b6ad4,AI,AIC,DEL,CCU,AI 2709,AI2709,1234567,Monday;Tuesday;Wednesday;Thursday;Friday;Saturday;Sunday,2026-03-29,2026-10-24,current,accepted,accepted_source_identity,confirmed_exact_designator,published,operating,,,A320,21:20,19:10,unknown; no timezone conversion,both_arrival_and_departure_rows,107983dc72d381e6897a5a333556946adcc98daef82e954d52cec1fc402c3086,p13-r334-n0669;p19-r41-n1028,p13-r334-n0669-departure;p19-r41-n1028-arrival,raw DGCA digits retained; weekday mapping separately corroborated by AAI; no DGCA legend,unknown_not_stated_by_source,passenger_or_cargo_not_stated_by_source,not_established_by_approved_schedule
ai-s26-a7dce4b4576f36,AI,AIC,CCU,DEL,AI 2710,AI2710,1234567,Monday;Tuesday;Wednesday;Thursday;Friday;Saturday;Sunday,2026-03-29,2026-10-24,current,accepted,accepted_source_identity,confirmed_exact_designator,published,operating,,,A320,00:35,22:00,unknown; no timezone conversion,both_arrival_and_departure_rows,107983dc72d381e6897a5a333556946adcc98daef82e954d52cec1fc402c3086,p07-r11-n0346;p19-r42-n1029,p07-r11-n0346-arrival;p19-r42-n1029-departure,raw DGCA digits retained; weekday mapping separately corroborated by AAI; no DGCA legend,unknown_not_stated_by_source,passenger_or_cargo_not_stated_by_source,not_established_by_approved_schedule
ai-s26-9adc2208a455db,AI,AIC,DEL,AMD,AI 2715,AI2715,124567,Monday;Tuesday;Thursday;Friday;Saturday;Sunday,2026-03-29,2026-10-24,current,accepted,accepted_source_identity,confirmed_exact_designator,published,operating,,,A320,13:20,11:40,unknown; no timezone conversion,both_arrival_and_departure_rows,107983dc72d381e6897a5a333556946adcc98daef82e954d52cec1fc402c3086,p02-r39-n0039;p10-r173-n0508,p02-r39-n0039-arrival;p10-r173-n0508-departure,raw DGCA digits retained; weekday mapping separately corroborated by AAI; no DGCA legend,unknown_not_stated_by_source,passenger_or_cargo_not_stated_by_source,not_established_by_approved_schedule
ai-s26-cd0398d7160ce7,AI,AIC,AMD,DEL,AI 2716,AI2716,124567,Monday;Tuesday;Thursday;Friday;Saturday;Sunday,2026-03-29,2026-10-24,current,accepted,accepted_source_identity,confirmed_exact_designator,published,operating,,,A320,15:35,14:00,unknown; no timezone conversion,both_arrival_and_departure_rows,107983dc72d381e6897a5a333556946adcc98daef82e954d52cec1fc402c3086,p02-r40-n0040;p11-r256-n0591,p02-r40-n0040-departure;p11-r256-n0591-arrival,raw DGCA digits retained; weekday mapping separately corroborated by AAI; no DGCA legend,unknown_not_stated_by_source,passenger_or_cargo_not_stated_by_source,not_established_by_approved_schedule
ai-s26-692ce2bec76b08,AI,AIC,CCU,DEL,AI 2720,AI2720,1234567,Monday;Tuesday;Wednesday;Thursday;Friday;Saturday;Sunday,2026-03-29,2026-10-24,current,accepted,accepted_source_identity,confirmed_exact_designator,published,operating,,,A320,09:35,07:00,unknown; no timezone conversion,both_arrival_and_departure_rows,107983dc72d381e6897a5a333556946adcc98daef82e954d52cec1fc402c3086,p09-r122-n0457;p19-r17-n1004,p09-r122-n0457-arrival;p19-r17-n1004-departure,raw DGCA digits retained; weekday mapping separately corroborated by AAI; no DGCA legend,unknown_not_stated_by_source,passenger_or_cargo_not_stated_by_source,not_established_by_approved_schedule
ai-s26-122ba6ad23a6bf,AI,AIC,DEL,CCU,AI 2727,AI2727,1234567,Monday;Tuesday;Wednesday;Thursday;Friday;Saturday;Sunday,2026-03-29,2026-10-24,current,accepted,accepted_source_identity,confirmed_exact_designator,published,operating,,,A320,00:20,22:00,unknown; no timezone conversion,both_arrival_and_departure_rows,107983dc72d381e6897a5a333556946adcc98daef82e954d52cec1fc402c3086,p13-r387-n0722;p18-r1-n0988,p13-r387-n0722-departure;p18-r1-n0988-arrival,raw DGCA digits retained; weekday mapping separately corroborated by AAI; no DGCA legend,unknown_not_stated_by_source,passenger_or_cargo_not_stated_by_source,not_established_by_approved_schedule
ai-s26-5466da00364e34,AI,AIC,BOM,ATQ,AI 2728,AI2728,124567,Monday;Tuesday;Thursday;Friday;Saturday;Sunday,2026-03-29,2026-10-24,current,accepted,accepted_source_identity,confirmed_exact_designator,published,operating,,,A320,07:50,05:20,unknown; no timezone conversion,both_arrival_and_departure_rows,107983dc72d381e6897a5a333556946adcc98daef82e954d52cec1fc402c3086,p02-r4-n0082;p20-r23-n1085,p02-r4-n0082-arrival;p20-r23-n1085-departure,raw DGCA digits retained; weekday mapping separately corroborated by AAI; no DGCA legend,unknown_not_stated_by_source,passenger_or_cargo_not_stated_by_source,not_established_by_approved_schedule
ai-s26-23887e454003fc,AI,AIC,BOM,ATQ,AI 2728,AI2728,3,Wednesday,2026-04-01,2026-10-21,current,accepted,accepted_source_identity,confirmed_exact_designator,published,operating,,,A320,07:10,04:45,unknown; no timezone conversion,both_arrival_and_departure_rows,107983dc72d381e6897a5a333556946adcc98daef82e954d52cec1fc402c3086,p02-r3-n0081;p20-r20-n1082,p02-r3-n0081-arrival;p20-r20-n1082-departure,raw DGCA digits retained; weekday mapping separately corroborated by AAI; no DGCA legend,unknown_not_stated_by_source,passenger_or_cargo_not_stated_by_source,not_established_by_approved_schedule
ai-s26-d04f5ee92db7e2,AI,AIC,ATQ,BOM,AI 2729,AI2729,124567,Monday;Tuesday;Thursday;Friday;Saturday;Sunday,2026-03-29,2026-10-24,current,accepted,accepted_source_identity,confirmed_exact_designator,published,operating,,,A320,,08:30,unknown; no timezone conversion,one_side_only; absence_is_not_contradiction,107983dc72d381e6897a5a333556946adcc98daef82e954d52cec1fc402c3086,p02-r6-n0084,p02-r6-n0084-departure,raw DGCA digits retained; weekday mapping separately corroborated by AAI; no DGCA legend,unknown_not_stated_by_source,passenger_or_cargo_not_stated_by_source,not_established_by_approved_schedule
ai-s26-bf897019873937,AI,AIC,ATQ,BOM,AI 2729,AI2729,12567,Monday;Tuesday;Friday;Saturday;Sunday,2026-03-29,2026-10-24,current,accepted,accepted_source_identity,confirmed_exact_designator,published,operating,,,A320,11:25,,unknown; no timezone conversion,one_side_only; absence_is_not_contradiction,107983dc72d381e6897a5a333556946adcc98daef82e954d52cec1fc402c3086,p22-r121-n1183,p22-r121-n1183-arrival,raw DGCA digits retained; weekday mapping separately corroborated by AAI; no DGCA legend,unknown_not_stated_by_source,passenger_or_cargo_not_stated_by_source,not_established_by_approved_schedule
ai-s26-45e40013bb3b79,AI,AIC,ATQ,BOM,AI 2729,AI2729,3,Wednesday,2026-04-01,2026-10-21,current,accepted,accepted_source_identity,confirmed_exact_designator,published,operating,,,A320,10:30,07:50,unknown; no timezone conversion,both_arrival_and_departure_rows,107983dc72d381e6897a5a333556946adcc98daef82e954d52cec1fc402c3086,p02-r5-n0083;p21-r101-n1163,p02-r5-n0083-departure;p21-r101-n1163-arrival,raw DGCA digits retained; weekday mapping separately corroborated by AAI; no DGCA legend,unknown_not_stated_by_source,passenger_or_cargo_not_stated_by_source,not_established_by_approved_schedule
ai-s26-46cd6baecb1f42,AI,AIC,ATQ,BOM,AI 2729,AI2729,4,Thursday,2026-04-02,2026-10-22,current,accepted,accepted_source_identity,confirmed_exact_designator,published,operating,,,A320,11:25,,unknown; no timezone conversion,one_side_only; absence_is_not_contradiction,107983dc72d381e6897a5a333556946adcc98daef82e954d52cec1fc402c3086,p22-r120-n1182,p22-r120-n1182-arrival,raw DGCA digits retained; weekday mapping separately corroborated by AAI; no DGCA legend,unknown_not_stated_by_source,passenger_or_cargo_not_stated_by_source,not_established_by_approved_schedule
ai-s26-ace1d6d64d3cfc,AI,AIC,BOM,HSR,AI 2730,AI2730,1234567,Monday;Tuesday;Wednesday;Thursday;Friday;Saturday;Sunday,2026-03-29,2026-10-24,current,accepted,accepted_source_identity,confirmed_exact_designator,published,operating,,,A320,17:25,16:00,unknown; no timezone conversion,both_arrival_and_departure_rows,107983dc72d381e6897a5a333556946adcc98daef82e954d52cec1fc402c3086,p23-r196-n1258;p26-r5-n1445,p23-r196-n1258-departure;p26-r5-n1445-arrival,raw DGCA digits retained; weekday mapping separately corroborated by AAI; no DGCA legend,unknown_not_stated_by_source,passenger_or_cargo_not_stated_by_source,not_established_by_approved_schedule
ai-s26-4c117fd7fb89d8,AI,AIC,HSR,BOM,AI 2731,AI2731,1234567,Monday;Tuesday;Wednesday;Thursday;Friday;Saturday;Sunday,2026-03-29,2026-10-24,current,accepted,accepted_source_identity,confirmed_exact_designator,published,operating,,,A320,,18:00,unknown; no timezone conversion,one_side_only; absence_is_not_contradiction,107983dc72d381e6897a5a333556946adcc98daef82e954d52cec1fc402c3086,p26-r6-n1446,p26-r6-n1446-departure,raw DGCA digits retained; weekday mapping separately corroborated by AAI; no DGCA legend,unknown_not_stated_by_source,passenger_or_cargo_not_stated_by_source,not_established_by_approved_schedule
ai-s26-4f6383ba34bafd,AI,AIC,HSR,BOM,AI 2731,AI2731,123567,Monday;Tuesday;Wednesday;Friday;Saturday;Sunday,2026-03-29,2026-10-24,current,accepted,accepted_source_identity,confirmed_exact_designator,published,operating,,,A320,20:10,,unknown; no timezone conversion,one_side_only; absence_is_not_contradiction,107983dc72d381e6897a5a333556946adcc98daef82e954d52cec1fc402c3086,p24-r271-n1333,p24-r271-n1333-arrival,raw DGCA digits retained; weekday mapping separately corroborated by AAI; no DGCA legend,unknown_not_stated_by_source,passenger_or_cargo_not_stated_by_source,not_established_by_approved_schedule
ai-s26-dc5b01e30b56c7,AI,AIC,HSR,BOM,AI 2731,AI2731,4,Thursday,2026-04-02,2026-10-22,current,accepted,accepted_source_identity,confirmed_exact_designator,published,operating,,,A320,20:10,,unknown; no timezone conversion,one_side_only; absence_is_not_contradiction,107983dc72d381e6897a5a333556946adcc98daef82e954d52cec1fc402c3086,p24-r270-n1332,p24-r270-n1332-arrival,raw DGCA digits retained; weekday mapping separately corroborated by AAI; no DGCA legend,unknown_not_stated_by_source,passenger_or_cargo_not_stated_by_source,not_established_by_approved_schedule
ai-s26-819459113d445d,AI,AIC,BOM,CJB,AI 2732,AI2732,1234567,Monday;Tuesday;Wednesday;Thursday;Friday;Saturday;Sunday,2026-03-29,2026-10-24,current,accepted,accepted_source_identity,confirmed_exact_designator,published,operating,,,A320,21:05,19:10,unknown; no timezone conversion,both_arrival_and_departure_rows,107983dc72d381e6897a5a333556946adcc98daef82e954d52cec1fc402c3086,p06-r9-n0314;p24-r246-n1308,p06-r9-n0314-arrival;p24-r246-n1308-departure,raw DGCA digits retained; weekday mapping separately corroborated by AAI; no DGCA legend,unknown_not_stated_by_source,passenger_or_cargo_not_stated_by_source,not_established_by_approved_schedule
ai-s26-2fd4f74e37e44e,AI,AIC,CJB,BOM,AI 2733,AI2733,1234567,Monday;Tuesday;Wednesday;Thursday;Friday;Saturday;Sunday,2026-03-29,2026-10-24,current,accepted,accepted_source_identity,confirmed_exact_designator,published,operating,,,A320,,21:45,unknown; no timezone conversion,one_side_only; absence_is_not_contradiction,107983dc72d381e6897a5a333556946adcc98daef82e954d52cec1fc402c3086,p06-r10-n0315,p06-r10-n0315-departure,raw DGCA digits retained; weekday mapping separately corroborated by AAI; no DGCA legend,unknown_not_stated_by_source,passenger_or_cargo_not_stated_by_source,not_established_by_approved_schedule
ai-s26-f8ec18ff77b189,AI,AIC,CJB,BOM,AI 2733,AI2733,1234567,Monday;Tuesday;Wednesday;Thursday;Friday;Saturday;Sunday,2026-03-30,2026-10-24,current,accepted,accepted_source_identity,confirmed_exact_designator,published,operating,,,A320,00:05,,unknown; no timezone conversion,one_side_only; absence_is_not_contradiction,107983dc72d381e6897a5a333556946adcc98daef82e954d52cec1fc402c3086,p20-r2-n1064,p20-r2-n1064-arrival,raw DGCA digits retained; weekday mapping separately corroborated by AAI; no DGCA legend,unknown_not_stated_by_source,passenger_or_cargo_not_stated_by_source,not_established_by_approved_schedule
ai-s26-02163a4ca48503,AI,AIC,BOM,MAA,AI 2739,AI2739,1234567,Monday;Tuesday;Wednesday;Thursday;Friday;Saturday;Sunday,2026-03-29,2026-10-24,current,accepted,accepted_source_identity,confirmed_exact_designator,published,operating,,,A320,11:10,09:00,unknown; no timezone conversion,both_arrival_and_departure_rows,107983dc72d381e6897a5a333556946adcc98daef82e954d52cec1fc402c3086,p06-r20-n0281;p21-r65-n1127,p06-r20-n0281-arrival;p21-r65-n1127-departure,raw DGCA digits retained; weekday mapping separately corroborated by AAI; no DGCA legend,unknown_not_stated_by_source,passenger_or_cargo_not_stated_by_source,not_established_by_approved_schedule
ai-s26-49ed9e6fcc3f67,AI,AIC,MAA,IXM,AI 2739,AI2739,1234567,Monday;Tuesday;Wednesday;Thursday;Friday;Saturday;Sunday,2026-03-29,2026-10-24,current,accepted,accepted_source_identity,confirmed_exact_designator,published,operating,,,A320,13:05,11:50,unknown; no timezone conversion,both_arrival_and_departure_rows,107983dc72d381e6897a5a333556946adcc98daef82e954d52cec1fc402c3086,p06-r21-n0282;p20-r1-n1061,p06-r21-n0282-departure;p20-r1-n1061-arrival,raw DGCA digits retained; weekday mapping separately corroborated by AAI; no DGCA legend,unknown_not_stated_by_source,passenger_or_cargo_not_stated_by_source,not_established_by_approved_schedule
ai-s26-98257d00a80910,AI,AIC,IXM,MAA,AI 2740,AI2740,1234567,Monday;Tuesday;Wednesday;Thursday;Friday;Saturday;Sunday,2026-03-29,2026-10-24,current,accepted,accepted_source_identity,confirmed_exact_designator,published,operating,,,A320,15:15,13:50,unknown; no timezone conversion,both_arrival_and_departure_rows,107983dc72d381e6897a5a333556946adcc98daef82e954d52cec1fc402c3086,p06-r27-n0288;p20-r2-n1062,p06-r27-n0288-arrival;p20-r2-n1062-departure,raw DGCA digits retained; weekday mapping separately corroborated by AAI; no DGCA legend,unknown_not_stated_by_source,passenger_or_cargo_not_stated_by_source,not_established_by_approved_schedule
ai-s26-4e74fe3dbe493a,AI,AIC,MAA,BOM,AI 2740,AI2740,1234567,Monday;Tuesday;Wednesday;Thursday;Friday;Saturday;Sunday,2026-03-29,2026-10-24,current,accepted,accepted_source_identity,confirmed_exact_designator,published,operating,,,A320,,15:40,unknown; no timezone conversion,one_side_only; absence_is_not_contradiction,107983dc72d381e6897a5a333556946adcc98daef82e954d52cec1fc402c3086,p06-r29-n0290,p06-r29-n0290-departure,raw DGCA digits retained; weekday mapping separately corroborated by AAI; no DGCA legend,unknown_not_stated_by_source,passenger_or_cargo_not_stated_by_source,not_established_by_approved_schedule
ai-s26-e2b6d466d0db60,AI,AIC,MAA,BOM,AI 2740,AI2740,13457,Monday;Wednesday;Thursday;Friday;Sunday,2026-03-29,2026-04-24,expired,expired,accepted_source_identity,expired_not_compared_to_baseline,,,,,A320,18:00,,unknown; no timezone conversion,one_side_only; absence_is_not_contradiction,107983dc72d381e6897a5a333556946adcc98daef82e954d52cec1fc402c3086,p24-r231-n1293,p24-r231-n1293-arrival,raw DGCA digits retained; weekday mapping separately corroborated by AAI; no DGCA legend,unknown_not_stated_by_source,passenger_or_cargo_not_stated_by_source,not_established_by_approved_schedule
ai-s26-4c06be6b706a7d,AI,AIC,MAA,BOM,AI 2740,AI2740,13457,Monday;Wednesday;Thursday;Friday;Sunday,2026-04-26,2026-10-23,current,accepted,accepted_source_identity,confirmed_exact_designator,published,operating,,,A320,18:00,,unknown; no timezone conversion,one_side_only; absence_is_not_contradiction,107983dc72d381e6897a5a333556946adcc98daef82e954d52cec1fc402c3086,p24-r232-n1294,p24-r232-n1294-arrival,raw DGCA digits retained; weekday mapping separately corroborated by AAI; no DGCA legend,unknown_not_stated_by_source,passenger_or_cargo_not_stated_by_source,not_established_by_approved_schedule
ai-s26-73534101ea4539,AI,AIC,MAA,BOM,AI 2740,AI2740,26,Tuesday;Saturday,2026-03-31,2026-04-25,expired,expired,accepted_source_identity,expired_not_compared_to_baseline,,,,,A320,18:00,,unknown; no timezone conversion,one_side_only; absence_is_not_contradiction,107983dc72d381e6897a5a333556946adcc98daef82e954d52cec1fc402c3086,p24-r229-n1291,p24-r229-n1291-arrival,raw DGCA digits retained; weekday mapping separately corroborated by AAI; no DGCA legend,unknown_not_stated_by_source,passenger_or_cargo_not_stated_by_source,not_established_by_approved_schedule
ai-s26-af15a19079b8b4,AI,AIC,MAA,BOM,AI 2740,AI2740,26,Tuesday;Saturday,2026-04-28,2026-10-24,current,accepted,accepted_source_identity,confirmed_exact_designator,published,operating,,,A320,18:00,,unknown; no timezone conversion,one_side_only; absence_is_not_contradiction,107983dc72d381e6897a5a333556946adcc98daef82e954d52cec1fc402c3086,p24-r230-n1292,p24-r230-n1292-arrival,raw DGCA digits retained; weekday mapping separately corroborated by AAI; no DGCA legend,unknown_not_stated_by_source,passenger_or_cargo_not_stated_by_source,not_established_by_approved_schedule
ai-s26-7c6b3fd77f4b5f,AI,AIC,BOM,DED,AI 2741,AI2741,1234567,Monday;Tuesday;Wednesday;Thursday;Friday;Saturday;Sunday,2026-03-29,2026-10-24,current,accepted,accepted_source_identity,confirmed_exact_designator,published,operating,,,A320,09:55,07:40,unknown; no timezone conversion,both_arrival_and_departure_rows,107983dc72d381e6897a5a333556946adcc98daef82e954d52cec1fc402c3086,p06-r1-n0316;p20-r48-n1110,p06-r1-n0316-arrival;p20-r48-n1110-departure,raw DGCA digits retained; weekday mapping separately corroborated by AAI; no DGCA legend,unknown_not_stated_by_source,passenger_or_cargo_not_stated_by_source,not_established_by_approved_schedule
ai-s26-d82195c1498db5,AI,AIC,DED,BOM,AI 2742,AI2742,1234567,Monday;Tuesday;Wednesday;Thursday;Friday;Saturday;Sunday,2026-03-29,2026-10-24,current,accepted,accepted_source_identity,confirmed_exact_designator,published,operating,,,A320,13:05,10:25,unknown; no timezone conversion,both_arrival_and_departure_rows,107983dc72d381e6897a5a333556946adcc98daef82e954d52cec1fc402c3086,p06-r2-n0317;p22-r144-n1206,p06-r2-n0317-departure;p22-r144-n1206-arrival,raw DGCA digits retained; weekday mapping separately corroborated by AAI; no DGCA legend,unknown_not_stated_by_source,passenger_or_cargo_not_stated_by_source,not_established_by_approved_schedule
ai-s26-cf67a69d429751,AI,AIC,BOM,COK,AI 2743,AI2743,1234567,Monday;Tuesday;Wednesday;Thursday;Friday;Saturday;Sunday,2026-03-29,2026-10-24,current,accepted,accepted_source_identity,confirmed_exact_designator,published,operating,,,A320,07:05,05:05,unknown; no timezone conversion,both_arrival_and_departure_rows,107983dc72d381e6897a5a333556946adcc98daef82e954d52cec1fc402c3086,p18-r3-n0961;p20-r21-n1083,p18-r3-n0961-arrival;p20-r21-n1083-departure,raw DGCA digits retained; weekday mapping separately corroborated by AAI; no DGCA legend,unknown_not_stated_by_source,passenger_or_cargo_not_stated_by_source,not_established_by_approved_schedule
ai-s26-0ba97f42dd546c,AI,AIC,COK,BOM,AI 2744,AI2744,1234567,Monday;Tuesday;Wednesday;Thursday;Friday;Saturday;Sunday,2026-03-29,2026-10-24,current,accepted,accepted_source_identity,confirmed_exact_designator,published,operating,,,A320,10:20,07:50,unknown; no timezone conversion,both_arrival_and_departure_rows,107983dc72d381e6897a5a333556946adcc98daef82e954d52cec1fc402c3086,p18-r4-n0962;p21-r92-n1154,p18-r4-n0962-departure;p21-r92-n1154-arrival,raw DGCA digits retained; weekday mapping separately corroborated by AAI; no DGCA legend,unknown_not_stated_by_source,passenger_or_cargo_not_stated_by_source,not_established_by_approved_schedule
ai-s26-bd2dc1eeb4877a,AI,AIC,BOM,GOI,AI 2745,AI2745,1234567,Monday;Tuesday;Wednesday;Thursday;Friday;Saturday;Sunday,2026-03-29,2026-10-24,current,accepted,accepted_source_identity,confirmed_exact_designator,published,operating,,,A320,16:50,,unknown; no timezone conversion,one_side_only; absence_is_not_contradiction,107983dc72d381e6897a5a333556946adcc98daef82e954d52cec1fc402c3086,p14-r11-n0771,p14-r11-n0771-arrival,raw DGCA digits retained; weekday mapping separately corroborated by AAI; no DGCA legend,unknown_not_stated_by_source,passenger_or_cargo_not_stated_by_source,not_established_by_approved_schedule
ai-s26-c8a4af722396de,AI,AIC,BOM,GOI,AI 2745,AI2745,123567,Monday;Tuesday;Wednesday;Friday;Saturday;Sunday,2026-03-29,2026-10-24,current,accepted,accepted_source_identity,confirmed_exact_designator,published,operating,,,A319,,15:30,unknown; no timezone conversion,one_side_only; absence_is_not_contradiction,107983dc72d381e6897a5a333556946adcc98daef82e954d52cec1fc402c3086,p23-r185-n1247,p23-r185-n1247-departure,raw DGCA digits retained; weekday mapping separately corroborated by AAI; no DGCA legend,unknown_not_stated_by_source,passenger_or_cargo_not_stated_by_source,not_established_by_approved_schedule
ai-s26-59cf574fc225e2,AI,AIC,GOI,BOM,AI 2746,AI2746,1234567,Monday;Tuesday;Wednesday;Thursday;Friday;Saturday;Sunday,2026-03-29,2026-10-24,current,accepted,accepted_source_identity,confirmed_exact_designator,published,operating,,,A320,,17:30,unknown; no timezone conversion,one_side_only; absence_is_not_contradiction,107983dc72d381e6897a5a333556946adcc98daef82e954d52cec1fc402c3086,p14-r12-n0772,p14-r12-n0772-departure,raw DGCA digits retained; weekday mapping separately corroborated by AAI; no DGCA legend,unknown_not_stated_by_source,passenger_or_cargo_not_stated_by_source,not_established_by_approved_schedule
ai-s26-51188a2a2ac63c,AI,AIC,GOI,BOM,AI 2746,AI2746,123567,Monday;Tuesday;Wednesday;Friday;Saturday;Sunday,2026-03-29,2026-10-24,current,accepted,accepted_source_identity,confirmed_exact_designator,published,operating,,,A319,18:55,,unknown; no timezone conversion,one_side_only; absence_is_not_contradiction,107983dc72d381e6897a5a333556946adcc98daef82e954d52cec1fc402c3086,p24-r242-n1304,p24-r242-n1304-arrival,raw DGCA digits retained; weekday mapping separately corroborated by AAI; no DGCA legend,unknown_not_stated_by_source,passenger_or_cargo_not_stated_by_source,not_established_by_approved_schedule
ai-s26-73260e8bfcbca4,AI,AIC,BOM,IDR,AI 2749,AI2749,1234567,Monday;Tuesday;Wednesday;Thursday;Friday;Saturday;Sunday,2026-03-29,2026-10-24,current,accepted,accepted_source_identity,confirmed_exact_designator,published,operating,,,A320,19:10,17:35,unknown; no timezone conversion,both_arrival_and_departure_rows,107983dc72d381e6897a5a333556946adcc98daef82e954d52cec1fc402c3086,p16-r9-n0859;p23-r217-n1279,p16-r9-n0859-arrival;p23-r217-n1279-departure,raw DGCA digits retained; weekday mapping separately corroborated by AAI; no DGCA legend,unknown_not_stated_by_source,passenger_or_cargo_not_stated_by_source,not_established_by_approved_schedule
ai-s26-0b8478857403e6,AI,AIC,IDR,BOM,AI 2750,AI2750,1234567,Monday;Tuesday;Wednesday;Thursday;Friday;Saturday;Sunday,2026-03-29,2026-10-24,current,accepted,accepted_source_identity,confirmed_exact_designator,published,operating,,,A320,21:25,19:50,unknown; no timezone conversion,both_arrival_and_departure_rows,107983dc72d381e6897a5a333556946adcc98daef82e954d52cec1fc402c3086,p16-r10-n0860;p25-r291-n1353,p16-r10-n0860-departure;p25-r291-n1353-arrival,raw DGCA digits retained; weekday mapping separately corroborated by AAI; no DGCA legend,unknown_not_stated_by_source,passenger_or_cargo_not_stated_by_source,not_established_by_approved_schedule
ai-s26-c8c0504ec6c6d7,AI,AIC,BOM,BHJ,AI 2753,AI2753,123457,Monday;Tuesday;Wednesday;Thursday;Friday;Sunday,2026-03-29,2026-10-23,current,accepted,accepted_source_identity,confirmed_exact_designator,published,operating,,,A320,15:15,13:50,unknown; no timezone conversion,both_arrival_and_departure_rows,107983dc72d381e6897a5a333556946adcc98daef82e954d52cec1fc402c3086,p05-r3-n0232;p22-r158-n1220,p05-r3-n0232-arrival;p22-r158-n1220-departure,raw DGCA digits retained; weekday mapping separately corroborated by AAI; no DGCA legend,unknown_not_stated_by_source,passenger_or_cargo_not_stated_by_source,not_established_by_approved_schedule
ai-s26-091cbecdd85961,AI,AIC,BHJ,BOM,AI 2754,AI2754,123457,Monday;Tuesday;Wednesday;Thursday;Friday;Sunday,2026-03-29,2026-10-23,current,accepted,accepted_source_identity,confirmed_exact_designator,published,operating,,,A320,,16:00,unknown; no timezone conversion,one_side_only; absence_is_not_contradiction,107983dc72d381e6897a5a333556946adcc98daef82e954d52cec1fc402c3086,p05-r4-n0233,p05-r4-n0233-departure,raw DGCA digits retained; weekday mapping separately corroborated by AAI; no DGCA legend,unknown_not_stated_by_source,passenger_or_cargo_not_stated_by_source,not_established_by_approved_schedule
ai-s26-7c8f8718eb916e,AI,AIC,BHJ,BOM,AI 2754,AI2754,12357,Monday;Tuesday;Wednesday;Friday;Sunday,2026-03-29,2026-10-23,current,accepted,accepted_source_identity,confirmed_exact_designator,published,operating,,,A320,17:35,,unknown; no timezone conversion,one_side_only; absence_is_not_contradiction,107983dc72d381e6897a5a333556946adcc98daef82e954d52cec1fc402c3086,p23-r220-n1282,p23-r220-n1282-arrival,raw DGCA digits retained; weekday mapping separately corroborated by AAI; no DGCA legend,unknown_not_stated_by_source,passenger_or_cargo_not_stated_by_source,not_established_by_approved_schedule
ai-s26-fc2cf5c9ac73fe,AI,AIC,BHJ,BOM,AI 2754,AI2754,4,Thursday,2026-04-02,2026-10-22,current,accepted,accepted_source_identity,confirmed_exact_designator,published,operating,,,A320,17:35,,unknown; no timezone conversion,one_side_only; absence_is_not_contradiction,107983dc72d381e6897a5a333556946adcc98daef82e954d52cec1fc402c3086,p23-r219-n1281,p23-r219-n1281-arrival,raw DGCA digits retained; weekday mapping separately corroborated by AAI; no DGCA legend,unknown_not_stated_by_source,passenger_or_cargo_not_stated_by_source,not_established_by_approved_schedule
ai-s26-07b8df238600df,AI,AIC,DEL,BLR,AI 2757,AI2757,1234567,Monday;Tuesday;Wednesday;Thursday;Friday;Saturday;Sunday,2026-03-29,2026-10-24,current,accepted,accepted_source_identity,confirmed_exact_designator,published,operating,,,A320,03:10,00:15,unknown; no timezone conversion,both_arrival_and_departure_rows,107983dc72d381e6897a5a333556946adcc98daef82e954d52cec1fc402c3086,p03-r14-n0117;p07-r5-n0340,p03-r14-n0117-arrival;p07-r5-n0340-departure,raw DGCA digits retained; weekday mapping separately corroborated by AAI; no DGCA legend,unknown_not_stated_by_source,passenger_or_cargo_not_stated_by_source,not_established_by_approved_schedule
ai-s26-13c4bde1fe4aa3,AI,AIC,BLR,DEL,AI 2758,AI2758,1234567,Monday;Tuesday;Wednesday;Thursday;Friday;Saturday;Sunday,2026-03-29,2026-06-03,expired,expired,accepted_source_identity,expired_not_compared_to_baseline,,,,,A320,,00:15,unknown; no timezone conversion,one_side_only; absence_is_not_contradiction,107983dc72d381e6897a5a333556946adcc98daef82e954d52cec1fc402c3086,p03-r4-n0107,p03-r4-n0107-departure,raw DGCA digits retained; weekday mapping separately corroborated by AAI; no DGCA legend,unknown_not_stated_by_source,passenger_or_cargo_not_stated_by_source,not_established_by_approved_schedule
ai-s26-55572e85f6092e,AI,AIC,BLR,DEL,AI 2758,AI2758,1234567,Monday;Tuesday;Wednesday;Thursday;Friday;Saturday;Sunday,2026-03-29,2026-10-24,current,accepted,accepted_source_identity,confirmed_exact_designator,published,operating,,,A320,03:10,,unknown; no timezone conversion,one_side_only; absence_is_not_contradiction,107983dc72d381e6897a5a333556946adcc98daef82e954d52cec1fc402c3086,p07-r31-n0366,p07-r31-n0366-arrival,raw DGCA digits retained; weekday mapping separately corroborated by AAI; no DGCA legend,unknown_not_stated_by_source,passenger_or_cargo_not_stated_by_source,not_established_by_approved_schedule
ai-s26-f5160c5f40f1b0,AI,AIC,BLR,DEL,AI 2758,AI2758,123467,Monday;Tuesday;Wednesday;Thursday;Saturday;Sunday,2026-06-05,2026-10-23,current,accepted,accepted_source_identity,confirmed_exact_designator,published,operating,,,A320,,00:15,unknown; no timezone conversion,one_side_only; absence_is_not_contradiction,107983dc72d381e6897a5a333556946adcc98daef82e954d52cec1fc402c3086,p03-r3-n0106,p03-r3-n0106-departure,raw DGCA digits retained; weekday mapping separately corroborated by AAI; no DGCA legend,unknown_not_stated_by_source,passenger_or_cargo_not_stated_by_source,not_established_by_approved_schedule
ai-s26-df2b2657d89309,AI,AIC,BLR,DEL,AI 2758,AI2758,5,Friday,2026-06-04,2026-10-22,current,accepted,accepted_source_identity,confirmed_exact_designator,published,operating,,,A320,,00:15,unknown; no timezone conversion,one_side_only; absence_is_not_contradiction,107983dc72d381e6897a5a333556946adcc98daef82e954d52cec1fc402c3086,p03-r2-n0105,p03-r2-n0105-departure,raw DGCA digits retained; weekday mapping separately corroborated by AAI; no DGCA legend,unknown_not_stated_by_source,passenger_or_cargo_not_stated_by_source,not_established_by_approved_schedule
ai-s26-0c76c5f65b89c6,AI,AIC,BLR,DEL,AI 2758,AI2758,7,Sunday,2026-03-29,2026-03-29,expired,expired,accepted_source_identity,expired_not_compared_to_baseline,,,,,A320,,00:15,unknown; no timezone conversion,one_side_only; absence_is_not_contradiction,107983dc72d381e6897a5a333556946adcc98daef82e954d52cec1fc402c3086,p03-r1-n0104,p03-r1-n0104-departure,raw DGCA digits retained; weekday mapping separately corroborated by AAI; no DGCA legend,unknown_not_stated_by_source,passenger_or_cargo_not_stated_by_source,not_established_by_approved_schedule
ai-s26-a3545ece2aacdf,AI,AIC,DEL,BHO,AI 2759,AI2759,1234567,Monday;Tuesday;Wednesday;Thursday;Friday;Saturday;Sunday,2026-03-29,2026-05-30,expired,expired,accepted_source_identity,expired_not_compared_to_baseline,,,,,A320,19:00,,unknown; no timezone conversion,one_side_only; absence_is_not_contradiction,107983dc72d381e6897a5a333556946adcc98daef82e954d52cec1fc402c3086,p05-r13-n0218,p05-r13-n0218-arrival,raw DGCA digits retained; weekday mapping separately corroborated by AAI; no DGCA legend,unknown_not_stated_by_source,passenger_or_cargo_not_stated_by_source,not_established_by_approved_schedule
ai-s26-649a7a42e90ed9,AI,AIC,DEL,BHO,AI 2759,AI2759,1234567,Monday;Tuesday;Wednesday;Thursday;Friday;Saturday;Sunday,2026-03-29,2026-10-24,current,accepted,accepted_source_identity,confirmed_exact_designator,published,operating,,,A320,,17:40,unknown; no timezone conversion,one_side_only; absence_is_not_contradiction,107983dc72d381e6897a5a333556946adcc98daef82e954d52cec1fc402c3086,p12-r302-n0637,p12-r302-n0637-departure,raw DGCA digits retained; weekday mapping separately corroborated by AAI; no DGCA legend,unknown_not_stated_by_source,passenger_or_cargo_not_stated_by_source,not_established_by_approved_schedule
ai-s26-e343138e30409e,AI,AIC,DEL,BHO,AI 2759,AI2759,1234567,Monday;Tuesday;Wednesday;Thursday;Friday;Saturday;Sunday,2026-06-30,2026-10-24,current,accepted,accepted_source_identity,confirmed_exact_designator,published,operating,,,A320,19:00,,unknown; no timezone conversion,one_side_only; absence_is_not_contradiction,107983dc72d381e6897a5a333556946adcc98daef82e954d52cec1fc402c3086,p05-r14-n0219,p05-r14-n0219-arrival,raw DGCA digits retained; weekday mapping separately corroborated by AAI; no DGCA legend,unknown_not_stated_by_source,passenger_or_cargo_not_stated_by_source,not_established_by_approved_schedule
ai-s26-70eeff4e14e58f,AI,AIC,DEL,BHO,AI 2759,AI2759,1357,Monday;Wednesday;Friday;Sunday,2026-05-31,2026-06-29,expired,expired,accepted_source_identity,expired_not_compared_to_baseline,,,,,A320,19:00,,unknown; no timezone conversion,one_side_only; absence_is_not_contradiction,107983dc72d381e6897a5a333556946adcc98daef82e954d52cec1fc402c3086,p05-r12-n0217,p05-r12-n0217-arrival,raw DGCA digits retained; weekday mapping separately corroborated by AAI; no DGCA legend,unknown_not_stated_by_source,passenger_or_cargo_not_stated_by_source,not_established_by_approved_schedule
ai-s26-d8a323c099c221,AI,AIC,DEL,BHO,AI 2759,AI2759,246,Tuesday;Thursday;Saturday,2026-06-02,2026-06-27,expired,expired,accepted_source_identity,expired_not_compared_to_baseline,,,,,A320,19:00,,unknown; no timezone conversion,one_side_only; absence_is_not_contradiction,107983dc72d381e6897a5a333556946adcc98daef82e954d52cec1fc402c3086,p05-r11-n0216,p05-r11-n0216-arrival,raw DGCA digits retained; weekday mapping separately corroborated by AAI; no DGCA legend,unknown_not_stated_by_source,passenger_or_cargo_not_stated_by_source,not_established_by_approved_schedule
ai-s26-c5bb7c734ce3a4,AI,AIC,BHO,DEL,AI 2760,AI2760,1234567,Monday;Tuesday;Wednesday;Thursday;Friday;Saturday;Sunday,2026-03-29,2026-05-30,expired,expired,accepted_source_identity,expired_not_compared_to_baseline,,,,,A320,,19:50,unknown; no timezone conversion,one_side_only; absence_is_not_contradiction,107983dc72d381e6897a5a333556946adcc98daef82e954d52cec1fc402c3086,p05-r17-n0222,p05-r17-n0222-departure,raw DGCA digits retained; weekday mapping separately corroborated by AAI; no DGCA legend,unknown_not_stated_by_source,passenger_or_cargo_not_stated_by_source,not_established_by_approved_schedule
ai-s26-538ec083b11211,AI,AIC,BHO,DEL,AI 2760,AI2760,1234567,Monday;Tuesday;Wednesday;Thursday;Friday;Saturday;Sunday,2026-03-29,2026-10-24,current,accepted,accepted_source_identity,confirmed_exact_designator,published,operating,,,A320,21:20,,unknown; no timezone conversion,one_side_only; absence_is_not_contradiction,107983dc72d381e6897a5a333556946adcc98daef82e954d52cec1fc402c3086,p13-r375-n0710,p13-r375-n0710-arrival,raw DGCA digits retained; weekday mapping separately corroborated by AAI; no DGCA legend,unknown_not_stated_by_source,passenger_or_cargo_not_stated_by_source,not_established_by_approved_schedule
ai-s26-2b8c0e1a0d4ed4,AI,AIC,BHO,DEL,AI 2760,AI2760,1234567,Monday;Tuesday;Wednesday;Thursday;Friday;Saturday;Sunday,2026-06-30,2026-10-24,current,accepted,accepted_source_identity,confirmed_exact_designator,published,operating,,,A320,,19:50,unknown; no timezone conversion,one_side_only; absence_is_not_contradiction,107983dc72d381e6897a5a333556946adcc98daef82e954d52cec1fc402c3086,p05-r18-n0223,p05-r18-n0223-departure,raw DGCA digits retained; weekday mapping separately corroborated by AAI; no DGCA legend,unknown_not_stated_by_source,passenger_or_cargo_not_stated_by_source,not_established_by_approved_schedule
ai-s26-1d2c8ea4bbdad2,AI,AIC,BHO,DEL,AI 2760,AI2760,1357,Monday;Wednesday;Friday;Sunday,2026-05-31,2026-06-29,expired,expired,accepted_source_identity,expired_not_compared_to_baseline,,,,,A320,,19:50,unknown; no timezone conversion,one_side_only; absence_is_not_contradiction,107983dc72d381e6897a5a333556946adcc98daef82e954d52cec1fc402c3086,p05-r16-n0221,p05-r16-n0221-departure,raw DGCA digits retained; weekday mapping separately corroborated by AAI; no DGCA legend,unknown_not_stated_by_source,passenger_or_cargo_not_stated_by_source,not_established_by_approved_schedule
ai-s26-324eaea1044a3b,AI,AIC,BHO,DEL,AI 2760,AI2760,246,Tuesday;Thursday;Saturday,2026-06-02,2026-06-27,expired,expired,accepted_source_identity,expired_not_compared_to_baseline,,,,,A320,,19:50,unknown; no timezone conversion,one_side_only; absence_is_not_contradiction,107983dc72d381e6897a5a333556946adcc98daef82e954d52cec1fc402c3086,p05-r15-n0220,p05-r15-n0220-departure,raw DGCA digits retained; weekday mapping separately corroborated by AAI; no DGCA legend,unknown_not_stated_by_source,passenger_or_cargo_not_stated_by_source,not_established_by_approved_schedule
ai-s26-a6ecd477fc9dec,AI,AIC,DEL,JAI,AI 2761,AI2761,1234567,Monday;Tuesday;Wednesday;Thursday;Friday;Saturday;Sunday,2026-03-29,2026-10-24,current,accepted,accepted_source_identity,confirmed_exact_designator,published,operating,,,A320,16:35,15:35,unknown; no timezone conversion,both_arrival_and_departure_rows,107983dc72d381e6897a5a333556946adcc98daef82e954d52cec1fc402c3086,p11-r257-n0592;p16-r9-n0871,p11-r257-n0592-departure;p16-r9-n0871-arrival,raw DGCA digits retained; weekday mapping separately corroborated by AAI; no DGCA legend,unknown_not_stated_by_source,passenger_or_cargo_not_stated_by_source,not_established_by_approved_schedule
ai-s26-0ffd1aedc48898,AI,AIC,JAI,DEL,AI 2762,AI2762,1234567,Monday;Tuesday;Wednesday;Thursday;Friday;Saturday;Sunday,2026-03-29,2026-10-24,current,accepted,accepted_source_identity,confirmed_exact_designator,published,operating,,,A320,18:10,17:10,unknown; no timezone conversion,both_arrival_and_departure_rows,107983dc72d381e6897a5a333556946adcc98daef82e954d52cec1fc402c3086,p12-r316-n0651;p16-r10-n0872,p12-r316-n0651-arrival;p16-r10-n0872-departure,raw DGCA digits retained; weekday mapping separately corroborated by AAI; no DGCA legend,unknown_not_stated_by_source,passenger_or_cargo_not_stated_by_source,not_established_by_approved_schedule
ai-s26-9f8c51e7c28e55,AI,AIC,DEL,CCU,AI 2767,AI2767,1234567,Monday;Tuesday;Wednesday;Thursday;Friday;Saturday;Sunday,2026-03-29,2026-10-24,current,accepted,accepted_source_identity,confirmed_exact_designator,published,operating,,,A320,15:20,13:00,unknown; no timezone conversion,both_arrival_and_departure_rows,107983dc72d381e6897a5a333556946adcc98daef82e954d52cec1fc402c3086,p10-r200-n0535;p19-r29-n1016,p10-r200-n0535-departure;p19-r29-n1016-arrival,raw DGCA digits retained; weekday mapping separately corroborated by AAI; no DGCA legend,unknown_not_stated_by_source,passenger_or_cargo_not_stated_by_source,not_established_by_approved_schedule
ai-s26-586aea4d4fd26a,AI,AIC,CCU,DEL,AI 2768,AI2768,1234567,Monday;Tuesday;Wednesday;Thursday;Friday;Saturday;Sunday,2026-03-29,2026-10-24,current,accepted,accepted_source_identity,confirmed_exact_designator,published,operating,,,A320,18:40,16:10,unknown; no timezone conversion,both_arrival_and_departure_rows,107983dc72d381e6897a5a333556946adcc98daef82e954d52cec1fc402c3086,p12-r327-n0662;p19-r30-n1017,p12-r327-n0662-arrival;p19-r30-n1017-departure,raw DGCA digits retained; weekday mapping separately corroborated by AAI; no DGCA legend,unknown_not_stated_by_source,passenger_or_cargo_not_stated_by_source,not_established_by_approved_schedule
ai-s26-0631c76175c97f,AI,AIC,BOM,CCU,AI 2771,AI2771,1234567,Monday;Tuesday;Wednesday;Thursday;Friday;Saturday;Sunday,2026-03-29,2026-10-24,current,accepted,accepted_source_identity,confirmed_exact_designator,published,operating,,,A320,09:45,06:55,unknown; no timezone conversion,both_arrival_and_departure_rows,107983dc72d381e6897a5a333556946adcc98daef82e954d52cec1fc402c3086,p19-r20-n1007;p20-r43-n1105,p19-r20-n1007-arrival;p20-r43-n1105-departure,raw DGCA digits retained; weekday mapping separately corroborated by AAI; no DGCA legend,unknown_not_stated_by_source,passenger_or_cargo_not_stated_by_source,not_established_by_approved_schedule
ai-s26-daea58d69ef391,AI,AIC,CCU,BOM,AI 2772,AI2772,1234567,Monday;Tuesday;Wednesday;Thursday;Friday;Saturday;Sunday,2026-03-29,2026-10-24,current,accepted,accepted_source_identity,confirmed_exact_designator,published,operating,,,A320,13:35,10:30,unknown; no timezone conversion,both_arrival_and_departure_rows,107983dc72d381e6897a5a333556946adcc98daef82e954d52cec1fc402c3086,p19-r24-n1011;p22-r153-n1215,p19-r24-n1011-departure;p22-r153-n1215-arrival,raw DGCA digits retained; weekday mapping separately corroborated by AAI; no DGCA legend,unknown_not_stated_by_source,passenger_or_cargo_not_stated_by_source,not_established_by_approved_schedule
ai-s26-0afe2f865fad83,AI,AIC,BOM,CCU,AI 2773,AI2773,1234567,Monday;Tuesday;Wednesday;Thursday;Friday;Saturday;Sunday,2026-03-29,2026-10-24,current,accepted,accepted_source_identity,confirmed_exact_designator,published,operating,,,A320,16:55,,unknown; no timezone conversion,one_side_only; absence_is_not_contradiction,107983dc72d381e6897a5a333556946adcc98daef82e954d52cec1fc402c3086,p19-r31-n1018,p19-r31-n1018-arrival,raw DGCA digits retained; weekday mapping separately corroborated by AAI; no DGCA legend,unknown_not_stated_by_source,passenger_or_cargo_not_stated_by_source,not_established_by_approved_schedule
ai-s26-d186f53bc610a0,AI,AIC,BOM,CCU,AI 2773,AI2773,14,Monday;Thursday,2026-03-30,2026-10-22,current,accepted,accepted_source_identity,confirmed_exact_designator,published,operating,,,A320,,13:55,unknown; no timezone conversion,one_side_only; absence_is_not_contradiction,107983dc72d381e6897a5a333556946adcc98daef82e954d52cec1fc402c3086,p22-r159-n1221,p22-r159-n1221-departure,raw DGCA digits retained; weekday mapping separately corroborated by AAI; no DGCA legend,unknown_not_stated_by_source,passenger_or_cargo_not_stated_by_source,not_established_by_approved_schedule
ai-s26-6c73ba646213a9,AI,AIC,BOM,CCU,AI 2773,AI2773,23567,Tuesday;Wednesday;Friday;Saturday;Sunday,2026-03-29,2026-10-24,current,accepted,accepted_source_identity,confirmed_exact_designator,published,operating,,,A320,,14:05,unknown; no timezone conversion,one_side_only; absence_is_not_contradiction,107983dc72d381e6897a5a333556946adcc98daef82e954d52cec1fc402c3086,p22-r160-n1222,p22-r160-n1222-departure,raw DGCA digits retained; weekday mapping separately corroborated by AAI; no DGCA legend,unknown_not_stated_by_source,passenger_or_cargo_not_stated_by_source,not_established_by_approved_schedule
ai-s26-0b31645625fc97,AI,AIC,CCU,BOM,AI 2774,AI2774,1234567,Monday;Tuesday;Wednesday;Thursday;Friday;Saturday;Sunday,2026-03-29,2026-10-24,current,accepted,accepted_source_identity,confirmed_exact_designator,published,operating,,,A320,21:10,17:40,unknown; no timezone conversion,both_arrival_and_departure_rows,107983dc72d381e6897a5a333556946adcc98daef82e954d52cec1fc402c3086,p19-r32-n1019;p25-r288-n1350,p19-r32-n1019-departure;p25-r288-n1350-arrival,raw DGCA digits retained; weekday mapping separately corroborated by AAI; no DGCA legend,unknown_not_stated_by_source,passenger_or_cargo_not_stated_by_source,not_established_by_approved_schedule
ai-s26-b276f6c31869c1,AI,AIC,HYD,DEL,AI 2776,AI2776,1234567,Monday;Tuesday;Wednesday;Thursday;Friday;Saturday;Sunday,2026-03-29,2026-10-24,current,accepted,accepted_source_identity,confirmed_exact_designator,published,operating,,,A320,02:00,23:30,unknown; no timezone conversion,both_arrival_and_departure_rows,107983dc72d381e6897a5a333556946adcc98daef82e954d52cec1fc402c3086,p07-r22-n0357;p16-r60-n0850,p07-r22-n0357-arrival;p16-r60-n0850-departure,raw DGCA digits retained; weekday mapping separately corroborated by AAI; no DGCA legend,unknown_not_stated_by_source,passenger_or_cargo_not_stated_by_source,not_established_by_approved_schedule
ai-s26-49abfdf45a7469,AI,AIC,CCU,DEL,AI 2778,AI2778,1234567,Monday;Tuesday;Wednesday;Thursday;Friday;Saturday;Sunday,2026-03-29,2026-10-24,current,accepted,accepted_source_identity,confirmed_exact_designator,published,operating,,,A320,10:35,08:30,unknown; no timezone conversion,both_arrival_and_departure_rows,107983dc72d381e6897a5a333556946adcc98daef82e954d52cec1fc402c3086,p09-r147-n0482;p19-r18-n1005,p09-r147-n0482-arrival;p19-r18-n1005-departure,raw DGCA digits retained; weekday mapping separately corroborated by AAI; no DGCA legend,unknown_not_stated_by_source,passenger_or_cargo_not_stated_by_source,not_established_by_approved_schedule
ai-s26-c54b9006b2d0d3,AI,AIC,MAA,BOM,AI 2779,AI2779,124567,Monday;Tuesday;Thursday;Friday;Saturday;Sunday,2026-03-29,2026-10-24,current,accepted,accepted_source_identity,confirmed_exact_designator,published,operating,,,A320,09:10,07:00,unknown; no timezone conversion,both_arrival_and_departure_rows,107983dc72d381e6897a5a333556946adcc98daef82e954d52cec1fc402c3086,p06-r12-n0273;p21-r66-n1128,p06-r12-n0273-departure;p21-r66-n1128-arrival,raw DGCA digits retained; weekday mapping separately corroborated by AAI; no DGCA legend,unknown_not_stated_by_source,passenger_or_cargo_not_stated_by_source,not_established_by_approved_schedule
ai-s26-1627bc49decc42,AI,AIC,MAA,BOM,AI 2779,AI2779,3,Wednesday,2026-04-01,2026-10-21,current,accepted,accepted_source_identity,confirmed_exact_designator,published,operating,,,A320,09:20,06:25,unknown; no timezone conversion,both_arrival_and_departure_rows,107983dc72d381e6897a5a333556946adcc98daef82e954d52cec1fc402c3086,p06-r10-n0271;p21-r71-n1133,p06-r10-n0271-departure;p21-r71-n1133-arrival,raw DGCA digits retained; weekday mapping separately corroborated by AAI; no DGCA legend,unknown_not_stated_by_source,passenger_or_cargo_not_stated_by_source,not_established_by_approved_schedule
ai-s26-32332f3859f1fd,AI,AIC,BOM,MAA,AI 2780,AI2780,123567,Monday;Tuesday;Wednesday;Friday;Saturday;Sunday,2026-03-29,2026-10-24,current,accepted,accepted_source_identity,confirmed_exact_designator,published,operating,,,A320,,12:45,unknown; no timezone conversion,one_side_only; absence_is_not_contradiction,107983dc72d381e6897a5a333556946adcc98daef82e954d52cec1fc402c3086,p22-r136-n1198,p22-r136-n1198-departure,raw DGCA digits retained; weekday mapping separately corroborated by AAI; no DGCA legend,unknown_not_stated_by_source,passenger_or_cargo_not_stated_by_source,not_established_by_approved_schedule
ai-s26-d26e05ff68d52d,AI,AIC,BOM,MAA,AI 2780,AI2780,13457,Monday;Wednesday;Thursday;Friday;Sunday,2026-03-29,2026-10-23,current,accepted,accepted_source_identity,confirmed_exact_designator,published,operating,,,A320,14:50,,unknown; no timezone conversion,one_side_only; absence_is_not_contradiction,107983dc72d381e6897a5a333556946adcc98daef82e954d52cec1fc402c3086,p06-r25-n0286,p06-r25-n0286-arrival,raw DGCA digits retained; weekday mapping separately corroborated by AAI; no DGCA legend,unknown_not_stated_by_source,passenger_or_cargo_not_stated_by_source,not_established_by_approved_schedule
ai-s26-f2739168a1e567,AI,AIC,BOM,MAA,AI 2780,AI2780,26,Tuesday;Saturday,2026-03-31,2026-10-24,current,accepted,accepted_source_identity,confirmed_exact_designator,published,operating,,,A320,15:20,,unknown; no timezone conversion,one_side_only; absence_is_not_contradiction,107983dc72d381e6897a5a333556946adcc98daef82e954d52cec1fc402c3086,p06-r28-n0289,p06-r28-n0289-arrival,raw DGCA digits retained; weekday mapping separately corroborated by AAI; no DGCA legend,unknown_not_stated_by_source,passenger_or_cargo_not_stated_by_source,not_established_by_approved_schedule
ai-s26-808598ce104425,AI,AIC,BOM,MAA,AI 2780,AI2780,4,Thursday,2026-04-02,2026-10-22,current,accepted,accepted_source_identity,confirmed_exact_designator,published,operating,,,A320,,12:45,unknown; no timezone conversion,one_side_only; absence_is_not_contradiction,107983dc72d381e6897a5a333556946adcc98daef82e954d52cec1fc402c3086,p22-r135-n1197,p22-r135-n1197-departure,raw DGCA digits retained; weekday mapping separately corroborated by AAI; no DGCA legend,unknown_not_stated_by_source,passenger_or_cargo_not_stated_by_source,not_established_by_approved_schedule
ai-s26-ea13cf7ca2d158,AI,AIC,BOM,JAI,AI 2781,AI2781,1234567,Monday;Tuesday;Wednesday;Thursday;Friday;Saturday;Sunday,2026-03-29,2026-10-24,current,accepted,accepted_source_identity,confirmed_exact_designator,published,operating,,,A320,12:55,10:45,unknown; no timezone conversion,both_arrival_and_departure_rows,107983dc72d381e6897a5a333556946adcc98daef82e954d52cec1fc402c3086,p16-r5-n0867;p21-r104-n1166,p16-r5-n0867-arrival;p21-r104-n1166-departure,raw DGCA digits retained; weekday mapping separately corroborated by AAI; no DGCA legend,unknown_not_stated_by_source,passenger_or_cargo_not_stated_by_source,not_established_by_approved_schedule
ai-s26-9afe167d7c1be8,AI,AIC,JAI,BOM,AI 2782,AI2782,1234567,Monday;Tuesday;Wednesday;Thursday;Friday;Saturday;Sunday,2026-03-29,2026-10-24,current,accepted,accepted_source_identity,confirmed_exact_designator,published,operating,,,A320,15:40,13:35,unknown; no timezone conversion,both_arrival_and_departure_rows,107983dc72d381e6897a5a333556946adcc98daef82e954d52cec1fc402c3086,p16-r7-n0869;p23-r192-n1254,p16-r7-n0869-departure;p23-r192-n1254-arrival,raw DGCA digits retained; weekday mapping separately corroborated by AAI; no DGCA legend,unknown_not_stated_by_source,passenger_or_cargo_not_stated_by_source,not_established_by_approved_schedule
ai-s26-1595adf8f0bba0,AI,AIC,BOM,IXC,AI 2783,AI2783,1357,Monday;Wednesday;Friday;Sunday,2026-03-29,2026-10-23,current,accepted,accepted_source_identity,confirmed_exact_designator,published,operating,,,A320,19:10,16:45,unknown; no timezone conversion,both_arrival_and_departure_rows,107983dc72d381e6897a5a333556946adcc98daef82e954d52cec1fc402c3086,p05-r23-n0258;p23-r206-n1268,p05-r23-n0258-arrival;p23-r206-n1268-departure,raw DGCA digits retained; weekday mapping separately corroborated by AAI; no DGCA legend,unknown_not_stated_by_source,passenger_or_cargo_not_stated_by_source,not_established_by_approved_schedule
ai-s26-dd5c7d985b1274,AI,AIC,IXC,BOM,AI 2784,AI2784,1357,Monday;Wednesday;Friday;Sunday,2026-03-29,2026-10-23,current,accepted,accepted_source_identity,confirmed_exact_designator,published,operating,,,A320,22:30,19:40,unknown; no timezone conversion,both_arrival_and_departure_rows,107983dc72d381e6897a5a333556946adcc98daef82e954d52cec1fc402c3086,p05-r24-n0259;p25-r299-n1361,p05-r24-n0259-departure;p25-r299-n1361-arrival,raw DGCA digits retained; weekday mapping separately corroborated by AAI; no DGCA legend,unknown_not_stated_by_source,passenger_or_cargo_not_stated_by_source,not_established_by_approved_schedule
ai-s26-e85cde162adf6e,AI,AIC,BOM,HSR,AI 2785,AI2785,1234567,Monday;Tuesday;Wednesday;Thursday;Friday;Saturday;Sunday,2026-03-29,2026-10-24,current,accepted,accepted_source_identity,confirmed_exact_designator,published,operating,,,A320,08:00,06:40,unknown; no timezone conversion,both_arrival_and_departure_rows,107983dc72d381e6897a5a333556946adcc98daef82e954d52cec1fc402c3086,p20-r37-n1099;p26-r1-n1441,p20-r37-n1099-departure;p26-r1-n1441-arrival,raw DGCA digits retained; weekday mapping separately corroborated by AAI; no DGCA legend,unknown_not_stated_by_source,passenger_or_cargo_not_stated_by_source,not_established_by_approved_schedule
ai-s26-0fa43cb2c9e3a9,AI,AIC,HSR,BOM,AI 2786,AI2786,1234567,Monday;Tuesday;Wednesday;Thursday;Friday;Saturday;Sunday,2026-03-29,2026-10-24,current,accepted,accepted_source_identity,confirmed_exact_designator,published,operating,,,A320,09:40,08:35,unknown; no timezone conversion,both_arrival_and_departure_rows,107983dc72d381e6897a5a333556946adcc98daef82e954d52cec1fc402c3086,p21-r75-n1137;p26-r2-n1442,p21-r75-n1137-arrival;p26-r2-n1442-departure,raw DGCA digits retained; weekday mapping separately corroborated by AAI; no DGCA legend,unknown_not_stated_by_source,passenger_or_cargo_not_stated_by_source,not_established_by_approved_schedule
ai-s26-382de51d13826e,AI,AIC,BOM,COK,AI 2787,AI2787,1234567,Monday;Tuesday;Wednesday;Thursday;Friday;Saturday;Sunday,2026-03-29,2026-10-24,current,accepted,accepted_source_identity,confirmed_exact_designator,published,operating,,,A320,08:35,06:35,unknown; no timezone conversion,both_arrival_and_departure_rows,107983dc72d381e6897a5a333556946adcc98daef82e954d52cec1fc402c3086,p18-r5-n0963;p20-r35-n1097,p18-r5-n0963-arrival;p20-r35-n1097-departure,raw DGCA digits retained; weekday mapping separately corroborated by AAI; no DGCA legend,unknown_not_stated_by_source,passenger_or_cargo_not_stated_by_source,not_established_by_approved_schedule
ai-s26-6718b263e9d4bc,AI,AIC,COK,BOM,AI 2788,AI2788,1234567,Monday;Tuesday;Wednesday;Thursday;Friday;Saturday;Sunday,2026-03-29,2026-10-24,current,accepted,accepted_source_identity,confirmed_exact_designator,published,operating,,,A320,12:35,10:00,unknown; no timezone conversion,both_arrival_and_departure_rows,107983dc72d381e6897a5a333556946adcc98daef82e954d52cec1fc402c3086,p18-r6-n0964;p22-r133-n1195,p18-r6-n0964-departure;p22-r133-n1195-arrival,raw DGCA digits retained; weekday mapping separately corroborated by AAI; no DGCA legend,unknown_not_stated_by_source,passenger_or_cargo_not_stated_by_source,not_established_by_approved_schedule
ai-s26-5bfc58492344c8,AI,AIC,BOM,PAT,AI 2789,AI2789,1234567,Monday;Tuesday;Wednesday;Thursday;Friday;Saturday;Sunday,2026-03-29,2026-10-24,current,accepted,accepted_source_identity,confirmed_exact_designator,published,operating,,,A320,13:25,10:55,unknown; no timezone conversion,both_arrival_and_departure_rows,107983dc72d381e6897a5a333556946adcc98daef82e954d52cec1fc402c3086,p21-r108-n1170;p25-r7-n1397,p21-r108-n1170-departure;p25-r7-n1397-arrival,raw DGCA digits retained; weekday mapping separately corroborated by AAI; no DGCA legend,unknown_not_stated_by_source,passenger_or_cargo_not_stated_by_source,not_established_by_approved_schedule
ai-s26-38b150a574801b,AI,AIC,PAT,BOM,AI 2790,AI2790,1234567,Monday;Tuesday;Wednesday;Thursday;Friday;Saturday;Sunday,2026-03-29,2026-10-24,current,accepted,accepted_source_identity,confirmed_exact_designator,published,operating,,,A320,16:50,14:00,unknown; no timezone conversion,both_arrival_and_departure_rows,107983dc72d381e6897a5a333556946adcc98daef82e954d52cec1fc402c3086,p23-r207-n1269;p25-r8-n1398,p23-r207-n1269-arrival;p25-r8-n1398-departure,raw DGCA digits retained; weekday mapping separately corroborated by AAI; no DGCA legend,unknown_not_stated_by_source,passenger_or_cargo_not_stated_by_source,not_established_by_approved_schedule
ai-s26-5c72522e62736a,AI,AIC,BOM,COK,AI 2791,AI2791,1234567,Monday;Tuesday;Wednesday;Thursday;Friday;Saturday;Sunday,2026-03-29,2026-10-24,current,accepted,accepted_source_identity,confirmed_exact_designator,published,operating,,,A320,22:20,20:20,unknown; no timezone conversion,both_arrival_and_departure_rows,107983dc72d381e6897a5a333556946adcc98daef82e954d52cec1fc402c3086,p18-r26-n0984;p24-r272-n1334,p18-r26-n0984-arrival;p24-r272-n1334-departure,raw DGCA digits retained; weekday mapping separately corroborated by AAI; no DGCA legend,unknown_not_stated_by_source,passenger_or_cargo_not_stated_by_source,not_established_by_approved_schedule
ai-s26-15cb9dedd375ee,AI,AIC,COK,BOM,AI 2792,AI2792,1234567,Monday;Tuesday;Wednesday;Thursday;Friday;Saturday;Sunday,2026-03-29,2026-10-24,current,accepted,accepted_source_identity,confirmed_exact_designator,published,operating,,,A320,,23:10,unknown; no timezone conversion,one_side_only; absence_is_not_contradiction,107983dc72d381e6897a5a333556946adcc98daef82e954d52cec1fc402c3086,p18-r29-n0987,p18-r29-n0987-departure,raw DGCA digits retained; weekday mapping separately corroborated by AAI; no DGCA legend,unknown_not_stated_by_source,passenger_or_cargo_not_stated_by_source,not_established_by_approved_schedule
ai-s26-1b4c207e8aa7ac,AI,AIC,COK,BOM,AI 2792,AI2792,1234567,Monday;Tuesday;Wednesday;Thursday;Friday;Saturday;Sunday,2026-03-30,2026-10-24,current,accepted,accepted_source_identity,confirmed_exact_designator,published,operating,,,A320,01:25,,unknown; no timezone conversion,one_side_only; absence_is_not_contradiction,107983dc72d381e6897a5a333556946adcc98daef82e954d52cec1fc402c3086,p20-r14-n1076,p20-r14-n1076-arrival,raw DGCA digits retained; weekday mapping separately corroborated by AAI; no DGCA legend,unknown_not_stated_by_source,passenger_or_cargo_not_stated_by_source,not_established_by_approved_schedule
ai-s26-b42297333b9adb,AI,AIC,COK,BOM,AI 2792,AI2792,7,Sunday,2026-03-29,2026-03-29,expired,expired,accepted_source_identity,expired_not_compared_to_baseline,,,,,A320,01:25,,unknown; no timezone conversion,one_side_only; absence_is_not_contradiction,107983dc72d381e6897a5a333556946adcc98daef82e954d52cec1fc402c3086,p20-r13-n1075,p20-r13-n1075-arrival,raw DGCA digits retained; weekday mapping separately corroborated by AAI; no DGCA legend,unknown_not_stated_by_source,passenger_or_cargo_not_stated_by_source,not_established_by_approved_schedule
ai-s26-7c9bec706f6e83,AI,AIC,BLR,DEL,AI 2802,AI2802,1234567,Monday;Tuesday;Wednesday;Thursday;Friday;Saturday;Sunday,2026-03-29,2026-10-24,current,accepted,accepted_source_identity,confirmed_exact_designator,published,operating,,,A320,21:45,19:00,unknown; no timezone conversion,both_arrival_and_departure_rows,107983dc72d381e6897a5a333556946adcc98daef82e954d52cec1fc402c3086,p04-r70-n0173;p13-r382-n0717,p04-r70-n0173-departure;p13-r382-n0717-arrival,raw DGCA digits retained; weekday mapping separately corroborated by AAI; no DGCA legend,unknown_not_stated_by_source,passenger_or_cargo_not_stated_by_source,not_established_by_approved_schedule
ai-s26-f68108b378143b,AI,AIC,DEL,BLR,AI 2803,AI2803,1234567,Monday;Tuesday;Wednesday;Thursday;Friday;Saturday;Sunday,2026-03-29,2026-10-24,current,accepted,accepted_source_identity,confirmed_exact_designator,published,operating,,,A320,09:25,06:30,unknown; no timezone conversion,both_arrival_and_departure_rows,107983dc72d381e6897a5a333556946adcc98daef82e954d52cec1fc402c3086,p03-r37-n0140;p08-r57-n0392,p03-r37-n0140-arrival;p08-r57-n0392-departure,raw DGCA digits retained; weekday mapping separately corroborated by AAI; no DGCA legend,unknown_not_stated_by_source,passenger_or_cargo_not_stated_by_source,not_established_by_approved_schedule
ai-s26-3e329694f48d63,AI,AIC,BLR,DEL,AI 2804,AI2804,1234567,Monday;Tuesday;Wednesday;Thursday;Friday;Saturday;Sunday,2026-03-29,2026-10-24,current,accepted,accepted_source_identity,confirmed_exact_designator,published,operating,,,A320,13:00,10:00,unknown; no timezone conversion,both_arrival_and_departure_rows,107983dc72d381e6897a5a333556946adcc98daef82e954d52cec1fc402c3086,p03-r39-n0142;p10-r197-n0532,p03-r39-n0142-departure;p10-r197-n0532-arrival,raw DGCA digits retained; weekday mapping separately corroborated by AAI; no DGCA legend,unknown_not_stated_by_source,passenger_or_cargo_not_stated_by_source,not_established_by_approved_schedule
ai-s26-d7c25bf4bd6cec,AI,AIC,DEL,BOM,AI 2805,AI2805,1234567,Monday;Tuesday;Wednesday;Thursday;Friday;Saturday;Sunday,2026-03-29,2026-10-24,current,accepted,accepted_source_identity,confirmed_exact_designator,published,operating,,,A321,22:30,20:00,unknown; no timezone conversion,both_arrival_and_departure_rows,107983dc72d381e6897a5a333556946adcc98daef82e954d52cec1fc402c3086,p13-r350-n0685;p25-r300-n1362,p13-r350-n0685-departure;p25-r300-n1362-arrival,raw DGCA digits retained; weekday mapping separately corroborated by AAI; no DGCA legend,unknown_not_stated_by_source,passenger_or_cargo_not_stated_by_source,not_established_by_approved_schedule
ai-s26-8635c710fcee7e,AI,AIC,DEL,BLR,AI 2807,AI2807,1234567,Monday;Tuesday;Wednesday;Thursday;Friday;Saturday;Sunday,2026-03-29,2026-06-03,expired,expired,accepted_source_identity,expired_not_compared_to_baseline,,,,,A320,22:55,,unknown; no timezone conversion,one_side_only; absence_is_not_contradiction,107983dc72d381e6897a5a333556946adcc98daef82e954d52cec1fc402c3086,p04-r101-n0204,p04-r101-n0204-arrival,raw DGCA digits retained; weekday mapping separately corroborated by AAI; no DGCA legend,unknown_not_stated_by_source,passenger_or_cargo_not_stated_by_source,not_established_by_approved_schedule
ai-s26-571ce51933339b,AI,AIC,DEL,BLR,AI 2807,AI2807,1234567,Monday;Tuesday;Wednesday;Thursday;Friday;Saturday;Sunday,2026-03-29,2026-10-24,current,accepted,accepted_source_identity,confirmed_exact_designator,published,operating,,,A320,,20:00,unknown; no timezone conversion,one_side_only; absence_is_not_contradiction,107983dc72d381e6897a5a333556946adcc98daef82e954d52cec1fc402c3086,p13-r351-n0686,p13-r351-n0686-departure,raw DGCA digits retained; weekday mapping separately corroborated by AAI; no DGCA legend,unknown_not_stated_by_source,passenger_or_cargo_not_stated_by_source,not_established_by_approved_schedule
ai-s26-8f8b5b82365b01,AI,AIC,DEL,BLR,AI 2807,AI2807,123567,Monday;Tuesday;Wednesday;Friday;Saturday;Sunday,2026-06-05,2026-10-23,current,accepted,accepted_source_identity,confirmed_exact_designator,published,operating,,,A320,22:55,,unknown; no timezone conversion,one_side_only; absence_is_not_contradiction,107983dc72d381e6897a5a333556946adcc98daef82e954d52cec1fc402c3086,p04-r100-n0203,p04-r100-n0203-arrival,raw DGCA digits retained; weekday mapping separately corroborated by AAI; no DGCA legend,unknown_not_stated_by_source,passenger_or_cargo_not_stated_by_source,not_established_by_approved_schedule
ai-s26-b85c41522d99d6,AI,AIC,DEL,BLR,AI 2807,AI2807,4,Thursday,2026-06-04,2026-10-22,current,accepted,accepted_source_identity,confirmed_exact_designator,published,operating,,,A320,22:55,,unknown; no timezone conversion,one_side_only; absence_is_not_contradiction,107983dc72d381e6897a5a333556946adcc98daef82e954d52cec1fc402c3086,p04-r99-n0202,p04-r99-n0202-arrival,raw DGCA digits retained; weekday mapping separately corroborated by AAI; no DGCA legend,unknown_not_stated_by_source,passenger_or_cargo_not_stated_by_source,not_established_by_approved_schedule
ai-s26-66f1374dcd2479,AI,AIC,DEL,BLR,AI 2807,AI2807,6,Saturday,2026-10-24,2026-10-24,future,accepted,accepted_source_identity,confirmed_exact_designator,published,operating,,,A320,22:55,,unknown; no timezone conversion,one_side_only; absence_is_not_contradiction,107983dc72d381e6897a5a333556946adcc98daef82e954d52cec1fc402c3086,p04-r98-n0201,p04-r98-n0201-arrival,raw DGCA digits retained; weekday mapping separately corroborated by AAI; no DGCA legend,unknown_not_stated_by_source,passenger_or_cargo_not_stated_by_source,not_established_by_approved_schedule
ai-s26-10fc1aea504412,AI,AIC,BLR,DEL,AI 2808,AI2808,1234567,Monday;Tuesday;Wednesday;Thursday;Friday;Saturday;Sunday,2026-03-29,2026-10-24,current,accepted,accepted_source_identity,confirmed_exact_designator,published,operating,,,A320,10:55,08:00,unknown; no timezone conversion,both_arrival_and_departure_rows,107983dc72d381e6897a5a333556946adcc98daef82e954d52cec1fc402c3086,p03-r27-n0130;p09-r155-n0490,p03-r27-n0130-departure;p09-r155-n0490-arrival,raw DGCA digits retained; weekday mapping separately corroborated by AAI; no DGCA legend,unknown_not_stated_by_source,passenger_or_cargo_not_stated_by_source,not_established_by_approved_schedule
ai-s26-0f12b9df19f5c1,AI,AIC,DEL,BLR,AI 2809,AI2809,1234567,Monday;Tuesday;Wednesday;Thursday;Friday;Saturday;Sunday,2026-03-29,2026-06-02,expired,expired,accepted_source_identity,expired_not_compared_to_baseline,,,,,A320,22:20,,unknown; no timezone conversion,one_side_only; absence_is_not_contradiction,107983dc72d381e6897a5a333556946adcc98daef82e954d52cec1fc402c3086,p04-r91-n0194,p04-r91-n0194-arrival,raw DGCA digits retained; weekday mapping separately corroborated by AAI; no DGCA legend,unknown_not_stated_by_source,passenger_or_cargo_not_stated_by_source,not_established_by_approved_schedule
ai-s26-c783b9e0fdc2ee,AI,AIC,DEL,BLR,AI 2809,AI2809,1234567,Monday;Tuesday;Wednesday;Thursday;Friday;Saturday;Sunday,2026-03-29,2026-10-24,current,accepted,accepted_source_identity,confirmed_exact_designator,published,operating,,,A320,,19:30,unknown; no timezone conversion,one_side_only; absence_is_not_contradiction,107983dc72d381e6897a5a333556946adcc98daef82e954d52cec1fc402c3086,p13-r343-n0678,p13-r343-n0678-departure,raw DGCA digits retained; weekday mapping separately corroborated by AAI; no DGCA legend,unknown_not_stated_by_source,passenger_or_cargo_not_stated_by_source,not_established_by_approved_schedule
ai-s26-b7a1ffbb86252f,AI,AIC,DEL,BLR,AI 2809,AI2809,123567,Monday;Tuesday;Wednesday;Friday;Saturday;Sunday,2026-06-05,2026-10-23,current,accepted,accepted_source_identity,confirmed_exact_designator,published,operating,,,A320,22:20,,unknown; no timezone conversion,one_side_only; absence_is_not_contradiction,107983dc72d381e6897a5a333556946adcc98daef82e954d52cec1fc402c3086,p04-r90-n0193,p04-r90-n0193-arrival,raw DGCA digits retained; weekday mapping separately corroborated by AAI; no DGCA legend,unknown_not_stated_by_source,passenger_or_cargo_not_stated_by_source,not_established_by_approved_schedule
ai-s26-4f0e8096918036,AI,AIC,DEL,BLR,AI 2809,AI2809,3,Wednesday,2026-06-03,2026-06-03,expired,expired,accepted_source_identity,expired_not_compared_to_baseline,,,,,A320,22:20,,unknown; no timezone conversion,one_side_only; absence_is_not_contradiction,107983dc72d381e6897a5a333556946adcc98daef82e954d52cec1fc402c3086,p04-r89-n0192,p04-r89-n0192-arrival,raw DGCA digits retained; weekday mapping separately corroborated by AAI; no DGCA legend,unknown_not_stated_by_source,passenger_or_cargo_not_stated_by_source,not_established_by_approved_schedule
ai-s26-7ac2b4a38080cd,AI,AIC,DEL,BLR,AI 2809,AI2809,4,Thursday,2026-06-04,2026-10-22,current,accepted,accepted_source_identity,confirmed_exact_designator,published,operating,,,A320,22:20,,unknown; no timezone conversion,one_side_only; absence_is_not_contradiction,107983dc72d381e6897a5a333556946adcc98daef82e954d52cec1fc402c3086,p04-r88-n0191,p04-r88-n0191-arrival,raw DGCA digits retained; weekday mapping separately corroborated by AAI; no DGCA legend,unknown_not_stated_by_source,passenger_or_cargo_not_stated_by_source,not_established_by_approved_schedule
ai-s26-3179865a2d05bf,AI,AIC,DEL,BLR,AI 2809,AI2809,6,Saturday,2026-10-24,2026-10-24,future,accepted,accepted_source_identity,confirmed_exact_designator,published,operating,,,A320,22:20,,unknown; no timezone conversion,one_side_only; absence_is_not_contradiction,107983dc72d381e6897a5a333556946adcc98daef82e954d52cec1fc402c3086,p04-r87-n0190,p04-r87-n0190-arrival,raw DGCA digits retained; weekday mapping separately corroborated by AAI; no DGCA legend,unknown_not_stated_by_source,passenger_or_cargo_not_stated_by_source,not_established_by_approved_schedule
ai-s26-a3afe59f6a2b4e,AI,AIC,BLR,DEL,AI 2810,AI2810,1234567,Monday;Tuesday;Wednesday;Thursday;Friday;Saturday;Sunday,2026-03-29,2026-10-24,current,accepted,accepted_source_identity,confirmed_exact_designator,published,operating,,,A320,08:45,06:00,unknown; no timezone conversion,both_arrival_and_departure_rows,107983dc72d381e6897a5a333556946adcc98daef82e954d52cec1fc402c3086,p03-r18-n0121;p09-r108-n0443,p03-r18-n0121-departure;p09-r108-n0443-arrival,raw DGCA digits retained; weekday mapping separately corroborated by AAI; no DGCA legend,unknown_not_stated_by_source,passenger_or_cargo_not_stated_by_source,not_established_by_approved_schedule
ai-s26-0f0a2abc481d36,AI,AIC,BLR,BOM,AI 2811,AI2811,1234567,Monday;Tuesday;Wednesday;Thursday;Friday;Saturday;Sunday,2026-03-29,2026-10-24,current,accepted,accepted_source_identity,confirmed_exact_designator,published,operating,,,A320,,23:40,unknown; no timezone conversion,one_side_only; absence_is_not_contradiction,107983dc72d381e6897a5a333556946adcc98daef82e954d52cec1fc402c3086,p04-r102-n0205,p04-r102-n0205-departure,raw DGCA digits retained; weekday mapping separately corroborated by AAI; no DGCA legend,unknown_not_stated_by_source,passenger_or_cargo_not_stated_by_source,not_established_by_approved_schedule
ai-s26-ae7bb739778ac5,AI,AIC,BOM,BLR,AI 2812,AI2812,1234567,Monday;Tuesday;Wednesday;Thursday;Friday;Saturday;Sunday,2026-03-30,2026-10-24,current,accepted,accepted_source_identity,confirmed_exact_designator,published,operating,,,A320,04:10,,unknown; no timezone conversion,one_side_only; absence_is_not_contradiction,107983dc72d381e6897a5a333556946adcc98daef82e954d52cec1fc402c3086,p03-r16-n0119,p03-r16-n0119-arrival,raw DGCA digits retained; weekday mapping separately corroborated by AAI; no DGCA legend,unknown_not_stated_by_source,passenger_or_cargo_not_stated_by_source,not_established_by_approved_schedule
ai-s26-c117de2ed8d5a4,AI,AIC,BOM,BLR,AI 2812,AI2812,7,Sunday,2026-03-29,2026-03-29,expired,expired,accepted_source_identity,expired_not_compared_to_baseline,,,,,A320,04:10,,unknown; no timezone conversion,one_side_only; absence_is_not_contradiction,107983dc72d381e6897a5a333556946adcc98daef82e954d52cec1fc402c3086,p03-r15-n0118,p03-r15-n0118-arrival,raw DGCA digits retained; weekday mapping separately corroborated by AAI; no DGCA legend,unknown_not_stated_by_source,passenger_or_cargo_not_stated_by_source,not_established_by_approved_schedule
ai-s26-0cd79f3d885ed6,AI,AIC,DEL,BLR,AI 2813,AI2813,1234567,Monday;Tuesday;Wednesday;Thursday;Friday;Saturday;Sunday,2026-03-29,2026-10-24,current,accepted,accepted_source_identity,confirmed_exact_designator,published,operating,,,A320,20:55,18:00,unknown; no timezone conversion,both_arrival_and_departure_rows,107983dc72d381e6897a5a333556946adcc98daef82e954d52cec1fc402c3086,p04-r80-n0183;p12-r312-n0647,p04-r80-n0183-arrival;p12-r312-n0647-departure,raw DGCA digits retained; weekday mapping separately corroborated by AAI; no DGCA legend,unknown_not_stated_by_source,passenger_or_cargo_not_stated_by_source,not_established_by_approved_schedule
ai-s26-2971e27666c72d,AI,AIC,BLR,DEL,AI 2814,AI2814,1234567,Monday;Tuesday;Wednesday;Thursday;Friday;Saturday;Sunday,2026-03-29,2026-10-24,current,accepted,accepted_source_identity,confirmed_exact_designator,published,operating,,,A320,,22:00,unknown; no timezone conversion,one_side_only; absence_is_not_contradiction,107983dc72d381e6897a5a333556946adcc98daef82e954d52cec1fc402c3086,p04-r86-n0189,p04-r86-n0189-departure,raw DGCA digits retained; weekday mapping separately corroborated by AAI; no DGCA legend,unknown_not_stated_by_source,passenger_or_cargo_not_stated_by_source,not_established_by_approved_schedule
ai-s26-daddabdfdf712c,AI,AIC,BLR,DEL,AI 2814,AI2814,1234567,Monday;Tuesday;Wednesday;Thursday;Friday;Saturday;Sunday,2026-03-30,2026-10-24,current,accepted,accepted_source_identity,confirmed_exact_designator,published,operating,,,A320,00:55,,unknown; no timezone conversion,one_side_only; absence_is_not_contradiction,107983dc72d381e6897a5a333556946adcc98daef82e954d52cec1fc402c3086,p07-r16-n0351,p07-r16-n0351-arrival,raw DGCA digits retained; weekday mapping separately corroborated by AAI; no DGCA legend,unknown_not_stated_by_source,passenger_or_cargo_not_stated_by_source,not_established_by_approved_schedule
ai-s26-2c1af5825d3467,AI,AIC,DEL,BLR,AI 2815,AI2815,1234567,Monday;Tuesday;Wednesday;Thursday;Friday;Saturday;Sunday,2026-03-29,2026-10-24,current,accepted,accepted_source_identity,confirmed_exact_designator,published,operating,,,A320,09:55,07:00,unknown; no timezone conversion,both_arrival_and_departure_rows,107983dc72d381e6897a5a333556946adcc98daef82e954d52cec1fc402c3086,p03-r38-n0141;p08-r67-n0402,p03-r38-n0141-arrival;p08-r67-n0402-departure,raw DGCA digits retained; weekday mapping separately corroborated by AAI; no DGCA legend,unknown_not_stated_by_source,passenger_or_cargo_not_stated_by_source,not_established_by_approved_schedule
ai-s26-bdeb9db0b79af1,AI,AIC,DEL,BLR,AI 2817,AI2817,1234567,Monday;Tuesday;Wednesday;Thursday;Friday;Saturday;Sunday,2026-03-29,2026-10-24,current,accepted,accepted_source_identity,confirmed_exact_designator,published,operating,,,A320,19:15,,unknown; no timezone conversion,one_side_only; absence_is_not_contradiction,107983dc72d381e6897a5a333556946adcc98daef82e954d52cec1fc402c3086,p04-r71-n0174,p04-r71-n0174-arrival,raw DGCA digits retained; weekday mapping separately corroborated by AAI; no DGCA legend,unknown_not_stated_by_source,passenger_or_cargo_not_stated_by_source,not_established_by_approved_schedule
ai-s26-2cfce9b75ebb91,AI,AIC,DEL,BLR,AI 2817,AI2817,123457,Monday;Tuesday;Wednesday;Thursday;Friday;Sunday,2026-03-29,2026-10-23,current,accepted,accepted_source_identity,confirmed_exact_designator,published,operating,,,A321,,16:30,unknown; no timezone conversion,one_side_only; absence_is_not_contradiction,107983dc72d381e6897a5a333556946adcc98daef82e954d52cec1fc402c3086,p12-r276-n0611,p12-r276-n0611-departure,raw DGCA digits retained; weekday mapping separately corroborated by AAI; no DGCA legend,unknown_not_stated_by_source,passenger_or_cargo_not_stated_by_source,not_established_by_approved_schedule
ai-s26-61a58dcea838f6,AI,AIC,DEL,BLR,AI 2817,AI2817,6,Saturday,2026-04-04,2026-10-24,current,accepted,accepted_source_identity,confirmed_exact_designator,published,operating,,,A320,,16:30,unknown; no timezone conversion,one_side_only; absence_is_not_contradiction,107983dc72d381e6897a5a333556946adcc98daef82e954d52cec1fc402c3086,p12-r275-n0610,p12-r275-n0610-departure,raw DGCA digits retained; weekday mapping separately corroborated by AAI; no DGCA legend,unknown_not_stated_by_source,passenger_or_cargo_not_stated_by_source,not_established_by_approved_schedule
ai-s26-9da46b582e1119,AI,AIC,BLR,DEL,AI 2818,AI2818,1234567,Monday;Tuesday;Wednesday;Thursday;Friday;Saturday;Sunday,2026-03-29,2026-10-24,current,accepted,accepted_source_identity,confirmed_exact_designator,published,operating,,,A320,,20:00,unknown; no timezone conversion,one_side_only; absence_is_not_contradiction,107983dc72d381e6897a5a333556946adcc98daef82e954d52cec1fc402c3086,p04-r77-n0180,p04-r77-n0180-departure,raw DGCA digits retained; weekday mapping separately corroborated by AAI; no DGCA legend,unknown_not_stated_by_source,passenger_or_cargo_not_stated_by_source,not_established_by_approved_schedule
ai-s26-95a3fdd26817a3,AI,AIC,BLR,DEL,AI 2818,AI2818,123457,Monday;Tuesday;Wednesday;Thursday;Friday;Sunday,2026-03-29,2026-10-23,current,accepted,accepted_source_identity,confirmed_exact_designator,published,operating,,,A321,22:45,,unknown; no timezone conversion,one_side_only; absence_is_not_contradiction,107983dc72d381e6897a5a333556946adcc98daef82e954d52cec1fc402c3086,p14-r402-n0737,p14-r402-n0737-arrival,raw DGCA digits retained; weekday mapping separately corroborated by AAI; no DGCA legend,unknown_not_stated_by_source,passenger_or_cargo_not_stated_by_source,not_established_by_approved_schedule
ai-s26-3d54511e9d08a8,AI,AIC,BLR,DEL,AI 2818,AI2818,6,Saturday,2026-04-04,2026-10-24,current,accepted,accepted_source_identity,confirmed_exact_designator,published,operating,,,A320,22:45,,unknown; no timezone conversion,one_side_only; absence_is_not_contradiction,107983dc72d381e6897a5a333556946adcc98daef82e954d52cec1fc402c3086,p14-r401-n0736,p14-r401-n0736-arrival,raw DGCA digits retained; weekday mapping separately corroborated by AAI; no DGCA legend,unknown_not_stated_by_source,passenger_or_cargo_not_stated_by_source,not_established_by_approved_schedule
ai-s26-9737d6cfa43bd8,AI,AIC,DEL,BLR,AI 2819,AI2819,1234567,Monday;Tuesday;Wednesday;Thursday;Friday;Saturday;Sunday,2026-03-29,2026-10-24,current,accepted,accepted_source_identity,confirmed_exact_designator,published,operating,,,A320,17:55,15:00,unknown; no timezone conversion,both_arrival_and_departure_rows,107983dc72d381e6897a5a333556946adcc98daef82e954d52cec1fc402c3086,p04-r63-n0166;p11-r239-n0574,p04-r63-n0166-arrival;p11-r239-n0574-departure,raw DGCA digits retained; weekday mapping separately corroborated by AAI; no DGCA legend,unknown_not_stated_by_source,passenger_or_cargo_not_stated_by_source,not_established_by_approved_schedule
ai-s26-0b73a60c6c301a,AI,AIC,BLR,DEL,AI 2820,AI2820,1234567,Monday;Tuesday;Wednesday;Thursday;Friday;Saturday;Sunday,2026-03-29,2026-10-24,current,accepted,accepted_source_identity,confirmed_exact_designator,published,operating,,,A320,20:45,18:00,unknown; no timezone conversion,both_arrival_and_departure_rows,107983dc72d381e6897a5a333556946adcc98daef82e954d52cec1fc402c3086,p04-r64-n0167;p13-r363-n0698,p04-r64-n0167-departure;p13-r363-n0698-arrival,raw DGCA digits retained; weekday mapping separately corroborated by AAI; no DGCA legend,unknown_not_stated_by_source,passenger_or_cargo_not_stated_by_source,not_established_by_approved_schedule
ai-s26-0662138fbfb2d0,AI,AIC,BOM,MAA,AI 2821,AI2821,1,Monday,2026-03-30,2026-10-19,current,accepted,accepted_source_identity,confirmed_exact_designator,published,operating,,,A320,,06:40,unknown; no timezone conversion,one_side_only; absence_is_not_contradiction,107983dc72d381e6897a5a333556946adcc98daef82e954d52cec1fc402c3086,p20-r40-n1102,p20-r40-n1102-departure,raw DGCA digits retained; weekday mapping separately corroborated by AAI; no DGCA legend,unknown_not_stated_by_source,passenger_or_cargo_not_stated_by_source,not_established_by_approved_schedule
ai-s26-afdcd0756004bd,AI,AIC,BOM,MAA,AI 2821,AI2821,1234567,Monday;Tuesday;Wednesday;Thursday;Friday;Saturday;Sunday,2026-03-29,2026-10-24,current,accepted,accepted_source_identity,confirmed_exact_designator,published,operating,,,A320,08:55,,unknown; no timezone conversion,one_side_only; absence_is_not_contradiction,107983dc72d381e6897a5a333556946adcc98daef82e954d52cec1fc402c3086,p06-r15-n0276,p06-r15-n0276-arrival,raw DGCA digits retained; weekday mapping separately corroborated by AAI; no DGCA legend,unknown_not_stated_by_source,passenger_or_cargo_not_stated_by_source,not_established_by_approved_schedule
ai-s26-e26af7b681de7a,AI,AIC,BOM,MAA,AI 2821,AI2821,12456,Monday;Tuesday;Thursday;Friday;Saturday,2026-03-30,2026-10-23,current,accepted,accepted_source_identity,confirmed_exact_designator,published,operating,,,A320,,06:40,unknown; no timezone conversion,one_side_only; absence_is_not_contradiction,107983dc72d381e6897a5a333556946adcc98daef82e954d52cec1fc402c3086,p20-r41-n1103,p20-r41-n1103-departure,raw DGCA digits retained; weekday mapping separately corroborated by AAI; no DGCA legend,unknown_not_stated_by_source,passenger_or_cargo_not_stated_by_source,not_established_by_approved_schedule
ai-s26-026cf7519ef08c,AI,AIC,BOM,MAA,AI 2821,AI2821,3,Wednesday,2026-04-01,2026-10-21,current,accepted,accepted_source_identity,confirmed_exact_designator,published,operating,,,A320,,06:40,unknown; no timezone conversion,one_side_only; absence_is_not_contradiction,107983dc72d381e6897a5a333556946adcc98daef82e954d52cec1fc402c3086,p20-r39-n1101,p20-r39-n1101-departure,raw DGCA digits retained; weekday mapping separately corroborated by AAI; no DGCA legend,unknown_not_stated_by_source,passenger_or_cargo_not_stated_by_source,not_established_by_approved_schedule
ai-s26-76b75b47d15d98,AI,AIC,BOM,MAA,AI 2821,AI2821,7,Sunday,2026-03-29,2026-03-29,expired,expired,accepted_source_identity,expired_not_compared_to_baseline,,,,,A320,,06:40,unknown; no timezone conversion,one_side_only; absence_is_not_contradiction,107983dc72d381e6897a5a333556946adcc98daef82e954d52cec1fc402c3086,p20-r38-n1100,p20-r38-n1100-departure,raw DGCA digits retained; weekday mapping separately corroborated by AAI; no DGCA legend,unknown_not_stated_by_source,passenger_or_cargo_not_stated_by_source,not_established_by_approved_schedule
ai-s26-dc4c1b8405db65,AI,AIC,MAA,BOM,AI 2822,AI2822,1234567,Monday;Tuesday;Wednesday;Thursday;Friday;Saturday;Sunday,2026-03-29,2026-10-24,current,accepted,accepted_source_identity,confirmed_exact_designator,published,operating,,,A320,11:55,09:35,unknown; no timezone conversion,both_arrival_and_departure_rows,107983dc72d381e6897a5a333556946adcc98daef82e954d52cec1fc402c3086,p06-r16-n0277;p22-r126-n1188,p06-r16-n0277-departure;p22-r126-n1188-arrival,raw DGCA digits retained; weekday mapping separately corroborated by AAI; no DGCA legend,unknown_not_stated_by_source,passenger_or_cargo_not_stated_by_source,not_established_by_approved_schedule
ai-s26-bd41f33f5eb37f,AI,AIC,BOM,MAA,AI 2827,AI2827,1234567,Monday;Tuesday;Wednesday;Thursday;Friday;Saturday;Sunday,2026-03-29,2026-10-24,current,accepted,accepted_source_identity,confirmed_exact_designator,published,operating,,,A320,22:35,20:30,unknown; no timezone conversion,both_arrival_and_departure_rows,107983dc72d381e6897a5a333556946adcc98daef82e954d52cec1fc402c3086,p06-r44-n0305;p24-r275-n1337,p06-r44-n0305-arrival;p24-r275-n1337-departure,raw DGCA digits retained; weekday mapping separately corroborated by AAI; no DGCA legend,unknown_not_stated_by_source,passenger_or_cargo_not_stated_by_source,not_established_by_approved_schedule
ai-s26-df8b667be8b15f,AI,AIC,MAA,BOM,AI 2828,AI2828,123567,Monday;Tuesday;Wednesday;Friday;Saturday;Sunday,2026-03-30,2026-10-24,current,accepted,accepted_source_identity,confirmed_exact_designator,published,operating,,,A320,,05:55,unknown; no timezone conversion,one_side_only; absence_is_not_contradiction,107983dc72d381e6897a5a333556946adcc98daef82e954d52cec1fc402c3086,p06-r8-n0269,p06-r8-n0269-departure,raw DGCA digits retained; weekday mapping separately corroborated by AAI; no DGCA legend,unknown_not_stated_by_source,passenger_or_cargo_not_stated_by_source,not_established_by_approved_schedule
ai-s26-ac030bc6d03617,AI,AIC,MAA,BOM,AI 2828,AI2828,124567,Monday;Tuesday;Thursday;Friday;Saturday;Sunday,2026-03-29,2026-10-24,current,accepted,accepted_source_identity,confirmed_exact_designator,published,operating,,,A320,08:15,,unknown; no timezone conversion,one_side_only; absence_is_not_contradiction,107983dc72d381e6897a5a333556946adcc98daef82e954d52cec1fc402c3086,p21-r58-n1120,p21-r58-n1120-arrival,raw DGCA digits retained; weekday mapping separately corroborated by AAI; no DGCA legend,unknown_not_stated_by_source,passenger_or_cargo_not_stated_by_source,not_established_by_approved_schedule
ai-s26-69f077f0b714ab,AI,AIC,MAA,BOM,AI 2828,AI2828,3,Wednesday,2026-04-01,2026-10-21,current,accepted,accepted_source_identity,confirmed_exact_designator,published,operating,,,A320,08:15,,unknown; no timezone conversion,one_side_only; absence_is_not_contradiction,107983dc72d381e6897a5a333556946adcc98daef82e954d52cec1fc402c3086,p21-r57-n1119,p21-r57-n1119-arrival,raw DGCA digits retained; weekday mapping separately corroborated by AAI; no DGCA legend,unknown_not_stated_by_source,passenger_or_cargo_not_stated_by_source,not_established_by_approved_schedule
ai-s26-95fa55e1ee3480,AI,AIC,MAA,BOM,AI 2828,AI2828,4,Thursday,2026-04-02,2026-10-22,current,accepted,accepted_source_identity,confirmed_exact_designator,published,operating,,,A320,,05:30,unknown; no timezone conversion,one_side_only; absence_is_not_contradiction,107983dc72d381e6897a5a333556946adcc98daef82e954d52cec1fc402c3086,p06-r6-n0267,p06-r6-n0267-departure,raw DGCA digits retained; weekday mapping separately corroborated by AAI; no DGCA legend,unknown_not_stated_by_source,passenger_or_cargo_not_stated_by_source,not_established_by_approved_schedule
ai-s26-8ead75e207a2d4,AI,AIC,MAA,BOM,AI 2828,AI2828,7,Sunday,2026-03-29,2026-03-29,expired,expired,accepted_source_identity,expired_not_compared_to_baseline,,,,,A320,,05:55,unknown; no timezone conversion,one_side_only; absence_is_not_contradiction,107983dc72d381e6897a5a333556946adcc98daef82e954d52cec1fc402c3086,p06-r7-n0268,p06-r7-n0268-departure,raw DGCA digits retained; weekday mapping separately corroborated by AAI; no DGCA legend,unknown_not_stated_by_source,passenger_or_cargo_not_stated_by_source,not_established_by_approved_schedule
ai-s26-2e15c360aefc2c,AI,AIC,MAA,DEL,AI 2832,AI2832,1234567,Monday;Tuesday;Wednesday;Thursday;Friday;Saturday;Sunday,2026-03-29,2026-10-24,current,accepted,accepted_source_identity,confirmed_exact_designator,published,operating,,,A320,09:55,06:55,unknown; no timezone conversion,both_arrival_and_departure_rows,107983dc72d381e6897a5a333556946adcc98daef82e954d52cec1fc402c3086,p06-r11-n0272;p09-r131-n0466,p06-r11-n0272-departure;p09-r131-n0466-arrival,raw DGCA digits retained; weekday mapping separately corroborated by AAI; no DGCA legend,unknown_not_stated_by_source,passenger_or_cargo_not_stated_by_source,not_established_by_approved_schedule
ai-s26-cfe42db9d83791,AI,AIC,DEL,MAA,AI 2833,AI2833,1234567,Monday;Tuesday;Wednesday;Thursday;Friday;Saturday;Sunday,2026-03-29,2026-10-24,current,accepted,accepted_source_identity,confirmed_exact_designator,published,operating,,,A320,10:25,07:30,unknown; no timezone conversion,both_arrival_and_departure_rows,107983dc72d381e6897a5a333556946adcc98daef82e954d52cec1fc402c3086,p06-r18-n0279;p08-r78-n0413,p06-r18-n0279-arrival;p08-r78-n0413-departure,raw DGCA digits retained; weekday mapping separately corroborated by AAI; no DGCA legend,unknown_not_stated_by_source,passenger_or_cargo_not_stated_by_source,not_established_by_approved_schedule
ai-s26-00bfb335d12ad5,AI,AIC,MAA,DEL,AI 2834,AI2834,1234567,Monday;Tuesday;Wednesday;Thursday;Friday;Saturday;Sunday,2026-03-29,2026-10-24,current,accepted,accepted_source_identity,confirmed_exact_designator,published,operating,,,A320,,17:30,unknown; no timezone conversion,one_side_only; absence_is_not_contradiction,107983dc72d381e6897a5a333556946adcc98daef82e954d52cec1fc402c3086,p06-r32-n0293,p06-r32-n0293-departure,raw DGCA digits retained; weekday mapping separately corroborated by AAI; no DGCA legend,unknown_not_stated_by_source,passenger_or_cargo_not_stated_by_source,not_established_by_approved_schedule
ai-s26-29a5bb3579523a,AI,AIC,DEL,MAA,AI 2835,AI2835,1234567,Monday;Tuesday;Wednesday;Thursday;Friday;Saturday;Sunday,2026-03-29,2026-10-24,current,accepted,accepted_source_identity,confirmed_exact_designator,published,operating,,,A320,,19:30,unknown; no timezone conversion,one_side_only; absence_is_not_contradiction,107983dc72d381e6897a5a333556946adcc98daef82e954d52cec1fc402c3086,p13-r344-n0679,p13-r344-n0679-departure,raw DGCA digits retained; weekday mapping separately corroborated by AAI; no DGCA legend,unknown_not_stated_by_source,passenger_or_cargo_not_stated_by_source,not_established_by_approved_schedule
ai-s26-33c9dcd9bf3cc5,AI,AIC,DEL,MAA,AI 2835,AI2835,124567,Monday;Tuesday;Thursday;Friday;Saturday;Sunday,2026-03-29,2026-10-23,current,accepted,accepted_source_identity,confirmed_exact_designator,published,operating,,,A320,22:20,,unknown; no timezone conversion,one_side_only; absence_is_not_contradiction,107983dc72d381e6897a5a333556946adcc98daef82e954d52cec1fc402c3086,p06-r43-n0304,p06-r43-n0304-arrival,raw DGCA digits retained; weekday mapping separately corroborated by AAI; no DGCA legend,unknown_not_stated_by_source,passenger_or_cargo_not_stated_by_source,not_established_by_approved_schedule
ai-s26-6b394b58bfaccf,AI,AIC,DEL,MAA,AI 2835,AI2835,3,Wednesday,2026-04-01,2026-10-21,current,accepted,accepted_source_identity,confirmed_exact_designator,published,operating,,,A320,22:20,,unknown; no timezone conversion,one_side_only; absence_is_not_contradiction,107983dc72d381e6897a5a333556946adcc98daef82e954d52cec1fc402c3086,p06-r42-n0303,p06-r42-n0303-arrival,raw DGCA digits retained; weekday mapping separately corroborated by AAI; no DGCA legend,unknown_not_stated_by_source,passenger_or_cargo_not_stated_by_source,not_established_by_approved_schedule
ai-s26-2112e9bfbf7c2a,AI,AIC,DEL,MAA,AI 2835,AI2835,6,Saturday,2026-10-24,2026-10-24,future,accepted,accepted_source_identity,confirmed_exact_designator,published,operating,,,A320,22:20,,unknown; no timezone conversion,one_side_only; absence_is_not_contradiction,107983dc72d381e6897a5a333556946adcc98daef82e954d52cec1fc402c3086,p06-r41-n0302,p06-r41-n0302-arrival,raw DGCA digits retained; weekday mapping separately corroborated by AAI; no DGCA legend,unknown_not_stated_by_source,passenger_or_cargo_not_stated_by_source,not_established_by_approved_schedule
ai-s26-d455e23ba2f553,AI,AIC,MAA,DEL,AI 2836,AI2836,1234567,Monday;Tuesday;Wednesday;Thursday;Friday;Saturday;Sunday,2026-03-29,2026-10-24,current,accepted,accepted_source_identity,confirmed_exact_designator,published,operating,,,A320,14:00,11:00,unknown; no timezone conversion,both_arrival_and_departure_rows,107983dc72d381e6897a5a333556946adcc98daef82e954d52cec1fc402c3086,p06-r19-n0280;p11-r220-n0555,p06-r19-n0280-departure;p11-r220-n0555-arrival,raw DGCA digits retained; weekday mapping separately corroborated by AAI; no DGCA legend,unknown_not_stated_by_source,passenger_or_cargo_not_stated_by_source,not_established_by_approved_schedule
ai-s26-445bcc7eff5e1a,AI,AIC,DEL,MAA,AI 2837,AI2837,1234567,Monday;Tuesday;Wednesday;Thursday;Friday;Saturday;Sunday,2026-03-29,2026-10-24,current,accepted,accepted_source_identity,confirmed_exact_designator,published,operating,,,A320,20:55,18:00,unknown; no timezone conversion,both_arrival_and_departure_rows,107983dc72d381e6897a5a333556946adcc98daef82e954d52cec1fc402c3086,p06-r38-n0299;p12-r313-n0648,p06-r38-n0299-arrival;p12-r313-n0648-departure,raw DGCA digits retained; weekday mapping separately corroborated by AAI; no DGCA legend,unknown_not_stated_by_source,passenger_or_cargo_not_stated_by_source,not_established_by_approved_schedule
ai-s26-3c665a8e83b1c1,AI,AIC,MAA,DEL,AI 2838,AI2838,1234567,Monday;Tuesday;Wednesday;Thursday;Friday;Saturday;Sunday,2026-03-29,2026-10-24,current,accepted,accepted_source_identity,confirmed_exact_designator,published,operating,,,A320,,21:40,unknown; no timezone conversion,one_side_only; absence_is_not_contradiction,107983dc72d381e6897a5a333556946adcc98daef82e954d52cec1fc402c3086,p06-r40-n0301,p06-r40-n0301-departure,raw DGCA digits retained; weekday mapping separately corroborated by AAI; no DGCA legend,unknown_not_stated_by_source,passenger_or_cargo_not_stated_by_source,not_established_by_approved_schedule
ai-s26-f584f0acced9fd,AI,AIC,MAA,DEL,AI 2838,AI2838,1234567,Monday;Tuesday;Wednesday;Thursday;Friday;Saturday;Sunday,2026-03-30,2026-10-24,current,accepted,accepted_source_identity,confirmed_exact_designator,published,operating,,,A320,00:40,,unknown; no timezone conversion,one_side_only; absence_is_not_contradiction,107983dc72d381e6897a5a333556946adcc98daef82e954d52cec1fc402c3086,p07-r13-n0348,p07-r13-n0348-arrival,raw DGCA digits retained; weekday mapping separately corroborated by AAI; no DGCA legend,unknown_not_stated_by_source,passenger_or_cargo_not_stated_by_source,not_established_by_approved_schedule
ai-s26-b38b91991d34ad,AI,AIC,MAA,DEL,AI 2838,AI2838,7,Sunday,2026-03-29,2026-03-29,expired,expired,accepted_source_identity,expired_not_compared_to_baseline,,,,,A320,01:05,,unknown; no timezone conversion,one_side_only; absence_is_not_contradiction,107983dc72d381e6897a5a333556946adcc98daef82e954d52cec1fc402c3086,p07-r20-n0355,p07-r20-n0355-arrival,raw DGCA digits retained; weekday mapping separately corroborated by AAI; no DGCA legend,unknown_not_stated_by_source,passenger_or_cargo_not_stated_by_source,not_established_by_approved_schedule
ai-s26-aa0f78367e37dc,AI,AIC,DEL,MAA,AI 2839,AI2839,1234567,Monday;Tuesday;Wednesday;Thursday;Friday;Saturday;Sunday,2026-03-29,2026-10-24,current,accepted,accepted_source_identity,confirmed_exact_designator,published,operating,,,A320,16:35,,unknown; no timezone conversion,one_side_only; absence_is_not_contradiction,107983dc72d381e6897a5a333556946adcc98daef82e954d52cec1fc402c3086,p06-r31-n0292,p06-r31-n0292-arrival,raw DGCA digits retained; weekday mapping separately corroborated by AAI; no DGCA legend,unknown_not_stated_by_source,passenger_or_cargo_not_stated_by_source,not_established_by_approved_schedule
ai-s26-264b4344a7e608,AI,AIC,BLR,BOM,AI 2840,AI2840,1234567,Monday;Tuesday;Wednesday;Thursday;Friday;Saturday;Sunday,2026-03-29,2026-10-24,current,accepted,accepted_source_identity,confirmed_exact_designator,published,operating,,,A320,,22:30,unknown; no timezone conversion,one_side_only; absence_is_not_contradiction,107983dc72d381e6897a5a333556946adcc98daef82e954d52cec1fc402c3086,p04-r93-n0196,p04-r93-n0196-departure,raw DGCA digits retained; weekday mapping separately corroborated by AAI; no DGCA legend,unknown_not_stated_by_source,passenger_or_cargo_not_stated_by_source,not_established_by_approved_schedule
ai-s26-cad3b0da3bb2b5,AI,AIC,BLR,BOM,AI 2840,AI2840,1234567,Monday;Tuesday;Wednesday;Thursday;Friday;Saturday;Sunday,2026-03-30,2026-10-24,current,accepted,accepted_source_identity,confirmed_exact_designator,published,operating,,,A320,00:35,,unknown; no timezone conversion,one_side_only; absence_is_not_contradiction,107983dc72d381e6897a5a333556946adcc98daef82e954d52cec1fc402c3086,p20-r8-n1070,p20-r8-n1070-arrival,raw DGCA digits retained; weekday mapping separately corroborated by AAI; no DGCA legend,unknown_not_stated_by_source,passenger_or_cargo_not_stated_by_source,not_established_by_approved_schedule
ai-s26-c5834f3dd2f8f9,AI,AIC,BLR,BOM,AI 2840,AI2840,7,Sunday,2026-03-29,2026-03-29,expired,expired,accepted_source_identity,expired_not_compared_to_baseline,,,,,A320,00:30,,unknown; no timezone conversion,one_side_only; absence_is_not_contradiction,107983dc72d381e6897a5a333556946adcc98daef82e954d52cec1fc402c3086,p20-r7-n1069,p20-r7-n1069-arrival,raw DGCA digits retained; weekday mapping separately corroborated by AAI; no DGCA legend,unknown_not_stated_by_source,passenger_or_cargo_not_stated_by_source,not_established_by_approved_schedule
ai-s26-9c392dbf39c5c2,AI,AIC,BOM,GOI,AI 2841,AI2841,1234567,Monday;Tuesday;Wednesday;Thursday;Friday;Saturday;Sunday,2026-03-29,2026-10-24,current,accepted,accepted_source_identity,confirmed_exact_designator,published,operating,,,A321,12:40,11:20,unknown; no timezone conversion,both_arrival_and_departure_rows,107983dc72d381e6897a5a333556946adcc98daef82e954d52cec1fc402c3086,p14-r3-n0763;p22-r119-n1181,p14-r3-n0763-arrival;p22-r119-n1181-departure,raw DGCA digits retained; weekday mapping separately corroborated by AAI; no DGCA legend,unknown_not_stated_by_source,passenger_or_cargo_not_stated_by_source,not_established_by_approved_schedule
ai-s26-be58aa4ca1f7b9,AI,AIC,GOI,BOM,AI 2842,AI2842,1234567,Monday;Tuesday;Wednesday;Thursday;Friday;Saturday;Sunday,2026-03-29,2026-10-24,current,accepted,accepted_source_identity,confirmed_exact_designator,published,operating,,,A321,15:00,13:15,unknown; no timezone conversion,both_arrival_and_departure_rows,107983dc72d381e6897a5a333556946adcc98daef82e954d52cec1fc402c3086,p14-r4-n0764;p23-r175-n1237,p14-r4-n0764-departure;p23-r175-n1237-arrival,raw DGCA digits retained; weekday mapping separately corroborated by AAI; no DGCA legend,unknown_not_stated_by_source,passenger_or_cargo_not_stated_by_source,not_established_by_approved_schedule
ai-s26-c1ef590aebad41,AI,AIC,BOM,BLR,AI 2845,AI2845,1234567,Monday;Tuesday;Wednesday;Thursday;Friday;Saturday;Sunday,2026-03-29,2026-10-24,current,accepted,accepted_source_identity,confirmed_exact_designator,published,operating,,,A321,07:35,05:30,unknown; no timezone conversion,both_arrival_and_departure_rows,107983dc72d381e6897a5a333556946adcc98daef82e954d52cec1fc402c3086,p03-r26-n0129;p20-r25-n1087,p03-r26-n0129-arrival;p20-r25-n1087-departure,raw DGCA digits retained; weekday mapping separately corroborated by AAI; no DGCA legend,unknown_not_stated_by_source,passenger_or_cargo_not_stated_by_source,not_established_by_approved_schedule
ai-s26-6011a8b69ddb92,AI,AIC,BLR,BOM,AI 2846,AI2846,1234567,Monday;Tuesday;Wednesday;Thursday;Friday;Saturday;Sunday,2026-03-29,2026-10-24,current,accepted,accepted_source_identity,confirmed_exact_designator,published,operating,,,A321,10:20,08:20,unknown; no timezone conversion,both_arrival_and_departure_rows,107983dc72d381e6897a5a333556946adcc98daef82e954d52cec1fc402c3086,p03-r28-n0131;p21-r93-n1155,p03-r28-n0131-departure;p21-r93-n1155-arrival,raw DGCA digits retained; weekday mapping separately corroborated by AAI; no DGCA legend,unknown_not_stated_by_source,passenger_or_cargo_not_stated_by_source,not_established_by_approved_schedule
ai-s26-3b95631e959f1b,AI,AIC,BOM,AMD,AI 2847,AI2847,124567,Monday;Tuesday;Thursday;Friday;Saturday;Sunday,2026-03-29,2026-10-24,current,accepted,accepted_source_identity,confirmed_exact_designator,published,operating,,,A320,11:25,09:55,unknown; no timezone conversion,both_arrival_and_departure_rows,107983dc72d381e6897a5a333556946adcc98daef82e954d52cec1fc402c3086,p01-r25-n0025;p21-r84-n1146,p01-r25-n0025-arrival;p21-r84-n1146-departure,raw DGCA digits retained; weekday mapping separately corroborated by AAI; no DGCA legend,unknown_not_stated_by_source,passenger_or_cargo_not_stated_by_source,not_established_by_approved_schedule
ai-s26-79f20468d70a2e,AI,AIC,BOM,AMD,AI 2847,AI2847,3,Wednesday,2026-04-01,2026-04-29,expired,expired,accepted_source_identity,expired_not_compared_to_baseline,,,,,A320,10:30,09:20,unknown; no timezone conversion,both_arrival_and_departure_rows,107983dc72d381e6897a5a333556946adcc98daef82e954d52cec1fc402c3086,p01-r22-n0022;p21-r69-n1131,p01-r22-n0022-arrival;p21-r69-n1131-departure,raw DGCA digits retained; weekday mapping separately corroborated by AAI; no DGCA legend,unknown_not_stated_by_source,passenger_or_cargo_not_stated_by_source,not_established_by_approved_schedule
ai-s26-b3c3ec6645a4f4,AI,AIC,BOM,AMD,AI 2847,AI2847,3,Wednesday,2026-05-06,2026-05-06,expired,expired,accepted_source_identity,expired_not_compared_to_baseline,,,,,A320,,09:55,unknown; no timezone conversion,one_side_only; absence_is_not_contradiction,107983dc72d381e6897a5a333556946adcc98daef82e954d52cec1fc402c3086,p21-r83-n1145,p21-r83-n1145-departure,raw DGCA digits retained; weekday mapping separately corroborated by AAI; no DGCA legend,unknown_not_stated_by_source,passenger_or_cargo_not_stated_by_source,not_established_by_approved_schedule
ai-s26-9e5fbf980375cf,AI,AIC,BOM,AMD,AI 2847,AI2847,3,Wednesday,2026-05-13,2026-05-27,expired,expired,accepted_source_identity,expired_not_compared_to_baseline,,,,,A320,10:30,,unknown; no timezone conversion,one_side_only; absence_is_not_contradiction,107983dc72d381e6897a5a333556946adcc98daef82e954d52cec1fc402c3086,p01-r23-n0023,p01-r23-n0023-arrival,raw DGCA digits retained; weekday mapping separately corroborated by AAI; no DGCA legend,unknown_not_stated_by_source,passenger_or_cargo_not_stated_by_source,not_established_by_approved_schedule
ai-s26-6d8e160d6ec824,AI,AIC,BOM,AMD,AI 2847,AI2847,3,Wednesday,2026-05-13,2026-10-21,current,accepted,accepted_source_identity,confirmed_exact_designator,published,operating,,,A320,,09:20,unknown; no timezone conversion,one_side_only; absence_is_not_contradiction,107983dc72d381e6897a5a333556946adcc98daef82e954d52cec1fc402c3086,p21-r70-n1132,p21-r70-n1132-departure,raw DGCA digits retained; weekday mapping separately corroborated by AAI; no DGCA legend,unknown_not_stated_by_source,passenger_or_cargo_not_stated_by_source,not_established_by_approved_schedule
ai-s26-881469410996bf,AI,AIC,BOM,AMD,AI 2847,AI2847,3,Wednesday,2026-06-03,2026-10-21,current,accepted,accepted_source_identity,confirmed_exact_designator,published,operating,,,A320,10:30,,unknown; no timezone conversion,one_side_only; absence_is_not_contradiction,107983dc72d381e6897a5a333556946adcc98daef82e954d52cec1fc402c3086,p01-r24-n0024,p01-r24-n0024-arrival,raw DGCA digits retained; weekday mapping separately corroborated by AAI; no DGCA legend,unknown_not_stated_by_source,passenger_or_cargo_not_stated_by_source,not_established_by_approved_schedule
ai-s26-ef90f938df7460,AI,AIC,AMD,BOM,AI 2848,AI2848,124567,Monday;Tuesday;Thursday;Friday;Saturday;Sunday,2026-03-29,2026-10-24,current,accepted,accepted_source_identity,confirmed_exact_designator,published,operating,,,A320,,12:00,unknown; no timezone conversion,one_side_only; absence_is_not_contradiction,107983dc72d381e6897a5a333556946adcc98daef82e954d52cec1fc402c3086,p01-r38-n0038,p01-r38-n0038-departure,raw DGCA digits retained; weekday mapping separately corroborated by AAI; no DGCA legend,unknown_not_stated_by_source,passenger_or_cargo_not_stated_by_source,not_established_by_approved_schedule
ai-s26-5066c44d9df407,AI,AIC,AMD,BOM,AI 2848,AI2848,12567,Monday;Tuesday;Friday;Saturday;Sunday,2026-03-29,2026-10-24,current,accepted,accepted_source_identity,confirmed_exact_designator,published,operating,,,A320,13:40,,unknown; no timezone conversion,one_side_only; absence_is_not_contradiction,107983dc72d381e6897a5a333556946adcc98daef82e954d52cec1fc402c3086,p22-r156-n1218,p22-r156-n1218-arrival,raw DGCA digits retained; weekday mapping separately corroborated by AAI; no DGCA legend,unknown_not_stated_by_source,passenger_or_cargo_not_stated_by_source,not_established_by_approved_schedule
ai-s26-8d54f051735a87,AI,AIC,AMD,BOM,AI 2848,AI2848,3,Wednesday,2026-04-01,2026-04-29,expired,expired,accepted_source_identity,expired_not_compared_to_baseline,,,,,A320,13:15,11:25,unknown; no timezone conversion,both_arrival_and_departure_rows,107983dc72d381e6897a5a333556946adcc98daef82e954d52cec1fc402c3086,p01-r29-n0029;p22-r145-n1207,p01-r29-n0029-departure;p22-r145-n1207-arrival,raw DGCA digits retained; weekday mapping separately corroborated by AAI; no DGCA legend,unknown_not_stated_by_source,passenger_or_cargo_not_stated_by_source,not_established_by_approved_schedule
ai-s26-4ae09a8fcdbe2d,AI,AIC,AMD,BOM,AI 2848,AI2848,3,Wednesday,2026-05-06,2026-05-06,expired,expired,accepted_source_identity,expired_not_compared_to_baseline,,,,,A320,13:40,,unknown; no timezone conversion,one_side_only; absence_is_not_contradiction,107983dc72d381e6897a5a333556946adcc98daef82e954d52cec1fc402c3086,p22-r155-n1217,p22-r155-n1217-arrival,raw DGCA digits retained; weekday mapping separately corroborated by AAI; no DGCA legend,unknown_not_stated_by_source,passenger_or_cargo_not_stated_by_source,not_established_by_approved_schedule
ai-s26-c63b8d477c4cd0,AI,AIC,AMD,BOM,AI 2848,AI2848,3,Wednesday,2026-05-13,2026-05-27,expired,expired,accepted_source_identity,expired_not_compared_to_baseline,,,,,A320,,11:25,unknown; no timezone conversion,one_side_only; absence_is_not_contradiction,107983dc72d381e6897a5a333556946adcc98daef82e954d52cec1fc402c3086,p01-r30-n0030,p01-r30-n0030-departure,raw DGCA digits retained; weekday mapping separately corroborated by AAI; no DGCA legend,unknown_not_stated_by_source,passenger_or_cargo_not_stated_by_source,not_established_by_approved_schedule
ai-s26-d7b7b41079b3b1,AI,AIC,AMD,BOM,AI 2848,AI2848,3,Wednesday,2026-05-13,2026-10-21,current,accepted,accepted_source_identity,confirmed_exact_designator,published,operating,,,A320,13:15,,unknown; no timezone conversion,one_side_only; absence_is_not_contradiction,107983dc72d381e6897a5a333556946adcc98daef82e954d52cec1fc402c3086,p22-r146-n1208,p22-r146-n1208-arrival,raw DGCA digits retained; weekday mapping separately corroborated by AAI; no DGCA legend,unknown_not_stated_by_source,passenger_or_cargo_not_stated_by_source,not_established_by_approved_schedule
ai-s26-c1c723e0038c96,AI,AIC,AMD,BOM,AI 2848,AI2848,3,Wednesday,2026-06-03,2026-10-21,current,accepted,accepted_source_identity,confirmed_exact_designator,published,operating,,,A320,,11:25,unknown; no timezone conversion,one_side_only; absence_is_not_contradiction,107983dc72d381e6897a5a333556946adcc98daef82e954d52cec1fc402c3086,p01-r31-n0031,p01-r31-n0031-departure,raw DGCA digits retained; weekday mapping separately corroborated by AAI; no DGCA legend,unknown_not_stated_by_source,passenger_or_cargo_not_stated_by_source,not_established_by_approved_schedule
ai-s26-2568fbec72d4a3,AI,AIC,AMD,BOM,AI 2848,AI2848,4,Thursday,2026-04-02,2026-10-22,current,accepted,accepted_source_identity,confirmed_exact_designator,published,operating,,,A320,13:40,,unknown; no timezone conversion,one_side_only; absence_is_not_contradiction,107983dc72d381e6897a5a333556946adcc98daef82e954d52cec1fc402c3086,p22-r154-n1216,p22-r154-n1216-arrival,raw DGCA digits retained; weekday mapping separately corroborated by AAI; no DGCA legend,unknown_not_stated_by_source,passenger_or_cargo_not_stated_by_source,not_established_by_approved_schedule
ai-s26-281f1dbd6ec8fd,AI,AIC,BOM,BLR,AI 2849,AI2849,1234567,Monday;Tuesday;Wednesday;Thursday;Friday;Saturday;Sunday,2026-03-29,2026-10-24,current,accepted,accepted_source_identity,confirmed_exact_designator,published,operating,,,A320,19:35,17:30,unknown; no timezone conversion,both_arrival_and_departure_rows,107983dc72d381e6897a5a333556946adcc98daef82e954d52cec1fc402c3086,p04-r73-n0176;p23-r213-n1275,p04-r73-n0176-arrival;p23-r213-n1275-departure,raw DGCA digits retained; weekday mapping separately corroborated by AAI; no DGCA legend,unknown_not_stated_by_source,passenger_or_cargo_not_stated_by_source,not_established_by_approved_schedule
ai-s26-52d25ff16e9e8d,AI,AIC,BLR,BOM,AI 2850,AI2850,1234567,Monday;Tuesday;Wednesday;Thursday;Friday;Saturday;Sunday,2026-03-29,2026-10-24,current,accepted,accepted_source_identity,confirmed_exact_designator,published,operating,,,A320,22:40,20:30,unknown; no timezone conversion,both_arrival_and_departure_rows,107983dc72d381e6897a5a333556946adcc98daef82e954d52cec1fc402c3086,p04-r78-n0181;p25-r304-n1366,p04-r78-n0181-departure;p25-r304-n1366-arrival,raw DGCA digits retained; weekday mapping separately corroborated by AAI; no DGCA legend,unknown_not_stated_by_source,passenger_or_cargo_not_stated_by_source,not_established_by_approved_schedule
ai-s26-d5b362581aca66,AI,AIC,BOM,BLR,AI 2851,AI2851,1234567,Monday;Tuesday;Wednesday;Thursday;Friday;Saturday;Sunday,2026-03-29,2026-10-24,current,accepted,accepted_source_identity,confirmed_exact_designator,published,operating,,,A320,10:05,07:55,unknown; no timezone conversion,both_arrival_and_departure_rows,107983dc72d381e6897a5a333556946adcc98daef82e954d52cec1fc402c3086,p03-r40-n0143;p20-r51-n1113,p03-r40-n0143-arrival;p20-r51-n1113-departure,raw DGCA digits retained; weekday mapping separately corroborated by AAI; no DGCA legend,unknown_not_stated_by_source,passenger_or_cargo_not_stated_by_source,not_established_by_approved_schedule
ai-s26-928a3f3d67c40c,AI,AIC,BLR,BOM,AI 2852,AI2852,1234567,Monday;Tuesday;Wednesday;Thursday;Friday;Saturday;Sunday,2026-03-29,2026-10-24,current,accepted,accepted_source_identity,confirmed_exact_designator,published,operating,,,A320,12:35,10:30,unknown; no timezone conversion,both_arrival_and_departure_rows,107983dc72d381e6897a5a333556946adcc98daef82e954d52cec1fc402c3086,p03-r41-n0144;p22-r134-n1196,p03-r41-n0144-departure;p22-r134-n1196-arrival,raw DGCA digits retained; weekday mapping separately corroborated by AAI; no DGCA legend,unknown_not_stated_by_source,passenger_or_cargo_not_stated_by_source,not_established_by_approved_schedule
ai-s26-bbe20e834841be,AI,AIC,BOM,BLR,AI 2853,AI2853,1234567,Monday;Tuesday;Wednesday;Thursday;Friday;Saturday;Sunday,2026-03-29,2026-10-23,current,accepted,accepted_source_identity,confirmed_exact_designator,published,operating,,,A320,,15:25,unknown; no timezone conversion,one_side_only; absence_is_not_contradiction,107983dc72d381e6897a5a333556946adcc98daef82e954d52cec1fc402c3086,p23-r182-n1244,p23-r182-n1244-departure,raw DGCA digits retained; weekday mapping separately corroborated by AAI; no DGCA legend,unknown_not_stated_by_source,passenger_or_cargo_not_stated_by_source,not_established_by_approved_schedule
ai-s26-51f4f355c6efc7,AI,AIC,BOM,BLR,AI 2853,AI2853,1234567,Monday;Tuesday;Wednesday;Thursday;Friday;Saturday;Sunday,2026-03-29,2026-10-24,current,accepted,accepted_source_identity,confirmed_exact_designator,published,operating,,,A320,17:35,,unknown; no timezone conversion,one_side_only; absence_is_not_contradiction,107983dc72d381e6897a5a333556946adcc98daef82e954d52cec1fc402c3086,p04-r62-n0165,p04-r62-n0165-arrival,raw DGCA digits retained; weekday mapping separately corroborated by AAI; no DGCA legend,unknown_not_stated_by_source,passenger_or_cargo_not_stated_by_source,not_established_by_approved_schedule
ai-s26-c911aad41b28eb,AI,AIC,BOM,BLR,AI 2853,AI2853,6,Saturday,2026-10-24,2026-10-24,future,accepted,accepted_source_identity,confirmed_exact_designator,published,operating,,,A320,,15:30,unknown; no timezone conversion,one_side_only; absence_is_not_contradiction,107983dc72d381e6897a5a333556946adcc98daef82e954d52cec1fc402c3086,p23-r186-n1248,p23-r186-n1248-departure,raw DGCA digits retained; weekday mapping separately corroborated by AAI; no DGCA legend,unknown_not_stated_by_source,passenger_or_cargo_not_stated_by_source,not_established_by_approved_schedule
ai-s26-a506ccef9162d9,AI,AIC,BLR,BOM,AI 2854,AI2854,1234567,Monday;Tuesday;Wednesday;Thursday;Friday;Saturday;Sunday,2026-03-29,2026-10-24,current,accepted,accepted_source_identity,confirmed_exact_designator,published,operating,,,A320,20:05,18:05,unknown; no timezone conversion,both_arrival_and_departure_rows,107983dc72d381e6897a5a333556946adcc98daef82e954d52cec1fc402c3086,p04-r65-n0168;p24-r268-n1330,p04-r65-n0168-departure;p24-r268-n1330-arrival,raw DGCA digits retained; weekday mapping separately corroborated by AAI; no DGCA legend,unknown_not_stated_by_source,passenger_or_cargo_not_stated_by_source,not_established_by_approved_schedule
ai-s26-894c22abb90489,AI,AIC,BOM,COK,AI 2855,AI2855,1234567,Monday;Tuesday;Wednesday;Thursday;Friday;Saturday;Sunday,2026-03-29,2026-10-24,current,accepted,accepted_source_identity,confirmed_exact_designator,published,operating,,,A320,12:05,,unknown; no timezone conversion,one_side_only; absence_is_not_contradiction,107983dc72d381e6897a5a333556946adcc98daef82e954d52cec1fc402c3086,p18-r9-n0967,p18-r9-n0967-arrival,raw DGCA digits retained; weekday mapping separately corroborated by AAI; no DGCA legend,unknown_not_stated_by_source,passenger_or_cargo_not_stated_by_source,not_established_by_approved_schedule
ai-s26-67e5955736e473,AI,AIC,BOM,COK,AI 2855,AI2855,124567,Monday;Tuesday;Thursday;Friday;Saturday;Sunday,2026-03-29,2026-10-24,current,accepted,accepted_source_identity,confirmed_exact_designator,published,operating,,,A320,,09:50,unknown; no timezone conversion,one_side_only; absence_is_not_contradiction,107983dc72d381e6897a5a333556946adcc98daef82e954d52cec1fc402c3086,p21-r80-n1142,p21-r80-n1142-departure,raw DGCA digits retained; weekday mapping separately corroborated by AAI; no DGCA legend,unknown_not_stated_by_source,passenger_or_cargo_not_stated_by_source,not_established_by_approved_schedule
ai-s26-5d46031a30892f,AI,AIC,BOM,COK,AI 2855,AI2855,3,Wednesday,2026-04-01,2026-10-21,current,accepted,accepted_source_identity,confirmed_exact_designator,published,operating,,,A320,,09:50,unknown; no timezone conversion,one_side_only; absence_is_not_contradiction,107983dc72d381e6897a5a333556946adcc98daef82e954d52cec1fc402c3086,p21-r79-n1141,p21-r79-n1141-departure,raw DGCA digits retained; weekday mapping separately corroborated by AAI; no DGCA legend,unknown_not_stated_by_source,passenger_or_cargo_not_stated_by_source,not_established_by_approved_schedule
ai-s26-fec9ef593fcf0b,AI,AIC,COK,BOM,AI 2856,AI2856,124567,Monday;Tuesday;Thursday;Friday;Saturday;Sunday,2026-03-29,2026-10-24,current,accepted,accepted_source_identity,confirmed_exact_designator,published,operating,,,A320,15:00,12:35,unknown; no timezone conversion,both_arrival_and_departure_rows,107983dc72d381e6897a5a333556946adcc98daef82e954d52cec1fc402c3086,p18-r10-n0968;p23-r177-n1239,p18-r10-n0968-departure;p23-r177-n1239-arrival,raw DGCA digits retained; weekday mapping separately corroborated by AAI; no DGCA legend,unknown_not_stated_by_source,passenger_or_cargo_not_stated_by_source,not_established_by_approved_schedule
ai-s26-d51f7e48542510,AI,AIC,COK,BOM,AI 2856,AI2856,3,Wednesday,2026-03-29,2026-10-24,current,accepted,accepted_source_identity,confirmed_exact_designator,published,operating,,,A320,,12:40,unknown; no timezone conversion,one_side_only; absence_is_not_contradiction,107983dc72d381e6897a5a333556946adcc98daef82e954d52cec1fc402c3086,p18-r11-n0969,p18-r11-n0969-departure,raw DGCA digits retained; weekday mapping separately corroborated by AAI; no DGCA legend,unknown_not_stated_by_source,passenger_or_cargo_not_stated_by_source,not_established_by_approved_schedule
ai-s26-676473114e4a1a,AI,AIC,COK,BOM,AI 2856,AI2856,3,Wednesday,2026-04-01,2026-10-21,current,accepted,accepted_source_identity,confirmed_exact_designator,published,operating,,,A320,15:00,,unknown; no timezone conversion,one_side_only; absence_is_not_contradiction,107983dc72d381e6897a5a333556946adcc98daef82e954d52cec1fc402c3086,p23-r176-n1238,p23-r176-n1238-arrival,raw DGCA digits retained; weekday mapping separately corroborated by AAI; no DGCA legend,unknown_not_stated_by_source,passenger_or_cargo_not_stated_by_source,not_established_by_approved_schedule
ai-s26-d2bdbed254e397,AI,AIC,BOM,BLR,AI 2857,AI2857,1234567,Monday;Tuesday;Wednesday;Thursday;Friday;Saturday;Sunday,2026-03-29,2026-10-24,current,accepted,accepted_source_identity,confirmed_exact_designator,published,operating,,,A320,,23:30,unknown; no timezone conversion,one_side_only; absence_is_not_contradiction,107983dc72d381e6897a5a333556946adcc98daef82e954d52cec1fc402c3086,p25-r312-n1374,p25-r312-n1374-departure,raw DGCA digits retained; weekday mapping separately corroborated by AAI; no DGCA legend,unknown_not_stated_by_source,passenger_or_cargo_not_stated_by_source,not_established_by_approved_schedule
ai-s26-c9996ce7ab9f59,AI,AIC,BOM,BLR,AI 2857,AI2857,1234567,Monday;Tuesday;Wednesday;Thursday;Friday;Saturday;Sunday,2026-03-30,2026-06-04,expired,expired,accepted_source_identity,expired_not_compared_to_baseline,,,,,A320,01:35,,unknown; no timezone conversion,one_side_only; absence_is_not_contradiction,107983dc72d381e6897a5a333556946adcc98daef82e954d52cec1fc402c3086,p03-r9-n0112,p03-r9-n0112-arrival,raw DGCA digits retained; weekday mapping separately corroborated by AAI; no DGCA legend,unknown_not_stated_by_source,passenger_or_cargo_not_stated_by_source,not_established_by_approved_schedule
ai-s26-4fd9179d771004,AI,AIC,BOM,BLR,AI 2857,AI2857,123467,Monday;Tuesday;Wednesday;Thursday;Saturday;Sunday,2026-06-06,2026-10-24,current,accepted,accepted_source_identity,confirmed_exact_designator,published,operating,,,A320,01:35,,unknown; no timezone conversion,one_side_only; absence_is_not_contradiction,107983dc72d381e6897a5a333556946adcc98daef82e954d52cec1fc402c3086,p03-r8-n0111,p03-r8-n0111-arrival,raw DGCA digits retained; weekday mapping separately corroborated by AAI; no DGCA legend,unknown_not_stated_by_source,passenger_or_cargo_not_stated_by_source,not_established_by_approved_schedule
ai-s26-2f659d790a8a7a,AI,AIC,BOM,BLR,AI 2857,AI2857,5,Friday,2026-06-05,2026-10-23,current,accepted,accepted_source_identity,confirmed_exact_designator,published,operating,,,A320,01:35,,unknown; no timezone conversion,one_side_only; absence_is_not_contradiction,107983dc72d381e6897a5a333556946adcc98daef82e954d52cec1fc402c3086,p03-r7-n0110,p03-r7-n0110-arrival,raw DGCA digits retained; weekday mapping separately corroborated by AAI; no DGCA legend,unknown_not_stated_by_source,passenger_or_cargo_not_stated_by_source,not_established_by_approved_schedule
ai-s26-4fbbfd1a6d3be1,AI,AIC,BOM,BLR,AI 2857,AI2857,7,Sunday,2026-03-29,2026-03-29,expired,expired,accepted_source_identity,expired_not_compared_to_baseline,,,,,A320,01:35,,unknown; no timezone conversion,one_side_only; absence_is_not_contradiction,107983dc72d381e6897a5a333556946adcc98daef82e954d52cec1fc402c3086,p03-r6-n0109,p03-r6-n0109-arrival,raw DGCA digits retained; weekday mapping separately corroborated by AAI; no DGCA legend,unknown_not_stated_by_source,passenger_or_cargo_not_stated_by_source,not_established_by_approved_schedule
ai-s26-fa9ec901c7e29c,AI,AIC,BLR,BOM,AI 2858,AI2858,1234567,Monday;Tuesday;Wednesday;Thursday;Friday;Saturday;Sunday,2026-03-29,2026-06-03,expired,expired,accepted_source_identity,expired_not_compared_to_baseline,,,,,A320,,02:00,unknown; no timezone conversion,one_side_only; absence_is_not_contradiction,107983dc72d381e6897a5a333556946adcc98daef82e954d52cec1fc402c3086,p03-r13-n0116,p03-r13-n0116-departure,raw DGCA digits retained; weekday mapping separately corroborated by AAI; no DGCA legend,unknown_not_stated_by_source,passenger_or_cargo_not_stated_by_source,not_established_by_approved_schedule
ai-s26-71bd99d44575c7,AI,AIC,BLR,BOM,AI 2858,AI2858,1234567,Monday;Tuesday;Wednesday;Thursday;Friday;Saturday;Sunday,2026-03-29,2026-10-24,current,accepted,accepted_source_identity,confirmed_exact_designator,published,operating,,,A320,04:05,,unknown; no timezone conversion,one_side_only; absence_is_not_contradiction,107983dc72d381e6897a5a333556946adcc98daef82e954d52cec1fc402c3086,p20-r18-n1080,p20-r18-n1080-arrival,raw DGCA digits retained; weekday mapping separately corroborated by AAI; no DGCA legend,unknown_not_stated_by_source,passenger_or_cargo_not_stated_by_source,not_established_by_approved_schedule
ai-s26-e7d34e19a82803,AI,AIC,BLR,BOM,AI 2858,AI2858,123467,Monday;Tuesday;Wednesday;Thursday;Saturday;Sunday,2026-06-05,2026-10-23,current,accepted,accepted_source_identity,confirmed_exact_designator,published,operating,,,A320,,02:00,unknown; no timezone conversion,one_side_only; absence_is_not_contradiction,107983dc72d381e6897a5a333556946adcc98daef82e954d52cec1fc402c3086,p03-r12-n0115,p03-r12-n0115-departure,raw DGCA digits retained; weekday mapping separately corroborated by AAI; no DGCA legend,unknown_not_stated_by_source,passenger_or_cargo_not_stated_by_source,not_established_by_approved_schedule
ai-s26-4ad9fa0752f8ae,AI,AIC,BLR,BOM,AI 2858,AI2858,5,Friday,2026-06-04,2026-10-22,current,accepted,accepted_source_identity,confirmed_exact_designator,published,operating,,,A320,,02:00,unknown; no timezone conversion,one_side_only; absence_is_not_contradiction,107983dc72d381e6897a5a333556946adcc98daef82e954d52cec1fc402c3086,p03-r11-n0114,p03-r11-n0114-departure,raw DGCA digits retained; weekday mapping separately corroborated by AAI; no DGCA legend,unknown_not_stated_by_source,passenger_or_cargo_not_stated_by_source,not_established_by_approved_schedule
ai-s26-26f32aa902511c,AI,AIC,BLR,BOM,AI 2858,AI2858,7,Sunday,2026-03-29,2026-03-29,expired,expired,accepted_source_identity,expired_not_compared_to_baseline,,,,,A320,,02:00,unknown; no timezone conversion,one_side_only; absence_is_not_contradiction,107983dc72d381e6897a5a333556946adcc98daef82e954d52cec1fc402c3086,p03-r10-n0113,p03-r10-n0113-departure,raw DGCA digits retained; weekday mapping separately corroborated by AAI; no DGCA legend,unknown_not_stated_by_source,passenger_or_cargo_not_stated_by_source,not_established_by_approved_schedule
ai-s26-eef95930b78daf,AI,AIC,DEL,HYD,AI 2859,AI2859,1234567,Monday;Tuesday;Wednesday;Thursday;Friday;Saturday;Sunday,2026-03-29,2026-10-24,current,accepted,accepted_source_identity,confirmed_exact_designator,published,operating,,,A320,12:50,10:30,unknown; no timezone conversion,both_arrival_and_departure_rows,107983dc72d381e6897a5a333556946adcc98daef82e954d52cec1fc402c3086,p09-r145-n0480;p15-r30-n0820,p09-r145-n0480-departure;p15-r30-n0820-arrival,raw DGCA digits retained; weekday mapping separately corroborated by AAI; no DGCA legend,unknown_not_stated_by_source,passenger_or_cargo_not_stated_by_source,not_established_by_approved_schedule
ai-s26-855e05c8458f4e,AI,AIC,HYD,TIR,AI 2859,AI2859,1234567,Monday;Tuesday;Wednesday;Thursday;Friday;Saturday;Sunday,2026-03-29,2026-10-24,current,accepted,accepted_source_identity,confirmed_exact_designator,published,operating,,,A320,14:40,13:30,unknown; no timezone conversion,both_arrival_and_departure_rows,107983dc72d381e6897a5a333556946adcc98daef82e954d52cec1fc402c3086,p15-r31-n0821;p27-r1-n1479,p15-r31-n0821-departure;p27-r1-n1479-arrival,raw DGCA digits retained; weekday mapping separately corroborated by AAI; no DGCA legend,unknown_not_stated_by_source,passenger_or_cargo_not_stated_by_source,not_established_by_approved_schedule
ai-s26-22f0e42489e4cf,AI,AIC,HYD,DEL,AI 2860,AI2860,1234567,Monday;Tuesday;Wednesday;Thursday;Friday;Saturday;Sunday,2026-03-29,2026-10-24,current,accepted,accepted_source_identity,confirmed_exact_designator,published,operating,,,A320,09:35,,unknown; no timezone conversion,one_side_only; absence_is_not_contradiction,107983dc72d381e6897a5a333556946adcc98daef82e954d52cec1fc402c3086,p09-r123-n0458,p09-r123-n0458-arrival,raw DGCA digits retained; weekday mapping separately corroborated by AAI; no DGCA legend,unknown_not_stated_by_source,passenger_or_cargo_not_stated_by_source,not_established_by_approved_schedule
ai-s26-f682430116c693,AI,AIC,HYD,DEL,AI 2860,AI2860,1234567,Monday;Tuesday;Wednesday;Thursday;Friday;Saturday;Sunday,2026-03-30,2026-10-24,current,accepted,accepted_source_identity,confirmed_exact_designator,published,operating,,,A320,,07:30,unknown; no timezone conversion,one_side_only; absence_is_not_contradiction,107983dc72d381e6897a5a333556946adcc98daef82e954d52cec1fc402c3086,p15-r15-n0805,p15-r15-n0805-departure,raw DGCA digits retained; weekday mapping separately corroborated by AAI; no DGCA legend,unknown_not_stated_by_source,passenger_or_cargo_not_stated_by_source,not_established_by_approved_schedule
ai-s26-7e9e9d0d3b3db7,AI,AIC,HYD,DEL,AI 2860,AI2860,7,Sunday,2026-03-29,2026-03-29,expired,expired,accepted_source_identity,expired_not_compared_to_baseline,,,,,A320,,07:30,unknown; no timezone conversion,one_side_only; absence_is_not_contradiction,107983dc72d381e6897a5a333556946adcc98daef82e954d52cec1fc402c3086,p15-r14-n0804,p15-r14-n0804-departure,raw DGCA digits retained; weekday mapping separately corroborated by AAI; no DGCA legend,unknown_not_stated_by_source,passenger_or_cargo_not_stated_by_source,not_established_by_approved_schedule
ai-s26-2eac2eae6b3ac6,AI,AIC,BOM,BLR,AI 2863,AI2863,1234567,Monday;Tuesday;Wednesday;Thursday;Friday;Saturday;Sunday,2026-03-29,2026-10-24,current,accepted,accepted_source_identity,confirmed_exact_designator,published,operating,,,A320,12:05,09:55,unknown; no timezone conversion,both_arrival_and_departure_rows,107983dc72d381e6897a5a333556946adcc98daef82e954d52cec1fc402c3086,p03-r48-n0151;p21-r85-n1147,p03-r48-n0151-arrival;p21-r85-n1147-departure,raw DGCA digits retained; weekday mapping separately corroborated by AAI; no DGCA legend,unknown_not_stated_by_source,passenger_or_cargo_not_stated_by_source,not_established_by_approved_schedule
ai-s26-4948b5076f861e,AI,AIC,BOM,BLR,AI 2865,AI2865,1234567,Monday;Tuesday;Wednesday;Thursday;Friday;Saturday;Sunday,2026-03-29,2026-10-24,current,accepted,accepted_source_identity,confirmed_exact_designator,published,operating,,,A320,21:50,19:45,unknown; no timezone conversion,both_arrival_and_departure_rows,107983dc72d381e6897a5a333556946adcc98daef82e954d52cec1fc402c3086,p04-r84-n0187;p24-r256-n1318,p04-r84-n0187-arrival;p24-r256-n1318-departure,raw DGCA digits retained; weekday mapping separately corroborated by AAI; no DGCA legend,unknown_not_stated_by_source,passenger_or_cargo_not_stated_by_source,not_established_by_approved_schedule
ai-s26-d034c4a030f295,AI,AIC,DEL,BDQ,AI 2866,AI2866,1234567,Monday;Tuesday;Wednesday;Thursday;Friday;Saturday;Sunday,2026-03-29,2026-10-24,current,accepted,accepted_source_identity,confirmed_exact_designator,published,operating,,,A320,16:45,,unknown; no timezone conversion,one_side_only; absence_is_not_contradiction,107983dc72d381e6897a5a333556946adcc98daef82e954d52cec1fc402c3086,p28-r5-n1516,p28-r5-n1516-arrival,raw DGCA digits retained; weekday mapping separately corroborated by AAI; no DGCA legend,unknown_not_stated_by_source,passenger_or_cargo_not_stated_by_source,not_established_by_approved_schedule
ai-s26-25528ac4be5d6a,AI,AIC,DEL,BDQ,AI 2866,AI2866,12357,Monday;Tuesday;Wednesday;Friday;Sunday,2026-03-29,2026-10-23,current,accepted,accepted_source_identity,confirmed_exact_designator,published,operating,,,A320,,15:10,unknown; no timezone conversion,one_side_only; absence_is_not_contradiction,107983dc72d381e6897a5a333556946adcc98daef82e954d52cec1fc402c3086,p11-r241-n0576,p11-r241-n0576-departure,raw DGCA digits retained; weekday mapping separately corroborated by AAI; no DGCA legend,unknown_not_stated_by_source,passenger_or_cargo_not_stated_by_source,not_established_by_approved_schedule
ai-s26-abf9cc00111e33,AI,AIC,BDQ,DEL,AI 2867,AI2867,1234567,Monday;Tuesday;Wednesday;Thursday;Friday;Saturday;Sunday,2026-03-29,2026-10-24,current,accepted,accepted_source_identity,confirmed_exact_designator,published,operating,,,A320,,17:40,unknown; no timezone conversion,one_side_only; absence_is_not_contradiction,107983dc72d381e6897a5a333556946adcc98daef82e954d52cec1fc402c3086,p28-r6-n1517,p28-r6-n1517-departure,raw DGCA digits retained; weekday mapping separately corroborated by AAI; no DGCA legend,unknown_not_stated_by_source,passenger_or_cargo_not_stated_by_source,not_established_by_approved_schedule
ai-s26-4a5add952545ec,AI,AIC,BDQ,DEL,AI 2867,AI2867,12357,Monday;Tuesday;Wednesday;Friday;Sunday,2026-03-29,2026-10-23,current,accepted,accepted_source_identity,confirmed_exact_designator,published,operating,,,A320,19:30,,unknown; no timezone conversion,one_side_only; absence_is_not_contradiction,107983dc72d381e6897a5a333556946adcc98daef82e954d52cec1fc402c3086,p13-r341-n0676,p13-r341-n0676-arrival,raw DGCA digits retained; weekday mapping separately corroborated by AAI; no DGCA legend,unknown_not_stated_by_source,passenger_or_cargo_not_stated_by_source,not_established_by_approved_schedule
ai-s26-15b742be8944fd,AI,AIC,BLR,DEL,AI 2868,AI2868,1234567,Monday;Tuesday;Wednesday;Thursday;Friday;Saturday;Sunday,2026-03-29,2026-06-02,expired,expired,accepted_source_identity,expired_not_compared_to_baseline,,,,,A320,,09:00,unknown; no timezone conversion,one_side_only; absence_is_not_contradiction,107983dc72d381e6897a5a333556946adcc98daef82e954d52cec1fc402c3086,p03-r35-n0138,p03-r35-n0138-departure,raw DGCA digits retained; weekday mapping separately corroborated by AAI; no DGCA legend,unknown_not_stated_by_source,passenger_or_cargo_not_stated_by_source,not_established_by_approved_schedule
ai-s26-ac4798cf65f9b6,AI,AIC,BLR,DEL,AI 2868,AI2868,1234567,Monday;Tuesday;Wednesday;Thursday;Friday;Saturday;Sunday,2026-03-29,2026-10-24,current,accepted,accepted_source_identity,confirmed_exact_designator,published,operating,,,A320,12:00,,unknown; no timezone conversion,one_side_only; absence_is_not_contradiction,107983dc72d381e6897a5a333556946adcc98daef82e954d52cec1fc402c3086,p10-r179-n0514,p10-r179-n0514-arrival,raw DGCA digits retained; weekday mapping separately corroborated by AAI; no DGCA legend,unknown_not_stated_by_source,passenger_or_cargo_not_stated_by_source,not_established_by_approved_schedule
ai-s26-281f9b12c0c473,AI,AIC,BLR,DEL,AI 2868,AI2868,123467,Monday;Tuesday;Wednesday;Thursday;Saturday;Sunday,2026-06-05,2026-10-23,current,accepted,accepted_source_identity,confirmed_exact_designator,published,operating,,,A320,,09:00,unknown; no timezone conversion,one_side_only; absence_is_not_contradiction,107983dc72d381e6897a5a333556946adcc98daef82e954d52cec1fc402c3086,p03-r34-n0137,p03-r34-n0137-departure,raw DGCA digits retained; weekday mapping separately corroborated by AAI; no DGCA legend,unknown_not_stated_by_source,passenger_or_cargo_not_stated_by_source,not_established_by_approved_schedule
ai-s26-9796fca48a0a27,AI,AIC,BLR,DEL,AI 2868,AI2868,4,Thursday,2026-06-04,2026-06-04,expired,expired,accepted_source_identity,expired_not_compared_to_baseline,,,,,A320,,09:00,unknown; no timezone conversion,one_side_only; absence_is_not_contradiction,107983dc72d381e6897a5a333556946adcc98daef82e954d52cec1fc402c3086,p03-r33-n0136,p03-r33-n0136-departure,raw DGCA digits retained; weekday mapping separately corroborated by AAI; no DGCA legend,unknown_not_stated_by_source,passenger_or_cargo_not_stated_by_source,not_established_by_approved_schedule
ai-s26-b8ad02188aea92,AI,AIC,BLR,DEL,AI 2868,AI2868,5,Friday,2026-06-05,2026-10-23,current,accepted,accepted_source_identity,confirmed_exact_designator,published,operating,,,A320,,09:00,unknown; no timezone conversion,one_side_only; absence_is_not_contradiction,107983dc72d381e6897a5a333556946adcc98daef82e954d52cec1fc402c3086,p03-r32-n0135,p03-r32-n0135-departure,raw DGCA digits retained; weekday mapping separately corroborated by AAI; no DGCA legend,unknown_not_stated_by_source,passenger_or_cargo_not_stated_by_source,not_established_by_approved_schedule
ai-s26-f3ffd2243d821d,AI,AIC,BLR,DEL,AI 2868,AI2868,7,Sunday,2026-03-29,2026-03-29,expired,expired,accepted_source_identity,expired_not_compared_to_baseline,,,,,A320,,09:00,unknown; no timezone conversion,one_side_only; absence_is_not_contradiction,107983dc72d381e6897a5a333556946adcc98daef82e954d52cec1fc402c3086,p03-r31-n0134,p03-r31-n0134-departure,raw DGCA digits retained; weekday mapping separately corroborated by AAI; no DGCA legend,unknown_not_stated_by_source,passenger_or_cargo_not_stated_by_source,not_established_by_approved_schedule
ai-s26-66866a3c841d74,AI,AIC,BOM,HYD,AI 2869,AI2869,1234567,Monday;Tuesday;Wednesday;Thursday;Friday;Saturday;Sunday,2026-03-29,2026-10-23,current,accepted,accepted_source_identity,confirmed_exact_designator,published,operating,,,A320,23:05,,unknown; no timezone conversion,one_side_only; absence_is_not_contradiction,107983dc72d381e6897a5a333556946adcc98daef82e954d52cec1fc402c3086,p16-r59-n0849,p16-r59-n0849-arrival,raw DGCA digits retained; weekday mapping separately corroborated by AAI; no DGCA legend,unknown_not_stated_by_source,passenger_or_cargo_not_stated_by_source,not_established_by_approved_schedule
ai-s26-db5d27e3925a02,AI,AIC,BOM,HYD,AI 2869,AI2869,1234567,Monday;Tuesday;Wednesday;Thursday;Friday;Saturday;Sunday,2026-03-29,2026-10-24,current,accepted,accepted_source_identity,confirmed_exact_designator,published,operating,,,A320,,21:25,unknown; no timezone conversion,one_side_only; absence_is_not_contradiction,107983dc72d381e6897a5a333556946adcc98daef82e954d52cec1fc402c3086,p25-r290-n1352,p25-r290-n1352-departure,raw DGCA digits retained; weekday mapping separately corroborated by AAI; no DGCA legend,unknown_not_stated_by_source,passenger_or_cargo_not_stated_by_source,not_established_by_approved_schedule
ai-s26-b9c8168d1323fb,AI,AIC,BOM,HYD,AI 2869,AI2869,6,Saturday,2026-10-24,2026-10-24,future,accepted,accepted_source_identity,confirmed_exact_designator,published,operating,,,A320,23:05,,unknown; no timezone conversion,one_side_only; absence_is_not_contradiction,107983dc72d381e6897a5a333556946adcc98daef82e954d52cec1fc402c3086,p16-r58-n0848,p16-r58-n0848-arrival,raw DGCA digits retained; weekday mapping separately corroborated by AAI; no DGCA legend,unknown_not_stated_by_source,passenger_or_cargo_not_stated_by_source,not_established_by_approved_schedule
ai-s26-9fc9c2a249382b,AI,AIC,HYD,DEL,AI 2870,AI2870,1234567,Monday;Tuesday;Wednesday;Thursday;Friday;Saturday;Sunday,2026-03-29,2026-10-24,current,accepted,accepted_source_identity,confirmed_exact_designator,published,operating,,,A320,23:55,21:30,unknown; no timezone conversion,both_arrival_and_departure_rows,107983dc72d381e6897a5a333556946adcc98daef82e954d52cec1fc402c3086,p14-r425-n0760;p16-r53-n0843,p14-r425-n0760-arrival;p16-r53-n0843-departure,raw DGCA digits retained; weekday mapping separately corroborated by AAI; no DGCA legend,unknown_not_stated_by_source,passenger_or_cargo_not_stated_by_source,not_established_by_approved_schedule
ai-s26-4cbef732952f84,AI,AIC,DEL,HYD,AI 2871,AI2871,1234567,Monday;Tuesday;Wednesday;Thursday;Friday;Saturday;Sunday,2026-03-29,2026-10-24,current,accepted,accepted_source_identity,confirmed_exact_designator,published,operating,,,A320,22:50,20:30,unknown; no timezone conversion,both_arrival_and_departure_rows,107983dc72d381e6897a5a333556946adcc98daef82e954d52cec1fc402c3086,p13-r359-n0694;p16-r57-n0847,p13-r359-n0694-departure;p16-r57-n0847-arrival,raw DGCA digits retained; weekday mapping separately corroborated by AAI; no DGCA legend,unknown_not_stated_by_source,passenger_or_cargo_not_stated_by_source,not_established_by_approved_schedule
ai-s26-b1a3fcaab3cf6b,AI,AIC,HYD,BOM,AI 2872,AI2872,1234567,Monday;Tuesday;Wednesday;Thursday;Friday;Saturday;Sunday,2026-03-29,2026-10-24,current,accepted,accepted_source_identity,confirmed_exact_designator,published,operating,,,A320,07:45,,unknown; no timezone conversion,one_side_only; absence_is_not_contradiction,107983dc72d381e6897a5a333556946adcc98daef82e954d52cec1fc402c3086,p20-r49-n1111,p20-r49-n1111-arrival,raw DGCA digits retained; weekday mapping separately corroborated by AAI; no DGCA legend,unknown_not_stated_by_source,passenger_or_cargo_not_stated_by_source,not_established_by_approved_schedule
ai-s26-ce46f6b320ae91,AI,AIC,HYD,BOM,AI 2872,AI2872,1234567,Monday;Tuesday;Wednesday;Thursday;Friday;Saturday;Sunday,2026-03-30,2026-10-24,current,accepted,accepted_source_identity,confirmed_exact_designator,published,operating,,,A320,,05:50,unknown; no timezone conversion,one_side_only; absence_is_not_contradiction,107983dc72d381e6897a5a333556946adcc98daef82e954d52cec1fc402c3086,p15-r9-n0799,p15-r9-n0799-departure,raw DGCA digits retained; weekday mapping separately corroborated by AAI; no DGCA legend,unknown_not_stated_by_source,passenger_or_cargo_not_stated_by_source,not_established_by_approved_schedule
ai-s26-e7afbb95b6a7aa,AI,AIC,HYD,BOM,AI 2872,AI2872,7,Sunday,2026-03-29,2026-03-29,expired,expired,accepted_source_identity,expired_not_compared_to_baseline,,,,,A320,,05:50,unknown; no timezone conversion,one_side_only; absence_is_not_contradiction,107983dc72d381e6897a5a333556946adcc98daef82e954d52cec1fc402c3086,p15-r10-n0800,p15-r10-n0800-departure,raw DGCA digits retained; weekday mapping separately corroborated by AAI; no DGCA legend,unknown_not_stated_by_source,passenger_or_cargo_not_stated_by_source,not_established_by_approved_schedule
ai-s26-4d7fe084e2be73,AI,AIC,BOM,HYD,AI 2873,AI2873,1234567,Monday;Tuesday;Wednesday;Thursday;Friday;Saturday;Sunday,2026-03-29,2026-10-24,current,accepted,accepted_source_identity,confirmed_exact_designator,published,operating,,,A320,09:05,07:35,unknown; no timezone conversion,both_arrival_and_departure_rows,107983dc72d381e6897a5a333556946adcc98daef82e954d52cec1fc402c3086,p15-r19-n0809;p20-r47-n1109,p15-r19-n0809-arrival;p20-r47-n1109-departure,raw DGCA digits retained; weekday mapping separately corroborated by AAI; no DGCA legend,unknown_not_stated_by_source,passenger_or_cargo_not_stated_by_source,not_established_by_approved_schedule
ai-s26-ba039cd9e4c113,AI,AIC,HYD,BOM,AI 2874,AI2874,1234567,Monday;Tuesday;Wednesday;Thursday;Friday;Saturday;Sunday,2026-03-29,2026-10-24,current,accepted,accepted_source_identity,confirmed_exact_designator,published,operating,,,A320,11:50,09:55,unknown; no timezone conversion,both_arrival_and_departure_rows,107983dc72d381e6897a5a333556946adcc98daef82e954d52cec1fc402c3086,p15-r22-n0812;p22-r124-n1186,p15-r22-n0812-departure;p22-r124-n1186-arrival,raw DGCA digits retained; weekday mapping separately corroborated by AAI; no DGCA legend,unknown_not_stated_by_source,passenger_or_cargo_not_stated_by_source,not_established_by_approved_schedule
ai-s26-2210185d6e4bbc,AI,AIC,BOM,HYD,AI 2875,AI2875,1234567,Monday;Tuesday;Wednesday;Thursday;Friday;Saturday;Sunday,2026-03-29,2026-10-24,current,accepted,accepted_source_identity,confirmed_exact_designator,published,operating,,,A320,21:05,19:35,unknown; no timezone conversion,both_arrival_and_departure_rows,107983dc72d381e6897a5a333556946adcc98daef82e954d52cec1fc402c3086,p16-r52-n0842;p24-r254-n1316,p16-r52-n0842-arrival;p24-r254-n1316-departure,raw DGCA digits retained; weekday mapping separately corroborated by AAI; no DGCA legend,unknown_not_stated_by_source,passenger_or_cargo_not_stated_by_source,not_established_by_approved_schedule
ai-s26-5385d7bc03aeb7,AI,AIC,HYD,BOM,AI 2876,AI2876,1234567,Monday;Tuesday;Wednesday;Thursday;Friday;Saturday;Sunday,2026-03-29,2026-10-24,current,accepted,accepted_source_identity,confirmed_exact_designator,published,operating,,,A320,22:30,20:35,unknown; no timezone conversion,both_arrival_and_departure_rows,107983dc72d381e6897a5a333556946adcc98daef82e954d52cec1fc402c3086,p16-r51-n0841;p25-r301-n1363,p16-r51-n0841-departure;p25-r301-n1363-arrival,raw DGCA digits retained; weekday mapping separately corroborated by AAI; no DGCA legend,unknown_not_stated_by_source,passenger_or_cargo_not_stated_by_source,not_established_by_approved_schedule
ai-s26-08ec30f327f621,AI,AIC,DEL,HYD,AI 2879,AI2879,1234567,Monday;Tuesday;Wednesday;Thursday;Friday;Saturday;Sunday,2026-03-29,2026-10-24,current,accepted,accepted_source_identity,confirmed_exact_designator,published,operating,,,A320,20:20,18:00,unknown; no timezone conversion,both_arrival_and_departure_rows,107983dc72d381e6897a5a333556946adcc98daef82e954d52cec1fc402c3086,p12-r314-n0649;p16-r50-n0840,p12-r314-n0649-departure;p16-r50-n0840-arrival,raw DGCA digits retained; weekday mapping separately corroborated by AAI; no DGCA legend,unknown_not_stated_by_source,passenger_or_cargo_not_stated_by_source,not_established_by_approved_schedule
ai-s26-4d746df5a86be4,AI,AIC,HYD,DEL,AI 2880,AI2880,1234567,Monday;Tuesday;Wednesday;Thursday;Friday;Saturday;Sunday,2026-03-29,2026-10-24,current,accepted,accepted_source_identity,confirmed_exact_designator,published,operating,,,A320,21:00,18:25,unknown; no timezone conversion,both_arrival_and_departure_rows,107983dc72d381e6897a5a333556946adcc98daef82e954d52cec1fc402c3086,p13-r367-n0702;p15-r41-n0831,p13-r367-n0702-arrival;p15-r41-n0831-departure,raw DGCA digits retained; weekday mapping separately corroborated by AAI; no DGCA legend,unknown_not_stated_by_source,passenger_or_cargo_not_stated_by_source,not_established_by_approved_schedule
ai-s26-32fd345f1eb3cf,AI,AIC,DEL,BDQ,AI 2881,AI2881,1234567,Monday;Tuesday;Wednesday;Thursday;Friday;Saturday;Sunday,2026-03-29,2026-10-24,current,accepted,accepted_source_identity,confirmed_exact_designator,published,operating,,,A320,20:10,18:25,unknown; no timezone conversion,both_arrival_and_departure_rows,107983dc72d381e6897a5a333556946adcc98daef82e954d52cec1fc402c3086,p12-r320-n0655;p28-r7-n1518,p12-r320-n0655-departure;p28-r7-n1518-arrival,raw DGCA digits retained; weekday mapping separately corroborated by AAI; no DGCA legend,unknown_not_stated_by_source,passenger_or_cargo_not_stated_by_source,not_established_by_approved_schedule
ai-s26-3893cf83bf2874,AI,AIC,BDQ,DEL,AI 2882,AI2882,1234567,Monday;Tuesday;Wednesday;Thursday;Friday;Saturday;Sunday,2026-03-29,2026-10-24,current,accepted,accepted_source_identity,confirmed_exact_designator,published,operating,,,A320,22:45,20:50,unknown; no timezone conversion,both_arrival_and_departure_rows,107983dc72d381e6897a5a333556946adcc98daef82e954d52cec1fc402c3086,p14-r403-n0738;p28-r8-n1519,p14-r403-n0738-arrival;p28-r8-n1519-departure,raw DGCA digits retained; weekday mapping separately corroborated by AAI; no DGCA legend,unknown_not_stated_by_source,passenger_or_cargo_not_stated_by_source,not_established_by_approved_schedule
ai-s26-72eb9a62c76b19,AI,AIC,DEL,COK,AI 2883,AI2883,1234567,Monday;Tuesday;Wednesday;Thursday;Friday;Saturday;Sunday,2026-03-29,2026-10-24,current,accepted,accepted_source_identity,confirmed_exact_designator,published,operating,,,A320,00:15,21:00,unknown; no timezone conversion,both_arrival_and_departure_rows,107983dc72d381e6897a5a333556946adcc98daef82e954d52cec1fc402c3086,p13-r369-n0704;p18-r1-n0959,p13-r369-n0704-departure;p18-r1-n0959-arrival,raw DGCA digits retained; weekday mapping separately corroborated by AAI; no DGCA legend,unknown_not_stated_by_source,passenger_or_cargo_not_stated_by_source,not_established_by_approved_schedule
ai-s26-e1df87a8430d47,AI,AIC,COK,DEL,AI 2884,AI2884,1234567,Monday;Tuesday;Wednesday;Thursday;Friday;Saturday;Sunday,2026-03-29,2026-10-24,current,accepted,accepted_source_identity,confirmed_exact_designator,published,operating,,,A320,09:20,06:00,unknown; no timezone conversion,both_arrival_and_departure_rows,107983dc72d381e6897a5a333556946adcc98daef82e954d52cec1fc402c3086,p09-r114-n0449;p18-r2-n0960,p09-r114-n0449-arrival;p18-r2-n0960-departure,raw DGCA digits retained; weekday mapping separately corroborated by AAI; no DGCA legend,unknown_not_stated_by_source,passenger_or_cargo_not_stated_by_source,not_established_by_approved_schedule
ai-s26-fdd5d0191adedf,AI,AIC,DEL,MAA,AI 2885,AI2885,1234567,Monday;Tuesday;Wednesday;Thursday;Friday;Saturday;Sunday,2026-03-29,2026-10-24,current,accepted,accepted_source_identity,confirmed_exact_designator,published,operating,,,A320,04:55,02:15,unknown; no timezone conversion,both_arrival_and_departure_rows,107983dc72d381e6897a5a333556946adcc98daef82e954d52cec1fc402c3086,p06-r5-n0266;p07-r25-n0360,p06-r5-n0266-arrival;p07-r25-n0360-departure,raw DGCA digits retained; weekday mapping separately corroborated by AAI; no DGCA legend,unknown_not_stated_by_source,passenger_or_cargo_not_stated_by_source,not_established_by_approved_schedule
ai-s26-f4551ff6ec168d,AI,AIC,MAA,DEL,AI 2886,AI2886,1234567,Monday;Tuesday;Wednesday;Thursday;Friday;Saturday;Sunday,2026-03-29,2026-10-24,current,accepted,accepted_source_identity,confirmed_exact_designator,published,operating,,,A320,11:05,08:05,unknown; no timezone conversion,both_arrival_and_departure_rows,107983dc72d381e6897a5a333556946adcc98daef82e954d52cec1fc402c3086,p06-r13-n0274;p10-r158-n0493,p06-r13-n0274-departure;p10-r158-n0493-arrival,raw DGCA digits retained; weekday mapping separately corroborated by AAI; no DGCA legend,unknown_not_stated_by_source,passenger_or_cargo_not_stated_by_source,not_established_by_approved_schedule
ai-s26-4a20ec7fa7e04d,AI,AIC,HYD,DEL,AI 2890,AI2890,1234567,Monday;Tuesday;Wednesday;Thursday;Friday;Saturday;Sunday,2026-03-29,2026-10-24,current,accepted,accepted_source_identity,confirmed_exact_designator,published,operating,,,A320,20:10,17:30,unknown; no timezone conversion,both_arrival_and_departure_rows,107983dc72d381e6897a5a333556946adcc98daef82e954d52cec1fc402c3086,p13-r352-n0687;p15-r39-n0829,p13-r352-n0687-arrival;p15-r39-n0829-departure,raw DGCA digits retained; weekday mapping separately corroborated by AAI; no DGCA legend,unknown_not_stated_by_source,passenger_or_cargo_not_stated_by_source,not_established_by_approved_schedule
ai-s26-3e6d60a0e25696,AI,AIC,TIR,HYD,AI 2890,AI2890,1234567,Monday;Tuesday;Wednesday;Thursday;Friday;Saturday;Sunday,2026-03-29,2026-10-24,current,accepted,accepted_source_identity,confirmed_exact_designator,published,operating,,,A320,16:25,15:20,unknown; no timezone conversion,both_arrival_and_departure_rows,107983dc72d381e6897a5a333556946adcc98daef82e954d52cec1fc402c3086,p15-r35-n0825;p27-r2-n1480,p15-r35-n0825-arrival;p27-r2-n1480-departure,raw DGCA digits retained; weekday mapping separately corroborated by AAI; no DGCA legend,unknown_not_stated_by_source,passenger_or_cargo_not_stated_by_source,not_established_by_approved_schedule
ai-s26-9d111badf6b43c,AI,AIC,BOM,BDQ,AI 2891,AI2891,1234567,Monday;Tuesday;Wednesday;Thursday;Friday;Saturday;Sunday,2026-03-29,2026-10-24,current,accepted,accepted_source_identity,confirmed_exact_designator,published,operating,,,A321,07:05,05:45,unknown; no timezone conversion,both_arrival_and_departure_rows,107983dc72d381e6897a5a333556946adcc98daef82e954d52cec1fc402c3086,p20-r26-n1088;p28-r1-n1512,p20-r26-n1088-departure;p28-r1-n1512-arrival,raw DGCA digits retained; weekday mapping separately corroborated by AAI; no DGCA legend,unknown_not_stated_by_source,passenger_or_cargo_not_stated_by_source,not_established_by_approved_schedule
ai-s26-6251981e1f4de9,AI,AIC,BDQ,BOM,AI 2892,AI2892,1234567,Monday;Tuesday;Wednesday;Thursday;Friday;Saturday;Sunday,2026-03-29,2026-10-24,current,accepted,accepted_source_identity,confirmed_exact_designator,published,operating,,,A321,09:10,07:45,unknown; no timezone conversion,both_arrival_and_departure_rows,107983dc72d381e6897a5a333556946adcc98daef82e954d52cec1fc402c3086,p21-r67-n1129;p28-r3-n1514,p21-r67-n1129-arrival;p28-r3-n1514-departure,raw DGCA digits retained; weekday mapping separately corroborated by AAI; no DGCA legend,unknown_not_stated_by_source,passenger_or_cargo_not_stated_by_source,not_established_by_approved_schedule
ai-s26-f8eca3766ef242,AI,AIC,DEL,MAA,AI 2895,AI2895,1234567,Monday;Tuesday;Wednesday;Thursday;Friday;Saturday;Sunday,2026-03-29,2026-10-24,current,accepted,accepted_source_identity,confirmed_exact_designator,published,operating,,,A320,,21:30,unknown; no timezone conversion,one_side_only; absence_is_not_contradiction,107983dc72d381e6897a5a333556946adcc98daef82e954d52cec1fc402c3086,p13-r378-n0713,p13-r378-n0713-departure,raw DGCA digits retained; weekday mapping separately corroborated by AAI; no DGCA legend,unknown_not_stated_by_source,passenger_or_cargo_not_stated_by_source,not_established_by_approved_schedule
ai-s26-938042a214ee46,AI,AIC,DEL,MAA,AI 2895,AI2895,124567,Monday;Tuesday;Thursday;Friday;Saturday;Sunday,2026-03-29,2026-10-24,current,accepted,accepted_source_identity,confirmed_exact_designator,published,operating,,,A320,00:20,,unknown; no timezone conversion,one_side_only; absence_is_not_contradiction,107983dc72d381e6897a5a333556946adcc98daef82e954d52cec1fc402c3086,p06-r2-n0263,p06-r2-n0263-arrival,raw DGCA digits retained; weekday mapping separately corroborated by AAI; no DGCA legend,unknown_not_stated_by_source,passenger_or_cargo_not_stated_by_source,not_established_by_approved_schedule
ai-s26-11e9f47c571788,AI,AIC,DEL,MAA,AI 2895,AI2895,3,Wednesday,2026-04-01,2026-10-21,current,accepted,accepted_source_identity,confirmed_exact_designator,published,operating,,,A320,00:20,,unknown; no timezone conversion,one_side_only; absence_is_not_contradiction,107983dc72d381e6897a5a333556946adcc98daef82e954d52cec1fc402c3086,p05-r1-n0262,p05-r1-n0262-arrival,raw DGCA digits retained; weekday mapping separately corroborated by AAI; no DGCA legend,unknown_not_stated_by_source,passenger_or_cargo_not_stated_by_source,not_established_by_approved_schedule
ai-s26-cc4256e6caccb0,AI,AIC,MAA,DEL,AI 2896,AI2896,1234567,Monday;Tuesday;Wednesday;Thursday;Friday;Saturday;Sunday,2026-03-29,2026-10-24,current,accepted,accepted_source_identity,confirmed_exact_designator,published,operating,,,A320,08:50,06:00,unknown; no timezone conversion,both_arrival_and_departure_rows,107983dc72d381e6897a5a333556946adcc98daef82e954d52cec1fc402c3086,p06-r9-n0270;p09-r109-n0444,p06-r9-n0270-departure;p09-r109-n0444-arrival,raw DGCA digits retained; weekday mapping separately corroborated by AAI; no DGCA legend,unknown_not_stated_by_source,passenger_or_cargo_not_stated_by_source,not_established_by_approved_schedule
ai-s26-3768ba25fe2fc5,AI,AIC,DEL,HYD,AI 2899,AI2899,1234567,Monday;Tuesday;Wednesday;Thursday;Friday;Saturday;Sunday,2026-03-29,2026-10-24,current,accepted,accepted_source_identity,confirmed_exact_designator,published,operating,,,A320,14:50,12:30,unknown; no timezone conversion,both_arrival_and_departure_rows,107983dc72d381e6897a5a333556946adcc98daef82e954d52cec1fc402c3086,p10-r192-n0527;p15-r33-n0823,p10-r192-n0527-departure;p15-r33-n0823-arrival,raw DGCA digits retained; weekday mapping separately corroborated by AAI; no DGCA legend,unknown_not_stated_by_source,passenger_or_cargo_not_stated_by_source,not_established_by_approved_schedule
ai-s26-97bf3010549afa,AI,AIC,DEL,VGA,AI 2903,AI2903,1234567,Monday;Tuesday;Wednesday;Thursday;Friday;Saturday;Sunday,2026-03-29,2026-10-24,current,accepted,accepted_source_identity,confirmed_exact_designator,published,operating,,,A320,20:05,17:40,unknown; no timezone conversion,both_arrival_and_departure_rows,107983dc72d381e6897a5a333556946adcc98daef82e954d52cec1fc402c3086,p12-r303-n0638;p28-r5-n1530,p12-r303-n0638-departure;p28-r5-n1530-arrival,raw DGCA digits retained; weekday mapping separately corroborated by AAI; no DGCA legend,unknown_not_stated_by_source,passenger_or_cargo_not_stated_by_source,not_established_by_approved_schedule
ai-s26-91812d5e806269,AI,AIC,VGA,DEL,AI 2904,AI2904,1234567,Monday;Tuesday;Wednesday;Thursday;Friday;Saturday;Sunday,2026-03-29,2026-10-24,current,accepted,accepted_source_identity,confirmed_exact_designator,published,operating,,,A320,23:20,20:45,unknown; no timezone conversion,both_arrival_and_departure_rows,107983dc72d381e6897a5a333556946adcc98daef82e954d52cec1fc402c3086,p14-r415-n0750;p28-r6-n1531,p14-r415-n0750-arrival;p28-r6-n1531-departure,raw DGCA digits retained; weekday mapping separately corroborated by AAI; no DGCA legend,unknown_not_stated_by_source,passenger_or_cargo_not_stated_by_source,not_established_by_approved_schedule
ai-s26-d7d12ad21f2719,AI,AIC,AMD,DEL,AI 2906,AI2906,1234567,Monday;Tuesday;Wednesday;Thursday;Friday;Saturday;Sunday,2026-03-29,2026-10-24,current,accepted,accepted_source_identity,confirmed_exact_designator,published,operating,,,A320,08:15,,unknown; no timezone conversion,one_side_only; absence_is_not_contradiction,107983dc72d381e6897a5a333556946adcc98daef82e954d52cec1fc402c3086,p08-r92-n0427,p08-r92-n0427-arrival,raw DGCA digits retained; weekday mapping separately corroborated by AAI; no DGCA legend,unknown_not_stated_by_source,passenger_or_cargo_not_stated_by_source,not_established_by_approved_schedule
ai-s26-4fe34bb0ebd0c0,AI,AIC,AMD,DEL,AI 2906,AI2906,123567,Monday;Tuesday;Wednesday;Friday;Saturday;Sunday,2026-03-29,2026-10-23,current,accepted,accepted_source_identity,confirmed_exact_designator,published,operating,,,A320,,06:25,unknown; no timezone conversion,one_side_only; absence_is_not_contradiction,107983dc72d381e6897a5a333556946adcc98daef82e954d52cec1fc402c3086,p01-r11-n0011,p01-r11-n0011-departure,raw DGCA digits retained; weekday mapping separately corroborated by AAI; no DGCA legend,unknown_not_stated_by_source,passenger_or_cargo_not_stated_by_source,not_established_by_approved_schedule
ai-s26-a0e0aeb1a3ef0a,AI,AIC,AMD,DEL,AI 2906,AI2906,4,Thursday,2026-04-02,2026-05-28,expired,expired,accepted_source_identity,expired_not_compared_to_baseline,,,,,A320,,06:25,unknown; no timezone conversion,one_side_only; absence_is_not_contradiction,107983dc72d381e6897a5a333556946adcc98daef82e954d52cec1fc402c3086,p01-r10-n0010,p01-r10-n0010-departure,raw DGCA digits retained; weekday mapping separately corroborated by AAI; no DGCA legend,unknown_not_stated_by_source,passenger_or_cargo_not_stated_by_source,not_established_by_approved_schedule
ai-s26-de953790d54f99,AI,AIC,AMD,DEL,AI 2906,AI2906,5,Friday,2026-06-05,2026-10-23,current,accepted,accepted_source_identity,confirmed_exact_designator,published,operating,,,A320,,06:30,unknown; no timezone conversion,one_side_only; absence_is_not_contradiction,107983dc72d381e6897a5a333556946adcc98daef82e954d52cec1fc402c3086,p01-r12-n0012,p01-r12-n0012-departure,raw DGCA digits retained; weekday mapping separately corroborated by AAI; no DGCA legend,unknown_not_stated_by_source,passenger_or_cargo_not_stated_by_source,not_established_by_approved_schedule
ai-s26-b5ed6c06f5ab82,AI,AIC,AMD,DEL,AI 2906,AI2906,7,Sunday,2026-03-29,2026-03-29,expired,expired,accepted_source_identity,expired_not_compared_to_baseline,,,,,A320,,06:25,unknown; no timezone conversion,one_side_only; absence_is_not_contradiction,107983dc72d381e6897a5a333556946adcc98daef82e954d52cec1fc402c3086,p01-r9-n0009,p01-r9-n0009-departure,raw DGCA digits retained; weekday mapping separately corroborated by AAI; no DGCA legend,unknown_not_stated_by_source,passenger_or_cargo_not_stated_by_source,not_established_by_approved_schedule
ai-s26-77d3bf9d43913c,AI,AIC,DEL,DED,AI 2907,AI2907,1234567,Monday;Tuesday;Wednesday;Thursday;Friday;Saturday;Sunday,2026-03-29,2026-10-24,current,accepted,accepted_source_identity,confirmed_exact_designator,published,operating,,,A319,13:00,12:00,unknown; no timezone conversion,both_arrival_and_departure_rows,107983dc72d381e6897a5a333556946adcc98daef82e954d52cec1fc402c3086,p06-r3-n0318;p10-r181-n0516,p06-r3-n0318-arrival;p10-r181-n0516-departure,raw DGCA digits retained; weekday mapping separately corroborated by AAI; no DGCA legend,unknown_not_stated_by_source,passenger_or_cargo_not_stated_by_source,not_established_by_approved_schedule
ai-s26-2874c605360bc0,AI,AIC,DED,DEL,AI 2908,AI2908,1234567,Monday;Tuesday;Wednesday;Thursday;Friday;Saturday;Sunday,2026-03-29,2026-10-24,current,accepted,accepted_source_identity,confirmed_exact_designator,published,operating,,,A319,14:30,13:30,unknown; no timezone conversion,both_arrival_and_departure_rows,107983dc72d381e6897a5a333556946adcc98daef82e954d52cec1fc402c3086,p07-r4-n0319;p11-r228-n0563,p07-r4-n0319-departure;p11-r228-n0563-arrival,raw DGCA digits retained; weekday mapping separately corroborated by AAI; no DGCA legend,unknown_not_stated_by_source,passenger_or_cargo_not_stated_by_source,not_established_by_approved_schedule
ai-s26-3bcd2d9334a8cc,AI,AIC,DEL,AMD,AI 2909,AI2909,1234567,Monday;Tuesday;Wednesday;Thursday;Friday;Saturday;Sunday,2026-03-29,2026-10-24,current,accepted,accepted_source_identity,confirmed_exact_designator,published,operating,,,A320,,22:30,unknown; no timezone conversion,one_side_only; absence_is_not_contradiction,107983dc72d381e6897a5a333556946adcc98daef82e954d52cec1fc402c3086,p14-r398-n0733,p14-r398-n0733-departure,raw DGCA digits retained; weekday mapping separately corroborated by AAI; no DGCA legend,unknown_not_stated_by_source,passenger_or_cargo_not_stated_by_source,not_established_by_approved_schedule
ai-s26-99f318c44c72a6,AI,AIC,DEL,AMD,AI 2909,AI2909,1234567,Monday;Tuesday;Wednesday;Thursday;Friday;Saturday;Sunday,2026-03-30,2026-06-04,expired,expired,accepted_source_identity,expired_not_compared_to_baseline,,,,,A320,00:15,,unknown; no timezone conversion,one_side_only; absence_is_not_contradiction,107983dc72d381e6897a5a333556946adcc98daef82e954d52cec1fc402c3086,p01-r3-n0003,p01-r3-n0003-arrival,raw DGCA digits retained; weekday mapping separately corroborated by AAI; no DGCA legend,unknown_not_stated_by_source,passenger_or_cargo_not_stated_by_source,not_established_by_approved_schedule
ai-s26-07d71ef45d025a,AI,AIC,DEL,AMD,AI 2909,AI2909,123467,Monday;Tuesday;Wednesday;Thursday;Saturday;Sunday,2026-06-06,2026-10-24,current,accepted,accepted_source_identity,confirmed_exact_designator,published,operating,,,A320,00:15,,unknown; no timezone conversion,one_side_only; absence_is_not_contradiction,107983dc72d381e6897a5a333556946adcc98daef82e954d52cec1fc402c3086,p01-r2-n0002,p01-r2-n0002-arrival,raw DGCA digits retained; weekday mapping separately corroborated by AAI; no DGCA legend,unknown_not_stated_by_source,passenger_or_cargo_not_stated_by_source,not_established_by_approved_schedule
ai-s26-22a5538ced6f1d,AI,AIC,DEL,AMD,AI 2909,AI2909,5,Friday,2026-06-05,2026-10-23,current,accepted,accepted_source_identity,confirmed_exact_designator,published,operating,,,A320,00:15,,unknown; no timezone conversion,one_side_only; absence_is_not_contradiction,107983dc72d381e6897a5a333556946adcc98daef82e954d52cec1fc402c3086,p01-r1-n0001,p01-r1-n0001-arrival,raw DGCA digits retained; weekday mapping separately corroborated by AAI; no DGCA legend,unknown_not_stated_by_source,passenger_or_cargo_not_stated_by_source,not_established_by_approved_schedule
ai-s26-7f6b55edc6336d,AI,AIC,DEL,AMD,AI 2909,AI2909,7,Sunday,2026-03-29,2026-03-29,expired,expired,accepted_source_identity,expired_not_compared_to_baseline,,,,,A320,00:20,,unknown; no timezone conversion,one_side_only; absence_is_not_contradiction,107983dc72d381e6897a5a333556946adcc98daef82e954d52cec1fc402c3086,p01-r4-n0004,p01-r4-n0004-arrival,raw DGCA digits retained; weekday mapping separately corroborated by AAI; no DGCA legend,unknown_not_stated_by_source,passenger_or_cargo_not_stated_by_source,not_established_by_approved_schedule
ai-s26-03c285808c9e00,AI,AIC,BOM,DEL,AI 2910,AI2910,1234567,Monday;Tuesday;Wednesday;Thursday;Friday;Saturday;Sunday,2026-03-29,2026-10-24,current,held_field_only,accepted_source_identity,confirmed_exact_designator,published,operating,aircraft_type_only,aircraft_type_disagreement,A320;A321,19:50,17:30,unknown; no timezone conversion,both_arrival_and_departure_rows,107983dc72d381e6897a5a333556946adcc98daef82e954d52cec1fc402c3086,p13-r347-n0682;p23-r214-n1276,p13-r347-n0682-arrival;p23-r214-n1276-departure,raw DGCA digits retained; weekday mapping separately corroborated by AAI; no DGCA legend,unknown_not_stated_by_source,passenger_or_cargo_not_stated_by_source,not_established_by_approved_schedule
ai-s26-4ced905de78ed7,AI,AIC,BOM,AMD,AI 2915,AI2915,1234567,Monday;Tuesday;Wednesday;Thursday;Friday;Saturday;Sunday,2026-03-29,2026-05-05,expired,expired,accepted_source_identity,expired_not_compared_to_baseline,,,,,A320,16:50,,unknown; no timezone conversion,one_side_only; absence_is_not_contradiction,107983dc72d381e6897a5a333556946adcc98daef82e954d52cec1fc402c3086,p02-r57-n0057,p02-r57-n0057-arrival,raw DGCA digits retained; weekday mapping separately corroborated by AAI; no DGCA legend,unknown_not_stated_by_source,passenger_or_cargo_not_stated_by_source,not_established_by_approved_schedule
ai-s26-e5df8869961e2c,AI,AIC,BOM,AMD,AI 2915,AI2915,1234567,Monday;Tuesday;Wednesday;Thursday;Friday;Saturday;Sunday,2026-05-07,2026-06-02,expired,expired,accepted_source_identity,expired_not_compared_to_baseline,,,,,A320,16:50,,unknown; no timezone conversion,one_side_only; absence_is_not_contradiction,107983dc72d381e6897a5a333556946adcc98daef82e954d52cec1fc402c3086,p02-r58-n0058,p02-r58-n0058-arrival,raw DGCA digits retained; weekday mapping separately corroborated by AAI; no DGCA legend,unknown_not_stated_by_source,passenger_or_cargo_not_stated_by_source,not_established_by_approved_schedule
ai-s26-0bdc67c72c47a4,AI,AIC,BOM,AMD,AI 2915,AI2915,124567,Monday;Tuesday;Thursday;Friday;Saturday;Sunday,2026-03-29,2026-10-24,current,accepted,accepted_source_identity,confirmed_exact_designator,published,operating,,,A320,,15:30,unknown; no timezone conversion,one_side_only; absence_is_not_contradiction,107983dc72d381e6897a5a333556946adcc98daef82e954d52cec1fc402c3086,p23-r189-n1251,p23-r189-n1251-departure,raw DGCA digits retained; weekday mapping separately corroborated by AAI; no DGCA legend,unknown_not_stated_by_source,passenger_or_cargo_not_stated_by_source,not_established_by_approved_schedule
ai-s26-86f12a85fc21fc,AI,AIC,BOM,AMD,AI 2915,AI2915,124567,Monday;Tuesday;Thursday;Friday;Saturday;Sunday,2026-06-04,2026-10-24,current,accepted,accepted_source_identity,confirmed_exact_designator,published,operating,,,A320,16:50,,unknown; no timezone conversion,one_side_only; absence_is_not_contradiction,107983dc72d381e6897a5a333556946adcc98daef82e954d52cec1fc402c3086,p02-r56-n0056,p02-r56-n0056-arrival,raw DGCA digits retained; weekday mapping separately corroborated by AAI; no DGCA legend,unknown_not_stated_by_source,passenger_or_cargo_not_stated_by_source,not_established_by_approved_schedule
ai-s26-c0a4edf7a5411d,AI,AIC,BOM,AMD,AI 2915,AI2915,3,Wednesday,2026-04-01,2026-04-29,expired,expired,accepted_source_identity,expired_not_compared_to_baseline,,,,,A320,,15:30,unknown; no timezone conversion,one_side_only; absence_is_not_contradiction,107983dc72d381e6897a5a333556946adcc98daef82e954d52cec1fc402c3086,p23-r187-n1249,p23-r187-n1249-departure,raw DGCA digits retained; weekday mapping separately corroborated by AAI; no DGCA legend,unknown_not_stated_by_source,passenger_or_cargo_not_stated_by_source,not_established_by_approved_schedule
ai-s26-def69ed56e7cfa,AI,AIC,BOM,AMD,AI 2915,AI2915,3,Wednesday,2026-05-06,2026-05-06,expired,expired,accepted_source_identity,expired_not_compared_to_baseline,,,,,A320,17:05,15:45,unknown; no timezone conversion,both_arrival_and_departure_rows,107983dc72d381e6897a5a333556946adcc98daef82e954d52cec1fc402c3086,p02-r59-n0059;p23-r193-n1255,p02-r59-n0059-arrival;p23-r193-n1255-departure,raw DGCA digits retained; weekday mapping separately corroborated by AAI; no DGCA legend,unknown_not_stated_by_source,passenger_or_cargo_not_stated_by_source,not_established_by_approved_schedule
ai-s26-8034ba44505e1a,AI,AIC,BOM,AMD,AI 2915,AI2915,3,Wednesday,2026-05-13,2026-10-21,current,accepted,accepted_source_identity,confirmed_exact_designator,published,operating,,,A320,,15:30,unknown; no timezone conversion,one_side_only; absence_is_not_contradiction,107983dc72d381e6897a5a333556946adcc98daef82e954d52cec1fc402c3086,p23-r188-n1250,p23-r188-n1250-departure,raw DGCA digits retained; weekday mapping separately corroborated by AAI; no DGCA legend,unknown_not_stated_by_source,passenger_or_cargo_not_stated_by_source,not_established_by_approved_schedule
ai-s26-6004355b156fcb,AI,AIC,BOM,AMD,AI 2915,AI2915,3,Wednesday,2026-06-03,2026-10-21,current,accepted,accepted_source_identity,confirmed_exact_designator,published,operating,,,A320,16:50,,unknown; no timezone conversion,one_side_only; absence_is_not_contradiction,107983dc72d381e6897a5a333556946adcc98daef82e954d52cec1fc402c3086,p02-r55-n0055,p02-r55-n0055-arrival,raw DGCA digits retained; weekday mapping separately corroborated by AAI; no DGCA legend,unknown_not_stated_by_source,passenger_or_cargo_not_stated_by_source,not_established_by_approved_schedule
ai-s26-c9859c4bc8a718,AI,AIC,AMD,BOM,AI 2916,AI2916,1234567,Monday;Tuesday;Wednesday;Thursday;Friday;Saturday;Sunday,2026-03-29,2026-05-05,expired,expired,accepted_source_identity,expired_not_compared_to_baseline,,,,,A320,,17:55,unknown; no timezone conversion,one_side_only; absence_is_not_contradiction,107983dc72d381e6897a5a333556946adcc98daef82e954d52cec1fc402c3086,p02-r63-n0063,p02-r63-n0063-departure,raw DGCA digits retained; weekday mapping separately corroborated by AAI; no DGCA legend,unknown_not_stated_by_source,passenger_or_cargo_not_stated_by_source,not_established_by_approved_schedule
ai-s26-490be14e0bb3ee,AI,AIC,AMD,BOM,AI 2916,AI2916,1234567,Monday;Tuesday;Wednesday;Thursday;Friday;Saturday;Sunday,2026-03-29,2026-10-24,current,accepted,accepted_source_identity,confirmed_exact_designator,published,operating,,,A320,19:40,,unknown; no timezone conversion,one_side_only; absence_is_not_contradiction,107983dc72d381e6897a5a333556946adcc98daef82e954d52cec1fc402c3086,p24-r255-n1317,p24-r255-n1317-arrival,raw DGCA digits retained; weekday mapping separately corroborated by AAI; no DGCA legend,unknown_not_stated_by_source,passenger_or_cargo_not_stated_by_source,not_established_by_approved_schedule
ai-s26-290fbda00034c9,AI,AIC,AMD,BOM,AI 2916,AI2916,1234567,Monday;Tuesday;Wednesday;Thursday;Friday;Saturday;Sunday,2026-05-07,2026-06-02,expired,expired,accepted_source_identity,expired_not_compared_to_baseline,,,,,A320,,17:55,unknown; no timezone conversion,one_side_only; absence_is_not_contradiction,107983dc72d381e6897a5a333556946adcc98daef82e954d52cec1fc402c3086,p02-r64-n0064,p02-r64-n0064-departure,raw DGCA digits retained; weekday mapping separately corroborated by AAI; no DGCA legend,unknown_not_stated_by_source,passenger_or_cargo_not_stated_by_source,not_established_by_approved_schedule
ai-s26-e623c57099d5a1,AI,AIC,AMD,BOM,AI 2916,AI2916,124567,Monday;Tuesday;Thursday;Friday;Saturday;Sunday,2026-06-04,2026-10-24,current,accepted,accepted_source_identity,confirmed_exact_designator,published,operating,,,A320,,17:55,unknown; no timezone conversion,one_side_only; absence_is_not_contradiction,107983dc72d381e6897a5a333556946adcc98daef82e954d52cec1fc402c3086,p02-r62-n0062,p02-r62-n0062-departure,raw DGCA digits retained; weekday mapping separately corroborated by AAI; no DGCA legend,unknown_not_stated_by_source,passenger_or_cargo_not_stated_by_source,not_established_by_approved_schedule
ai-s26-1a4183c5c4b889,AI,AIC,AMD,BOM,AI 2916,AI2916,3,Wednesday,2026-05-06,2026-05-06,expired,expired,accepted_source_identity,expired_not_compared_to_baseline,,,,,A320,,17:55,unknown; no timezone conversion,one_side_only; absence_is_not_contradiction,107983dc72d381e6897a5a333556946adcc98daef82e954d52cec1fc402c3086,p02-r60-n0060,p02-r60-n0060-departure,raw DGCA digits retained; weekday mapping separately corroborated by AAI; no DGCA legend,unknown_not_stated_by_source,passenger_or_cargo_not_stated_by_source,not_established_by_approved_schedule
ai-s26-8cd7ad331d84f5,AI,AIC,AMD,BOM,AI 2916,AI2916,3,Wednesday,2026-06-03,2026-10-21,current,accepted,accepted_source_identity,confirmed_exact_designator,published,operating,,,A320,,17:55,unknown; no timezone conversion,one_side_only; absence_is_not_contradiction,107983dc72d381e6897a5a333556946adcc98daef82e954d52cec1fc402c3086,p02-r61-n0061,p02-r61-n0061-departure,raw DGCA digits retained; weekday mapping separately corroborated by AAI; no DGCA legend,unknown_not_stated_by_source,passenger_or_cargo_not_stated_by_source,not_established_by_approved_schedule
ai-s26-77706f8f79578e,AI,AIC,AMD,BOM,AI 2918,AI2918,1234567,Monday;Tuesday;Wednesday;Thursday;Friday;Saturday;Sunday,2026-03-29,2026-10-24,current,accepted,accepted_source_identity,confirmed_exact_designator,published,operating,,,A320,07:45,,unknown; no timezone conversion,one_side_only; absence_is_not_contradiction,107983dc72d381e6897a5a333556946adcc98daef82e954d52cec1fc402c3086,p20-r50-n1112,p20-r50-n1112-arrival,raw DGCA digits retained; weekday mapping separately corroborated by AAI; no DGCA legend,unknown_not_stated_by_source,passenger_or_cargo_not_stated_by_source,not_established_by_approved_schedule
ai-s26-5f3248ca761d9f,AI,AIC,AMD,BOM,AI 2918,AI2918,1234567,Monday;Tuesday;Wednesday;Thursday;Friday;Saturday;Sunday,2026-03-30,2026-06-04,expired,expired,accepted_source_identity,expired_not_compared_to_baseline,,,,,A320,,06:00,unknown; no timezone conversion,one_side_only; absence_is_not_contradiction,107983dc72d381e6897a5a333556946adcc98daef82e954d52cec1fc402c3086,p01-r7-n0007,p01-r7-n0007-departure,raw DGCA digits retained; weekday mapping separately corroborated by AAI; no DGCA legend,unknown_not_stated_by_source,passenger_or_cargo_not_stated_by_source,not_established_by_approved_schedule
ai-s26-3f4cd7b3c652fa,AI,AIC,AMD,BOM,AI 2918,AI2918,123467,Monday;Tuesday;Wednesday;Thursday;Saturday;Sunday,2026-06-06,2026-10-24,current,accepted,accepted_source_identity,confirmed_exact_designator,published,operating,,,A320,,06:00,unknown; no timezone conversion,one_side_only; absence_is_not_contradiction,107983dc72d381e6897a5a333556946adcc98daef82e954d52cec1fc402c3086,p01-r6-n0006,p01-r6-n0006-departure,raw DGCA digits retained; weekday mapping separately corroborated by AAI; no DGCA legend,unknown_not_stated_by_source,passenger_or_cargo_not_stated_by_source,not_established_by_approved_schedule
ai-s26-60e451a21abf3f,AI,AIC,AMD,BOM,AI 2918,AI2918,4,Thursday,2026-06-04,2026-10-22,current,accepted,accepted_source_identity,confirmed_exact_designator,published,operating,,,A320,,06:05,unknown; no timezone conversion,one_side_only; absence_is_not_contradiction,107983dc72d381e6897a5a333556946adcc98daef82e954d52cec1fc402c3086,p01-r8-n0008,p01-r8-n0008-departure,raw DGCA digits retained; weekday mapping separately corroborated by AAI; no DGCA legend,unknown_not_stated_by_source,passenger_or_cargo_not_stated_by_source,not_established_by_approved_schedule
ai-s26-73ef35459c82ed,AI,AIC,AMD,BOM,AI 2918,AI2918,7,Sunday,2026-03-29,2026-03-29,expired,expired,accepted_source_identity,expired_not_compared_to_baseline,,,,,A320,,06:00,unknown; no timezone conversion,one_side_only; absence_is_not_contradiction,107983dc72d381e6897a5a333556946adcc98daef82e954d52cec1fc402c3086,p01-r5-n0005,p01-r5-n0005-departure,raw DGCA digits retained; weekday mapping separately corroborated by AAI; no DGCA legend,unknown_not_stated_by_source,passenger_or_cargo_not_stated_by_source,not_established_by_approved_schedule
ai-s26-4b3ffd6a8efb3d,AI,AIC,BOM,AMD,AI 2919,AI2919,1234567,Monday;Tuesday;Wednesday;Thursday;Friday;Saturday;Sunday,2026-03-29,2026-10-24,current,accepted,accepted_source_identity,confirmed_exact_designator,published,operating,,,A320,,22:10,unknown; no timezone conversion,one_side_only; absence_is_not_contradiction,107983dc72d381e6897a5a333556946adcc98daef82e954d52cec1fc402c3086,p25-r297-n1359,p25-r297-n1359-departure,raw DGCA digits retained; weekday mapping separately corroborated by AAI; no DGCA legend,unknown_not_stated_by_source,passenger_or_cargo_not_stated_by_source,not_established_by_approved_schedule
ai-s26-210576cf61165f,AI,AIC,BOM,AMD,AI 2919,AI2919,123567,Monday;Tuesday;Wednesday;Friday;Saturday;Sunday,2026-03-29,2026-10-23,current,accepted,accepted_source_identity,confirmed_exact_designator,published,operating,,,A320,23:30,,unknown; no timezone conversion,one_side_only; absence_is_not_contradiction,107983dc72d381e6897a5a333556946adcc98daef82e954d52cec1fc402c3086,p02-r78-n0078,p02-r78-n0078-arrival,raw DGCA digits retained; weekday mapping separately corroborated by AAI; no DGCA legend,unknown_not_stated_by_source,passenger_or_cargo_not_stated_by_source,not_established_by_approved_schedule
ai-s26-f04040ee0c704f,AI,AIC,BOM,AMD,AI 2919,AI2919,4,Thursday,2026-04-02,2026-05-28,expired,expired,accepted_source_identity,expired_not_compared_to_baseline,,,,,A320,23:30,,unknown; no timezone conversion,one_side_only; absence_is_not_contradiction,107983dc72d381e6897a5a333556946adcc98daef82e954d52cec1fc402c3086,p02-r76-n0076,p02-r76-n0076-arrival,raw DGCA digits retained; weekday mapping separately corroborated by AAI; no DGCA legend,unknown_not_stated_by_source,passenger_or_cargo_not_stated_by_source,not_established_by_approved_schedule
ai-s26-21316c64808eb6,AI,AIC,BOM,AMD,AI 2919,AI2919,4,Thursday,2026-06-04,2026-10-22,current,accepted,accepted_source_identity,confirmed_exact_designator,published,operating,,,A320,23:30,,unknown; no timezone conversion,one_side_only; absence_is_not_contradiction,107983dc72d381e6897a5a333556946adcc98daef82e954d52cec1fc402c3086,p02-r77-n0077,p02-r77-n0077-arrival,raw DGCA digits retained; weekday mapping separately corroborated by AAI; no DGCA legend,unknown_not_stated_by_source,passenger_or_cargo_not_stated_by_source,not_established_by_approved_schedule
ai-s26-8105870df51588,AI,AIC,BOM,AMD,AI 2919,AI2919,6,Saturday,2026-10-24,2026-10-24,future,accepted,accepted_source_identity,confirmed_exact_designator,published,operating,,,A320,23:30,,unknown; no timezone conversion,one_side_only; absence_is_not_contradiction,107983dc72d381e6897a5a333556946adcc98daef82e954d52cec1fc402c3086,p02-r75-n0075,p02-r75-n0075-arrival,raw DGCA digits retained; weekday mapping separately corroborated by AAI; no DGCA legend,unknown_not_stated_by_source,passenger_or_cargo_not_stated_by_source,not_established_by_approved_schedule
ai-s26-cf53aac5e63a0a,AI,AIC,DEL,BOM,AI 2927,AI2927,1234567,Monday;Tuesday;Wednesday;Thursday;Friday;Saturday;Sunday,2026-03-29,2026-10-24,current,accepted,accepted_source_identity,confirmed_exact_designator,published,operating,,,A320,12:00,09:30,unknown; no timezone conversion,both_arrival_and_departure_rows,107983dc72d381e6897a5a333556946adcc98daef82e954d52cec1fc402c3086,p09-r119-n0454;p22-r129-n1191,p09-r119-n0454-departure;p22-r129-n1191-arrival,raw DGCA digits retained; weekday mapping separately corroborated by AAI; no DGCA legend,unknown_not_stated_by_source,passenger_or_cargo_not_stated_by_source,not_established_by_approved_schedule
ai-s26-31ff57e48be21c,AI,AIC,BOM,DEL,AI 2928,AI2928,1234567,Monday;Tuesday;Wednesday;Thursday;Friday;Saturday;Sunday,2026-03-29,2026-10-24,current,accepted,accepted_source_identity,confirmed_exact_designator,published,operating,,,A320,08:40,06:30,unknown; no timezone conversion,both_arrival_and_departure_rows,107983dc72d381e6897a5a333556946adcc98daef82e954d52cec1fc402c3086,p09-r106-n0441;p20-r33-n1095,p09-r106-n0441-arrival;p20-r33-n1095-departure,raw DGCA digits retained; weekday mapping separately corroborated by AAI; no DGCA legend,unknown_not_stated_by_source,passenger_or_cargo_not_stated_by_source,not_established_by_approved_schedule
ai-s26-c6112618eeb287,AI,AIC,BOM,DEL,AI 2930,AI2930,1234567,Monday;Tuesday;Wednesday;Thursday;Friday;Saturday;Sunday,2026-03-29,2026-10-24,current,held_field_only,accepted_source_identity,confirmed_exact_designator,published,operating,aircraft_type_only,aircraft_type_disagreement,A320;A321,09:45,07:30,unknown; no timezone conversion,both_arrival_and_departure_rows,107983dc72d381e6897a5a333556946adcc98daef82e954d52cec1fc402c3086,p09-r128-n0463;p20-r46-n1108,p09-r128-n0463-arrival;p20-r46-n1108-departure,raw DGCA digits retained; weekday mapping separately corroborated by AAI; no DGCA legend,unknown_not_stated_by_source,passenger_or_cargo_not_stated_by_source,not_established_by_approved_schedule
ai-s26-aaba6add1e8c01,AI,AIC,BOM,PAT,AI 2931,AI2931,1234567,Monday;Tuesday;Wednesday;Thursday;Friday;Saturday;Sunday,2026-03-29,2026-10-24,current,accepted,accepted_source_identity,confirmed_exact_designator,published,operating,,,A320,07:00,04:30,unknown; no timezone conversion,both_arrival_and_departure_rows,107983dc72d381e6897a5a333556946adcc98daef82e954d52cec1fc402c3086,p20-r19-n1081;p25-r1-n1391,p20-r19-n1081-departure;p25-r1-n1391-arrival,raw DGCA digits retained; weekday mapping separately corroborated by AAI; no DGCA legend,unknown_not_stated_by_source,passenger_or_cargo_not_stated_by_source,not_established_by_approved_schedule
ai-s26-fc1b42d55d10da,AI,AIC,PAT,BOM,AI 2932,AI2932,1234567,Monday;Tuesday;Wednesday;Thursday;Friday;Saturday;Sunday,2026-03-29,2026-10-24,current,accepted,accepted_source_identity,confirmed_exact_designator,published,operating,,,A320,09:40,07:35,unknown; no timezone conversion,both_arrival_and_departure_rows,107983dc72d381e6897a5a333556946adcc98daef82e954d52cec1fc402c3086,p21-r76-n1138;p25-r2-n1392,p21-r76-n1138-arrival;p25-r2-n1392-departure,raw DGCA digits retained; weekday mapping separately corroborated by AAI; no DGCA legend,unknown_not_stated_by_source,passenger_or_cargo_not_stated_by_source,not_established_by_approved_schedule
ai-s26-e3c586cc8e8717,AI,AIC,DEL,BOM,AI 2933,AI2933,12345,Monday;Tuesday;Wednesday;Thursday;Friday,2026-03-30,2026-10-23,current,accepted,accepted_source_identity,confirmed_exact_designator,published,operating,,,A320,17:55,,unknown; no timezone conversion,one_side_only; absence_is_not_contradiction,107983dc72d381e6897a5a333556946adcc98daef82e954d52cec1fc402c3086,p23-r222-n1284,p23-r222-n1284-arrival,raw DGCA digits retained; weekday mapping separately corroborated by AAI; no DGCA legend,unknown_not_stated_by_source,passenger_or_cargo_not_stated_by_source,not_established_by_approved_schedule
ai-s26-427e921df0ce5c,AI,AIC,DEL,BOM,AI 2933,AI2933,1234567,Monday;Tuesday;Wednesday;Thursday;Friday;Saturday;Sunday,2026-03-29,2026-10-24,current,accepted,accepted_source_identity,confirmed_exact_designator,published,operating,,,A320,,15:30,unknown; no timezone conversion,one_side_only; absence_is_not_contradiction,107983dc72d381e6897a5a333556946adcc98daef82e954d52cec1fc402c3086,p11-r255-n0590,p11-r255-n0590-departure,raw DGCA digits retained; weekday mapping separately corroborated by AAI; no DGCA legend,unknown_not_stated_by_source,passenger_or_cargo_not_stated_by_source,not_established_by_approved_schedule
ai-s26-698cefa7d21a6d,AI,AIC,DEL,BOM,AI 2933,AI2933,67,Saturday;Sunday,2026-03-29,2026-10-24,current,accepted,accepted_source_identity,confirmed_exact_designator,published,operating,,,A320,17:55,,unknown; no timezone conversion,one_side_only; absence_is_not_contradiction,107983dc72d381e6897a5a333556946adcc98daef82e954d52cec1fc402c3086,p23-r221-n1283,p23-r221-n1283-arrival,raw DGCA digits retained; weekday mapping separately corroborated by AAI; no DGCA legend,unknown_not_stated_by_source,passenger_or_cargo_not_stated_by_source,not_established_by_approved_schedule
ai-s26-2db4345d6ef116,AI,AIC,IXZ,DEL,AI 2936,AI2936,1234567,Monday;Tuesday;Wednesday;Thursday;Friday;Saturday;Sunday,2026-03-29,2026-10-24,current,accepted,accepted_source_identity,confirmed_exact_designator,published,operating,,,A320,15:25,11:40,unknown; no timezone conversion,both_arrival_and_departure_rows,107983dc72d381e6897a5a333556946adcc98daef82e954d52cec1fc402c3086,p11-r246-n0581;p26-r8-n1410,p11-r246-n0581-arrival;p26-r8-n1410-departure,raw DGCA digits retained; weekday mapping separately corroborated by AAI; no DGCA legend,unknown_not_stated_by_source,passenger_or_cargo_not_stated_by_source,not_established_by_approved_schedule
ai-s26-ee38aa22ccafe2,AI,AIC,DEL,IXZ,AI 2937,AI2937,1234567,Monday;Tuesday;Wednesday;Thursday;Friday;Saturday;Sunday,2026-03-29,2026-10-24,current,accepted,accepted_source_identity,confirmed_exact_designator,published,operating,,,A320,11:00,07:20,unknown; no timezone conversion,both_arrival_and_departure_rows,107983dc72d381e6897a5a333556946adcc98daef82e954d52cec1fc402c3086,p08-r75-n0410;p26-r7-n1409,p08-r75-n0410-departure;p26-r7-n1409-arrival,raw DGCA digits retained; weekday mapping separately corroborated by AAI; no DGCA legend,unknown_not_stated_by_source,passenger_or_cargo_not_stated_by_source,not_established_by_approved_schedule
ai-s26-3da283d71c0a3b,AI,AIC,AMD,DEL,AI 2938,AI2938,1234567,Monday;Tuesday;Wednesday;Thursday;Friday;Saturday;Sunday,2026-03-29,2026-10-24,current,accepted,accepted_source_identity,confirmed_exact_designator,published,operating,,,A320,20:40,18:55,unknown; no timezone conversion,both_arrival_and_departure_rows,107983dc72d381e6897a5a333556946adcc98daef82e954d52cec1fc402c3086,p02-r66-n0066;p13-r362-n0697,p02-r66-n0066-departure;p13-r362-n0697-arrival,raw DGCA digits retained; weekday mapping separately corroborated by AAI; no DGCA legend,unknown_not_stated_by_source,passenger_or_cargo_not_stated_by_source,not_established_by_approved_schedule
ai-s26-90d11135718234,AI,AIC,DEL,AMD,AI 2939,AI2939,1234567,Monday;Tuesday;Wednesday;Thursday;Friday;Saturday;Sunday,2026-03-29,2026-10-24,current,accepted,accepted_source_identity,confirmed_exact_designator,published,operating,,,A320,18:20,16:40,unknown; no timezone conversion,both_arrival_and_departure_rows,107983dc72d381e6897a5a333556946adcc98daef82e954d52cec1fc402c3086,p02-r65-n0065;p12-r279-n0614,p02-r65-n0065-arrival;p12-r279-n0614-departure,raw DGCA digits retained; weekday mapping separately corroborated by AAI; no DGCA legend,unknown_not_stated_by_source,passenger_or_cargo_not_stated_by_source,not_established_by_approved_schedule
ai-s26-0c3610832e4023,AI,AIC,BOM,DEL,AI 2940,AI2940,1234567,Monday;Tuesday;Wednesday;Thursday;Friday;Saturday;Sunday,2026-03-29,2026-10-24,current,accepted,accepted_source_identity,confirmed_exact_designator,published,operating,,,A320,22:20,20:00,unknown; no timezone conversion,both_arrival_and_departure_rows,107983dc72d381e6897a5a333556946adcc98daef82e954d52cec1fc402c3086,p14-r390-n0725;p24-r267-n1329,p14-r390-n0725-arrival;p24-r267-n1329-departure,raw DGCA digits retained; weekday mapping separately corroborated by AAI; no DGCA legend,unknown_not_stated_by_source,passenger_or_cargo_not_stated_by_source,not_established_by_approved_schedule
ai-s26-908936272fde5a,AI,AIC,DEL,BOM,AI 2941,AI2941,1234567,Monday;Tuesday;Wednesday;Thursday;Friday;Saturday;Sunday,2026-03-29,2026-10-24,current,accepted,accepted_source_identity,confirmed_exact_designator,published,operating,,,A320,18:50,16:30,unknown; no timezone conversion,both_arrival_and_departure_rows,107983dc72d381e6897a5a333556946adcc98daef82e954d52cec1fc402c3086,p12-r277-n0612;p24-r241-n1303,p12-r277-n0612-departure;p24-r241-n1303-arrival,raw DGCA digits retained; weekday mapping separately corroborated by AAI; no DGCA legend,unknown_not_stated_by_source,passenger_or_cargo_not_stated_by_source,not_established_by_approved_schedule
ai-s26-172876456eb373,AI,AIC,DEL,BOM,AI 2943,AI2943,1234567,Monday;Tuesday;Wednesday;Thursday;Friday;Saturday;Sunday,2026-03-29,2026-04-30,expired,expired,accepted_source_identity,expired_not_compared_to_baseline,,,,,A320,09:55,,unknown; no timezone conversion,one_side_only; absence_is_not_contradiction,107983dc72d381e6897a5a333556946adcc98daef82e954d52cec1fc402c3086,p21-r87-n1149,p21-r87-n1149-arrival,raw DGCA digits retained; weekday mapping separately corroborated by AAI; no DGCA legend,unknown_not_stated_by_source,passenger_or_cargo_not_stated_by_source,not_established_by_approved_schedule
ai-s26-6604ca12b9a8f9,AI,AIC,DEL,BOM,AI 2943,AI2943,1234567,Monday;Tuesday;Wednesday;Thursday;Friday;Saturday;Sunday,2026-03-29,2026-10-24,current,accepted,accepted_source_identity,confirmed_exact_designator,published,operating,,,A320,,07:30,unknown; no timezone conversion,one_side_only; absence_is_not_contradiction,107983dc72d381e6897a5a333556946adcc98daef82e954d52cec1fc402c3086,p08-r79-n0414,p08-r79-n0414-departure,raw DGCA digits retained; weekday mapping separately corroborated by AAI; no DGCA legend,unknown_not_stated_by_source,passenger_or_cargo_not_stated_by_source,not_established_by_approved_schedule
ai-s26-2e48cec77e8e6d,AI,AIC,DEL,BOM,AI 2943,AI2943,1234567,Monday;Tuesday;Wednesday;Thursday;Friday;Saturday;Sunday,2026-05-01,2026-10-24,current,accepted,accepted_source_identity,confirmed_exact_designator,published,operating,,,A350,09:55,,unknown; no timezone conversion,one_side_only; absence_is_not_contradiction,107983dc72d381e6897a5a333556946adcc98daef82e954d52cec1fc402c3086,p21-r88-n1150,p21-r88-n1150-arrival,raw DGCA digits retained; weekday mapping separately corroborated by AAI; no DGCA legend,unknown_not_stated_by_source,passenger_or_cargo_not_stated_by_source,not_established_by_approved_schedule
ai-s26-b27c88a42b0970,AI,AIC,BOM,DEL,AI 2944,AI2944,1234567,Monday;Tuesday;Wednesday;Thursday;Friday;Saturday;Sunday,2026-03-29,2026-10-24,current,accepted,accepted_source_identity,confirmed_exact_designator,published,operating,,,A320,16:55,,unknown; no timezone conversion,one_side_only; absence_is_not_contradiction,107983dc72d381e6897a5a333556946adcc98daef82e954d52cec1fc402c3086,p12-r286-n0621,p12-r286-n0621-arrival,raw DGCA digits retained; weekday mapping separately corroborated by AAI; no DGCA legend,unknown_not_stated_by_source,passenger_or_cargo_not_stated_by_source,not_established_by_approved_schedule
ai-s26-bcd3aef1e117fd,AI,AIC,BOM,DEL,AI 2944,AI2944,13567,Monday;Wednesday;Friday;Saturday;Sunday,2026-03-29,2026-10-24,current,accepted,accepted_source_identity,confirmed_exact_designator,published,operating,,,A320,,14:35,unknown; no timezone conversion,one_side_only; absence_is_not_contradiction,107983dc72d381e6897a5a333556946adcc98daef82e954d52cec1fc402c3086,p23-r170-n1232,p23-r170-n1232-departure,raw DGCA digits retained; weekday mapping separately corroborated by AAI; no DGCA legend,unknown_not_stated_by_source,passenger_or_cargo_not_stated_by_source,not_established_by_approved_schedule
ai-s26-ebc9d1339469c5,AI,AIC,BOM,DEL,AI 2944,AI2944,2,Tuesday,2026-03-31,2026-10-20,current,accepted,accepted_source_identity,confirmed_exact_designator,published,operating,,,A320,,14:35,unknown; no timezone conversion,one_side_only; absence_is_not_contradiction,107983dc72d381e6897a5a333556946adcc98daef82e954d52cec1fc402c3086,p23-r169-n1231,p23-r169-n1231-departure,raw DGCA digits retained; weekday mapping separately corroborated by AAI; no DGCA legend,unknown_not_stated_by_source,passenger_or_cargo_not_stated_by_source,not_established_by_approved_schedule
ai-s26-ea22b7faadb08d,AI,AIC,BOM,DEL,AI 2944,AI2944,4,Thursday,2026-04-02,2026-10-22,current,accepted,accepted_source_identity,confirmed_exact_designator,published,operating,,,A320,,14:35,unknown; no timezone conversion,one_side_only; absence_is_not_contradiction,107983dc72d381e6897a5a333556946adcc98daef82e954d52cec1fc402c3086,p23-r168-n1230,p23-r168-n1230-departure,raw DGCA digits retained; weekday mapping separately corroborated by AAI; no DGCA legend,unknown_not_stated_by_source,passenger_or_cargo_not_stated_by_source,not_established_by_approved_schedule
ai-s26-63f275f1b80064,AI,AIC,DEL,BOM,AI 2945,AI2945,1234567,Monday;Tuesday;Wednesday;Thursday;Friday;Saturday;Sunday,2026-03-29,2026-10-24,current,accepted,accepted_source_identity,confirmed_exact_designator,published,operating,,,A320,,11:00,unknown; no timezone conversion,one_side_only; absence_is_not_contradiction,107983dc72d381e6897a5a333556946adcc98daef82e954d52cec1fc402c3086,p10-r157-n0492,p10-r157-n0492-departure,raw DGCA digits retained; weekday mapping separately corroborated by AAI; no DGCA legend,unknown_not_stated_by_source,passenger_or_cargo_not_stated_by_source,not_established_by_approved_schedule
ai-s26-1c1f719371f585,AI,AIC,DEL,BOM,AI 2945,AI2945,13567,Monday;Wednesday;Friday;Saturday;Sunday,2026-03-29,2026-10-24,current,accepted,accepted_source_identity,confirmed_exact_designator,published,operating,,,A320,13:25,,unknown; no timezone conversion,one_side_only; absence_is_not_contradiction,107983dc72d381e6897a5a333556946adcc98daef82e954d52cec1fc402c3086,p22-r151-n1213,p22-r151-n1213-arrival,raw DGCA digits retained; weekday mapping separately corroborated by AAI; no DGCA legend,unknown_not_stated_by_source,passenger_or_cargo_not_stated_by_source,not_established_by_approved_schedule
ai-s26-31e184b10ec15d,AI,AIC,DEL,BOM,AI 2945,AI2945,2,Tuesday,2026-03-31,2026-10-20,current,accepted,accepted_source_identity,confirmed_exact_designator,published,operating,,,A320,13:25,,unknown; no timezone conversion,one_side_only; absence_is_not_contradiction,107983dc72d381e6897a5a333556946adcc98daef82e954d52cec1fc402c3086,p22-r150-n1212,p22-r150-n1212-arrival,raw DGCA digits retained; weekday mapping separately corroborated by AAI; no DGCA legend,unknown_not_stated_by_source,passenger_or_cargo_not_stated_by_source,not_established_by_approved_schedule
ai-s26-efdc58d9e06c55,AI,AIC,DEL,BOM,AI 2945,AI2945,4,Thursday,2026-04-02,2026-10-22,current,accepted,accepted_source_identity,confirmed_exact_designator,published,operating,,,A320,13:25,,unknown; no timezone conversion,one_side_only; absence_is_not_contradiction,107983dc72d381e6897a5a333556946adcc98daef82e954d52cec1fc402c3086,p22-r149-n1211,p22-r149-n1211-arrival,raw DGCA digits retained; weekday mapping separately corroborated by AAI; no DGCA legend,unknown_not_stated_by_source,passenger_or_cargo_not_stated_by_source,not_established_by_approved_schedule
ai-s26-5784960834f851,AI,AIC,AMD,DEL,AI 2946,AI2946,12345,Monday;Tuesday;Wednesday;Thursday;Friday,2026-03-30,2026-10-23,current,accepted,accepted_source_identity,confirmed_exact_designator,published,operating,,,A321,,09:30,unknown; no timezone conversion,one_side_only; absence_is_not_contradiction,107983dc72d381e6897a5a333556946adcc98daef82e954d52cec1fc402c3086,p01-r20-n0020,p01-r20-n0020-departure,raw DGCA digits retained; weekday mapping separately corroborated by AAI; no DGCA legend,unknown_not_stated_by_source,passenger_or_cargo_not_stated_by_source,not_established_by_approved_schedule
ai-s26-d7bd4683c7ade3,AI,AIC,AMD,DEL,AI 2946,AI2946,1234567,Monday;Tuesday;Wednesday;Thursday;Friday;Saturday;Sunday,2026-03-29,2026-10-24,current,accepted,accepted_source_identity,confirmed_exact_designator,published,operating,,,A321,11:20,,unknown; no timezone conversion,one_side_only; absence_is_not_contradiction,107983dc72d381e6897a5a333556946adcc98daef82e954d52cec1fc402c3086,p10-r166-n0501,p10-r166-n0501-arrival,raw DGCA digits retained; weekday mapping separately corroborated by AAI; no DGCA legend,unknown_not_stated_by_source,passenger_or_cargo_not_stated_by_source,not_established_by_approved_schedule
ai-s26-f1d316e74900ee,AI,AIC,AMD,DEL,AI 2946,AI2946,67,Saturday;Sunday,2026-03-29,2026-10-24,current,accepted,accepted_source_identity,confirmed_exact_designator,published,operating,,,A320,,09:30,unknown; no timezone conversion,one_side_only; absence_is_not_contradiction,107983dc72d381e6897a5a333556946adcc98daef82e954d52cec1fc402c3086,p01-r19-n0019,p01-r19-n0019-departure,raw DGCA digits retained; weekday mapping separately corroborated by AAI; no DGCA legend,unknown_not_stated_by_source,passenger_or_cargo_not_stated_by_source,not_established_by_approved_schedule
ai-s26-1c3153b63137e4,AI,AIC,BOM,DEL,AI 2950,AI2950,7,Sunday,2026-03-29,2026-03-29,expired,expired,accepted_source_identity,expired_not_compared_to_baseline,,,,,A320,00:15,,unknown; no timezone conversion,one_side_only; absence_is_not_contradiction,107983dc72d381e6897a5a333556946adcc98daef82e954d52cec1fc402c3086,p07-r4-n0339,p07-r4-n0339-arrival,raw DGCA digits retained; weekday mapping separately corroborated by AAI; no DGCA legend,unknown_not_stated_by_source,passenger_or_cargo_not_stated_by_source,not_established_by_approved_schedule
ai-s26-564ac090a7b588,AI,AIC,DEL,BOM,AI 2951,AI2951,1234567,Monday;Tuesday;Wednesday;Thursday;Friday;Saturday;Sunday,2026-03-29,2026-10-24,current,accepted,accepted_source_identity,confirmed_exact_designator,published,operating,,,A320,15:50,13:30,unknown; no timezone conversion,both_arrival_and_departure_rows,107983dc72d381e6897a5a333556946adcc98daef82e954d52cec1fc402c3086,p10-r206-n0541;p23-r194-n1256,p10-r206-n0541-departure;p23-r194-n1256-arrival,raw DGCA digits retained; weekday mapping separately corroborated by AAI; no DGCA legend,unknown_not_stated_by_source,passenger_or_cargo_not_stated_by_source,not_established_by_approved_schedule
ai-s26-31e9a8649eb39a,AI,AIC,BOM,DEL,AI 2952,AI2952,1234567,Monday;Tuesday;Wednesday;Thursday;Friday;Saturday;Sunday,2026-03-29,2026-04-30,expired,expired,accepted_source_identity,expired_not_compared_to_baseline,,,,,A320,,11:10,unknown; no timezone conversion,one_side_only; absence_is_not_contradiction,107983dc72d381e6897a5a333556946adcc98daef82e954d52cec1fc402c3086,p22-r111-n1173,p22-r111-n1173-departure,raw DGCA digits retained; weekday mapping separately corroborated by AAI; no DGCA legend,unknown_not_stated_by_source,passenger_or_cargo_not_stated_by_source,not_established_by_approved_schedule
ai-s26-f30912ce783d7a,AI,AIC,BOM,DEL,AI 2952,AI2952,1234567,Monday;Tuesday;Wednesday;Thursday;Friday;Saturday;Sunday,2026-03-29,2026-10-24,current,accepted,accepted_source_identity,confirmed_exact_designator,published,operating,,,A320,13:25,,unknown; no timezone conversion,one_side_only; absence_is_not_contradiction,107983dc72d381e6897a5a333556946adcc98daef82e954d52cec1fc402c3086,p10-r204-n0539,p10-r204-n0539-arrival,raw DGCA digits retained; weekday mapping separately corroborated by AAI; no DGCA legend,unknown_not_stated_by_source,passenger_or_cargo_not_stated_by_source,not_established_by_approved_schedule
ai-s26-8592f0e30e7c70,AI,AIC,BOM,DEL,AI 2952,AI2952,1234567,Monday;Tuesday;Wednesday;Thursday;Friday;Saturday;Sunday,2026-05-01,2026-10-24,current,accepted,accepted_source_identity,confirmed_exact_designator,published,operating,,,A350,,11:10,unknown; no timezone conversion,one_side_only; absence_is_not_contradiction,107983dc72d381e6897a5a333556946adcc98daef82e954d52cec1fc402c3086,p22-r112-n1174,p22-r112-n1174-departure,raw DGCA digits retained; weekday mapping separately corroborated by AAI; no DGCA legend,unknown_not_stated_by_source,passenger_or_cargo_not_stated_by_source,not_established_by_approved_schedule
ai-s26-00d2e17b762dd0,AI,AIC,DEL,BOM,AI 2955,AI2955,1234567,Monday;Tuesday;Wednesday;Thursday;Friday;Saturday;Sunday,2026-03-29,2026-10-24,current,accepted,accepted_source_identity,confirmed_exact_designator,published,operating,,,A320,20:25,18:00,unknown; no timezone conversion,both_arrival_and_departure_rows,107983dc72d381e6897a5a333556946adcc98daef82e954d52cec1fc402c3086,p12-r315-n0650;p24-r274-n1336,p12-r315-n0650-departure;p24-r274-n1336-arrival,raw DGCA digits retained; weekday mapping separately corroborated by AAI; no DGCA legend,unknown_not_stated_by_source,passenger_or_cargo_not_stated_by_source,not_established_by_approved_schedule
ai-s26-4593720a44662b,AI,AIC,DEL,BOM,AI 2957,AI2957,1234567,Monday;Tuesday;Wednesday;Thursday;Friday;Saturday;Sunday,2026-03-29,2026-10-24,current,accepted,accepted_source_identity,confirmed_exact_designator,published,operating,,,A320,23:05,20:30,unknown; no timezone conversion,both_arrival_and_departure_rows,107983dc72d381e6897a5a333556946adcc98daef82e954d52cec1fc402c3086,p13-r360-n0695;p25-r309-n1371,p13-r360-n0695-departure;p25-r309-n1371-arrival,raw DGCA digits retained; weekday mapping separately corroborated by AAI; no DGCA legend,unknown_not_stated_by_source,passenger_or_cargo_not_stated_by_source,not_established_by_approved_schedule
ai-s26-27817218435ce5,AI,AIC,DEL,AMD,AI 2959,AI2959,12345,Monday;Tuesday;Wednesday;Thursday;Friday,2026-03-30,2026-10-23,current,accepted,accepted_source_identity,confirmed_exact_designator,published,operating,,,A321,08:50,,unknown; no timezone conversion,one_side_only; absence_is_not_contradiction,107983dc72d381e6897a5a333556946adcc98daef82e954d52cec1fc402c3086,p01-r18-n0018,p01-r18-n0018-arrival,raw DGCA digits retained; weekday mapping separately corroborated by AAI; no DGCA legend,unknown_not_stated_by_source,passenger_or_cargo_not_stated_by_source,not_established_by_approved_schedule
ai-s26-ae983bc748b1d5,AI,AIC,DEL,AMD,AI 2959,AI2959,1234567,Monday;Tuesday;Wednesday;Thursday;Friday;Saturday;Sunday,2026-03-29,2026-10-24,current,accepted,accepted_source_identity,confirmed_exact_designator,published,operating,,,A321,,07:10,unknown; no timezone conversion,one_side_only; absence_is_not_contradiction,107983dc72d381e6897a5a333556946adcc98daef82e954d52cec1fc402c3086,p08-r71-n0406,p08-r71-n0406-departure,raw DGCA digits retained; weekday mapping separately corroborated by AAI; no DGCA legend,unknown_not_stated_by_source,passenger_or_cargo_not_stated_by_source,not_established_by_approved_schedule
ai-s26-54dac0080e6e62,AI,AIC,DEL,AMD,AI 2959,AI2959,67,Saturday;Sunday,2026-03-29,2026-10-24,current,accepted,accepted_source_identity,confirmed_exact_designator,published,operating,,,A320,08:50,,unknown; no timezone conversion,one_side_only; absence_is_not_contradiction,107983dc72d381e6897a5a333556946adcc98daef82e954d52cec1fc402c3086,p01-r17-n0017,p01-r17-n0017-arrival,raw DGCA digits retained; weekday mapping separately corroborated by AAI; no DGCA legend,unknown_not_stated_by_source,passenger_or_cargo_not_stated_by_source,not_established_by_approved_schedule
ai-s26-8ff1523d3914d3,AI,AIC,BOM,DEL,AI 2960,AI2960,1234567,Monday;Tuesday;Wednesday;Thursday;Friday;Saturday;Sunday,2026-03-29,2026-10-24,current,accepted,accepted_source_identity,confirmed_exact_designator,published,operating,,,A320,15:55,14:05,unknown; no timezone conversion,both_arrival_and_departure_rows,107983dc72d381e6897a5a333556946adcc98daef82e954d52cec1fc402c3086,p11-r264-n0599;p22-r161-n1223,p11-r264-n0599-arrival;p22-r161-n1223-departure,raw DGCA digits retained; weekday mapping separately corroborated by AAI; no DGCA legend,unknown_not_stated_by_source,passenger_or_cargo_not_stated_by_source,not_established_by_approved_schedule
ai-s26-a67cb614edec6f,AI,AIC,DEL,BOM,AI 2963,AI2963,1234567,Monday;Tuesday;Wednesday;Thursday;Friday;Saturday;Sunday,2026-03-29,2026-10-24,current,accepted,accepted_source_identity,confirmed_exact_designator,published,operating,,,A320,,09:00,unknown; no timezone conversion,one_side_only; absence_is_not_contradiction,107983dc72d381e6897a5a333556946adcc98daef82e954d52cec1fc402c3086,p09-r111-n0446,p09-r111-n0446-departure,raw DGCA digits retained; weekday mapping separately corroborated by AAI; no DGCA legend,unknown_not_stated_by_source,passenger_or_cargo_not_stated_by_source,not_established_by_approved_schedule
ai-s26-eb086a6438010f,AI,AIC,DEL,BOM,AI 2963,AI2963,12567,Monday;Tuesday;Friday;Saturday;Sunday,2026-03-29,2026-10-24,current,accepted,accepted_source_identity,confirmed_exact_designator,published,operating,,,A320,11:15,,unknown; no timezone conversion,one_side_only; absence_is_not_contradiction,107983dc72d381e6897a5a333556946adcc98daef82e954d52cec1fc402c3086,p22-r117-n1179,p22-r117-n1179-arrival,raw DGCA digits retained; weekday mapping separately corroborated by AAI; no DGCA legend,unknown_not_stated_by_source,passenger_or_cargo_not_stated_by_source,not_established_by_approved_schedule
ai-s26-740e4fbf182525,AI,AIC,DEL,BOM,AI 2963,AI2963,3,Wednesday,2026-04-01,2026-10-21,current,accepted,accepted_source_identity,confirmed_exact_designator,published,operating,,,A320,11:15,,unknown; no timezone conversion,one_side_only; absence_is_not_contradiction,107983dc72d381e6897a5a333556946adcc98daef82e954d52cec1fc402c3086,p22-r116-n1178,p22-r116-n1178-arrival,raw DGCA digits retained; weekday mapping separately corroborated by AAI; no DGCA legend,unknown_not_stated_by_source,passenger_or_cargo_not_stated_by_source,not_established_by_approved_schedule
ai-s26-323aa064fcebe9,AI,AIC,DEL,BOM,AI 2963,AI2963,4,Thursday,2026-04-02,2026-10-22,current,accepted,accepted_source_identity,confirmed_exact_designator,published,operating,,,A320,11:15,,unknown; no timezone conversion,one_side_only; absence_is_not_contradiction,107983dc72d381e6897a5a333556946adcc98daef82e954d52cec1fc402c3086,p22-r115-n1177,p22-r115-n1177-arrival,raw DGCA digits retained; weekday mapping separately corroborated by AAI; no DGCA legend,unknown_not_stated_by_source,passenger_or_cargo_not_stated_by_source,not_established_by_approved_schedule
ai-s26-55668551a22180,AI,AIC,BOM,DEL,AI 2970,AI2970,1234567,Monday;Tuesday;Wednesday;Thursday;Friday;Saturday;Sunday,2026-03-29,2026-10-24,current,accepted,accepted_source_identity,confirmed_exact_designator,published,operating,,,A320,10:50,08:30,unknown; no timezone conversion,both_arrival_and_departure_rows,107983dc72d381e6897a5a333556946adcc98daef82e954d52cec1fc402c3086,p09-r153-n0488;p21-r59-n1121,p09-r153-n0488-arrival;p21-r59-n1121-departure,raw DGCA digits retained; weekday mapping separately corroborated by AAI; no DGCA legend,unknown_not_stated_by_source,passenger_or_cargo_not_stated_by_source,not_established_by_approved_schedule
ai-s26-3ee390dda3dca6,AI,AIC,DEL,PNQ,AI 2971,AI2971,1234567,Monday;Tuesday;Wednesday;Thursday;Friday;Saturday;Sunday,2026-03-29,2026-10-24,current,accepted,accepted_source_identity,confirmed_exact_designator,published,operating,,,A320,,16:00,unknown; no timezone conversion,one_side_only; absence_is_not_contradiction,107983dc72d381e6897a5a333556946adcc98daef82e954d52cec1fc402c3086,p11-r271-n0606,p11-r271-n0606-departure,raw DGCA digits retained; weekday mapping separately corroborated by AAI; no DGCA legend,unknown_not_stated_by_source,passenger_or_cargo_not_stated_by_source,not_established_by_approved_schedule
ai-s26-f15aa9e26fe62c,AI,AIC,DEL,PNQ,AI 2971,AI2971,123457,Monday;Tuesday;Wednesday;Thursday;Friday;Sunday,2026-03-29,2026-10-23,current,accepted,accepted_source_identity,confirmed_exact_designator,published,operating,,,A320,18:15,,unknown; no timezone conversion,one_side_only; absence_is_not_contradiction,107983dc72d381e6897a5a333556946adcc98daef82e954d52cec1fc402c3086,p26-r14-n1424,p26-r14-n1424-arrival,raw DGCA digits retained; weekday mapping separately corroborated by AAI; no DGCA legend,unknown_not_stated_by_source,passenger_or_cargo_not_stated_by_source,not_established_by_approved_schedule
ai-s26-a444f66d58ef07,AI,AIC,DEL,PNQ,AI 2971,AI2971,6,Saturday,2026-04-04,2026-10-24,current,accepted,accepted_source_identity,confirmed_exact_designator,published,operating,,,A320,18:15,,unknown; no timezone conversion,one_side_only; absence_is_not_contradiction,107983dc72d381e6897a5a333556946adcc98daef82e954d52cec1fc402c3086,p26-r13-n1423,p26-r13-n1423-arrival,raw DGCA digits retained; weekday mapping separately corroborated by AAI; no DGCA legend,unknown_not_stated_by_source,passenger_or_cargo_not_stated_by_source,not_established_by_approved_schedule
ai-s26-147e6c60eab728,AI,AIC,PNQ,DEL,AI 2972,AI2972,1234567,Monday;Tuesday;Wednesday;Thursday;Friday;Saturday;Sunday,2026-03-29,2026-10-24,current,accepted,accepted_source_identity,confirmed_exact_designator,published,operating,,,A320,21:10,,unknown; no timezone conversion,one_side_only; absence_is_not_contradiction,107983dc72d381e6897a5a333556946adcc98daef82e954d52cec1fc402c3086,p13-r371-n0706,p13-r371-n0706-arrival,raw DGCA digits retained; weekday mapping separately corroborated by AAI; no DGCA legend,unknown_not_stated_by_source,passenger_or_cargo_not_stated_by_source,not_established_by_approved_schedule
ai-s26-4e6d3e31800bbf,AI,AIC,PNQ,DEL,AI 2972,AI2972,123457,Monday;Tuesday;Wednesday;Thursday;Friday;Sunday,2026-03-29,2026-10-23,current,accepted,accepted_source_identity,confirmed_exact_designator,published,operating,,,A320,,18:45,unknown; no timezone conversion,one_side_only; absence_is_not_contradiction,107983dc72d381e6897a5a333556946adcc98daef82e954d52cec1fc402c3086,p26-r16-n1426,p26-r16-n1426-departure,raw DGCA digits retained; weekday mapping separately corroborated by AAI; no DGCA legend,unknown_not_stated_by_source,passenger_or_cargo_not_stated_by_source,not_established_by_approved_schedule
ai-s26-269e45d4179712,AI,AIC,PNQ,DEL,AI 2972,AI2972,6,Saturday,2026-04-04,2026-10-24,current,accepted,accepted_source_identity,confirmed_exact_designator,published,operating,,,A320,,18:45,unknown; no timezone conversion,one_side_only; absence_is_not_contradiction,107983dc72d381e6897a5a333556946adcc98daef82e954d52cec1fc402c3086,p26-r15-n1425,p26-r15-n1425-departure,raw DGCA digits retained; weekday mapping separately corroborated by AAI; no DGCA legend,unknown_not_stated_by_source,passenger_or_cargo_not_stated_by_source,not_established_by_approved_schedule
ai-s26-5c0e9370f1c020,AI,AIC,DEL,PNQ,AI 2973,AI2973,1234567,Monday;Tuesday;Wednesday;Thursday;Friday;Saturday;Sunday,2026-03-29,2026-10-23,current,accepted,accepted_source_identity,confirmed_exact_designator,published,operating,,,A320,23:05,,unknown; no timezone conversion,one_side_only; absence_is_not_contradiction,107983dc72d381e6897a5a333556946adcc98daef82e954d52cec1fc402c3086,p26-r24-n1434,p26-r24-n1434-arrival,raw DGCA digits retained; weekday mapping separately corroborated by AAI; no DGCA legend,unknown_not_stated_by_source,passenger_or_cargo_not_stated_by_source,not_established_by_approved_schedule
ai-s26-c9f9539ef40bd2,AI,AIC,DEL,PNQ,AI 2973,AI2973,1234567,Monday;Tuesday;Wednesday;Thursday;Friday;Saturday;Sunday,2026-03-29,2026-10-24,current,accepted,accepted_source_identity,confirmed_exact_designator,published,operating,,,A320,,20:50,unknown; no timezone conversion,one_side_only; absence_is_not_contradiction,107983dc72d381e6897a5a333556946adcc98daef82e954d52cec1fc402c3086,p13-r365-n0700,p13-r365-n0700-departure,raw DGCA digits retained; weekday mapping separately corroborated by AAI; no DGCA legend,unknown_not_stated_by_source,passenger_or_cargo_not_stated_by_source,not_established_by_approved_schedule
ai-s26-870330d3a06df3,AI,AIC,DEL,PNQ,AI 2973,AI2973,6,Saturday,2026-10-24,2026-10-24,future,accepted,accepted_source_identity,confirmed_exact_designator,published,operating,,,A320,23:05,,unknown; no timezone conversion,one_side_only; absence_is_not_contradiction,107983dc72d381e6897a5a333556946adcc98daef82e954d52cec1fc402c3086,p26-r23-n1433,p26-r23-n1433-arrival,raw DGCA digits retained; weekday mapping separately corroborated by AAI; no DGCA legend,unknown_not_stated_by_source,passenger_or_cargo_not_stated_by_source,not_established_by_approved_schedule
ai-s26-3c1ac5145311b4,AI,AIC,DEL,BOM,AI 2975,AI2975,1234567,Monday;Tuesday;Wednesday;Thursday;Friday;Saturday;Sunday,2026-03-29,2026-10-24,current,accepted,accepted_source_identity,confirmed_exact_designator,published,operating,,,A320,08:50,06:30,unknown; no timezone conversion,both_arrival_and_departure_rows,107983dc72d381e6897a5a333556946adcc98daef82e954d52cec1fc402c3086,p08-r58-n0393;p21-r62-n1124,p08-r58-n0393-departure;p21-r62-n1124-arrival,raw DGCA digits retained; weekday mapping separately corroborated by AAI; no DGCA legend,unknown_not_stated_by_source,passenger_or_cargo_not_stated_by_source,not_established_by_approved_schedule
ai-s26-845968789c1970,AI,AIC,BOM,DEL,AI 2976,AI2976,6,Saturday,2026-04-04,2026-10-24,current,accepted,accepted_source_identity,confirmed_exact_designator,published,operating,,,A320,,01:00,unknown; no timezone conversion,one_side_only; absence_is_not_contradiction,107983dc72d381e6897a5a333556946adcc98daef82e954d52cec1fc402c3086,p20-r11-n1073,p20-r11-n1073-departure,raw DGCA digits retained; weekday mapping separately corroborated by AAI; no DGCA legend,unknown_not_stated_by_source,passenger_or_cargo_not_stated_by_source,not_established_by_approved_schedule
ai-s26-92d98ca559675e,AI,AIC,DEL,BOM,AI 2977,AI2977,1234567,Monday;Tuesday;Wednesday;Thursday;Friday;Saturday;Sunday,2026-03-29,2026-10-24,current,accepted,accepted_source_identity,confirmed_exact_designator,published,operating,,,A320,21:25,19:00,unknown; no timezone conversion,both_arrival_and_departure_rows,107983dc72d381e6897a5a333556946adcc98daef82e954d52cec1fc402c3086,p13-r332-n0667;p25-r292-n1354,p13-r332-n0667-departure;p25-r292-n1354-arrival,raw DGCA digits retained; weekday mapping separately corroborated by AAI; no DGCA legend,unknown_not_stated_by_source,passenger_or_cargo_not_stated_by_source,not_established_by_approved_schedule
ai-s26-301d1505f1d4cf,AI,AIC,DEL,BOM,AI 2981,AI2981,1234567,Monday;Tuesday;Wednesday;Thursday;Friday;Saturday;Sunday,2026-03-29,2026-10-24,current,held_field_only,accepted_source_identity,confirmed_exact_designator,published,operating,aircraft_type_only,aircraft_type_disagreement,A320;A321,23:20,21:00,unknown; no timezone conversion,both_arrival_and_departure_rows,107983dc72d381e6897a5a333556946adcc98daef82e954d52cec1fc402c3086,p13-r370-n0705;p25-r311-n1373,p13-r370-n0705-departure;p25-r311-n1373-arrival,raw DGCA digits retained; weekday mapping separately corroborated by AAI; no DGCA legend,unknown_not_stated_by_source,passenger_or_cargo_not_stated_by_source,not_established_by_approved_schedule
ai-s26-af3a5fff98292e,AI,AIC,BOM,JGA,AI 2982,AI2982,1234567,Monday;Tuesday;Wednesday;Thursday;Friday;Saturday;Sunday,2026-03-29,2026-10-24,current,accepted,accepted_source_identity,confirmed_exact_designator,published,operating,,,A320,08:10,06:50,unknown; no timezone conversion,both_arrival_and_departure_rows,107983dc72d381e6897a5a333556946adcc98daef82e954d52cec1fc402c3086,p16-r1-n0881;p20-r42-n1104,p16-r1-n0881-arrival;p20-r42-n1104-departure,raw DGCA digits retained; weekday mapping separately corroborated by AAI; no DGCA legend,unknown_not_stated_by_source,passenger_or_cargo_not_stated_by_source,not_established_by_approved_schedule
ai-s26-b97d42c966fb30,AI,AIC,JGA,BOM,AI 2983,AI2983,1234567,Monday;Tuesday;Wednesday;Thursday;Friday;Saturday;Sunday,2026-03-29,2026-10-24,current,accepted,accepted_source_identity,confirmed_exact_designator,published,operating,,,A320,10:20,08:50,unknown; no timezone conversion,both_arrival_and_departure_rows,107983dc72d381e6897a5a333556946adcc98daef82e954d52cec1fc402c3086,p16-r2-n0882;p21-r94-n1156,p16-r2-n0882-departure;p21-r94-n1156-arrival,raw DGCA digits retained; weekday mapping separately corroborated by AAI; no DGCA legend,unknown_not_stated_by_source,passenger_or_cargo_not_stated_by_source,not_established_by_approved_schedule
ai-s26-224b39dbb854a0,AI,AIC,DEL,BOM,AI 2985,AI2985,1234567,Monday;Tuesday;Wednesday;Thursday;Friday;Saturday;Sunday,2026-03-29,2026-10-24,current,accepted,accepted_source_identity,confirmed_exact_designator,published,operating,,,A320,21:55,19:30,unknown; no timezone conversion,both_arrival_and_departure_rows,107983dc72d381e6897a5a333556946adcc98daef82e954d52cec1fc402c3086,p13-r345-n0680;p25-r296-n1358,p13-r345-n0680-departure;p25-r296-n1358-arrival,raw DGCA digits retained; weekday mapping separately corroborated by AAI; no DGCA legend,unknown_not_stated_by_source,passenger_or_cargo_not_stated_by_source,not_established_by_approved_schedule
ai-s26-6ad00497a08110,AI,AIC,BOM,DEL,AI 2986,AI2986,1234567,Monday;Tuesday;Wednesday;Thursday;Friday;Saturday;Sunday,2026-03-29,2026-10-24,current,accepted,accepted_source_identity,confirmed_exact_designator,published,operating,,,A320,01:00,22:35,unknown; no timezone conversion,both_arrival_and_departure_rows,107983dc72d381e6897a5a333556946adcc98daef82e954d52cec1fc402c3086,p07-r19-n0354;p25-r302-n1364,p07-r19-n0354-arrival;p25-r302-n1364-departure,raw DGCA digits retained; weekday mapping separately corroborated by AAI; no DGCA legend,unknown_not_stated_by_source,passenger_or_cargo_not_stated_by_source,not_established_by_approved_schedule
ai-s26-766f30799f9d7d,AI,AIC,BOM,DEL,AI 2988,AI2988,1234567,Monday;Tuesday;Wednesday;Thursday;Friday;Saturday;Sunday,2026-03-29,2026-10-24,current,accepted,accepted_source_identity,confirmed_exact_designator,published,operating,,,A320,22:50,20:30,unknown; no timezone conversion,both_arrival_and_departure_rows,107983dc72d381e6897a5a333556946adcc98daef82e954d52cec1fc402c3086,p14-r405-n0740;p24-r276-n1338,p14-r405-n0740-arrival;p24-r276-n1338-departure,raw DGCA digits retained; weekday mapping separately corroborated by AAI; no DGCA legend,unknown_not_stated_by_source,passenger_or_cargo_not_stated_by_source,not_established_by_approved_schedule
ai-s26-7551e857752a31,AI,AIC,DEL,BOM,AI 2995,AI2995,1234567,Monday;Tuesday;Wednesday;Thursday;Friday;Saturday;Sunday,2026-03-29,2026-10-24,current,accepted,accepted_source_identity,confirmed_exact_designator,published,operating,,,A320,12:25,10:00,unknown; no timezone conversion,both_arrival_and_departure_rows,107983dc72d381e6897a5a333556946adcc98daef82e954d52cec1fc402c3086,p09-r134-n0469;p22-r131-n1193,p09-r134-n0469-departure;p22-r131-n1193-arrival,raw DGCA digits retained; weekday mapping separately corroborated by AAI; no DGCA legend,unknown_not_stated_by_source,passenger_or_cargo_not_stated_by_source,not_established_by_approved_schedule
ai-s26-e3481f4855f4e1,AI,AIC,BOM,DEL,AI 2996,AI2996,1234567,Monday;Tuesday;Wednesday;Thursday;Friday;Saturday;Sunday,2026-03-29,2026-10-24,current,accepted,accepted_source_identity,confirmed_exact_designator,published,operating,,,A321,20:50,18:30,unknown; no timezone conversion,both_arrival_and_departure_rows,107983dc72d381e6897a5a333556946adcc98daef82e954d52cec1fc402c3086,p13-r364-n0699;p24-r240-n1302,p13-r364-n0699-arrival;p24-r240-n1302-departure,raw DGCA digits retained; weekday mapping separately corroborated by AAI; no DGCA legend,unknown_not_stated_by_source,passenger_or_cargo_not_stated_by_source,not_established_by_approved_schedule
ai-s26-c3846852da59f3,AI,AIC,BOM,ATQ,AI 2997,AI2997,1234567,Monday;Tuesday;Wednesday;Thursday;Friday;Saturday;Sunday,2026-03-29,2026-10-24,current,accepted,accepted_source_identity,confirmed_exact_designator,published,operating,,,A321,12:35,10:10,unknown; no timezone conversion,both_arrival_and_departure_rows,107983dc72d381e6897a5a333556946adcc98daef82e954d52cec1fc402c3086,p02-r13-n0091;p21-r91-n1153,p02-r13-n0091-arrival;p21-r91-n1153-departure,raw DGCA digits retained; weekday mapping separately corroborated by AAI; no DGCA legend,unknown_not_stated_by_source,passenger_or_cargo_not_stated_by_source,not_established_by_approved_schedule
ai-s26-f70ce8883ff49b,AI,AIC,ATQ,BOM,AI 2998,AI2998,1234567,Monday;Tuesday;Wednesday;Thursday;Friday;Saturday;Sunday,2026-03-29,2026-10-24,current,accepted,accepted_source_identity,confirmed_exact_designator,published,operating,,,A321,16:15,13:15,unknown; no timezone conversion,both_arrival_and_departure_rows,107983dc72d381e6897a5a333556946adcc98daef82e954d52cec1fc402c3086,p02-r16-n0094;p23-r197-n1259,p02-r16-n0094-departure;p23-r197-n1259-arrival,raw DGCA digits retained; weekday mapping separately corroborated by AAI; no DGCA legend,unknown_not_stated_by_source,passenger_or_cargo_not_stated_by_source,not_established_by_approved_schedule
ai-s26-f983be4afdd7f7,AI,AIC,DEL,BOM,AI 2999,AI2999,1234567,Monday;Tuesday;Wednesday;Thursday;Friday;Saturday;Sunday,2026-03-29,2026-10-24,current,accepted,accepted_source_identity,confirmed_exact_designator,published,operating,,,A321,,22:00,unknown; no timezone conversion,one_side_only; absence_is_not_contradiction,107983dc72d381e6897a5a333556946adcc98daef82e954d52cec1fc402c3086,p13-r388-n0723,p13-r388-n0723-departure,raw DGCA digits retained; weekday mapping separately corroborated by AAI; no DGCA legend,unknown_not_stated_by_source,passenger_or_cargo_not_stated_by_source,not_established_by_approved_schedule
ai-s26-7296c7f529767e,AI,AIC,DEL,BOM,AI 2999,AI2999,1234567,Monday;Tuesday;Wednesday;Thursday;Friday;Saturday;Sunday,2026-03-30,2026-10-24,current,accepted,accepted_source_identity,confirmed_exact_designator,published,operating,,,A321,00:25,,unknown; no timezone conversion,one_side_only; absence_is_not_contradiction,107983dc72d381e6897a5a333556946adcc98daef82e954d52cec1fc402c3086,p20-r6-n1068,p20-r6-n1068-arrival,raw DGCA digits retained; weekday mapping separately corroborated by AAI; no DGCA legend,unknown_not_stated_by_source,passenger_or_cargo_not_stated_by_source,not_established_by_approved_schedule
ai-s26-b156f2c0548770,AI,AIC,DEL,BOM,AI 2999,AI2999,7,Sunday,2026-03-29,2026-03-29,expired,expired,accepted_source_identity,expired_not_compared_to_baseline,,,,,A321,00:25,,unknown; no timezone conversion,one_side_only; absence_is_not_contradiction,107983dc72d381e6897a5a333556946adcc98daef82e954d52cec1fc402c3086,p20-r5-n1067,p20-r5-n1067-arrival,raw DGCA digits retained; weekday mapping separately corroborated by AAI; no DGCA legend,unknown_not_stated_by_source,passenger_or_cargo_not_stated_by_source,not_established_by_approved_schedule
ai-s26-f6d9cc4f6272dd,AI,AIC,HYD,DEL,AI 3311,AI3311,7,Sunday,2026-03-29,2026-03-29,expired,expired,accepted_source_identity,expired_not_compared_to_baseline,,,,,A320,,06:05,unknown; no timezone conversion,one_side_only; absence_is_not_contradiction,107983dc72d381e6897a5a333556946adcc98daef82e954d52cec1fc402c3086,p15-r11-n0801,p15-r11-n0801-departure,raw DGCA digits retained; weekday mapping separately corroborated by AAI; no DGCA legend,unknown_not_stated_by_source,passenger_or_cargo_not_stated_by_source,not_established_by_approved_schedule
ai-s26-340c2b7e11f72c,AI,AIC,DEL,IXL,AI 3419,AI3419,36,Wednesday;Saturday,2026-04-04,2026-10-24,current,accepted,accepted_source_identity,confirmed_exact_designator,published,operating,,,A320,,06:40,unknown; no timezone conversion,one_side_only; absence_is_not_contradiction,107983dc72d381e6897a5a333556946adcc98daef82e954d52cec1fc402c3086,p08-r63-n0398,p08-r63-n0398-departure,raw DGCA digits retained; weekday mapping separately corroborated by AAI; no DGCA legend,unknown_not_stated_by_source,passenger_or_cargo_not_stated_by_source,not_established_by_approved_schedule
ai-s26-88f55cda314d3c,AI,AIC,IXL,DEL,AI 3420,AI3420,3,Wednesday,2026-04-01,2026-10-21,current,accepted,accepted_source_identity,confirmed_exact_designator,published,operating,,,A320,10:35,,unknown; no timezone conversion,one_side_only; absence_is_not_contradiction,107983dc72d381e6897a5a333556946adcc98daef82e954d52cec1fc402c3086,p09-r148-n0483,p09-r148-n0483-arrival,raw DGCA digits retained; weekday mapping separately corroborated by AAI; no DGCA legend,unknown_not_stated_by_source,passenger_or_cargo_not_stated_by_source,not_established_by_approved_schedule
ai-s26-5e87aae6d8d75b,AI,AIC,IXL,DEL,AI 3420,AI3420,6,Saturday,2026-04-04,2026-10-24,current,accepted,accepted_source_identity,confirmed_exact_designator,published,operating,,,A320,09:40,,unknown; no timezone conversion,one_side_only; absence_is_not_contradiction,107983dc72d381e6897a5a333556946adcc98daef82e954d52cec1fc402c3086,p09-r125-n0460,p09-r125-n0460-arrival,raw DGCA digits retained; weekday mapping separately corroborated by AAI; no DGCA legend,unknown_not_stated_by_source,passenger_or_cargo_not_stated_by_source,not_established_by_approved_schedule
ai-s26-f12259996dfb7e,AI,AIC,DEL,SXR,AI 3423,AI3423,1234567,Monday;Tuesday;Wednesday;Thursday;Friday;Saturday;Sunday,2026-03-29,2026-10-24,current,accepted,accepted_source_identity,confirmed_exact_designator,published,operating,,,A320,,07:30,unknown; no timezone conversion,one_side_only; absence_is_not_contradiction,107983dc72d381e6897a5a333556946adcc98daef82e954d52cec1fc402c3086,p08-r80-n0415,p08-r80-n0415-departure,raw DGCA digits retained; weekday mapping separately corroborated by AAI; no DGCA legend,unknown_not_stated_by_source,passenger_or_cargo_not_stated_by_source,not_established_by_approved_schedule
ai-s26-1322bca4e085c6,AI,AIC,SXR,DEL,AI 3424,AI3424,1234567,Monday;Tuesday;Wednesday;Thursday;Friday;Saturday;Sunday,2026-03-29,2026-10-24,current,accepted,accepted_source_identity,confirmed_exact_designator,published,operating,,,A320,13:40,,unknown; no timezone conversion,one_side_only; absence_is_not_contradiction,107983dc72d381e6897a5a333556946adcc98daef82e954d52cec1fc402c3086,p10-r212-n0547,p10-r212-n0547-arrival,raw DGCA digits retained; weekday mapping separately corroborated by AAI; no DGCA legend,unknown_not_stated_by_source,passenger_or_cargo_not_stated_by_source,not_established_by_approved_schedule
ai-s26-4c32506330825d,AI,AIC,DEL,IXL,AI 3425,AI3425,123467,Monday;Tuesday;Wednesday;Thursday;Saturday;Sunday,2026-03-29,2026-10-24,current,accepted,accepted_source_identity,confirmed_exact_designator,published,operating,,,A320,,05:50,unknown; no timezone conversion,one_side_only; absence_is_not_contradiction,107983dc72d381e6897a5a333556946adcc98daef82e954d52cec1fc402c3086,p08-r45-n0380,p08-r45-n0380-departure,raw DGCA digits retained; weekday mapping separately corroborated by AAI; no DGCA legend,unknown_not_stated_by_source,passenger_or_cargo_not_stated_by_source,not_established_by_approved_schedule
ai-s26-ce4fdfc1fbd3ae,AI,AIC,SXR,DEL,AI 3426,AI3426,123467,Monday;Tuesday;Wednesday;Thursday;Saturday;Sunday,2026-03-29,2026-10-24,current,accepted,accepted_source_identity,confirmed_exact_designator,published,operating,,,A320,09:15,,unknown; no timezone conversion,one_side_only; absence_is_not_contradiction,107983dc72d381e6897a5a333556946adcc98daef82e954d52cec1fc402c3086,p09-r113-n0448,p09-r113-n0448-arrival,raw DGCA digits retained; weekday mapping separately corroborated by AAI; no DGCA legend,unknown_not_stated_by_source,passenger_or_cargo_not_stated_by_source,not_established_by_approved_schedule
ai-s26-f7ae5926520c80,AI,AIC,DEL,SXR,AI 3427,AI3427,1367,Monday;Wednesday;Saturday;Sunday,2026-03-29,2026-10-24,current,accepted,accepted_source_identity,confirmed_exact_designator,published,operating,,,A320,,05:30,unknown; no timezone conversion,one_side_only; absence_is_not_contradiction,107983dc72d381e6897a5a333556946adcc98daef82e954d52cec1fc402c3086,p07-r40-n0375,p07-r40-n0375-departure,raw DGCA digits retained; weekday mapping separately corroborated by AAI; no DGCA legend,unknown_not_stated_by_source,passenger_or_cargo_not_stated_by_source,not_established_by_approved_schedule
ai-s26-e68ad3defea06a,AI,AIC,SXR,DEL,AI 3428,AI3428,1367,Monday;Wednesday;Saturday;Sunday,2026-03-29,2026-10-24,current,accepted,accepted_source_identity,confirmed_exact_designator,published,operating,,,A320,11:00,,unknown; no timezone conversion,one_side_only; absence_is_not_contradiction,107983dc72d381e6897a5a333556946adcc98daef82e954d52cec1fc402c3086,p09-r156-n0491,p09-r156-n0491-arrival,raw DGCA digits retained; weekday mapping separately corroborated by AAI; no DGCA legend,unknown_not_stated_by_source,passenger_or_cargo_not_stated_by_source,not_established_by_approved_schedule
ai-s26-6bdb831978e303,AI,AIC,BOM,JAI,AI 413,AI413,1234567,Monday;Tuesday;Wednesday;Thursday;Friday;Saturday;Sunday,2026-03-29,2026-10-23,current,accepted,accepted_source_identity,confirmed_exact_designator,published,operating,,,A319,23:10,,unknown; no timezone conversion,one_side_only; absence_is_not_contradiction,107983dc72d381e6897a5a333556946adcc98daef82e954d52cec1fc402c3086,p16-r14-n0876,p16-r14-n0876-arrival,raw DGCA digits retained; weekday mapping separately corroborated by AAI; no DGCA legend,unknown_not_stated_by_source,passenger_or_cargo_not_stated_by_source,not_established_by_approved_schedule
ai-s26-e1bc5269e6b99b,AI,AIC,BOM,JAI,AI 413,AI413,1234567,Monday;Tuesday;Wednesday;Thursday;Friday;Saturday;Sunday,2026-03-29,2026-10-24,current,accepted,accepted_source_identity,confirmed_exact_designator,published,operating,,,A319,,21:15,unknown; no timezone conversion,one_side_only; absence_is_not_contradiction,107983dc72d381e6897a5a333556946adcc98daef82e954d52cec1fc402c3086,p25-r289-n1351,p25-r289-n1351-departure,raw DGCA digits retained; weekday mapping separately corroborated by AAI; no DGCA legend,unknown_not_stated_by_source,passenger_or_cargo_not_stated_by_source,not_established_by_approved_schedule
ai-s26-ff26ec2bf139b7,AI,AIC,BOM,JAI,AI 413,AI413,6,Saturday,2026-10-24,2026-10-24,future,accepted,accepted_source_identity,confirmed_exact_designator,published,operating,,,A319,23:10,,unknown; no timezone conversion,one_side_only; absence_is_not_contradiction,107983dc72d381e6897a5a333556946adcc98daef82e954d52cec1fc402c3086,p16-r13-n0875,p16-r13-n0875-arrival,raw DGCA digits retained; weekday mapping separately corroborated by AAI; no DGCA legend,unknown_not_stated_by_source,passenger_or_cargo_not_stated_by_source,not_established_by_approved_schedule
ai-s26-e340a688b85093,AI,AIC,JAI,BOM,AI 414,AI414,1234567,Monday;Tuesday;Wednesday;Thursday;Friday;Saturday;Sunday,2026-03-29,2026-10-23,current,accepted,accepted_source_identity,confirmed_exact_designator,published,operating,,,A319,,06:00,unknown; no timezone conversion,one_side_only; absence_is_not_contradiction,107983dc72d381e6897a5a333556946adcc98daef82e954d52cec1fc402c3086,p16-r2-n0864,p16-r2-n0864-departure,raw DGCA digits retained; weekday mapping separately corroborated by AAI; no DGCA legend,unknown_not_stated_by_source,passenger_or_cargo_not_stated_by_source,not_established_by_approved_schedule
ai-s26-a7e6ed4ba4bda0,AI,AIC,JAI,BOM,AI 414,AI414,1235,Monday;Tuesday;Wednesday;Friday,2026-03-30,2026-10-23,current,accepted,accepted_source_identity,confirmed_exact_designator,published,operating,,,A319,08:00,,unknown; no timezone conversion,one_side_only; absence_is_not_contradiction,107983dc72d381e6897a5a333556946adcc98daef82e954d52cec1fc402c3086,p21-r56-n1118,p21-r56-n1118-arrival,raw DGCA digits retained; weekday mapping separately corroborated by AAI; no DGCA legend,unknown_not_stated_by_source,passenger_or_cargo_not_stated_by_source,not_established_by_approved_schedule
ai-s26-d4b1a0667d4377,AI,AIC,JAI,BOM,AI 414,AI414,4,Thursday,2026-04-02,2026-10-22,current,accepted,accepted_source_identity,confirmed_exact_designator,published,operating,,,A319,08:00,,unknown; no timezone conversion,one_side_only; absence_is_not_contradiction,107983dc72d381e6897a5a333556946adcc98daef82e954d52cec1fc402c3086,p21-r55-n1117,p21-r55-n1117-arrival,raw DGCA digits retained; weekday mapping separately corroborated by AAI; no DGCA legend,unknown_not_stated_by_source,passenger_or_cargo_not_stated_by_source,not_established_by_approved_schedule
ai-s26-85a31abfe60bc7,AI,AIC,JAI,BOM,AI 414,AI414,67,Saturday;Sunday,2026-03-29,2026-10-24,current,accepted,accepted_source_identity,confirmed_exact_designator,published,operating,,,A319,08:00,,unknown; no timezone conversion,one_side_only; absence_is_not_contradiction,107983dc72d381e6897a5a333556946adcc98daef82e954d52cec1fc402c3086,p21-r54-n1116,p21-r54-n1116-arrival,raw DGCA digits retained; weekday mapping separately corroborated by AAI; no DGCA legend,unknown_not_stated_by_source,passenger_or_cargo_not_stated_by_source,not_established_by_approved_schedule
ai-s26-76b7b5c901f662,AI,AIC,JAI,BOM,AI 414,AI414,7,Sunday,2026-03-29,2026-03-29,expired,expired,accepted_source_identity,expired_not_compared_to_baseline,,,,,A319,,06:00,unknown; no timezone conversion,one_side_only; absence_is_not_contradiction,107983dc72d381e6897a5a333556946adcc98daef82e954d52cec1fc402c3086,p16-r1-n0863,p16-r1-n0863-departure,raw DGCA digits retained; weekday mapping separately corroborated by AAI; no DGCA legend,unknown_not_stated_by_source,passenger_or_cargo_not_stated_by_source,not_established_by_approved_schedule
ai-s26-72f6717c770d10,AI,AIC,DEL,NAG,AI 415,AI415,1234567,Monday;Tuesday;Wednesday;Thursday;Friday;Saturday;Sunday,2026-03-29,2026-10-24,current,accepted,accepted_source_identity,confirmed_exact_designator,published,operating,,,A319,08:05,06:20,unknown; no timezone conversion,both_arrival_and_departure_rows,107983dc72d381e6897a5a333556946adcc98daef82e954d52cec1fc402c3086,p08-r53-n0388;p25-r3-n1385,p08-r53-n0388-departure;p25-r3-n1385-arrival,raw DGCA digits retained; weekday mapping separately corroborated by AAI; no DGCA legend,unknown_not_stated_by_source,passenger_or_cargo_not_stated_by_source,not_established_by_approved_schedule
ai-s26-ff2197ca277383,AI,AIC,NAG,DEL,AI 416,AI416,1234567,Monday;Tuesday;Wednesday;Thursday;Friday;Saturday;Sunday,2026-03-29,2026-10-24,current,accepted,accepted_source_identity,confirmed_exact_designator,published,operating,,,A319,10:25,08:40,unknown; no timezone conversion,both_arrival_and_departure_rows,107983dc72d381e6897a5a333556946adcc98daef82e954d52cec1fc402c3086,p09-r138-n0473;p25-r4-n1386,p09-r138-n0473-arrival;p25-r4-n1386-departure,raw DGCA digits retained; weekday mapping separately corroborated by AAI; no DGCA legend,unknown_not_stated_by_source,passenger_or_cargo_not_stated_by_source,not_established_by_approved_schedule
ai-s26-afa3d98dd6d660,AI,AIC,BOM,HYD,AI 417,AI417,1234567,Monday;Tuesday;Wednesday;Thursday;Friday;Saturday;Sunday,2026-03-29,2026-10-24,current,accepted,accepted_source_identity,confirmed_exact_designator,published,operating,,,A320,10:35,08:55,unknown; no timezone conversion,both_arrival_and_departure_rows,107983dc72d381e6897a5a333556946adcc98daef82e954d52cec1fc402c3086,p15-r23-n0813;p21-r63-n1125,p15-r23-n0813-arrival;p21-r63-n1125-departure,raw DGCA digits retained; weekday mapping separately corroborated by AAI; no DGCA legend,unknown_not_stated_by_source,passenger_or_cargo_not_stated_by_source,not_established_by_approved_schedule
ai-s26-17cfb2e08b7d19,AI,AIC,HYD,BOM,AI 418,AI418,1234567,Monday;Tuesday;Wednesday;Thursday;Friday;Saturday;Sunday,2026-03-29,2026-10-24,current,accepted,accepted_source_identity,confirmed_exact_designator,published,operating,,,A320,,11:30,unknown; no timezone conversion,one_side_only; absence_is_not_contradiction,107983dc72d381e6897a5a333556946adcc98daef82e954d52cec1fc402c3086,p15-r25-n0815,p15-r25-n0815-departure,raw DGCA digits retained; weekday mapping separately corroborated by AAI; no DGCA legend,unknown_not_stated_by_source,passenger_or_cargo_not_stated_by_source,not_established_by_approved_schedule
ai-s26-74fa0fa7aa1f9e,AI,AIC,HYD,BOM,AI 418,AI418,123567,Monday;Tuesday;Wednesday;Friday;Saturday;Sunday,2026-03-29,2026-10-24,current,accepted,accepted_source_identity,confirmed_exact_designator,published,operating,,,A320,13:25,,unknown; no timezone conversion,one_side_only; absence_is_not_contradiction,107983dc72d381e6897a5a333556946adcc98daef82e954d52cec1fc402c3086,p22-r148-n1210,p22-r148-n1210-arrival,raw DGCA digits retained; weekday mapping separately corroborated by AAI; no DGCA legend,unknown_not_stated_by_source,passenger_or_cargo_not_stated_by_source,not_established_by_approved_schedule
ai-s26-c169378983cabf,AI,AIC,HYD,BOM,AI 418,AI418,4,Thursday,2026-04-02,2026-10-22,current,accepted,accepted_source_identity,confirmed_exact_designator,published,operating,,,A320,13:25,,unknown; no timezone conversion,one_side_only; absence_is_not_contradiction,107983dc72d381e6897a5a333556946adcc98daef82e954d52cec1fc402c3086,p22-r147-n1209,p22-r147-n1209-arrival,raw DGCA digits retained; weekday mapping separately corroborated by AAI; no DGCA legend,unknown_not_stated_by_source,passenger_or_cargo_not_stated_by_source,not_established_by_approved_schedule
ai-s26-4724aa6845e765,AI,AIC,DEL,VTZ,AI 419,AI419,1234567,Monday;Tuesday;Wednesday;Thursday;Friday;Saturday;Sunday,2026-03-29,2026-10-24,current,accepted,accepted_source_identity,confirmed_exact_designator,published,operating,,,A321,16:05,13:35,unknown; no timezone conversion,both_arrival_and_departure_rows,107983dc72d381e6897a5a333556946adcc98daef82e954d52cec1fc402c3086,p10-r209-n0544;p28-r1-n1532,p10-r209-n0544-departure;p28-r1-n1532-arrival,raw DGCA digits retained; weekday mapping separately corroborated by AAI; no DGCA legend,unknown_not_stated_by_source,passenger_or_cargo_not_stated_by_source,not_established_by_approved_schedule
ai-s26-32249bee56a9b4,AI,AIC,VTZ,DEL,AI 420,AI420,1234567,Monday;Tuesday;Wednesday;Thursday;Friday;Saturday;Sunday,2026-03-29,2026-10-24,current,accepted,accepted_source_identity,confirmed_exact_designator,published,operating,,,A321,19:15,16:45,unknown; no timezone conversion,both_arrival_and_departure_rows,107983dc72d381e6897a5a333556946adcc98daef82e954d52cec1fc402c3086,p13-r335-n0670;p28-r2-n1533,p13-r335-n0670-arrival;p28-r2-n1533-departure,raw DGCA digits retained; weekday mapping separately corroborated by AAI; no DGCA legend,unknown_not_stated_by_source,passenger_or_cargo_not_stated_by_source,not_established_by_approved_schedule
ai-s26-24356f695cc025,AI,AIC,DEL,GAU,AI 4203,AI4203,124567,Monday;Tuesday;Thursday;Friday;Saturday;Sunday,2026-03-29,2026-10-24,current,accepted,accepted_source_identity,existing_route_unlisted_designator,published,operating,,,A320,14:00,,unknown; no timezone conversion,one_side_only; absence_is_not_contradiction,107983dc72d381e6897a5a333556946adcc98daef82e954d52cec1fc402c3086,p15-r3-n0781,p15-r3-n0781-arrival,raw DGCA digits retained; weekday mapping separately corroborated by AAI; no DGCA legend,unknown_not_stated_by_source,passenger_or_cargo_not_stated_by_source,not_established_by_approved_schedule
ai-s26-cb892cfbab52d6,AI,AIC,DEL,GAU,AI 4203,AI4203,3,Wednesday,2026-04-01,2026-10-21,current,accepted,accepted_source_identity,existing_route_unlisted_designator,published,operating,,,A320,15:05,,unknown; no timezone conversion,one_side_only; absence_is_not_contradiction,107983dc72d381e6897a5a333556946adcc98daef82e954d52cec1fc402c3086,p15-r5-n0783,p15-r5-n0783-arrival,raw DGCA digits retained; weekday mapping separately corroborated by AAI; no DGCA legend,unknown_not_stated_by_source,passenger_or_cargo_not_stated_by_source,not_established_by_approved_schedule
ai-s26-fa6a80a0d58129,AI,AIC,GAU,DEL,AI 4204,AI4204,124567,Monday;Tuesday;Thursday;Friday;Saturday;Sunday,2026-03-29,2026-10-24,current,accepted,accepted_source_identity,existing_route_unlisted_designator,published,operating,,,A320,,14:40,unknown; no timezone conversion,one_side_only; absence_is_not_contradiction,107983dc72d381e6897a5a333556946adcc98daef82e954d52cec1fc402c3086,p15-r4-n0782,p15-r4-n0782-departure,raw DGCA digits retained; weekday mapping separately corroborated by AAI; no DGCA legend,unknown_not_stated_by_source,passenger_or_cargo_not_stated_by_source,not_established_by_approved_schedule
ai-s26-60c74f65177e0e,AI,AIC,GAU,DEL,AI 4204,AI4204,3,Wednesday,2026-04-01,2026-10-21,current,accepted,accepted_source_identity,existing_route_unlisted_designator,published,operating,,,A320,,15:45,unknown; no timezone conversion,one_side_only; absence_is_not_contradiction,107983dc72d381e6897a5a333556946adcc98daef82e954d52cec1fc402c3086,p15-r6-n0784,p15-r6-n0784-departure,raw DGCA digits retained; weekday mapping separately corroborated by AAI; no DGCA legend,unknown_not_stated_by_source,passenger_or_cargo_not_stated_by_source,not_established_by_approved_schedule
ai-s26-467f84b80074c1,AI,AIC,DEL,ATQ,AI 421,AI421,257,Tuesday;Friday;Sunday,2026-03-29,2026-10-23,current,accepted,accepted_source_identity,confirmed_exact_designator,published,operating,,,B787,11:00,,unknown; no timezone conversion,one_side_only; absence_is_not_contradiction,107983dc72d381e6897a5a333556946adcc98daef82e954d52cec1fc402c3086,p02-r10-n0088,p02-r10-n0088-arrival,raw DGCA digits retained; weekday mapping separately corroborated by AAI; no DGCA legend,unknown_not_stated_by_source,passenger_or_cargo_not_stated_by_source,not_established_by_approved_schedule
ai-s26-e032f8c568aa84,AI,AIC,DEL,ATQ,AI 421,AI421,3,Wednesday,2026-04-01,2026-10-21,current,accepted,accepted_source_identity,confirmed_exact_designator,published,operating,,,B777,11:00,,unknown; no timezone conversion,one_side_only; absence_is_not_contradiction,107983dc72d381e6897a5a333556946adcc98daef82e954d52cec1fc402c3086,p02-r9-n0087,p02-r9-n0087-arrival,raw DGCA digits retained; weekday mapping separately corroborated by AAI; no DGCA legend,unknown_not_stated_by_source,passenger_or_cargo_not_stated_by_source,not_established_by_approved_schedule
ai-s26-295d08d0fe8bcb,AI,AIC,DEL,ATQ,AI 421,AI421,357,Wednesday;Friday;Sunday,2026-03-29,2026-10-23,current,accepted,accepted_source_identity,confirmed_exact_designator,published,operating,,,B787,,09:00,unknown; no timezone conversion,one_side_only; absence_is_not_contradiction,107983dc72d381e6897a5a333556946adcc98daef82e954d52cec1fc402c3086,p09-r110-n0445,p09-r110-n0445-departure,raw DGCA digits retained; weekday mapping separately corroborated by AAI; no DGCA legend,unknown_not_stated_by_source,passenger_or_cargo_not_stated_by_source,not_established_by_approved_schedule
ai-s26-df17bf4f4d0dd4,AI,AIC,ATQ,DEL,AI 422,AI422,146,Monday;Thursday;Saturday,2026-03-30,2026-10-22,current,accepted,accepted_source_identity,confirmed_exact_designator,published,operating,,,B787,,12:45,unknown; no timezone conversion,one_side_only; absence_is_not_contradiction,107983dc72d381e6897a5a333556946adcc98daef82e954d52cec1fc402c3086,p02-r14-n0092,p02-r14-n0092-departure,raw DGCA digits retained; weekday mapping separately corroborated by AAI; no DGCA legend,unknown_not_stated_by_source,passenger_or_cargo_not_stated_by_source,not_established_by_approved_schedule
ai-s26-871cc998554ce6,AI,AIC,ATQ,DEL,AI 422,AI422,146,Monday;Thursday;Saturday,2026-03-30,2026-10-24,current,accepted,accepted_source_identity,confirmed_exact_designator,published,operating,,,B787,13:55,,unknown; no timezone conversion,one_side_only; absence_is_not_contradiction,107983dc72d381e6897a5a333556946adcc98daef82e954d52cec1fc402c3086,p11-r216-n0551,p11-r216-n0551-arrival,raw DGCA digits retained; weekday mapping separately corroborated by AAI; no DGCA legend,unknown_not_stated_by_source,passenger_or_cargo_not_stated_by_source,not_established_by_approved_schedule
ai-s26-b0c9f991b2a0a3,AI,AIC,DEL,AMD,AI 423,AI423,14,Monday;Thursday,2026-03-30,2026-07-30,expired,expired,accepted_source_identity,expired_not_compared_to_baseline,,,,,B787,11:40,,unknown; no timezone conversion,one_side_only; absence_is_not_contradiction,107983dc72d381e6897a5a333556946adcc98daef82e954d52cec1fc402c3086,p01-r37-n0037,p01-r37-n0037-arrival,raw DGCA digits retained; weekday mapping separately corroborated by AAI; no DGCA legend,unknown_not_stated_by_source,passenger_or_cargo_not_stated_by_source,not_established_by_approved_schedule
ai-s26-09fac4f8a683bf,AI,AIC,DEL,AMD,AI 423,AI423,14,Monday;Thursday,2026-03-30,2026-10-22,current,accepted,accepted_source_identity,confirmed_exact_designator,published,operating,,,B787,,09:50,unknown; no timezone conversion,one_side_only; absence_is_not_contradiction,107983dc72d381e6897a5a333556946adcc98daef82e954d52cec1fc402c3086,p09-r129-n0464,p09-r129-n0464-departure,raw DGCA digits retained; weekday mapping separately corroborated by AAI; no DGCA legend,unknown_not_stated_by_source,passenger_or_cargo_not_stated_by_source,not_established_by_approved_schedule
ai-s26-b8877d08f0c5af,AI,AIC,DEL,AMD,AI 423,AI423,14,Monday;Thursday,2026-08-03,2026-10-22,current,accepted,accepted_source_identity,confirmed_exact_designator,published,operating,,,B777,11:40,,unknown; no timezone conversion,one_side_only; absence_is_not_contradiction,107983dc72d381e6897a5a333556946adcc98daef82e954d52cec1fc402c3086,p01-r36-n0036,p01-r36-n0036-arrival,raw DGCA digits retained; weekday mapping separately corroborated by AAI; no DGCA legend,unknown_not_stated_by_source,passenger_or_cargo_not_stated_by_source,not_established_by_approved_schedule
ai-s26-1978b75e024aca,AI,AIC,DEL,AMD,AI 423,AI423,6,Saturday,2026-08-08,2026-10-24,current,accepted,accepted_source_identity,confirmed_exact_designator,published,operating,,,B777,11:40,,unknown; no timezone conversion,one_side_only; absence_is_not_contradiction,107983dc72d381e6897a5a333556946adcc98daef82e954d52cec1fc402c3086,p01-r35-n0035,p01-r35-n0035-arrival,raw DGCA digits retained; weekday mapping separately corroborated by AAI; no DGCA legend,unknown_not_stated_by_source,passenger_or_cargo_not_stated_by_source,not_established_by_approved_schedule
ai-s26-6754d3ee21f77f,AI,AIC,AMD,DEL,AI 424,AI424,3,Wednesday,2026-04-01,2026-04-29,expired,expired,accepted_source_identity,expired_not_compared_to_baseline,,,,,B787,,11:25,unknown; no timezone conversion,one_side_only; absence_is_not_contradiction,107983dc72d381e6897a5a333556946adcc98daef82e954d52cec1fc402c3086,p01-r27-n0027,p01-r27-n0027-departure,raw DGCA digits retained; weekday mapping separately corroborated by AAI; no DGCA legend,unknown_not_stated_by_source,passenger_or_cargo_not_stated_by_source,not_established_by_approved_schedule
ai-s26-a43579626d5e57,AI,AIC,AMD,DEL,AI 424,AI424,3,Wednesday,2026-05-06,2026-05-06,expired,expired,accepted_source_identity,expired_not_compared_to_baseline,,,,,B787,,10:05,unknown; no timezone conversion,one_side_only; absence_is_not_contradiction,107983dc72d381e6897a5a333556946adcc98daef82e954d52cec1fc402c3086,p01-r21-n0021,p01-r21-n0021-departure,raw DGCA digits retained; weekday mapping separately corroborated by AAI; no DGCA legend,unknown_not_stated_by_source,passenger_or_cargo_not_stated_by_source,not_established_by_approved_schedule
ai-s26-1d474b4b12533a,AI,AIC,AMD,DEL,AI 424,AI424,3,Wednesday,2026-05-13,2026-07-29,expired,expired,accepted_source_identity,expired_not_compared_to_baseline,,,,,B787,,11:25,unknown; no timezone conversion,one_side_only; absence_is_not_contradiction,107983dc72d381e6897a5a333556946adcc98daef82e954d52cec1fc402c3086,p01-r28-n0028,p01-r28-n0028-departure,raw DGCA digits retained; weekday mapping separately corroborated by AAI; no DGCA legend,unknown_not_stated_by_source,passenger_or_cargo_not_stated_by_source,not_established_by_approved_schedule
ai-s26-cb51e22aa69ff5,AI,AIC,AMD,DEL,AI 424,AI424,3,Wednesday,2026-08-05,2026-10-21,current,accepted,accepted_source_identity,confirmed_exact_designator,published,operating,,,B777,,11:25,unknown; no timezone conversion,one_side_only; absence_is_not_contradiction,107983dc72d381e6897a5a333556946adcc98daef82e954d52cec1fc402c3086,p01-r26-n0026,p01-r26-n0026-departure,raw DGCA digits retained; weekday mapping separately corroborated by AAI; no DGCA legend,unknown_not_stated_by_source,passenger_or_cargo_not_stated_by_source,not_established_by_approved_schedule
ai-s26-365cc13f34e886,AI,AIC,AMD,DEL,AI 424,AI424,35,Wednesday;Friday,2026-04-01,2026-10-23,current,accepted,accepted_source_identity,confirmed_exact_designator,published,operating,,,B787,14:10,,unknown; no timezone conversion,one_side_only; absence_is_not_contradiction,107983dc72d381e6897a5a333556946adcc98daef82e954d52cec1fc402c3086,p11-r222-n0557,p11-r222-n0557-arrival,raw DGCA digits retained; weekday mapping separately corroborated by AAI; no DGCA legend,unknown_not_stated_by_source,passenger_or_cargo_not_stated_by_source,not_established_by_approved_schedule
ai-s26-d4e20e9313de06,AI,AIC,AMD,DEL,AI 424,AI424,5,Friday,2026-04-03,2026-07-31,expired,expired,accepted_source_identity,expired_not_compared_to_baseline,,,,,B787,,11:30,unknown; no timezone conversion,one_side_only; absence_is_not_contradiction,107983dc72d381e6897a5a333556946adcc98daef82e954d52cec1fc402c3086,p01-r34-n0034,p01-r34-n0034-departure,raw DGCA digits retained; weekday mapping separately corroborated by AAI; no DGCA legend,unknown_not_stated_by_source,passenger_or_cargo_not_stated_by_source,not_established_by_approved_schedule
ai-s26-3f1ad3d8f0e195,AI,AIC,AMD,DEL,AI 424,AI424,5,Friday,2026-08-07,2026-10-23,current,accepted,accepted_source_identity,confirmed_exact_designator,published,operating,,,B777,,11:30,unknown; no timezone conversion,one_side_only; absence_is_not_contradiction,107983dc72d381e6897a5a333556946adcc98daef82e954d52cec1fc402c3086,p01-r33-n0033,p01-r33-n0033-departure,raw DGCA digits retained; weekday mapping separately corroborated by AAI; no DGCA legend,unknown_not_stated_by_source,passenger_or_cargo_not_stated_by_source,not_established_by_approved_schedule
ai-s26-eff401c91838b4,AI,AIC,AMD,DEL,AI 424,AI424,7,Sunday,2026-08-09,2026-10-18,current,accepted,accepted_source_identity,confirmed_exact_designator,published,operating,,,B777,,11:30,unknown; no timezone conversion,one_side_only; absence_is_not_contradiction,107983dc72d381e6897a5a333556946adcc98daef82e954d52cec1fc402c3086,p01-r32-n0032,p01-r32-n0032-departure,raw DGCA digits retained; weekday mapping separately corroborated by AAI; no DGCA legend,unknown_not_stated_by_source,passenger_or_cargo_not_stated_by_source,not_established_by_approved_schedule
ai-s26-63d39c40c1084b,AI,AIC,DEL,BLR,AI 427,AI427,13456,Monday;Wednesday;Thursday;Friday;Saturday,2026-03-30,2026-07-31,expired,expired,accepted_source_identity,expired_not_compared_to_baseline,,,,,B787,11:20,,unknown; no timezone conversion,one_side_only; absence_is_not_contradiction,107983dc72d381e6897a5a333556946adcc98daef82e954d52cec1fc402c3086,p03-r46-n0149,p03-r46-n0149-arrival,raw DGCA digits retained; weekday mapping separately corroborated by AAI; no DGCA legend,unknown_not_stated_by_source,passenger_or_cargo_not_stated_by_source,not_established_by_approved_schedule
ai-s26-3e72775d991825,AI,AIC,DEL,BLR,AI 427,AI427,1346,Monday;Wednesday;Thursday;Saturday,2026-08-01,2026-10-24,current,accepted,accepted_source_identity,confirmed_exact_designator,published,operating,,,B787,11:20,,unknown; no timezone conversion,one_side_only; absence_is_not_contradiction,107983dc72d381e6897a5a333556946adcc98daef82e954d52cec1fc402c3086,p03-r45-n0148,p03-r45-n0148-arrival,raw DGCA digits retained; weekday mapping separately corroborated by AAI; no DGCA legend,unknown_not_stated_by_source,passenger_or_cargo_not_stated_by_source,not_established_by_approved_schedule
ai-s26-801eed9b40666f,AI,AIC,DEL,BLR,AI 427,AI427,136,Monday;Wednesday;Saturday,2026-03-30,2026-06-29,expired,expired,accepted_source_identity,expired_not_compared_to_baseline,,,,,B787,,08:30,unknown; no timezone conversion,one_side_only; absence_is_not_contradiction,107983dc72d381e6897a5a333556946adcc98daef82e954d52cec1fc402c3086,p09-r99-n0434,p09-r99-n0434-departure,raw DGCA digits retained; weekday mapping separately corroborated by AAI; no DGCA legend,unknown_not_stated_by_source,passenger_or_cargo_not_stated_by_source,not_established_by_approved_schedule
ai-s26-106ed08da59789,AI,AIC,DEL,BLR,AI 427,AI427,136,Monday;Wednesday;Saturday,2026-07-01,2026-07-29,expired,expired,accepted_source_identity,expired_not_compared_to_baseline,,,,,B787,,08:30,unknown; no timezone conversion,one_side_only; absence_is_not_contradiction,107983dc72d381e6897a5a333556946adcc98daef82e954d52cec1fc402c3086,p09-r100-n0435,p09-r100-n0435-departure,raw DGCA digits retained; weekday mapping separately corroborated by AAI; no DGCA legend,unknown_not_stated_by_source,passenger_or_cargo_not_stated_by_source,not_established_by_approved_schedule
ai-s26-6a70c219f6b61a,AI,AIC,DEL,BLR,AI 427,AI427,136,Monday;Wednesday;Saturday,2026-08-01,2026-10-24,current,accepted,accepted_source_identity,confirmed_exact_designator,published,operating,,,B787,,08:30,unknown; no timezone conversion,one_side_only; absence_is_not_contradiction,107983dc72d381e6897a5a333556946adcc98daef82e954d52cec1fc402c3086,p09-r102-n0437,p09-r102-n0437-departure,raw DGCA digits retained; weekday mapping separately corroborated by AAI; no DGCA legend,unknown_not_stated_by_source,passenger_or_cargo_not_stated_by_source,not_established_by_approved_schedule
ai-s26-b0ad289a120202,AI,AIC,DEL,BLR,AI 427,AI427,45,Thursday;Friday,2026-04-02,2026-06-26,expired,expired,accepted_source_identity,expired_not_compared_to_baseline,,,,,B787,,08:30,unknown; no timezone conversion,one_side_only; absence_is_not_contradiction,107983dc72d381e6897a5a333556946adcc98daef82e954d52cec1fc402c3086,p08-r97-n0432,p08-r97-n0432-departure,raw DGCA digits retained; weekday mapping separately corroborated by AAI; no DGCA legend,unknown_not_stated_by_source,passenger_or_cargo_not_stated_by_source,not_established_by_approved_schedule
ai-s26-ade63d1c44b606,AI,AIC,DEL,BLR,AI 427,AI427,45,Thursday;Friday,2026-07-02,2026-07-31,expired,expired,accepted_source_identity,expired_not_compared_to_baseline,,,,,B787,,08:30,unknown; no timezone conversion,one_side_only; absence_is_not_contradiction,107983dc72d381e6897a5a333556946adcc98daef82e954d52cec1fc402c3086,p08-r98-n0433,p08-r98-n0433-departure,raw DGCA digits retained; weekday mapping separately corroborated by AAI; no DGCA legend,unknown_not_stated_by_source,passenger_or_cargo_not_stated_by_source,not_established_by_approved_schedule
ai-s26-5e0b0fbcde2243,AI,AIC,DEL,BLR,AI 427,AI427,45,Thursday;Friday,2026-08-06,2026-10-23,current,accepted,accepted_source_identity,confirmed_exact_designator,published,operating,,,B787,,08:30,unknown; no timezone conversion,one_side_only; absence_is_not_contradiction,107983dc72d381e6897a5a333556946adcc98daef82e954d52cec1fc402c3086,p09-r101-n0436,p09-r101-n0436-departure,raw DGCA digits retained; weekday mapping separately corroborated by AAI; no DGCA legend,unknown_not_stated_by_source,passenger_or_cargo_not_stated_by_source,not_established_by_approved_schedule
ai-s26-5fdaaddffd222e,AI,AIC,BLR,DEL,AI 428,AI428,134,Monday;Wednesday;Thursday,2026-08-03,2026-10-22,current,accepted,accepted_source_identity,confirmed_exact_designator,published,operating,,,B787,,14:30,unknown; no timezone conversion,one_side_only; absence_is_not_contradiction,107983dc72d381e6897a5a333556946adcc98daef82e954d52cec1fc402c3086,p04-r57-n0160,p04-r57-n0160-departure,raw DGCA digits retained; weekday mapping separately corroborated by AAI; no DGCA legend,unknown_not_stated_by_source,passenger_or_cargo_not_stated_by_source,not_established_by_approved_schedule
ai-s26-ab5f51461b4003,AI,AIC,BLR,DEL,AI 428,AI428,1345,Monday;Wednesday;Thursday;Friday,2026-03-30,2026-07-31,expired,expired,accepted_source_identity,expired_not_compared_to_baseline,,,,,B787,,14:30,unknown; no timezone conversion,one_side_only; absence_is_not_contradiction,107983dc72d381e6897a5a333556946adcc98daef82e954d52cec1fc402c3086,p04-r58-n0161,p04-r58-n0161-departure,raw DGCA digits retained; weekday mapping separately corroborated by AAI; no DGCA legend,unknown_not_stated_by_source,passenger_or_cargo_not_stated_by_source,not_established_by_approved_schedule
ai-s26-88724f76572155,AI,AIC,BLR,DEL,AI 428,AI428,13456,Monday;Wednesday;Thursday;Friday;Saturday,2026-03-30,2026-07-01,expired,expired,accepted_source_identity,expired_not_compared_to_baseline,,,,,B787,17:15,,unknown; no timezone conversion,one_side_only; absence_is_not_contradiction,107983dc72d381e6897a5a333556946adcc98daef82e954d52cec1fc402c3086,p12-r291-n0626,p12-r291-n0626-arrival,raw DGCA digits retained; weekday mapping separately corroborated by AAI; no DGCA legend,unknown_not_stated_by_source,passenger_or_cargo_not_stated_by_source,not_established_by_approved_schedule
ai-s26-da407e94bd75d6,AI,AIC,BLR,DEL,AI 428,AI428,13456,Monday;Wednesday;Thursday;Friday;Saturday,2026-07-02,2026-08-01,expired,expired,accepted_source_identity,expired_not_compared_to_baseline,,,,,B787,17:15,,unknown; no timezone conversion,one_side_only; absence_is_not_contradiction,107983dc72d381e6897a5a333556946adcc98daef82e954d52cec1fc402c3086,p12-r292-n0627,p12-r292-n0627-arrival,raw DGCA digits retained; weekday mapping separately corroborated by AAI; no DGCA legend,unknown_not_stated_by_source,passenger_or_cargo_not_stated_by_source,not_established_by_approved_schedule
ai-s26-f9522cd9cc2779,AI,AIC,BLR,DEL,AI 428,AI428,13456,Monday;Wednesday;Thursday;Friday;Saturday,2026-08-03,2026-10-24,current,accepted,accepted_source_identity,confirmed_exact_designator,published,operating,,,B787,17:15,,unknown; no timezone conversion,one_side_only; absence_is_not_contradiction,107983dc72d381e6897a5a333556946adcc98daef82e954d52cec1fc402c3086,p12-r293-n0628,p12-r293-n0628-arrival,raw DGCA digits retained; weekday mapping separately corroborated by AAI; no DGCA legend,unknown_not_stated_by_source,passenger_or_cargo_not_stated_by_source,not_established_by_approved_schedule
ai-s26-5a9d3d08ac8851,AI,AIC,BLR,DEL,AI 428,AI428,6,Saturday,2026-04-04,2026-08-01,expired,expired,accepted_source_identity,expired_not_compared_to_baseline,,,,,B787,,14:30,unknown; no timezone conversion,one_side_only; absence_is_not_contradiction,107983dc72d381e6897a5a333556946adcc98daef82e954d52cec1fc402c3086,p04-r55-n0158,p04-r55-n0158-departure,raw DGCA digits retained; weekday mapping separately corroborated by AAI; no DGCA legend,unknown_not_stated_by_source,passenger_or_cargo_not_stated_by_source,not_established_by_approved_schedule
ai-s26-77d12a39644d8e,AI,AIC,BLR,DEL,AI 428,AI428,6,Saturday,2026-08-08,2026-10-24,current,accepted,accepted_source_identity,confirmed_exact_designator,published,operating,,,B787,,14:30,unknown; no timezone conversion,one_side_only; absence_is_not_contradiction,107983dc72d381e6897a5a333556946adcc98daef82e954d52cec1fc402c3086,p04-r56-n0159,p04-r56-n0159-departure,raw DGCA digits retained; weekday mapping separately corroborated by AAI; no DGCA legend,unknown_not_stated_by_source,passenger_or_cargo_not_stated_by_source,not_established_by_approved_schedule
ai-s26-c94daabf5b214a,AI,AIC,BOM,DED,AI 431,AI431,1234567,Monday;Tuesday;Wednesday;Thursday;Friday;Saturday;Sunday,2026-03-29,2026-10-24,current,accepted,accepted_source_identity,confirmed_exact_designator,published,operating,,,A319,14:20,12:10,unknown; no timezone conversion,both_arrival_and_departure_rows,107983dc72d381e6897a5a333556946adcc98daef82e954d52cec1fc402c3086,p07-r5-n0320;p22-r130-n1192,p07-r5-n0320-arrival;p22-r130-n1192-departure,raw DGCA digits retained; weekday mapping separately corroborated by AAI; no DGCA legend,unknown_not_stated_by_source,passenger_or_cargo_not_stated_by_source,not_established_by_approved_schedule
ai-s26-9f3f1a6705f18a,AI,AIC,DED,BOM,AI 432,AI432,1234567,Monday;Tuesday;Wednesday;Thursday;Friday;Saturday;Sunday,2026-03-29,2026-10-24,current,accepted,accepted_source_identity,confirmed_exact_designator,published,operating,,,A319,17:25,14:55,unknown; no timezone conversion,both_arrival_and_departure_rows,107983dc72d381e6897a5a333556946adcc98daef82e954d52cec1fc402c3086,p07-r12-n0327;p23-r212-n1274,p07-r12-n0327-departure;p23-r212-n1274-arrival,raw DGCA digits retained; weekday mapping separately corroborated by AAI; no DGCA legend,unknown_not_stated_by_source,passenger_or_cargo_not_stated_by_source,not_established_by_approved_schedule
ai-s26-272438f9c27652,AI,AIC,BOM,MAA,AI 435,AI435,1234567,Monday;Tuesday;Wednesday;Thursday;Friday;Saturday;Sunday,2026-03-29,2026-10-24,current,accepted,accepted_source_identity,confirmed_exact_designator,published,operating,,,A319,20:30,18:10,unknown; no timezone conversion,both_arrival_and_departure_rows,107983dc72d381e6897a5a333556946adcc98daef82e954d52cec1fc402c3086,p06-r36-n0297;p24-r234-n1296,p06-r36-n0297-arrival;p24-r234-n1296-departure,raw DGCA digits retained; weekday mapping separately corroborated by AAI; no DGCA legend,unknown_not_stated_by_source,passenger_or_cargo_not_stated_by_source,not_established_by_approved_schedule
ai-s26-9cf218e515fae3,AI,AIC,MAA,BOM,AI 436,AI436,1234567,Monday;Tuesday;Wednesday;Thursday;Friday;Saturday;Sunday,2026-03-29,2026-10-24,current,accepted,accepted_source_identity,confirmed_exact_designator,published,operating,,,A319,23:30,21:05,unknown; no timezone conversion,both_arrival_and_departure_rows,107983dc72d381e6897a5a333556946adcc98daef82e954d52cec1fc402c3086,p06-r39-n0300;p25-r313-n1375,p06-r39-n0300-departure;p25-r313-n1375-arrival,raw DGCA digits retained; weekday mapping separately corroborated by AAI; no DGCA legend,unknown_not_stated_by_source,passenger_or_cargo_not_stated_by_source,not_established_by_approved_schedule
ai-s26-500d2cd585992d,AI,AIC,DEL,BOM,AI 441,AI441,12456,Monday;Tuesday;Thursday;Friday;Saturday,2026-03-30,2026-10-24,current,accepted,accepted_source_identity,confirmed_exact_designator,published,operating,,,B777,19:45,17:00,unknown; no timezone conversion,both_arrival_and_departure_rows,107983dc72d381e6897a5a333556946adcc98daef82e954d52cec1fc402c3086,p12-r288-n0623;p24-r264-n1326,p12-r288-n0623-departure;p24-r264-n1326-arrival,raw DGCA digits retained; weekday mapping separately corroborated by AAI; no DGCA legend,unknown_not_stated_by_source,passenger_or_cargo_not_stated_by_source,not_established_by_approved_schedule
ai-s26-7398c42b7b191b,AI,AIC,DEL,BOM,AI 441,AI441,3,Wednesday,2026-04-01,2026-04-01,expired,expired,accepted_source_identity,expired_not_compared_to_baseline,,,,,A350,19:45,,unknown; no timezone conversion,one_side_only; absence_is_not_contradiction,107983dc72d381e6897a5a333556946adcc98daef82e954d52cec1fc402c3086,p24-r260-n1322,p24-r260-n1322-arrival,raw DGCA digits retained; weekday mapping separately corroborated by AAI; no DGCA legend,unknown_not_stated_by_source,passenger_or_cargo_not_stated_by_source,not_established_by_approved_schedule
ai-s26-539e24bcd2e14c,AI,AIC,DEL,BOM,AI 441,AI441,3,Wednesday,2026-04-08,2026-04-29,expired,expired,accepted_source_identity,expired_not_compared_to_baseline,,,,,A350,19:45,,unknown; no timezone conversion,one_side_only; absence_is_not_contradiction,107983dc72d381e6897a5a333556946adcc98daef82e954d52cec1fc402c3086,p24-r261-n1323,p24-r261-n1323-arrival,raw DGCA digits retained; weekday mapping separately corroborated by AAI; no DGCA legend,unknown_not_stated_by_source,passenger_or_cargo_not_stated_by_source,not_established_by_approved_schedule
ai-s26-2dd9ad9f0d11e4,AI,AIC,DEL,BOM,AI 441,AI441,37,Wednesday;Sunday,2026-03-29,2026-10-21,current,accepted,accepted_source_identity,confirmed_exact_designator,published,operating,,,A350,,17:00,unknown; no timezone conversion,one_side_only; absence_is_not_contradiction,107983dc72d381e6897a5a333556946adcc98daef82e954d52cec1fc402c3086,p12-r287-n0622,p12-r287-n0622-departure,raw DGCA digits retained; weekday mapping separately corroborated by AAI; no DGCA legend,unknown_not_stated_by_source,passenger_or_cargo_not_stated_by_source,not_established_by_approved_schedule
ai-s26-3bfd24ca59b05f,AI,AIC,DEL,BOM,AI 441,AI441,37,Wednesday;Sunday,2026-05-03,2026-05-27,expired,expired,accepted_source_identity,expired_not_compared_to_baseline,,,,,A350,19:45,,unknown; no timezone conversion,one_side_only; absence_is_not_contradiction,107983dc72d381e6897a5a333556946adcc98daef82e954d52cec1fc402c3086,p24-r262-n1324,p24-r262-n1324-arrival,raw DGCA digits retained; weekday mapping separately corroborated by AAI; no DGCA legend,unknown_not_stated_by_source,passenger_or_cargo_not_stated_by_source,not_established_by_approved_schedule
ai-s26-7ec88b41def64e,AI,AIC,DEL,BOM,AI 441,AI441,37,Wednesday;Sunday,2026-06-03,2026-10-21,current,accepted,accepted_source_identity,confirmed_exact_designator,published,operating,,,A350,19:45,,unknown; no timezone conversion,one_side_only; absence_is_not_contradiction,107983dc72d381e6897a5a333556946adcc98daef82e954d52cec1fc402c3086,p24-r263-n1325,p24-r263-n1325-arrival,raw DGCA digits retained; weekday mapping separately corroborated by AAI; no DGCA legend,unknown_not_stated_by_source,passenger_or_cargo_not_stated_by_source,not_established_by_approved_schedule
ai-s26-545b37fa39e49e,AI,AIC,DEL,BOM,AI 441,AI441,7,Sunday,2026-03-29,2026-03-29,expired,expired,accepted_source_identity,expired_not_compared_to_baseline,,,,,A350,19:45,,unknown; no timezone conversion,one_side_only; absence_is_not_contradiction,107983dc72d381e6897a5a333556946adcc98daef82e954d52cec1fc402c3086,p24-r257-n1319,p24-r257-n1319-arrival,raw DGCA digits retained; weekday mapping separately corroborated by AAI; no DGCA legend,unknown_not_stated_by_source,passenger_or_cargo_not_stated_by_source,not_established_by_approved_schedule
ai-s26-937146c872d9ae,AI,AIC,DEL,BOM,AI 441,AI441,7,Sunday,2026-04-05,2026-04-26,expired,expired,accepted_source_identity,expired_not_compared_to_baseline,,,,,A350,19:45,,unknown; no timezone conversion,one_side_only; absence_is_not_contradiction,107983dc72d381e6897a5a333556946adcc98daef82e954d52cec1fc402c3086,p24-r258-n1320,p24-r258-n1320-arrival,raw DGCA digits retained; weekday mapping separately corroborated by AAI; no DGCA legend,unknown_not_stated_by_source,passenger_or_cargo_not_stated_by_source,not_established_by_approved_schedule
ai-s26-bbea17e5423e67,AI,AIC,DEL,BOM,AI 441,AI441,7,Sunday,2026-05-31,2026-05-31,expired,expired,accepted_source_identity,expired_not_compared_to_baseline,,,,,A350,19:45,,unknown; no timezone conversion,one_side_only; absence_is_not_contradiction,107983dc72d381e6897a5a333556946adcc98daef82e954d52cec1fc402c3086,p24-r259-n1321,p24-r259-n1321-arrival,raw DGCA digits retained; weekday mapping separately corroborated by AAI; no DGCA legend,unknown_not_stated_by_source,passenger_or_cargo_not_stated_by_source,not_established_by_approved_schedule
ai-s26-75be8eb4fc0b24,AI,AIC,AMD,DEL,AI 456,AI456,7,Sunday,2026-03-29,2026-03-29,expired,expired,accepted_source_identity,expired_not_compared_to_baseline,,,,,A320,00:45,,unknown; no timezone conversion,one_side_only; absence_is_not_contradiction,107983dc72d381e6897a5a333556946adcc98daef82e954d52cec1fc402c3086,p07-r14-n0349,p07-r14-n0349-arrival,raw DGCA digits retained; weekday mapping separately corroborated by AAI; no DGCA legend,unknown_not_stated_by_source,passenger_or_cargo_not_stated_by_source,not_established_by_approved_schedule
ai-s26-d46aefbf0c077f,AI,AIC,DEL,NAG,AI 465,AI465,1234567,Monday;Tuesday;Wednesday;Thursday;Friday;Saturday;Sunday,2026-03-29,2026-10-24,current,accepted,accepted_source_identity,confirmed_exact_designator,published,operating,,,A319,18:10,16:20,unknown; no timezone conversion,both_arrival_and_departure_rows,107983dc72d381e6897a5a333556946adcc98daef82e954d52cec1fc402c3086,p12-r274-n0609;p25-r5-n1387,p12-r274-n0609-departure;p25-r5-n1387-arrival,raw DGCA digits retained; weekday mapping separately corroborated by AAI; no DGCA legend,unknown_not_stated_by_source,passenger_or_cargo_not_stated_by_source,not_established_by_approved_schedule
ai-s26-8d7f0387f8d320,AI,AIC,NAG,DEL,AI 466,AI466,1234567,Monday;Tuesday;Wednesday;Thursday;Friday;Saturday;Sunday,2026-03-29,2026-10-24,current,accepted,accepted_source_identity,confirmed_exact_designator,published,operating,,,A319,20:35,18:50,unknown; no timezone conversion,both_arrival_and_departure_rows,107983dc72d381e6897a5a333556946adcc98daef82e954d52cec1fc402c3086,p13-r361-n0696;p25-r6-n1388,p13-r361-n0696-arrival;p25-r6-n1388-departure,raw DGCA digits retained; weekday mapping separately corroborated by AAI; no DGCA legend,unknown_not_stated_by_source,passenger_or_cargo_not_stated_by_source,not_established_by_approved_schedule
ai-s26-bca5da2843f376,AI,AIC,BOM,IXC,AI 471,AI471,123456,Monday;Tuesday;Wednesday;Thursday;Friday;Saturday,2026-03-30,2026-10-24,current,accepted,accepted_source_identity,confirmed_exact_designator,published,operating,,,A319,08:20,06:05,unknown; no timezone conversion,both_arrival_and_departure_rows,107983dc72d381e6897a5a333556946adcc98daef82e954d52cec1fc402c3086,p05-r6-n0241;p20-r29-n1091,p05-r6-n0241-arrival;p20-r29-n1091-departure,raw DGCA digits retained; weekday mapping separately corroborated by AAI; no DGCA legend,unknown_not_stated_by_source,passenger_or_cargo_not_stated_by_source,not_established_by_approved_schedule
ai-s26-6d23b2a859cc3d,AI,AIC,BOM,IXC,AI 471,AI471,7,Sunday,2026-03-29,2026-10-18,current,accepted,accepted_source_identity,confirmed_exact_designator,published,operating,,,A319,07:35,05:25,unknown; no timezone conversion,both_arrival_and_departure_rows,107983dc72d381e6897a5a333556946adcc98daef82e954d52cec1fc402c3086,p05-r2-n0237;p20-r24-n1086,p05-r2-n0237-arrival;p20-r24-n1086-departure,raw DGCA digits retained; weekday mapping separately corroborated by AAI; no DGCA legend,unknown_not_stated_by_source,passenger_or_cargo_not_stated_by_source,not_established_by_approved_schedule
ai-s26-1351f0f1e6447f,AI,AIC,IXC,BOM,AI 472,AI472,123456,Monday;Tuesday;Wednesday;Thursday;Friday;Saturday,2026-03-30,2026-10-24,current,accepted,accepted_source_identity,confirmed_exact_designator,published,operating,,,A319,11:35,09:00,unknown; no timezone conversion,both_arrival_and_departure_rows,107983dc72d381e6897a5a333556946adcc98daef82e954d52cec1fc402c3086,p05-r8-n0243;p22-r123-n1185,p05-r8-n0243-departure;p22-r123-n1185-arrival,raw DGCA digits retained; weekday mapping separately corroborated by AAI; no DGCA legend,unknown_not_stated_by_source,passenger_or_cargo_not_stated_by_source,not_established_by_approved_schedule
ai-s26-23a39ec90b06e9,AI,AIC,IXC,BOM,AI 472,AI472,7,Sunday,2026-03-29,2026-10-18,current,accepted,accepted_source_identity,confirmed_exact_designator,published,operating,,,A319,11:05,08:15,unknown; no timezone conversion,both_arrival_and_departure_rows,107983dc72d381e6897a5a333556946adcc98daef82e954d52cec1fc402c3086,p05-r5-n0240;p21-r109-n1171,p05-r5-n0240-departure;p21-r109-n1171-arrival,raw DGCA digits retained; weekday mapping separately corroborated by AAI; no DGCA legend,unknown_not_stated_by_source,passenger_or_cargo_not_stated_by_source,not_established_by_approved_schedule
ai-s26-95039d33696cde,AI,AIC,DEL,ATQ,AI 479,AI479,1234567,Monday;Tuesday;Wednesday;Thursday;Friday;Saturday;Sunday,2026-03-29,2026-10-24,current,accepted,accepted_source_identity,confirmed_exact_designator,published,operating,,,A321,22:30,21:15,unknown; no timezone conversion,both_arrival_and_departure_rows,107983dc72d381e6897a5a333556946adcc98daef82e954d52cec1fc402c3086,p03-r19-n0097;p13-r372-n0707,p03-r19-n0097-arrival;p13-r372-n0707-departure,raw DGCA digits retained; weekday mapping separately corroborated by AAI; no DGCA legend,unknown_not_stated_by_source,passenger_or_cargo_not_stated_by_source,not_established_by_approved_schedule
ai-s26-c2e3ad77f36fb1,AI,AIC,ATQ,DEL,AI 480,AI480,1234567,Monday;Tuesday;Wednesday;Thursday;Friday;Saturday;Sunday,2026-03-29,2026-10-24,current,accepted,accepted_source_identity,confirmed_exact_designator,published,operating,,,A321,00:35,23:20,unknown; no timezone conversion,both_arrival_and_departure_rows,107983dc72d381e6897a5a333556946adcc98daef82e954d52cec1fc402c3086,p03-r21-n0099;p07-r10-n0345,p03-r21-n0099-departure;p07-r10-n0345-arrival,raw DGCA digits retained; weekday mapping separately corroborated by AAI; no DGCA legend,unknown_not_stated_by_source,passenger_or_cargo_not_stated_by_source,not_established_by_approved_schedule
ai-s26-9c9af8b01d1c02,AI,AIC,DEL,HWR,AI 481,AI481,1234567,Monday;Tuesday;Wednesday;Thursday;Friday;Saturday;Sunday,2026-03-29,2026-10-24,current,accepted,accepted_source_identity,confirmed_exact_designator,published,operating,,,A321,09:45,08:35,unknown; no timezone conversion,both_arrival_and_departure_rows,107983dc72d381e6897a5a333556946adcc98daef82e954d52cec1fc402c3086,p09-r104-n0439;p15-r1-n0787,p09-r104-n0439-departure;p15-r1-n0787-arrival,raw DGCA digits retained; weekday mapping separately corroborated by AAI; no DGCA legend,unknown_not_stated_by_source,passenger_or_cargo_not_stated_by_source,not_established_by_approved_schedule
ai-s26-58525255bf608a,AI,AIC,HWR,DEL,AI 482,AI482,1234567,Monday;Tuesday;Wednesday;Thursday;Friday;Saturday;Sunday,2026-03-29,2026-10-24,current,accepted,accepted_source_identity,confirmed_exact_designator,published,operating,,,A321,12:10,10:25,unknown; no timezone conversion,both_arrival_and_departure_rows,107983dc72d381e6897a5a333556946adcc98daef82e954d52cec1fc402c3086,p10-r183-n0518;p15-r2-n0788,p10-r183-n0518-arrival;p15-r2-n0788-departure,raw DGCA digits retained; weekday mapping separately corroborated by AAI; no DGCA legend,unknown_not_stated_by_source,passenger_or_cargo_not_stated_by_source,not_established_by_approved_schedule
ai-s26-b295d0c534a1d0,AI,AIC,DEL,HWR,AI 483,AI483,1234567,Monday;Tuesday;Wednesday;Thursday;Friday;Saturday;Sunday,2026-03-29,2026-10-24,current,accepted,accepted_source_identity,confirmed_exact_designator,published,operating,,,A320,14:10,12:55,unknown; no timezone conversion,both_arrival_and_departure_rows,107983dc72d381e6897a5a333556946adcc98daef82e954d52cec1fc402c3086,p10-r196-n0531;p15-r3-n0789,p10-r196-n0531-departure;p15-r3-n0789-arrival,raw DGCA digits retained; weekday mapping separately corroborated by AAI; no DGCA legend,unknown_not_stated_by_source,passenger_or_cargo_not_stated_by_source,not_established_by_approved_schedule
ai-s26-98f230a996bdec,AI,AIC,HWR,DEL,AI 484,AI484,123456,Monday;Tuesday;Wednesday;Thursday;Friday;Saturday,2026-03-30,2026-07-04,expired,expired,accepted_source_identity,expired_not_compared_to_baseline,,,,,A320,15:55,,unknown; no timezone conversion,one_side_only; absence_is_not_contradiction,107983dc72d381e6897a5a333556946adcc98daef82e954d52cec1fc402c3086,p11-r261-n0596,p11-r261-n0596-arrival,raw DGCA digits retained; weekday mapping separately corroborated by AAI; no DGCA legend,unknown_not_stated_by_source,passenger_or_cargo_not_stated_by_source,not_established_by_approved_schedule
ai-s26-b7b252dac0ecda,AI,AIC,HWR,DEL,AI 484,AI484,123456,Monday;Tuesday;Wednesday;Thursday;Friday;Saturday,2026-07-06,2026-10-24,current,accepted,accepted_source_identity,confirmed_exact_designator,published,operating,,,A320,15:55,,unknown; no timezone conversion,one_side_only; absence_is_not_contradiction,107983dc72d381e6897a5a333556946adcc98daef82e954d52cec1fc402c3086,p11-r262-n0597,p11-r262-n0597-arrival,raw DGCA digits retained; weekday mapping separately corroborated by AAI; no DGCA legend,unknown_not_stated_by_source,passenger_or_cargo_not_stated_by_source,not_established_by_approved_schedule
ai-s26-cbdf13a598465a,AI,AIC,HWR,DEL,AI 484,AI484,1234567,Monday;Tuesday;Wednesday;Thursday;Friday;Saturday;Sunday,2026-03-29,2026-10-24,current,accepted,accepted_source_identity,confirmed_exact_designator,published,operating,,,A320,,14:40,unknown; no timezone conversion,one_side_only; absence_is_not_contradiction,107983dc72d381e6897a5a333556946adcc98daef82e954d52cec1fc402c3086,p15-r4-n0790,p15-r4-n0790-departure,raw DGCA digits retained; weekday mapping separately corroborated by AAI; no DGCA legend,unknown_not_stated_by_source,passenger_or_cargo_not_stated_by_source,not_established_by_approved_schedule
ai-s26-bb7cd1e2d432a5,AI,AIC,HWR,DEL,AI 484,AI484,7,Sunday,2026-03-29,2026-06-28,expired,expired,accepted_source_identity,expired_not_compared_to_baseline,,,,,A320,14:55,,unknown; no timezone conversion,one_side_only; absence_is_not_contradiction,107983dc72d381e6897a5a333556946adcc98daef82e954d52cec1fc402c3086,p11-r236-n0571,p11-r236-n0571-arrival,raw DGCA digits retained; weekday mapping separately corroborated by AAI; no DGCA legend,unknown_not_stated_by_source,passenger_or_cargo_not_stated_by_source,not_established_by_approved_schedule
ai-s26-3ad465ba9dfaaf,AI,AIC,HWR,DEL,AI 484,AI484,7,Sunday,2026-07-05,2026-10-18,current,accepted,accepted_source_identity,confirmed_exact_designator,published,operating,,,A320,15:55,,unknown; no timezone conversion,one_side_only; absence_is_not_contradiction,107983dc72d381e6897a5a333556946adcc98daef82e954d52cec1fc402c3086,p11-r260-n0595,p11-r260-n0595-arrival,raw DGCA digits retained; weekday mapping separately corroborated by AAI; no DGCA legend,unknown_not_stated_by_source,passenger_or_cargo_not_stated_by_source,not_established_by_approved_schedule
ai-s26-b2f174f94d2f37,AI,AIC,DEL,IXZ,AI 485,AI485,7,Sunday,2026-03-29,2026-03-29,expired,expired,accepted_source_identity,expired_not_compared_to_baseline,,,,,A320,09:10,,unknown; no timezone conversion,one_side_only; absence_is_not_contradiction,107983dc72d381e6897a5a333556946adcc98daef82e954d52cec1fc402c3086,p26-r2-n1404,p26-r2-n1404-arrival,raw DGCA digits retained; weekday mapping separately corroborated by AAI; no DGCA legend,unknown_not_stated_by_source,passenger_or_cargo_not_stated_by_source,not_established_by_approved_schedule
ai-s26-25d232e37710d4,AI,AIC,DEL,IXZ,AI 485,AI485,7,Sunday,2026-04-05,2026-04-05,expired,expired,accepted_source_identity,expired_not_compared_to_baseline,,,,,A320,09:10,,unknown; no timezone conversion,one_side_only; absence_is_not_contradiction,107983dc72d381e6897a5a333556946adcc98daef82e954d52cec1fc402c3086,p26-r1-n1403,p26-r1-n1403-arrival,raw DGCA digits retained; weekday mapping separately corroborated by AAI; no DGCA legend,unknown_not_stated_by_source,passenger_or_cargo_not_stated_by_source,not_established_by_approved_schedule
ai-s26-2ddd450fefab74,AI,AIC,VTZ,IXZ,AI 485,AI485,4,Thursday,2026-04-02,2026-04-02,expired,expired,accepted_source_identity,expired_not_compared_to_baseline,,,,,A320,09:10,,unknown; no timezone conversion,one_side_only; absence_is_not_contradiction,107983dc72d381e6897a5a333556946adcc98daef82e954d52cec1fc402c3086,p26-r3-n1405,p26-r3-n1405-arrival,raw DGCA digits retained; weekday mapping separately corroborated by AAI; no DGCA legend,unknown_not_stated_by_source,passenger_or_cargo_not_stated_by_source,not_established_by_approved_schedule
ai-s26-0c0aa90e1d4cc8,AI,AIC,IXZ,DEL,AI 486,AI486,4,Thursday,2026-04-02,2026-04-02,expired,expired,accepted_source_identity,expired_not_compared_to_baseline,,,,,A320,,10:00,unknown; no timezone conversion,one_side_only; absence_is_not_contradiction,107983dc72d381e6897a5a333556946adcc98daef82e954d52cec1fc402c3086,p26-r6-n1408,p26-r6-n1408-departure,raw DGCA digits retained; weekday mapping separately corroborated by AAI; no DGCA legend,unknown_not_stated_by_source,passenger_or_cargo_not_stated_by_source,not_established_by_approved_schedule
ai-s26-debdeb0f69bb18,AI,AIC,IXZ,VTZ,AI 486,AI486,7,Sunday,2026-03-29,2026-03-29,expired,expired,accepted_source_identity,expired_not_compared_to_baseline,,,,,A320,,10:00,unknown; no timezone conversion,one_side_only; absence_is_not_contradiction,107983dc72d381e6897a5a333556946adcc98daef82e954d52cec1fc402c3086,p26-r5-n1407,p26-r5-n1407-departure,raw DGCA digits retained; weekday mapping separately corroborated by AAI; no DGCA legend,unknown_not_stated_by_source,passenger_or_cargo_not_stated_by_source,not_established_by_approved_schedule
ai-s26-b4cfeb095183fa,AI,AIC,IXZ,VTZ,AI 486,AI486,7,Sunday,2026-04-05,2026-04-05,expired,expired,accepted_source_identity,expired_not_compared_to_baseline,,,,,A320,,10:00,unknown; no timezone conversion,one_side_only; absence_is_not_contradiction,107983dc72d381e6897a5a333556946adcc98daef82e954d52cec1fc402c3086,p26-r4-n1406,p26-r4-n1406-departure,raw DGCA digits retained; weekday mapping separately corroborated by AAI; no DGCA legend,unknown_not_stated_by_source,passenger_or_cargo_not_stated_by_source,not_established_by_approved_schedule
ai-s26-b6c037be9c9df7,AI,AIC,DEL,GOI,AI 487,AI487,1234567,Monday;Tuesday;Wednesday;Thursday;Friday;Saturday;Sunday,2026-03-29,2026-10-24,current,accepted,accepted_source_identity,confirmed_exact_designator,published,operating,,,A320,18:30,16:00,unknown; no timezone conversion,both_arrival_and_departure_rows,107983dc72d381e6897a5a333556946adcc98daef82e954d52cec1fc402c3086,p11-r265-n0600;p14-r13-n0773,p11-r265-n0600-departure;p14-r13-n0773-arrival,raw DGCA digits retained; weekday mapping separately corroborated by AAI; no DGCA legend,unknown_not_stated_by_source,passenger_or_cargo_not_stated_by_source,not_established_by_approved_schedule
ai-s26-4a36b62431bd03,AI,AIC,GOI,DEL,AI 488,AI488,1234567,Monday;Tuesday;Wednesday;Thursday;Friday;Saturday;Sunday,2026-03-29,2026-10-24,current,accepted,accepted_source_identity,confirmed_exact_designator,published,operating,,,A320,21:45,19:10,unknown; no timezone conversion,both_arrival_and_departure_rows,107983dc72d381e6897a5a333556946adcc98daef82e954d52cec1fc402c3086,p13-r380-n0715;p14-r14-n0774,p13-r380-n0715-arrival;p14-r14-n0774-departure,raw DGCA digits retained; weekday mapping separately corroborated by AAI; no DGCA legend,unknown_not_stated_by_source,passenger_or_cargo_not_stated_by_source,not_established_by_approved_schedule
ai-s26-870bb94cf18613,AI,AIC,DEL,ATQ,AI 491,AI491,1234567,Monday;Tuesday;Wednesday;Thursday;Friday;Saturday;Sunday,2026-03-29,2026-10-24,current,accepted,accepted_source_identity,confirmed_exact_designator,published,operating,,,A321,12:50,11:30,unknown; no timezone conversion,both_arrival_and_departure_rows,107983dc72d381e6897a5a333556946adcc98daef82e954d52cec1fc402c3086,p02-r15-n0093;p10-r169-n0504,p02-r15-n0093-arrival;p10-r169-n0504-departure,raw DGCA digits retained; weekday mapping separately corroborated by AAI; no DGCA legend,unknown_not_stated_by_source,passenger_or_cargo_not_stated_by_source,not_established_by_approved_schedule
ai-s26-df38a32ac3181a,AI,AIC,ATQ,DEL,AI 492,AI492,1234567,Monday;Tuesday;Wednesday;Thursday;Friday;Saturday;Sunday,2026-03-29,2026-10-24,current,accepted,accepted_source_identity,confirmed_exact_designator,published,operating,,,A321,14:50,13:25,unknown; no timezone conversion,both_arrival_and_departure_rows,107983dc72d381e6897a5a333556946adcc98daef82e954d52cec1fc402c3086,p02-r17-n0095;p11-r234-n0569,p02-r17-n0095-departure;p11-r234-n0569-arrival,raw DGCA digits retained; weekday mapping separately corroborated by AAI; no DGCA legend,unknown_not_stated_by_source,passenger_or_cargo_not_stated_by_source,not_established_by_approved_schedule
ai-s26-279f669a31ba07,AI,AIC,BOM,AMD,AI 493,AI493,1234567,Monday;Tuesday;Wednesday;Thursday;Friday;Saturday;Sunday,2026-03-29,2026-10-24,current,accepted,accepted_source_identity,confirmed_exact_designator,published,operating,,,A321,07:50,06:40,unknown; no timezone conversion,both_arrival_and_departure_rows,107983dc72d381e6897a5a333556946adcc98daef82e954d52cec1fc402c3086,p01-r14-n0014;p20-r36-n1098,p01-r14-n0014-arrival;p20-r36-n1098-departure,raw DGCA digits retained; weekday mapping separately corroborated by AAI; no DGCA legend,unknown_not_stated_by_source,passenger_or_cargo_not_stated_by_source,not_established_by_approved_schedule
ai-s26-e135092cea5018,AI,AIC,AMD,BOM,AI 494,AI494,1234567,Monday;Tuesday;Wednesday;Thursday;Friday;Saturday;Sunday,2026-03-29,2026-10-24,current,accepted,accepted_source_identity,confirmed_exact_designator,published,operating,,,A321,10:30,08:45,unknown; no timezone conversion,both_arrival_and_departure_rows,107983dc72d381e6897a5a333556946adcc98daef82e954d52cec1fc402c3086,p01-r16-n0016;p21-r100-n1162,p01-r16-n0016-departure;p21-r100-n1162-arrival,raw DGCA digits retained; weekday mapping separately corroborated by AAI; no DGCA legend,unknown_not_stated_by_source,passenger_or_cargo_not_stated_by_source,not_established_by_approved_schedule
ai-s26-948b490f359adb,AI,AIC,DEL,ATQ,AI 495,AI495,1234567,Monday;Tuesday;Wednesday;Thursday;Friday;Saturday;Sunday,2026-03-29,2026-10-24,current,accepted,accepted_source_identity,confirmed_exact_designator,published,operating,,,A321,09:30,08:10,unknown; no timezone conversion,both_arrival_and_departure_rows,107983dc72d381e6897a5a333556946adcc98daef82e954d52cec1fc402c3086,p02-r7-n0085;p08-r90-n0425,p02-r7-n0085-arrival;p08-r90-n0425-departure,raw DGCA digits retained; weekday mapping separately corroborated by AAI; no DGCA legend,unknown_not_stated_by_source,passenger_or_cargo_not_stated_by_source,not_established_by_approved_schedule
ai-s26-c39a5ccab7116d,AI,AIC,ATQ,DEL,AI 496,AI496,1234567,Monday;Tuesday;Wednesday;Thursday;Friday;Saturday;Sunday,2026-03-29,2026-10-24,current,accepted,accepted_source_identity,confirmed_exact_designator,published,operating,,,A321,11:50,10:20,unknown; no timezone conversion,both_arrival_and_departure_rows,107983dc72d381e6897a5a333556946adcc98daef82e954d52cec1fc402c3086,p02-r8-n0086;p10-r174-n0509,p02-r8-n0086-departure;p10-r174-n0509-arrival,raw DGCA digits retained; weekday mapping separately corroborated by AAI; no DGCA legend,unknown_not_stated_by_source,passenger_or_cargo_not_stated_by_source,not_established_by_approved_schedule
ai-s26-2576d09b80dd25,AI,AIC,COK,DEL,AI 506,AI506,7,Sunday,2026-03-29,2026-03-29,expired,expired,accepted_source_identity,expired_not_compared_to_baseline,,,,,A320,02:25,,unknown; no timezone conversion,one_side_only; absence_is_not_contradiction,107983dc72d381e6897a5a333556946adcc98daef82e954d52cec1fc402c3086,p07-r26-n0361,p07-r26-n0361-arrival,raw DGCA digits retained; weekday mapping separately corroborated by AAI; no DGCA legend,unknown_not_stated_by_source,passenger_or_cargo_not_stated_by_source,not_established_by_approved_schedule
ai-s26-ae20a160795f00,AI,AIC,DEL,AMD,AI 531,AI531,1234567,Monday;Tuesday;Wednesday;Thursday;Friday;Saturday;Sunday,2026-03-29,2026-10-24,current,accepted,accepted_source_identity,confirmed_exact_designator,published,operating,,,A321,20:50,19:20,unknown; no timezone conversion,both_arrival_and_departure_rows,107983dc72d381e6897a5a333556946adcc98daef82e954d52cec1fc402c3086,p02-r70-n0070;p13-r338-n0673,p02-r70-n0070-arrival;p13-r338-n0673-departure,raw DGCA digits retained; weekday mapping separately corroborated by AAI; no DGCA legend,unknown_not_stated_by_source,passenger_or_cargo_not_stated_by_source,not_established_by_approved_schedule
ai-s26-2aeababb69c334,AI,AIC,AMD,DEL,AI 532,AI532,1234567,Monday;Tuesday;Wednesday;Thursday;Friday;Saturday;Sunday,2026-03-29,2026-10-24,current,accepted,accepted_source_identity,confirmed_exact_designator,published,operating,,,A321,23:40,21:30,unknown; no timezone conversion,both_arrival_and_departure_rows,107983dc72d381e6897a5a333556946adcc98daef82e954d52cec1fc402c3086,p02-r72-n0072;p14-r419-n0754,p02-r72-n0072-departure;p14-r419-n0754-arrival,raw DGCA digits retained; weekday mapping separately corroborated by AAI; no DGCA legend,unknown_not_stated_by_source,passenger_or_cargo_not_stated_by_source,not_established_by_approved_schedule
ai-s26-310dff3f8d3660,AI,AIC,AMD,DEL,AI 532A,AI532A,6,Saturday,2026-10-24,2026-10-24,future,accepted,accepted_source_identity,existing_route_unlisted_designator,published,operating,,,A321,23:35,,unknown; no timezone conversion,one_side_only; absence_is_not_contradiction,107983dc72d381e6897a5a333556946adcc98daef82e954d52cec1fc402c3086,p14-r417-n0752,p14-r417-n0752-arrival,raw DGCA digits retained; weekday mapping separately corroborated by AAI; no DGCA legend,unknown_not_stated_by_source,passenger_or_cargo_not_stated_by_source,not_established_by_approved_schedule
ai-s26-c0183050c7f159,AI,AIC,DEL,MAA,AI 537,AI537,1234567,Monday;Tuesday;Wednesday;Thursday;Friday;Saturday;Sunday,2026-03-29,2026-10-24,current,accepted,accepted_source_identity,confirmed_exact_designator,published,operating,,,B777,19:05,16:15,unknown; no timezone conversion,both_arrival_and_departure_rows,107983dc72d381e6897a5a333556946adcc98daef82e954d52cec1fc402c3086,p06-r35-n0296;p11-r272-n0607,p06-r35-n0296-arrival;p11-r272-n0607-departure,raw DGCA digits retained; weekday mapping separately corroborated by AAI; no DGCA legend,unknown_not_stated_by_source,passenger_or_cargo_not_stated_by_source,not_established_by_approved_schedule
ai-s26-fa7d748fee7240,AI,AIC,MAA,DEL,AI 538,AI538,1234567,Monday;Tuesday;Wednesday;Thursday;Friday;Saturday;Sunday,2026-03-29,2026-10-24,current,accepted,accepted_source_identity,confirmed_exact_designator,published,operating,,,B777,23:25,20:35,unknown; no timezone conversion,both_arrival_and_departure_rows,107983dc72d381e6897a5a333556946adcc98daef82e954d52cec1fc402c3086,p06-r37-n0298;p14-r416-n0751,p06-r37-n0298-departure;p14-r416-n0751-arrival,raw DGCA digits retained; weekday mapping separately corroborated by AAI; no DGCA legend,unknown_not_stated_by_source,passenger_or_cargo_not_stated_by_source,not_established_by_approved_schedule
ai-s26-46a937c76697ce,AI,AIC,DEL,HYD,AI 544,AI544,1,Monday,2026-03-30,2026-05-04,expired,expired,accepted_source_identity,expired_not_compared_to_baseline,,,,,A350,18:30,16:00,unknown; no timezone conversion,both_arrival_and_departure_rows,107983dc72d381e6897a5a333556946adcc98daef82e954d52cec1fc402c3086,p11-r267-n0602;p15-r44-n0834,p11-r267-n0602-departure;p15-r44-n0834-arrival,raw DGCA digits retained; weekday mapping separately corroborated by AAI; no DGCA legend,unknown_not_stated_by_source,passenger_or_cargo_not_stated_by_source,not_established_by_approved_schedule
ai-s26-0096d15b53ef99,AI,AIC,DEL,HYD,AI 544,AI544,3,Wednesday,2026-04-01,2026-10-21,current,accepted,accepted_source_identity,confirmed_exact_designator,published,operating,,,A350,18:30,16:00,unknown; no timezone conversion,both_arrival_and_departure_rows,107983dc72d381e6897a5a333556946adcc98daef82e954d52cec1fc402c3086,p11-r266-n0601;p15-r43-n0833,p11-r266-n0601-departure;p15-r43-n0833-arrival,raw DGCA digits retained; weekday mapping separately corroborated by AAI; no DGCA legend,unknown_not_stated_by_source,passenger_or_cargo_not_stated_by_source,not_established_by_approved_schedule
ai-s26-2195ac675a6840,AI,AIC,BOM,MAA,AI 573,AI573,1234567,Monday;Tuesday;Wednesday;Thursday;Friday;Saturday;Sunday,2026-03-29,2026-10-24,current,accepted,accepted_source_identity,confirmed_exact_designator,published,operating,,,A321,18:20,16:00,unknown; no timezone conversion,both_arrival_and_departure_rows,107983dc72d381e6897a5a333556946adcc98daef82e954d52cec1fc402c3086,p06-r34-n0295;p23-r195-n1257,p06-r34-n0295-arrival;p23-r195-n1257-departure,raw DGCA digits retained; weekday mapping separately corroborated by AAI; no DGCA legend,unknown_not_stated_by_source,passenger_or_cargo_not_stated_by_source,not_established_by_approved_schedule
ai-s26-cc338395332ad2,AI,AIC,MAA,BOM,AI 574,AI574,1234567,Monday;Tuesday;Wednesday;Thursday;Friday;Saturday;Sunday,2026-03-29,2026-10-24,current,accepted,accepted_source_identity,confirmed_exact_designator,published,operating,,,A321,14:50,12:25,unknown; no timezone conversion,both_arrival_and_departure_rows,107983dc72d381e6897a5a333556946adcc98daef82e954d52cec1fc402c3086,p06-r22-n0283;p23-r172-n1234,p06-r22-n0283-departure;p23-r172-n1234-arrival,raw DGCA digits retained; weekday mapping separately corroborated by AAI; no DGCA legend,unknown_not_stated_by_source,passenger_or_cargo_not_stated_by_source,not_established_by_approved_schedule
ai-s26-4197578a5c8079,AI,AIC,BOM,VGA,AI 598,AI598,1234567,Monday;Tuesday;Wednesday;Thursday;Friday;Saturday;Sunday,2026-03-29,2026-10-24,current,accepted,accepted_source_identity,confirmed_exact_designator,published,operating,,,A319,17:30,,unknown; no timezone conversion,one_side_only; absence_is_not_contradiction,107983dc72d381e6897a5a333556946adcc98daef82e954d52cec1fc402c3086,p28-r3-n1528,p28-r3-n1528-arrival,raw DGCA digits retained; weekday mapping separately corroborated by AAI; no DGCA legend,unknown_not_stated_by_source,passenger_or_cargo_not_stated_by_source,not_established_by_approved_schedule
ai-s26-68192bf24c5594,AI,AIC,BOM,VGA,AI 598,AI598,123567,Monday;Tuesday;Wednesday;Friday;Saturday;Sunday,2026-03-29,2026-10-24,current,accepted,accepted_source_identity,confirmed_exact_designator,published,operating,,,A319,,15:35,unknown; no timezone conversion,one_side_only; absence_is_not_contradiction,107983dc72d381e6897a5a333556946adcc98daef82e954d52cec1fc402c3086,p23-r191-n1253,p23-r191-n1253-departure,raw DGCA digits retained; weekday mapping separately corroborated by AAI; no DGCA legend,unknown_not_stated_by_source,passenger_or_cargo_not_stated_by_source,not_established_by_approved_schedule
ai-s26-57d85369220e04,AI,AIC,BOM,VGA,AI 598,AI598,4,Thursday,2026-04-02,2026-10-22,current,accepted,accepted_source_identity,confirmed_exact_designator,published,operating,,,A319,,15:35,unknown; no timezone conversion,one_side_only; absence_is_not_contradiction,107983dc72d381e6897a5a333556946adcc98daef82e954d52cec1fc402c3086,p23-r190-n1252,p23-r190-n1252-departure,raw DGCA digits retained; weekday mapping separately corroborated by AAI; no DGCA legend,unknown_not_stated_by_source,passenger_or_cargo_not_stated_by_source,not_established_by_approved_schedule
ai-s26-963d196c2d5719,AI,AIC,VGA,BOM,AI 599,AI599,1234567,Monday;Tuesday;Wednesday;Thursday;Friday;Saturday;Sunday,2026-03-29,2026-10-24,current,accepted,accepted_source_identity,confirmed_exact_designator,published,operating,,,A319,20:10,18:10,unknown; no timezone conversion,both_arrival_and_departure_rows,107983dc72d381e6897a5a333556946adcc98daef82e954d52cec1fc402c3086,p24-r269-n1331;p28-r4-n1529,p24-r269-n1331-arrival;p28-r4-n1529-departure,raw DGCA digits retained; weekday mapping separately corroborated by AAI; no DGCA legend,unknown_not_stated_by_source,passenger_or_cargo_not_stated_by_source,not_established_by_approved_schedule
ai-s26-d148f215054f50,AI,AIC,BOM,BHJ,AI 601,AI601,1234567,Monday;Tuesday;Wednesday;Thursday;Friday;Saturday;Sunday,2026-03-29,2026-10-24,current,accepted,accepted_source_identity,confirmed_exact_designator,published,operating,,,A321,07:45,06:20,unknown; no timezone conversion,both_arrival_and_departure_rows,107983dc72d381e6897a5a333556946adcc98daef82e954d52cec1fc402c3086,p05-r1-n0230;p20-r30-n1092,p05-r1-n0230-arrival;p20-r30-n1092-departure,raw DGCA digits retained; weekday mapping separately corroborated by AAI; no DGCA legend,unknown_not_stated_by_source,passenger_or_cargo_not_stated_by_source,not_established_by_approved_schedule
ai-s26-4dfd36dbadbf8a,AI,AIC,BHJ,BOM,AI 602,AI602,1234567,Monday;Tuesday;Wednesday;Thursday;Friday;Saturday;Sunday,2026-03-29,2026-10-24,current,accepted,accepted_source_identity,confirmed_exact_designator,published,operating,,,A321,09:45,08:25,unknown; no timezone conversion,both_arrival_and_departure_rows,107983dc72d381e6897a5a333556946adcc98daef82e954d52cec1fc402c3086,p05-r2-n0231;p21-r78-n1140,p05-r2-n0231-departure;p21-r78-n1140-arrival,raw DGCA digits retained; weekday mapping separately corroborated by AAI; no DGCA legend,unknown_not_stated_by_source,passenger_or_cargo_not_stated_by_source,not_established_by_approved_schedule
ai-s26-234fcd48f4599b,AI,AIC,BOM,GOI,AI 603,AI603,1234567,Monday;Tuesday;Wednesday;Thursday;Friday;Saturday;Sunday,2026-03-29,2026-10-24,current,accepted,accepted_source_identity,confirmed_exact_designator,published,operating,,,A319,06:30,05:10,unknown; no timezone conversion,both_arrival_and_departure_rows,107983dc72d381e6897a5a333556946adcc98daef82e954d52cec1fc402c3086,p14-r1-n0761;p20-r22-n1084,p14-r1-n0761-arrival;p20-r22-n1084-departure,raw DGCA digits retained; weekday mapping separately corroborated by AAI; no DGCA legend,unknown_not_stated_by_source,passenger_or_cargo_not_stated_by_source,not_established_by_approved_schedule
ai-s26-023c05291499f8,AI,AIC,GOI,BOM,AI 604,AI604,1234567,Monday;Tuesday;Wednesday;Thursday;Friday;Saturday;Sunday,2026-03-29,2026-10-24,current,accepted,accepted_source_identity,confirmed_exact_designator,published,operating,,,A319,08:30,07:05,unknown; no timezone conversion,both_arrival_and_departure_rows,107983dc72d381e6897a5a333556946adcc98daef82e954d52cec1fc402c3086,p14-r2-n0762;p21-r60-n1122,p14-r2-n0762-departure;p21-r60-n1122-arrival,raw DGCA digits retained; weekday mapping separately corroborated by AAI; no DGCA legend,unknown_not_stated_by_source,passenger_or_cargo_not_stated_by_source,not_established_by_approved_schedule
ai-s26-22b877a9ecd9cc,AI,AIC,BOM,JAI,AI 621,AI621,1234567,Monday;Tuesday;Wednesday;Thursday;Friday;Saturday;Sunday,2026-03-29,2026-10-24,current,accepted,accepted_source_identity,confirmed_exact_designator,published,operating,,,A319,19:00,16:55,unknown; no timezone conversion,both_arrival_and_departure_rows,107983dc72d381e6897a5a333556946adcc98daef82e954d52cec1fc402c3086,p16-r11-n0873;p23-r208-n1270,p16-r11-n0873-arrival;p23-r208-n1270-departure,raw DGCA digits retained; weekday mapping separately corroborated by AAI; no DGCA legend,unknown_not_stated_by_source,passenger_or_cargo_not_stated_by_source,not_established_by_approved_schedule
ai-s26-65a818a8e7ca69,AI,AIC,JAI,BOM,AI 622,AI622,1234567,Monday;Tuesday;Wednesday;Thursday;Friday;Saturday;Sunday,2026-03-29,2026-10-24,current,accepted,accepted_source_identity,confirmed_exact_designator,published,operating,,,A319,21:35,19:40,unknown; no timezone conversion,both_arrival_and_departure_rows,107983dc72d381e6897a5a333556946adcc98daef82e954d52cec1fc402c3086,p16-r12-n0874;p25-r294-n1356,p16-r12-n0874-departure;p25-r294-n1356-arrival,raw DGCA digits retained; weekday mapping separately corroborated by AAI; no DGCA legend,unknown_not_stated_by_source,passenger_or_cargo_not_stated_by_source,not_established_by_approved_schedule
ai-s26-19dea3800aeb4d,AI,AIC,BOM,BHO,AI 633,AI633,1234567,Monday;Tuesday;Wednesday;Thursday;Friday;Saturday;Sunday,2026-03-29,2026-10-24,current,accepted,accepted_source_identity,confirmed_exact_designator,published,operating,,,A321,13:00,11:20,unknown; no timezone conversion,both_arrival_and_departure_rows,107983dc72d381e6897a5a333556946adcc98daef82e954d52cec1fc402c3086,p05-r9-n0214;p22-r118-n1180,p05-r9-n0214-arrival;p22-r118-n1180-departure,raw DGCA digits retained; weekday mapping separately corroborated by AAI; no DGCA legend,unknown_not_stated_by_source,passenger_or_cargo_not_stated_by_source,not_established_by_approved_schedule
ai-s26-604f325e49024c,AI,AIC,BHO,BOM,AI 634,AI634,1234567,Monday;Tuesday;Wednesday;Thursday;Friday;Saturday;Sunday,2026-03-29,2026-10-24,current,accepted,accepted_source_identity,confirmed_exact_designator,published,operating,,,A321,15:25,13:40,unknown; no timezone conversion,both_arrival_and_departure_rows,107983dc72d381e6897a5a333556946adcc98daef82e954d52cec1fc402c3086,p05-r10-n0215;p23-r183-n1245,p05-r10-n0215-departure;p23-r183-n1245-arrival,raw DGCA digits retained; weekday mapping separately corroborated by AAI; no DGCA legend,unknown_not_stated_by_source,passenger_or_cargo_not_stated_by_source,not_established_by_approved_schedule
ai-s26-ecbad5a794c28b,AI,AIC,BOM,MAA,AI 639,AI639,1234567,Monday;Tuesday;Wednesday;Thursday;Friday;Saturday;Sunday,2026-03-29,2026-10-24,current,accepted,accepted_source_identity,confirmed_exact_designator,published,operating,,,A321,,22:55,unknown; no timezone conversion,one_side_only; absence_is_not_contradiction,107983dc72d381e6897a5a333556946adcc98daef82e954d52cec1fc402c3086,p25-r305-n1367,p25-r305-n1367-departure,raw DGCA digits retained; weekday mapping separately corroborated by AAI; no DGCA legend,unknown_not_stated_by_source,passenger_or_cargo_not_stated_by_source,not_established_by_approved_schedule
ai-s26-655b4cd88f3b55,AI,AIC,BOM,MAA,AI 639,AI639,1234567,Monday;Tuesday;Wednesday;Thursday;Friday;Saturday;Sunday,2026-03-30,2026-10-24,current,accepted,accepted_source_identity,confirmed_exact_designator,published,operating,,,A321,01:05,,unknown; no timezone conversion,one_side_only; absence_is_not_contradiction,107983dc72d381e6897a5a333556946adcc98daef82e954d52cec1fc402c3086,p06-r4-n0265,p06-r4-n0265-arrival,raw DGCA digits retained; weekday mapping separately corroborated by AAI; no DGCA legend,unknown_not_stated_by_source,passenger_or_cargo_not_stated_by_source,not_established_by_approved_schedule
ai-s26-f3c9dcfba5a7a1,AI,AIC,BOM,MAA,AI 639,AI639,7,Sunday,2026-03-29,2026-03-29,expired,expired,accepted_source_identity,expired_not_compared_to_baseline,,,,,A321,01:05,,unknown; no timezone conversion,one_side_only; absence_is_not_contradiction,107983dc72d381e6897a5a333556946adcc98daef82e954d52cec1fc402c3086,p06-r3-n0264,p06-r3-n0264-arrival,raw DGCA digits retained; weekday mapping separately corroborated by AAI; no DGCA legend,unknown_not_stated_by_source,passenger_or_cargo_not_stated_by_source,not_established_by_approved_schedule
ai-s26-a7bcd207d6b84c,AI,AIC,MAA,BOM,AI 640,AI640,1234567,Monday;Tuesday;Wednesday;Thursday;Friday;Saturday;Sunday,2026-03-29,2026-10-24,current,accepted,accepted_source_identity,confirmed_exact_designator,published,operating,,,A321,20:20,18:00,unknown; no timezone conversion,both_arrival_and_departure_rows,107983dc72d381e6897a5a333556946adcc98daef82e954d52cec1fc402c3086,p06-r33-n0294;p24-r273-n1335,p06-r33-n0294-departure;p24-r273-n1335-arrival,raw DGCA digits retained; weekday mapping separately corroborated by AAI; no DGCA legend,unknown_not_stated_by_source,passenger_or_cargo_not_stated_by_source,not_established_by_approved_schedule
ai-s26-cdbf2bb7d6f5f2,AI,AIC,BOM,JDH,AI 645,AI645,1234567,Monday;Tuesday;Wednesday;Thursday;Friday;Saturday;Sunday,2026-04-28,2026-05-08,expired,expired,accepted_source_identity,expired_not_compared_to_baseline,,,,,A320,12:45,,unknown; no timezone conversion,one_side_only; absence_is_not_contradiction,107983dc72d381e6897a5a333556946adcc98daef82e954d52cec1fc402c3086,p17-r13-n0897,p17-r13-n0897-arrival,raw DGCA digits retained; weekday mapping separately corroborated by AAI; no DGCA legend,unknown_not_stated_by_source,passenger_or_cargo_not_stated_by_source,not_established_by_approved_schedule
ai-s26-912680aa2b7ce0,AI,AIC,BOM,JDH,AI 645,AI645,1234567,Monday;Tuesday;Wednesday;Thursday;Friday;Saturday;Sunday,2026-04-28,2026-10-24,current,accepted,accepted_source_identity,confirmed_exact_designator,published,operating,,,A320,,10:55,unknown; no timezone conversion,one_side_only; absence_is_not_contradiction,107983dc72d381e6897a5a333556946adcc98daef82e954d52cec1fc402c3086,p21-r107-n1169,p21-r107-n1169-departure,raw DGCA digits retained; weekday mapping separately corroborated by AAI; no DGCA legend,unknown_not_stated_by_source,passenger_or_cargo_not_stated_by_source,not_established_by_approved_schedule
ai-s26-5caee2a7410c29,AI,AIC,BOM,JDH,AI 645,AI645,1234567,Monday;Tuesday;Wednesday;Thursday;Friday;Saturday;Sunday,2026-05-10,2026-05-22,expired,expired,accepted_source_identity,expired_not_compared_to_baseline,,,,,A320,12:45,,unknown; no timezone conversion,one_side_only; absence_is_not_contradiction,107983dc72d381e6897a5a333556946adcc98daef82e954d52cec1fc402c3086,p17-r14-n0898,p17-r14-n0898-arrival,raw DGCA digits retained; weekday mapping separately corroborated by AAI; no DGCA legend,unknown_not_stated_by_source,passenger_or_cargo_not_stated_by_source,not_established_by_approved_schedule
ai-s26-58195774cd60cc,AI,AIC,BOM,JDH,AI 645,AI645,1234567,Monday;Tuesday;Wednesday;Thursday;Friday;Saturday;Sunday,2026-05-24,2026-06-12,expired,expired,accepted_source_identity,expired_not_compared_to_baseline,,,,,A320,12:45,,unknown; no timezone conversion,one_side_only; absence_is_not_contradiction,107983dc72d381e6897a5a333556946adcc98daef82e954d52cec1fc402c3086,p17-r15-n0899,p17-r15-n0899-arrival,raw DGCA digits retained; weekday mapping separately corroborated by AAI; no DGCA legend,unknown_not_stated_by_source,passenger_or_cargo_not_stated_by_source,not_established_by_approved_schedule
ai-s26-0d8657a306a671,AI,AIC,BOM,JDH,AI 645,AI645,1234567,Monday;Tuesday;Wednesday;Thursday;Friday;Saturday;Sunday,2026-06-14,2026-06-26,expired,expired,accepted_source_identity,expired_not_compared_to_baseline,,,,,A320,12:45,,unknown; no timezone conversion,one_side_only; absence_is_not_contradiction,107983dc72d381e6897a5a333556946adcc98daef82e954d52cec1fc402c3086,p17-r16-n0900,p17-r16-n0900-arrival,raw DGCA digits retained; weekday mapping separately corroborated by AAI; no DGCA legend,unknown_not_stated_by_source,passenger_or_cargo_not_stated_by_source,not_established_by_approved_schedule
ai-s26-d8f7622f7508c3,AI,AIC,BOM,JDH,AI 645,AI645,1234567,Monday;Tuesday;Wednesday;Thursday;Friday;Saturday;Sunday,2026-06-28,2026-07-10,expired,expired,accepted_source_identity,expired_not_compared_to_baseline,,,,,A320,12:45,,unknown; no timezone conversion,one_side_only; absence_is_not_contradiction,107983dc72d381e6897a5a333556946adcc98daef82e954d52cec1fc402c3086,p17-r17-n0901,p17-r17-n0901-arrival,raw DGCA digits retained; weekday mapping separately corroborated by AAI; no DGCA legend,unknown_not_stated_by_source,passenger_or_cargo_not_stated_by_source,not_established_by_approved_schedule
ai-s26-c05937cec0b72b,AI,AIC,BOM,JDH,AI 645,AI645,1234567,Monday;Tuesday;Wednesday;Thursday;Friday;Saturday;Sunday,2026-07-12,2026-07-24,expired,expired,accepted_source_identity,expired_not_compared_to_baseline,,,,,A320,12:45,,unknown; no timezone conversion,one_side_only; absence_is_not_contradiction,107983dc72d381e6897a5a333556946adcc98daef82e954d52cec1fc402c3086,p17-r18-n0902,p17-r18-n0902-arrival,raw DGCA digits retained; weekday mapping separately corroborated by AAI; no DGCA legend,unknown_not_stated_by_source,passenger_or_cargo_not_stated_by_source,not_established_by_approved_schedule
ai-s26-8a2294e39405aa,AI,AIC,BOM,JDH,AI 645,AI645,1234567,Monday;Tuesday;Wednesday;Thursday;Friday;Saturday;Sunday,2026-07-26,2026-08-07,expired,expired,accepted_source_identity,expired_not_compared_to_baseline,,,,,A320,12:45,,unknown; no timezone conversion,one_side_only; absence_is_not_contradiction,107983dc72d381e6897a5a333556946adcc98daef82e954d52cec1fc402c3086,p17-r19-n0903,p17-r19-n0903-arrival,raw DGCA digits retained; weekday mapping separately corroborated by AAI; no DGCA legend,unknown_not_stated_by_source,passenger_or_cargo_not_stated_by_source,not_established_by_approved_schedule
ai-s26-a86ef9726e8c52,AI,AIC,BOM,JDH,AI 645,AI645,1234567,Monday;Tuesday;Wednesday;Thursday;Friday;Saturday;Sunday,2026-08-09,2026-08-21,expired,expired,accepted_source_identity,expired_not_compared_to_baseline,,,,,A320,12:45,,unknown; no timezone conversion,one_side_only; absence_is_not_contradiction,107983dc72d381e6897a5a333556946adcc98daef82e954d52cec1fc402c3086,p17-r20-n0904,p17-r20-n0904-arrival,raw DGCA digits retained; weekday mapping separately corroborated by AAI; no DGCA legend,unknown_not_stated_by_source,passenger_or_cargo_not_stated_by_source,not_established_by_approved_schedule
ai-s26-f6d31b4591bdeb,AI,AIC,BOM,JDH,AI 645,AI645,1234567,Monday;Tuesday;Wednesday;Thursday;Friday;Saturday;Sunday,2026-08-23,2026-09-11,expired,expired,accepted_source_identity,expired_not_compared_to_baseline,,,,,A320,12:45,,unknown; no timezone conversion,one_side_only; absence_is_not_contradiction,107983dc72d381e6897a5a333556946adcc98daef82e954d52cec1fc402c3086,p17-r21-n0905,p17-r21-n0905-arrival,raw DGCA digits retained; weekday mapping separately corroborated by AAI; no DGCA legend,unknown_not_stated_by_source,passenger_or_cargo_not_stated_by_source,not_established_by_approved_schedule
ai-s26-80b6694f1c39cf,AI,AIC,BOM,JDH,AI 645,AI645,1234567,Monday;Tuesday;Wednesday;Thursday;Friday;Saturday;Sunday,2026-09-13,2026-09-25,expired,expired,accepted_source_identity,expired_not_compared_to_baseline,,,,,A320,12:45,,unknown; no timezone conversion,one_side_only; absence_is_not_contradiction,107983dc72d381e6897a5a333556946adcc98daef82e954d52cec1fc402c3086,p17-r22-n0906,p17-r22-n0906-arrival,raw DGCA digits retained; weekday mapping separately corroborated by AAI; no DGCA legend,unknown_not_stated_by_source,passenger_or_cargo_not_stated_by_source,not_established_by_approved_schedule
ai-s26-031236037bdcf7,AI,AIC,BOM,JDH,AI 645,AI645,1234567,Monday;Tuesday;Wednesday;Thursday;Friday;Saturday;Sunday,2026-09-27,2026-10-09,current,accepted,accepted_source_identity,confirmed_exact_designator,published,operating,,,A320,12:45,,unknown; no timezone conversion,one_side_only; absence_is_not_contradiction,107983dc72d381e6897a5a333556946adcc98daef82e954d52cec1fc402c3086,p17-r23-n0907,p17-r23-n0907-arrival,raw DGCA digits retained; weekday mapping separately corroborated by AAI; no DGCA legend,unknown_not_stated_by_source,passenger_or_cargo_not_stated_by_source,not_established_by_approved_schedule
ai-s26-3d8fe252bfa044,AI,AIC,BOM,JDH,AI 645,AI645,1234567,Monday;Tuesday;Wednesday;Thursday;Friday;Saturday;Sunday,2026-10-11,2026-10-23,future,accepted,accepted_source_identity,confirmed_exact_designator,published,operating,,,A320,12:45,,unknown; no timezone conversion,one_side_only; absence_is_not_contradiction,107983dc72d381e6897a5a333556946adcc98daef82e954d52cec1fc402c3086,p17-r24-n0908,p17-r24-n0908-arrival,raw DGCA digits retained; weekday mapping separately corroborated by AAI; no DGCA legend,unknown_not_stated_by_source,passenger_or_cargo_not_stated_by_source,not_established_by_approved_schedule
ai-s26-f89249cb6631de,AI,AIC,BOM,JDH,AI 645,AI645,6,Saturday,2026-05-09,2026-05-09,expired,expired,accepted_source_identity,expired_not_compared_to_baseline,,,,,A319,12:45,,unknown; no timezone conversion,one_side_only; absence_is_not_contradiction,107983dc72d381e6897a5a333556946adcc98daef82e954d52cec1fc402c3086,p16-r1-n0885,p16-r1-n0885-arrival,raw DGCA digits retained; weekday mapping separately corroborated by AAI; no DGCA legend,unknown_not_stated_by_source,passenger_or_cargo_not_stated_by_source,not_established_by_approved_schedule
ai-s26-e5a737c36e82e5,AI,AIC,BOM,JDH,AI 645,AI645,6,Saturday,2026-05-23,2026-05-23,expired,expired,accepted_source_identity,expired_not_compared_to_baseline,,,,,A319,12:45,,unknown; no timezone conversion,one_side_only; absence_is_not_contradiction,107983dc72d381e6897a5a333556946adcc98daef82e954d52cec1fc402c3086,p16-r2-n0886,p16-r2-n0886-arrival,raw DGCA digits retained; weekday mapping separately corroborated by AAI; no DGCA legend,unknown_not_stated_by_source,passenger_or_cargo_not_stated_by_source,not_established_by_approved_schedule
ai-s26-53658a546ec41b,AI,AIC,BOM,JDH,AI 645,AI645,6,Saturday,2026-06-13,2026-06-13,expired,expired,accepted_source_identity,expired_not_compared_to_baseline,,,,,A319,12:45,,unknown; no timezone conversion,one_side_only; absence_is_not_contradiction,107983dc72d381e6897a5a333556946adcc98daef82e954d52cec1fc402c3086,p16-r3-n0887,p16-r3-n0887-arrival,raw DGCA digits retained; weekday mapping separately corroborated by AAI; no DGCA legend,unknown_not_stated_by_source,passenger_or_cargo_not_stated_by_source,not_established_by_approved_schedule
ai-s26-e81492f5e72133,AI,AIC,BOM,JDH,AI 645,AI645,6,Saturday,2026-06-27,2026-06-27,expired,expired,accepted_source_identity,expired_not_compared_to_baseline,,,,,A319,12:45,,unknown; no timezone conversion,one_side_only; absence_is_not_contradiction,107983dc72d381e6897a5a333556946adcc98daef82e954d52cec1fc402c3086,p17-r4-n0888,p17-r4-n0888-arrival,raw DGCA digits retained; weekday mapping separately corroborated by AAI; no DGCA legend,unknown_not_stated_by_source,passenger_or_cargo_not_stated_by_source,not_established_by_approved_schedule
ai-s26-d2b9ffbcf8bbe2,AI,AIC,BOM,JDH,AI 645,AI645,6,Saturday,2026-07-11,2026-07-11,expired,expired,accepted_source_identity,expired_not_compared_to_baseline,,,,,A319,12:45,,unknown; no timezone conversion,one_side_only; absence_is_not_contradiction,107983dc72d381e6897a5a333556946adcc98daef82e954d52cec1fc402c3086,p17-r5-n0889,p17-r5-n0889-arrival,raw DGCA digits retained; weekday mapping separately corroborated by AAI; no DGCA legend,unknown_not_stated_by_source,passenger_or_cargo_not_stated_by_source,not_established_by_approved_schedule
ai-s26-f6872f16c85575,AI,AIC,BOM,JDH,AI 645,AI645,6,Saturday,2026-07-25,2026-07-25,expired,expired,accepted_source_identity,expired_not_compared_to_baseline,,,,,A319,12:45,,unknown; no timezone conversion,one_side_only; absence_is_not_contradiction,107983dc72d381e6897a5a333556946adcc98daef82e954d52cec1fc402c3086,p17-r6-n0890,p17-r6-n0890-arrival,raw DGCA digits retained; weekday mapping separately corroborated by AAI; no DGCA legend,unknown_not_stated_by_source,passenger_or_cargo_not_stated_by_source,not_established_by_approved_schedule
ai-s26-0670018a993c84,AI,AIC,BOM,JDH,AI 645,AI645,6,Saturday,2026-08-08,2026-08-08,expired,expired,accepted_source_identity,expired_not_compared_to_baseline,,,,,A319,12:45,,unknown; no timezone conversion,one_side_only; absence_is_not_contradiction,107983dc72d381e6897a5a333556946adcc98daef82e954d52cec1fc402c3086,p17-r7-n0891,p17-r7-n0891-arrival,raw DGCA digits retained; weekday mapping separately corroborated by AAI; no DGCA legend,unknown_not_stated_by_source,passenger_or_cargo_not_stated_by_source,not_established_by_approved_schedule
ai-s26-7a126af03a7829,AI,AIC,BOM,JDH,AI 645,AI645,6,Saturday,2026-08-22,2026-08-22,expired,expired,accepted_source_identity,expired_not_compared_to_baseline,,,,,A319,12:45,,unknown; no timezone conversion,one_side_only; absence_is_not_contradiction,107983dc72d381e6897a5a333556946adcc98daef82e954d52cec1fc402c3086,p17-r8-n0892,p17-r8-n0892-arrival,raw DGCA digits retained; weekday mapping separately corroborated by AAI; no DGCA legend,unknown_not_stated_by_source,passenger_or_cargo_not_stated_by_source,not_established_by_approved_schedule
ai-s26-a2c139f838b690,AI,AIC,BOM,JDH,AI 645,AI645,6,Saturday,2026-09-12,2026-09-12,expired,expired,accepted_source_identity,expired_not_compared_to_baseline,,,,,A319,12:45,,unknown; no timezone conversion,one_side_only; absence_is_not_contradiction,107983dc72d381e6897a5a333556946adcc98daef82e954d52cec1fc402c3086,p17-r9-n0893,p17-r9-n0893-arrival,raw DGCA digits retained; weekday mapping separately corroborated by AAI; no DGCA legend,unknown_not_stated_by_source,passenger_or_cargo_not_stated_by_source,not_established_by_approved_schedule
ai-s26-e3db7cf7abafa2,AI,AIC,BOM,JDH,AI 645,AI645,6,Saturday,2026-09-26,2026-09-26,expired,expired,accepted_source_identity,expired_not_compared_to_baseline,,,,,A319,12:45,,unknown; no timezone conversion,one_side_only; absence_is_not_contradiction,107983dc72d381e6897a5a333556946adcc98daef82e954d52cec1fc402c3086,p17-r10-n0894,p17-r10-n0894-arrival,raw DGCA digits retained; weekday mapping separately corroborated by AAI; no DGCA legend,unknown_not_stated_by_source,passenger_or_cargo_not_stated_by_source,not_established_by_approved_schedule
ai-s26-e47ee36db12cb5,AI,AIC,BOM,JDH,AI 645,AI645,6,Saturday,2026-10-10,2026-10-10,future,accepted,accepted_source_identity,confirmed_exact_designator,published,operating,,,A319,12:45,,unknown; no timezone conversion,one_side_only; absence_is_not_contradiction,107983dc72d381e6897a5a333556946adcc98daef82e954d52cec1fc402c3086,p17-r11-n0895,p17-r11-n0895-arrival,raw DGCA digits retained; weekday mapping separately corroborated by AAI; no DGCA legend,unknown_not_stated_by_source,passenger_or_cargo_not_stated_by_source,not_established_by_approved_schedule
ai-s26-a568a1b232899f,AI,AIC,BOM,JDH,AI 645,AI645,6,Saturday,2026-10-24,2026-10-24,future,accepted,accepted_source_identity,confirmed_exact_designator,published,operating,,,A319,12:45,,unknown; no timezone conversion,one_side_only; absence_is_not_contradiction,107983dc72d381e6897a5a333556946adcc98daef82e954d52cec1fc402c3086,p17-r12-n0896,p17-r12-n0896-arrival,raw DGCA digits retained; weekday mapping separately corroborated by AAI; no DGCA legend,unknown_not_stated_by_source,passenger_or_cargo_not_stated_by_source,not_established_by_approved_schedule
ai-s26-9ed319044fec23,AI,AIC,JDH,BOM,AI 646,AI646,1234567,Monday;Tuesday;Wednesday;Thursday;Friday;Saturday;Sunday,2026-04-28,2026-05-08,expired,expired,accepted_source_identity,expired_not_compared_to_baseline,,,,,A320,,13:25,unknown; no timezone conversion,one_side_only; absence_is_not_contradiction,107983dc72d381e6897a5a333556946adcc98daef82e954d52cec1fc402c3086,p17-r37-n0921,p17-r37-n0921-departure,raw DGCA digits retained; weekday mapping separately corroborated by AAI; no DGCA legend,unknown_not_stated_by_source,passenger_or_cargo_not_stated_by_source,not_established_by_approved_schedule
ai-s26-08e1b70865745c,AI,AIC,JDH,BOM,AI 646,AI646,1234567,Monday;Tuesday;Wednesday;Thursday;Friday;Saturday;Sunday,2026-05-10,2026-05-22,expired,expired,accepted_source_identity,expired_not_compared_to_baseline,,,,,A320,,13:25,unknown; no timezone conversion,one_side_only; absence_is_not_contradiction,107983dc72d381e6897a5a333556946adcc98daef82e954d52cec1fc402c3086,p17-r38-n0922,p17-r38-n0922-departure,raw DGCA digits retained; weekday mapping separately corroborated by AAI; no DGCA legend,unknown_not_stated_by_source,passenger_or_cargo_not_stated_by_source,not_established_by_approved_schedule
ai-s26-fdfce8a281eb49,AI,AIC,JDH,BOM,AI 646,AI646,1234567,Monday;Tuesday;Wednesday;Thursday;Friday;Saturday;Sunday,2026-05-24,2026-06-12,expired,expired,accepted_source_identity,expired_not_compared_to_baseline,,,,,A320,,13:25,unknown; no timezone conversion,one_side_only; absence_is_not_contradiction,107983dc72d381e6897a5a333556946adcc98daef82e954d52cec1fc402c3086,p17-r39-n0923,p17-r39-n0923-departure,raw DGCA digits retained; weekday mapping separately corroborated by AAI; no DGCA legend,unknown_not_stated_by_source,passenger_or_cargo_not_stated_by_source,not_established_by_approved_schedule
ai-s26-2d3fa61ba26d12,AI,AIC,JDH,BOM,AI 646,AI646,1234567,Monday;Tuesday;Wednesday;Thursday;Friday;Saturday;Sunday,2026-06-14,2026-06-26,expired,expired,accepted_source_identity,expired_not_compared_to_baseline,,,,,A320,,13:25,unknown; no timezone conversion,one_side_only; absence_is_not_contradiction,107983dc72d381e6897a5a333556946adcc98daef82e954d52cec1fc402c3086,p17-r40-n0924,p17-r40-n0924-departure,raw DGCA digits retained; weekday mapping separately corroborated by AAI; no DGCA legend,unknown_not_stated_by_source,passenger_or_cargo_not_stated_by_source,not_established_by_approved_schedule
ai-s26-1282245f8605fa,AI,AIC,JDH,BOM,AI 646,AI646,1234567,Monday;Tuesday;Wednesday;Thursday;Friday;Saturday;Sunday,2026-06-28,2026-07-10,expired,expired,accepted_source_identity,expired_not_compared_to_baseline,,,,,A320,,13:25,unknown; no timezone conversion,one_side_only; absence_is_not_contradiction,107983dc72d381e6897a5a333556946adcc98daef82e954d52cec1fc402c3086,p17-r41-n0925,p17-r41-n0925-departure,raw DGCA digits retained; weekday mapping separately corroborated by AAI; no DGCA legend,unknown_not_stated_by_source,passenger_or_cargo_not_stated_by_source,not_established_by_approved_schedule
ai-s26-49dbb2f62a68be,AI,AIC,JDH,BOM,AI 646,AI646,1234567,Monday;Tuesday;Wednesday;Thursday;Friday;Saturday;Sunday,2026-07-12,2026-07-24,expired,expired,accepted_source_identity,expired_not_compared_to_baseline,,,,,A320,,13:25,unknown; no timezone conversion,one_side_only; absence_is_not_contradiction,107983dc72d381e6897a5a333556946adcc98daef82e954d52cec1fc402c3086,p17-r42-n0926,p17-r42-n0926-departure,raw DGCA digits retained; weekday mapping separately corroborated by AAI; no DGCA legend,unknown_not_stated_by_source,passenger_or_cargo_not_stated_by_source,not_established_by_approved_schedule
ai-s26-aca3ccaa2c7dd3,AI,AIC,JDH,BOM,AI 646,AI646,1234567,Monday;Tuesday;Wednesday;Thursday;Friday;Saturday;Sunday,2026-07-26,2026-08-07,expired,expired,accepted_source_identity,expired_not_compared_to_baseline,,,,,A320,,13:25,unknown; no timezone conversion,one_side_only; absence_is_not_contradiction,107983dc72d381e6897a5a333556946adcc98daef82e954d52cec1fc402c3086,p17-r43-n0927,p17-r43-n0927-departure,raw DGCA digits retained; weekday mapping separately corroborated by AAI; no DGCA legend,unknown_not_stated_by_source,passenger_or_cargo_not_stated_by_source,not_established_by_approved_schedule
ai-s26-7eb2d83c87d5d4,AI,AIC,JDH,BOM,AI 646,AI646,1234567,Monday;Tuesday;Wednesday;Thursday;Friday;Saturday;Sunday,2026-08-09,2026-08-21,expired,expired,accepted_source_identity,expired_not_compared_to_baseline,,,,,A320,,13:25,unknown; no timezone conversion,one_side_only; absence_is_not_contradiction,107983dc72d381e6897a5a333556946adcc98daef82e954d52cec1fc402c3086,p17-r44-n0928,p17-r44-n0928-departure,raw DGCA digits retained; weekday mapping separately corroborated by AAI; no DGCA legend,unknown_not_stated_by_source,passenger_or_cargo_not_stated_by_source,not_established_by_approved_schedule
ai-s26-e85adae5479ef7,AI,AIC,JDH,BOM,AI 646,AI646,1234567,Monday;Tuesday;Wednesday;Thursday;Friday;Saturday;Sunday,2026-08-23,2026-09-11,expired,expired,accepted_source_identity,expired_not_compared_to_baseline,,,,,A320,,13:25,unknown; no timezone conversion,one_side_only; absence_is_not_contradiction,107983dc72d381e6897a5a333556946adcc98daef82e954d52cec1fc402c3086,p17-r45-n0929,p17-r45-n0929-departure,raw DGCA digits retained; weekday mapping separately corroborated by AAI; no DGCA legend,unknown_not_stated_by_source,passenger_or_cargo_not_stated_by_source,not_established_by_approved_schedule
ai-s26-ca9ad7f2313c81,AI,AIC,JDH,BOM,AI 646,AI646,1234567,Monday;Tuesday;Wednesday;Thursday;Friday;Saturday;Sunday,2026-09-13,2026-09-25,expired,expired,accepted_source_identity,expired_not_compared_to_baseline,,,,,A320,,13:25,unknown; no timezone conversion,one_side_only; absence_is_not_contradiction,107983dc72d381e6897a5a333556946adcc98daef82e954d52cec1fc402c3086,p17-r46-n0930,p17-r46-n0930-departure,raw DGCA digits retained; weekday mapping separately corroborated by AAI; no DGCA legend,unknown_not_stated_by_source,passenger_or_cargo_not_stated_by_source,not_established_by_approved_schedule
ai-s26-a872bb9b7d53bb,AI,AIC,JDH,BOM,AI 646,AI646,1234567,Monday;Tuesday;Wednesday;Thursday;Friday;Saturday;Sunday,2026-09-27,2026-10-09,current,accepted,accepted_source_identity,confirmed_exact_designator,published,operating,,,A320,,13:25,unknown; no timezone conversion,one_side_only; absence_is_not_contradiction,107983dc72d381e6897a5a333556946adcc98daef82e954d52cec1fc402c3086,p17-r47-n0931,p17-r47-n0931-departure,raw DGCA digits retained; weekday mapping separately corroborated by AAI; no DGCA legend,unknown_not_stated_by_source,passenger_or_cargo_not_stated_by_source,not_established_by_approved_schedule
ai-s26-76b6fe80c76c92,AI,AIC,JDH,BOM,AI 646,AI646,1234567,Monday;Tuesday;Wednesday;Thursday;Friday;Saturday;Sunday,2026-10-11,2026-10-23,future,accepted,accepted_source_identity,confirmed_exact_designator,published,operating,,,A320,,13:25,unknown; no timezone conversion,one_side_only; absence_is_not_contradiction,107983dc72d381e6897a5a333556946adcc98daef82e954d52cec1fc402c3086,p17-r48-n0932,p17-r48-n0932-departure,raw DGCA digits retained; weekday mapping separately corroborated by AAI; no DGCA legend,unknown_not_stated_by_source,passenger_or_cargo_not_stated_by_source,not_established_by_approved_schedule
ai-s26-e837fad55679de,AI,AIC,JDH,BOM,AI 646,AI646,14,Monday;Thursday,2026-04-30,2026-10-22,current,accepted,accepted_source_identity,confirmed_exact_designator,published,operating,,,A319,15:10,,unknown; no timezone conversion,one_side_only; absence_is_not_contradiction,107983dc72d381e6897a5a333556946adcc98daef82e954d52cec1fc402c3086,p23-r181-n1243,p23-r181-n1243-arrival,raw DGCA digits retained; weekday mapping separately corroborated by AAI; no DGCA legend,unknown_not_stated_by_source,passenger_or_cargo_not_stated_by_source,not_established_by_approved_schedule
ai-s26-5499adda4cda51,AI,AIC,JDH,BOM,AI 646,AI646,2,Tuesday,2026-04-28,2026-10-20,current,accepted,accepted_source_identity,confirmed_exact_designator,published,operating,,,A319,15:10,,unknown; no timezone conversion,one_side_only; absence_is_not_contradiction,107983dc72d381e6897a5a333556946adcc98daef82e954d52cec1fc402c3086,p23-r180-n1242,p23-r180-n1242-arrival,raw DGCA digits retained; weekday mapping separately corroborated by AAI; no DGCA legend,unknown_not_stated_by_source,passenger_or_cargo_not_stated_by_source,not_established_by_approved_schedule
ai-s26-3faf2fb9b6e173,AI,AIC,JDH,BOM,AI 646,AI646,3567,Wednesday;Friday;Saturday;Sunday,2026-04-29,2026-10-24,current,accepted,accepted_source_identity,confirmed_exact_designator,published,operating,,,A319,15:10,,unknown; no timezone conversion,one_side_only; absence_is_not_contradiction,107983dc72d381e6897a5a333556946adcc98daef82e954d52cec1fc402c3086,p23-r179-n1241,p23-r179-n1241-arrival,raw DGCA digits retained; weekday mapping separately corroborated by AAI; no DGCA legend,unknown_not_stated_by_source,passenger_or_cargo_not_stated_by_source,not_established_by_approved_schedule
ai-s26-d0ce6d822dc092,AI,AIC,JDH,BOM,AI 646,AI646,6,Saturday,2026-05-09,2026-05-09,expired,expired,accepted_source_identity,expired_not_compared_to_baseline,,,,,A319,,13:25,unknown; no timezone conversion,one_side_only; absence_is_not_contradiction,107983dc72d381e6897a5a333556946adcc98daef82e954d52cec1fc402c3086,p17-r25-n0909,p17-r25-n0909-departure,raw DGCA digits retained; weekday mapping separately corroborated by AAI; no DGCA legend,unknown_not_stated_by_source,passenger_or_cargo_not_stated_by_source,not_established_by_approved_schedule
ai-s26-9ff35f5a6521dd,AI,AIC,JDH,BOM,AI 646,AI646,6,Saturday,2026-05-23,2026-05-23,expired,expired,accepted_source_identity,expired_not_compared_to_baseline,,,,,A319,,13:25,unknown; no timezone conversion,one_side_only; absence_is_not_contradiction,107983dc72d381e6897a5a333556946adcc98daef82e954d52cec1fc402c3086,p17-r26-n0910,p17-r26-n0910-departure,raw DGCA digits retained; weekday mapping separately corroborated by AAI; no DGCA legend,unknown_not_stated_by_source,passenger_or_cargo_not_stated_by_source,not_established_by_approved_schedule
ai-s26-d3f11dadf5d4cf,AI,AIC,JDH,BOM,AI 646,AI646,6,Saturday,2026-06-13,2026-06-13,expired,expired,accepted_source_identity,expired_not_compared_to_baseline,,,,,A319,,13:25,unknown; no timezone conversion,one_side_only; absence_is_not_contradiction,107983dc72d381e6897a5a333556946adcc98daef82e954d52cec1fc402c3086,p17-r27-n0911,p17-r27-n0911-departure,raw DGCA digits retained; weekday mapping separately corroborated by AAI; no DGCA legend,unknown_not_stated_by_source,passenger_or_cargo_not_stated_by_source,not_established_by_approved_schedule
ai-s26-23032d3a5b8490,AI,AIC,JDH,BOM,AI 646,AI646,6,Saturday,2026-06-27,2026-06-27,expired,expired,accepted_source_identity,expired_not_compared_to_baseline,,,,,A319,,13:25,unknown; no timezone conversion,one_side_only; absence_is_not_contradiction,107983dc72d381e6897a5a333556946adcc98daef82e954d52cec1fc402c3086,p17-r28-n0912,p17-r28-n0912-departure,raw DGCA digits retained; weekday mapping separately corroborated by AAI; no DGCA legend,unknown_not_stated_by_source,passenger_or_cargo_not_stated_by_source,not_established_by_approved_schedule
ai-s26-1e243d6a35f912,AI,AIC,JDH,BOM,AI 646,AI646,6,Saturday,2026-07-11,2026-07-11,expired,expired,accepted_source_identity,expired_not_compared_to_baseline,,,,,A319,,13:25,unknown; no timezone conversion,one_side_only; absence_is_not_contradiction,107983dc72d381e6897a5a333556946adcc98daef82e954d52cec1fc402c3086,p17-r29-n0913,p17-r29-n0913-departure,raw DGCA digits retained; weekday mapping separately corroborated by AAI; no DGCA legend,unknown_not_stated_by_source,passenger_or_cargo_not_stated_by_source,not_established_by_approved_schedule
ai-s26-5431c35cfb08a9,AI,AIC,JDH,BOM,AI 646,AI646,6,Saturday,2026-07-25,2026-07-25,expired,expired,accepted_source_identity,expired_not_compared_to_baseline,,,,,A319,,13:25,unknown; no timezone conversion,one_side_only; absence_is_not_contradiction,107983dc72d381e6897a5a333556946adcc98daef82e954d52cec1fc402c3086,p17-r30-n0914,p17-r30-n0914-departure,raw DGCA digits retained; weekday mapping separately corroborated by AAI; no DGCA legend,unknown_not_stated_by_source,passenger_or_cargo_not_stated_by_source,not_established_by_approved_schedule
ai-s26-9350ad650f37c9,AI,AIC,JDH,BOM,AI 646,AI646,6,Saturday,2026-08-08,2026-08-08,expired,expired,accepted_source_identity,expired_not_compared_to_baseline,,,,,A319,,13:25,unknown; no timezone conversion,one_side_only; absence_is_not_contradiction,107983dc72d381e6897a5a333556946adcc98daef82e954d52cec1fc402c3086,p17-r31-n0915,p17-r31-n0915-departure,raw DGCA digits retained; weekday mapping separately corroborated by AAI; no DGCA legend,unknown_not_stated_by_source,passenger_or_cargo_not_stated_by_source,not_established_by_approved_schedule
ai-s26-46ce631e68bd16,AI,AIC,JDH,BOM,AI 646,AI646,6,Saturday,2026-08-22,2026-08-22,expired,expired,accepted_source_identity,expired_not_compared_to_baseline,,,,,A319,,13:25,unknown; no timezone conversion,one_side_only; absence_is_not_contradiction,107983dc72d381e6897a5a333556946adcc98daef82e954d52cec1fc402c3086,p17-r32-n0916,p17-r32-n0916-departure,raw DGCA digits retained; weekday mapping separately corroborated by AAI; no DGCA legend,unknown_not_stated_by_source,passenger_or_cargo_not_stated_by_source,not_established_by_approved_schedule
ai-s26-252eedef7dc697,AI,AIC,JDH,BOM,AI 646,AI646,6,Saturday,2026-09-12,2026-09-12,expired,expired,accepted_source_identity,expired_not_compared_to_baseline,,,,,A319,,13:25,unknown; no timezone conversion,one_side_only; absence_is_not_contradiction,107983dc72d381e6897a5a333556946adcc98daef82e954d52cec1fc402c3086,p17-r33-n0917,p17-r33-n0917-departure,raw DGCA digits retained; weekday mapping separately corroborated by AAI; no DGCA legend,unknown_not_stated_by_source,passenger_or_cargo_not_stated_by_source,not_established_by_approved_schedule
ai-s26-d3a79344cc022c,AI,AIC,JDH,BOM,AI 646,AI646,6,Saturday,2026-09-26,2026-09-26,expired,expired,accepted_source_identity,expired_not_compared_to_baseline,,,,,A319,,13:25,unknown; no timezone conversion,one_side_only; absence_is_not_contradiction,107983dc72d381e6897a5a333556946adcc98daef82e954d52cec1fc402c3086,p17-r34-n0918,p17-r34-n0918-departure,raw DGCA digits retained; weekday mapping separately corroborated by AAI; no DGCA legend,unknown_not_stated_by_source,passenger_or_cargo_not_stated_by_source,not_established_by_approved_schedule
ai-s26-2e4cec1d26d789,AI,AIC,JDH,BOM,AI 646,AI646,6,Saturday,2026-10-10,2026-10-10,future,accepted,accepted_source_identity,confirmed_exact_designator,published,operating,,,A319,,13:25,unknown; no timezone conversion,one_side_only; absence_is_not_contradiction,107983dc72d381e6897a5a333556946adcc98daef82e954d52cec1fc402c3086,p17-r35-n0919,p17-r35-n0919-departure,raw DGCA digits retained; weekday mapping separately corroborated by AAI; no DGCA legend,unknown_not_stated_by_source,passenger_or_cargo_not_stated_by_source,not_established_by_approved_schedule
ai-s26-937e862ba6125e,AI,AIC,JDH,BOM,AI 646,AI646,6,Saturday,2026-10-24,2026-10-24,future,accepted,accepted_source_identity,confirmed_exact_designator,published,operating,,,A319,,13:25,unknown; no timezone conversion,one_side_only; absence_is_not_contradiction,107983dc72d381e6897a5a333556946adcc98daef82e954d52cec1fc402c3086,p17-r36-n0920,p17-r36-n0920-departure,raw DGCA digits retained; weekday mapping separately corroborated by AAI; no DGCA legend,unknown_not_stated_by_source,passenger_or_cargo_not_stated_by_source,not_established_by_approved_schedule
ai-s26-e0d489e5b21ac7,AI,AIC,BOM,JGA,AI 647,AI647,1234567,Monday;Tuesday;Wednesday;Thursday;Friday;Saturday;Sunday,2026-03-29,2026-10-24,current,accepted,accepted_source_identity,confirmed_exact_designator,published,operating,,,A321,12:25,10:50,unknown; no timezone conversion,both_arrival_and_departure_rows,107983dc72d381e6897a5a333556946adcc98daef82e954d52cec1fc402c3086,p16-r3-n0883;p21-r105-n1167,p16-r3-n0883-arrival;p21-r105-n1167-departure,raw DGCA digits retained; weekday mapping separately corroborated by AAI; no DGCA legend,unknown_not_stated_by_source,passenger_or_cargo_not_stated_by_source,not_established_by_approved_schedule
ai-s26-eba592eba75f37,AI,AIC,JGA,BOM,AI 648,AI648,1234567,Monday;Tuesday;Wednesday;Thursday;Friday;Saturday;Sunday,2026-03-29,2026-10-24,current,accepted,accepted_source_identity,confirmed_exact_designator,published,operating,,,A321,14:45,13:10,unknown; no timezone conversion,both_arrival_and_departure_rows,107983dc72d381e6897a5a333556946adcc98daef82e954d52cec1fc402c3086,p16-r4-n0884;p23-r171-n1233,p16-r4-n0884-departure;p23-r171-n1233-arrival,raw DGCA digits retained; weekday mapping separately corroborated by AAI; no DGCA legend,unknown_not_stated_by_source,passenger_or_cargo_not_stated_by_source,not_established_by_approved_schedule
ai-s26-e93cd97cf14766,AI,AIC,DEL,VTZ,AI 651,AI651,127,Monday;Tuesday;Sunday,2026-03-29,2026-03-31,expired,expired,accepted_source_identity,expired_not_compared_to_baseline,,,,,A320,20:50,18:30,unknown; no timezone conversion,both_arrival_and_departure_rows,107983dc72d381e6897a5a333556946adcc98daef82e954d52cec1fc402c3086,p12-r323-n0658;p28-r3-n1534,p12-r323-n0658-departure;p28-r3-n1534-arrival,raw DGCA digits retained; weekday mapping separately corroborated by AAI; no DGCA legend,unknown_not_stated_by_source,passenger_or_cargo_not_stated_by_source,not_established_by_approved_schedule
ai-s26-63e4e8218a7ed4,AI,AIC,VTZ,DEL,AI 652,AI652,123,Monday;Tuesday;Wednesday,2026-03-30,2026-04-01,expired,expired,accepted_source_identity,expired_not_compared_to_baseline,,,,,A320,00:10,,unknown; no timezone conversion,one_side_only; absence_is_not_contradiction,107983dc72d381e6897a5a333556946adcc98daef82e954d52cec1fc402c3086,p07-r1-n0336,p07-r1-n0336-arrival,raw DGCA digits retained; weekday mapping separately corroborated by AAI; no DGCA legend,unknown_not_stated_by_source,passenger_or_cargo_not_stated_by_source,not_established_by_approved_schedule
ai-s26-8edbd924998274,AI,AIC,VTZ,DEL,AI 652,AI652,127,Monday;Tuesday;Sunday,2026-03-29,2026-03-31,expired,expired,accepted_source_identity,expired_not_compared_to_baseline,,,,,A320,,21:30,unknown; no timezone conversion,one_side_only; absence_is_not_contradiction,107983dc72d381e6897a5a333556946adcc98daef82e954d52cec1fc402c3086,p28-r5-n1536,p28-r5-n1536-departure,raw DGCA digits retained; weekday mapping separately corroborated by AAI; no DGCA legend,unknown_not_stated_by_source,passenger_or_cargo_not_stated_by_source,not_established_by_approved_schedule
ai-s26-275643ed0f1efb,AI,AIC,BOM,GOI,AI 663,AI663,123457,Monday;Tuesday;Wednesday;Thursday;Friday;Sunday,2026-03-29,2026-10-23,current,accepted,accepted_source_identity,confirmed_exact_designator,published,operating,,,A320,14:50,,unknown; no timezone conversion,one_side_only; absence_is_not_contradiction,107983dc72d381e6897a5a333556946adcc98daef82e954d52cec1fc402c3086,p14-r8-n0768,p14-r8-n0768-arrival,raw DGCA digits retained; weekday mapping separately corroborated by AAI; no DGCA legend,unknown_not_stated_by_source,passenger_or_cargo_not_stated_by_source,not_established_by_approved_schedule
ai-s26-577a1ebbbe778a,AI,AIC,GOI,BOM,AI 664,AI664,123457,Monday;Tuesday;Wednesday;Thursday;Friday;Sunday,2026-03-29,2026-10-23,current,accepted,accepted_source_identity,confirmed_exact_designator,published,operating,,,A320,,15:25,unknown; no timezone conversion,one_side_only; absence_is_not_contradiction,107983dc72d381e6897a5a333556946adcc98daef82e954d52cec1fc402c3086,p14-r10-n0770,p14-r10-n0770-departure,raw DGCA digits retained; weekday mapping separately corroborated by AAI; no DGCA legend,unknown_not_stated_by_source,passenger_or_cargo_not_stated_by_source,not_established_by_approved_schedule
ai-s26-2c9168632b1d2f,AI,AIC,BOM,COK,AI 681,AI681,1234567,Monday;Tuesday;Wednesday;Thursday;Friday;Saturday;Sunday,2026-03-29,2026-10-24,current,accepted,accepted_source_identity,confirmed_exact_designator,published,operating,,,A321,18:55,16:55,unknown; no timezone conversion,both_arrival_and_departure_rows,107983dc72d381e6897a5a333556946adcc98daef82e954d52cec1fc402c3086,p18-r21-n0979;p23-r209-n1271,p18-r21-n0979-arrival;p23-r209-n1271-departure,raw DGCA digits retained; weekday mapping separately corroborated by AAI; no DGCA legend,unknown_not_stated_by_source,passenger_or_cargo_not_stated_by_source,not_established_by_approved_schedule
ai-s26-7937552b24a55d,AI,AIC,BOM,VNS,AI 695,AI695,1234567,Monday;Tuesday;Wednesday;Thursday;Friday;Saturday;Sunday,2026-03-29,2026-10-24,current,accepted,accepted_source_identity,confirmed_exact_designator,published,operating,,,A319,12:00,09:45,unknown; no timezone conversion,both_arrival_and_departure_rows,107983dc72d381e6897a5a333556946adcc98daef82e954d52cec1fc402c3086,p21-r77-n1139;p28-r3-n1522,p21-r77-n1139-departure;p28-r3-n1522-arrival,raw DGCA digits retained; weekday mapping separately corroborated by AAI; no DGCA legend,unknown_not_stated_by_source,passenger_or_cargo_not_stated_by_source,not_established_by_approved_schedule
ai-s26-0788a556caa3fd,AI,AIC,VNS,BOM,AI 696,AI696,1234567,Monday;Tuesday;Wednesday;Thursday;Friday;Saturday;Sunday,2026-03-29,2026-10-24,current,accepted,accepted_source_identity,confirmed_exact_designator,published,operating,,,A319,14:50,12:30,unknown; no timezone conversion,both_arrival_and_departure_rows,107983dc72d381e6897a5a333556946adcc98daef82e954d52cec1fc402c3086,p23-r173-n1235;p28-r4-n1523,p23-r173-n1235-arrival;p28-r4-n1523-departure,raw DGCA digits retained; weekday mapping separately corroborated by AAI; no DGCA legend,unknown_not_stated_by_source,passenger_or_cargo_not_stated_by_source,not_established_by_approved_schedule
ai-s26-b353a5ace2ed57,AI,AIC,COK,BOM,AI 699,AI699,1234567,Monday;Tuesday;Wednesday;Thursday;Friday;Saturday;Sunday,2026-03-29,2026-10-24,current,accepted,accepted_source_identity,confirmed_exact_designator,published,operating,,,A321,22:25,20:00,unknown; no timezone conversion,both_arrival_and_departure_rows,107983dc72d381e6897a5a333556946adcc98daef82e954d52cec1fc402c3086,p18-r23-n0981;p25-r298-n1360,p18-r23-n0981-departure;p25-r298-n1360-arrival,raw DGCA digits retained; weekday mapping separately corroborated by AAI; no DGCA legend,unknown_not_stated_by_source,passenger_or_cargo_not_stated_by_source,not_established_by_approved_schedule
ai-s26-6294f3af7a2422,AI,AIC,DEL,AMD,AI 809,AI809,1234567,Monday;Tuesday;Wednesday;Thursday;Friday;Saturday;Sunday,2026-03-29,2026-10-24,current,accepted,accepted_source_identity,confirmed_exact_designator,published,operating,,,A321,19:20,17:40,unknown; no timezone conversion,both_arrival_and_departure_rows,107983dc72d381e6897a5a333556946adcc98daef82e954d52cec1fc402c3086,p02-r67-n0067;p12-r304-n0639,p02-r67-n0067-arrival;p12-r304-n0639-departure,raw DGCA digits retained; weekday mapping separately corroborated by AAI; no DGCA legend,unknown_not_stated_by_source,passenger_or_cargo_not_stated_by_source,not_established_by_approved_schedule
ai-s26-3feb9b8f462058,AI,AIC,AMD,DEL,AI 810,AI810,1234567,Monday;Tuesday;Wednesday;Thursday;Friday;Saturday;Sunday,2026-03-29,2026-10-24,current,accepted,accepted_source_identity,confirmed_exact_designator,published,operating,,,A321,22:00,20:15,unknown; no timezone conversion,both_arrival_and_departure_rows,107983dc72d381e6897a5a333556946adcc98daef82e954d52cec1fc402c3086,p02-r69-n0069;p13-r385-n0720,p02-r69-n0069-departure;p13-r385-n0720-arrival,raw DGCA digits retained; weekday mapping separately corroborated by AAI; no DGCA legend,unknown_not_stated_by_source,passenger_or_cargo_not_stated_by_source,not_established_by_approved_schedule
ai-s26-f92866b7439348,AI,AIC,BOM,DEL,AI 816,AI816,12456,Monday;Tuesday;Thursday;Friday;Saturday,2026-03-30,2026-10-24,current,accepted,accepted_source_identity,confirmed_exact_designator,published,operating,,,B777,23:15,21:00,unknown; no timezone conversion,both_arrival_and_departure_rows,107983dc72d381e6897a5a333556946adcc98daef82e954d52cec1fc402c3086,p14-r414-n0749;p25-r284-n1346,p14-r414-n0749-arrival;p25-r284-n1346-departure,raw DGCA digits retained; weekday mapping separately corroborated by AAI; no DGCA legend,unknown_not_stated_by_source,passenger_or_cargo_not_stated_by_source,not_established_by_approved_schedule
ai-s26-0bf39d542ed2a1,AI,AIC,BOM,DEL,AI 816,AI816,3,Wednesday,2026-04-01,2026-04-01,expired,expired,accepted_source_identity,expired_not_compared_to_baseline,,,,,A350,,21:00,unknown; no timezone conversion,one_side_only; absence_is_not_contradiction,107983dc72d381e6897a5a333556946adcc98daef82e954d52cec1fc402c3086,p24-r280-n1342,p24-r280-n1342-departure,raw DGCA digits retained; weekday mapping separately corroborated by AAI; no DGCA legend,unknown_not_stated_by_source,passenger_or_cargo_not_stated_by_source,not_established_by_approved_schedule
ai-s26-b391b9669f10f9,AI,AIC,BOM,DEL,AI 816,AI816,3,Wednesday,2026-04-08,2026-04-29,expired,expired,accepted_source_identity,expired_not_compared_to_baseline,,,,,B777,,21:00,unknown; no timezone conversion,one_side_only; absence_is_not_contradiction,107983dc72d381e6897a5a333556946adcc98daef82e954d52cec1fc402c3086,p24-r281-n1343,p24-r281-n1343-departure,raw DGCA digits retained; weekday mapping separately corroborated by AAI; no DGCA legend,unknown_not_stated_by_source,passenger_or_cargo_not_stated_by_source,not_established_by_approved_schedule
ai-s26-8cdd0aa41a4190,AI,AIC,BOM,DEL,AI 816,AI816,37,Wednesday;Sunday,2026-03-29,2026-10-21,current,accepted,accepted_source_identity,confirmed_exact_designator,published,operating,,,A350,23:15,,unknown; no timezone conversion,one_side_only; absence_is_not_contradiction,107983dc72d381e6897a5a333556946adcc98daef82e954d52cec1fc402c3086,p14-r413-n0748,p14-r413-n0748-arrival,raw DGCA digits retained; weekday mapping separately corroborated by AAI; no DGCA legend,unknown_not_stated_by_source,passenger_or_cargo_not_stated_by_source,not_established_by_approved_schedule
ai-s26-d303a3f712ac0d,AI,AIC,BOM,DEL,AI 816,AI816,37,Wednesday;Sunday,2026-05-03,2026-05-27,expired,expired,accepted_source_identity,expired_not_compared_to_baseline,,,,,B777,,21:00,unknown; no timezone conversion,one_side_only; absence_is_not_contradiction,107983dc72d381e6897a5a333556946adcc98daef82e954d52cec1fc402c3086,p24-r282-n1344,p24-r282-n1344-departure,raw DGCA digits retained; weekday mapping separately corroborated by AAI; no DGCA legend,unknown_not_stated_by_source,passenger_or_cargo_not_stated_by_source,not_established_by_approved_schedule
ai-s26-6447a03b709000,AI,AIC,BOM,DEL,AI 816,AI816,37,Wednesday;Sunday,2026-06-03,2026-10-21,current,accepted,accepted_source_identity,confirmed_exact_designator,published,operating,,,B777,,21:00,unknown; no timezone conversion,one_side_only; absence_is_not_contradiction,107983dc72d381e6897a5a333556946adcc98daef82e954d52cec1fc402c3086,p24-r283-n1345,p24-r283-n1345-departure,raw DGCA digits retained; weekday mapping separately corroborated by AAI; no DGCA legend,unknown_not_stated_by_source,passenger_or_cargo_not_stated_by_source,not_established_by_approved_schedule
ai-s26-4c7810645ef89a,AI,AIC,BOM,DEL,AI 816,AI816,7,Sunday,2026-03-29,2026-03-29,expired,expired,accepted_source_identity,expired_not_compared_to_baseline,,,,,B787,,21:00,unknown; no timezone conversion,one_side_only; absence_is_not_contradiction,107983dc72d381e6897a5a333556946adcc98daef82e954d52cec1fc402c3086,p25-r285-n1347,p25-r285-n1347-departure,raw DGCA digits retained; weekday mapping separately corroborated by AAI; no DGCA legend,unknown_not_stated_by_source,passenger_or_cargo_not_stated_by_source,not_established_by_approved_schedule
ai-s26-0982718db24a05,AI,AIC,BOM,DEL,AI 816,AI816,7,Sunday,2026-04-05,2026-04-26,expired,expired,accepted_source_identity,expired_not_compared_to_baseline,,,,,A350,,21:00,unknown; no timezone conversion,one_side_only; absence_is_not_contradiction,107983dc72d381e6897a5a333556946adcc98daef82e954d52cec1fc402c3086,p24-r279-n1341,p24-r279-n1341-departure,raw DGCA digits retained; weekday mapping separately corroborated by AAI; no DGCA legend,unknown_not_stated_by_source,passenger_or_cargo_not_stated_by_source,not_established_by_approved_schedule
ai-s26-a4e3c4a6a6a4eb,AI,AIC,BOM,DEL,AI 816,AI816,7,Sunday,2026-05-31,2026-05-31,expired,expired,accepted_source_identity,expired_not_compared_to_baseline,,,,,B787,,21:00,unknown; no timezone conversion,one_side_only; absence_is_not_contradiction,107983dc72d381e6897a5a333556946adcc98daef82e954d52cec1fc402c3086,p25-r286-n1348,p25-r286-n1348-departure,raw DGCA digits retained; weekday mapping separately corroborated by AAI; no DGCA legend,unknown_not_stated_by_source,passenger_or_cargo_not_stated_by_source,not_established_by_approved_schedule
ai-s26-ab62cf0fac4a93,AI,AIC,DEL,AMD,AI 817,AI817,1234567,Monday;Tuesday;Wednesday;Thursday;Friday;Saturday;Sunday,2026-03-29,2026-10-24,current,accepted,accepted_source_identity,confirmed_exact_designator,published,operating,,,A321,07:35,05:55,unknown; no timezone conversion,both_arrival_and_departure_rows,107983dc72d381e6897a5a333556946adcc98daef82e954d52cec1fc402c3086,p01-r13-n0013;p08-r46-n0381,p01-r13-n0013-arrival;p08-r46-n0381-departure,raw DGCA digits retained; weekday mapping separately corroborated by AAI; no DGCA legend,unknown_not_stated_by_source,passenger_or_cargo_not_stated_by_source,not_established_by_approved_schedule
ai-s26-dfd722e74fd011,AI,AIC,AMD,DEL,AI 818,AI818,1234567,Monday;Tuesday;Wednesday;Thursday;Friday;Saturday;Sunday,2026-03-29,2026-10-24,current,accepted,accepted_source_identity,confirmed_exact_designator,published,operating,,,A321,09:25,08:25,unknown; no timezone conversion,both_arrival_and_departure_rows,107983dc72d381e6897a5a333556946adcc98daef82e954d52cec1fc402c3086,p01-r15-n0015;p09-r115-n0450,p01-r15-n0015-departure;p09-r115-n0450-arrival,raw DGCA digits retained; weekday mapping separately corroborated by AAI; no DGCA legend,unknown_not_stated_by_source,passenger_or_cargo_not_stated_by_source,not_established_by_approved_schedule
ai-s26-c0f26e10e2c305,AI,AIC,SXR,DEL,AI 828,AI828,6,Saturday,2026-10-24,2026-10-24,future,accepted,accepted_source_identity,existing_route_unlisted_designator,published,operating,,,A320,11:20,,unknown; no timezone conversion,one_side_only; absence_is_not_contradiction,107983dc72d381e6897a5a333556946adcc98daef82e954d52cec1fc402c3086,p10-r165-n0500,p10-r165-n0500-arrival,raw DGCA digits retained; weekday mapping separately corroborated by AAI; no DGCA legend,unknown_not_stated_by_source,passenger_or_cargo_not_stated_by_source,not_established_by_approved_schedule
ai-s26-a715debbed1277,AI,AIC,SXR,DEL,AI 828,AI828,7,Sunday,2026-03-29,2026-03-29,expired,expired,accepted_source_identity,expired_not_compared_to_baseline,,,,,A320,11:20,,unknown; no timezone conversion,one_side_only; absence_is_not_contradiction,107983dc72d381e6897a5a333556946adcc98daef82e954d52cec1fc402c3086,p10-r164-n0499,p10-r164-n0499-arrival,raw DGCA digits retained; weekday mapping separately corroborated by AAI; no DGCA legend,unknown_not_stated_by_source,passenger_or_cargo_not_stated_by_source,not_established_by_approved_schedule
ai-s26-d89f8471d9f00a,AI,AIC,DEL,TRV,AI 829,AI829,1234567,Monday;Tuesday;Wednesday;Thursday;Friday;Saturday;Sunday,2026-03-29,2026-10-24,current,accepted,accepted_source_identity,confirmed_exact_designator,published,operating,,,A321,,22:55,unknown; no timezone conversion,one_side_only; absence_is_not_contradiction,107983dc72d381e6897a5a333556946adcc98daef82e954d52cec1fc402c3086,p14-r408-n0743,p14-r408-n0743-departure,raw DGCA digits retained; weekday mapping separately corroborated by AAI; no DGCA legend,unknown_not_stated_by_source,passenger_or_cargo_not_stated_by_source,not_established_by_approved_schedule
ai-s26-e0c5a5fc77e054,AI,AIC,DEL,TRV,AI 829,AI829,1234567,Monday;Tuesday;Wednesday;Thursday;Friday;Saturday;Sunday,2026-03-30,2026-10-24,current,accepted,accepted_source_identity,confirmed_exact_designator,published,operating,,,A321,02:35,,unknown; no timezone conversion,one_side_only; absence_is_not_contradiction,107983dc72d381e6897a5a333556946adcc98daef82e954d52cec1fc402c3086,p27-r1-n1481,p27-r1-n1481-arrival,raw DGCA digits retained; weekday mapping separately corroborated by AAI; no DGCA legend,unknown_not_stated_by_source,passenger_or_cargo_not_stated_by_source,not_established_by_approved_schedule
ai-s26-e1a285aa40e2bc,AI,AIC,TRV,DEL,AI 830,AI830,1234567,Monday;Tuesday;Wednesday;Thursday;Friday;Saturday;Sunday,2026-03-29,2026-10-24,current,accepted,accepted_source_identity,confirmed_exact_designator,published,operating,,,A321,07:45,,unknown; no timezone conversion,one_side_only; absence_is_not_contradiction,107983dc72d381e6897a5a333556946adcc98daef82e954d52cec1fc402c3086,p08-r81-n0416,p08-r81-n0416-arrival,raw DGCA digits retained; weekday mapping separately corroborated by AAI; no DGCA legend,unknown_not_stated_by_source,passenger_or_cargo_not_stated_by_source,not_established_by_approved_schedule
ai-s26-5f37f48c78a446,AI,AIC,TRV,DEL,AI 830,AI830,1234567,Monday;Tuesday;Wednesday;Thursday;Friday;Saturday;Sunday,2026-03-30,2026-10-24,current,accepted,accepted_source_identity,confirmed_exact_designator,published,operating,,,A321,,04:20,unknown; no timezone conversion,one_side_only; absence_is_not_contradiction,107983dc72d381e6897a5a333556946adcc98daef82e954d52cec1fc402c3086,p27-r3-n1483,p27-r3-n1483-departure,raw DGCA digits retained; weekday mapping separately corroborated by AAI; no DGCA legend,unknown_not_stated_by_source,passenger_or_cargo_not_stated_by_source,not_established_by_approved_schedule
ai-s26-4e1c3912335658,AI,AIC,TRV,DEL,AI 830,AI830,7,Sunday,2026-03-29,2026-03-29,expired,expired,accepted_source_identity,expired_not_compared_to_baseline,,,,,A321,,04:20,unknown; no timezone conversion,one_side_only; absence_is_not_contradiction,107983dc72d381e6897a5a333556946adcc98daef82e954d52cec1fc402c3086,p27-r2-n1482,p27-r2-n1482-departure,raw DGCA digits retained; weekday mapping separately corroborated by AAI; no DGCA legend,unknown_not_stated_by_source,passenger_or_cargo_not_stated_by_source,not_established_by_approved_schedule
ai-s26-70bdf94a02227a,AI,AIC,HYD,DEL,AI 840,AI840,1,Monday,2026-03-30,2026-05-04,expired,expired,accepted_source_identity,expired_not_compared_to_baseline,,,,,A350,22:25,20:00,unknown; no timezone conversion,both_arrival_and_departure_rows,107983dc72d381e6897a5a333556946adcc98daef82e954d52cec1fc402c3086,p14-r392-n0727;p16-r49-n0839,p14-r392-n0727-arrival;p16-r49-n0839-departure,raw DGCA digits retained; weekday mapping separately corroborated by AAI; no DGCA legend,unknown_not_stated_by_source,passenger_or_cargo_not_stated_by_source,not_established_by_approved_schedule
ai-s26-29a591fb4c4e6f,AI,AIC,HYD,DEL,AI 840,AI840,3,Wednesday,2026-04-01,2026-10-21,current,accepted,accepted_source_identity,confirmed_exact_designator,published,operating,,,A350,22:25,20:00,unknown; no timezone conversion,both_arrival_and_departure_rows,107983dc72d381e6897a5a333556946adcc98daef82e954d52cec1fc402c3086,p14-r391-n0726;p16-r48-n0838,p14-r391-n0726-arrival;p16-r48-n0838-departure,raw DGCA digits retained; weekday mapping separately corroborated by AAI; no DGCA legend,unknown_not_stated_by_source,passenger_or_cargo_not_stated_by_source,not_established_by_approved_schedule
ai-s26-eb9d76be1cba0a,AI,AIC,DEL,ATQ,AI 855,AI855,1234567,Monday;Tuesday;Wednesday;Thursday;Friday;Saturday;Sunday,2026-03-29,2026-10-24,current,accepted,accepted_source_identity,confirmed_exact_designator,published,operating,,,A321,21:55,20:30,unknown; no timezone conversion,both_arrival_and_departure_rows,107983dc72d381e6897a5a333556946adcc98daef82e954d52cec1fc402c3086,p03-r18-n0096;p13-r356-n0691,p03-r18-n0096-arrival;p13-r356-n0691-departure,raw DGCA digits retained; weekday mapping separately corroborated by AAI; no DGCA legend,unknown_not_stated_by_source,passenger_or_cargo_not_stated_by_source,not_established_by_approved_schedule
ai-s26-4fa2ba4ba74222,AI,AIC,ATQ,DEL,AI 856,AI856,1234567,Monday;Tuesday;Wednesday;Thursday;Friday;Saturday;Sunday,2026-03-29,2026-10-24,current,accepted,accepted_source_identity,confirmed_exact_designator,published,operating,,,A321,23:45,22:30,unknown; no timezone conversion,both_arrival_and_departure_rows,107983dc72d381e6897a5a333556946adcc98daef82e954d52cec1fc402c3086,p03-r20-n0098;p14-r420-n0755,p03-r20-n0098-departure;p14-r420-n0755-arrival,raw DGCA digits retained; weekday mapping separately corroborated by AAI; no DGCA legend,unknown_not_stated_by_source,passenger_or_cargo_not_stated_by_source,not_established_by_approved_schedule
ai-s26-3e1963e529aa10,AI,AIC,DEL,GAU,AI 879,AI879,1234567,Monday;Tuesday;Wednesday;Thursday;Friday;Saturday;Sunday,2026-03-29,2026-10-24,current,accepted,accepted_source_identity,confirmed_exact_designator,published,operating,,,A321,09:15,06:40,unknown; no timezone conversion,both_arrival_and_departure_rows,107983dc72d381e6897a5a333556946adcc98daef82e954d52cec1fc402c3086,p08-r59-n0394;p15-r1-n0779,p08-r59-n0394-departure;p15-r1-n0779-arrival,raw DGCA digits retained; weekday mapping separately corroborated by AAI; no DGCA legend,unknown_not_stated_by_source,passenger_or_cargo_not_stated_by_source,not_established_by_approved_schedule
ai-s26-66b09a12034303,AI,AIC,GAU,DEL,AI 880,AI880,1234567,Monday;Tuesday;Wednesday;Thursday;Friday;Saturday;Sunday,2026-03-29,2026-10-24,current,accepted,accepted_source_identity,confirmed_exact_designator,published,operating,,,A321,12:30,09:55,unknown; no timezone conversion,both_arrival_and_departure_rows,107983dc72d381e6897a5a333556946adcc98daef82e954d52cec1fc402c3086,p10-r191-n0526;p15-r2-n0780,p10-r191-n0526-arrival;p15-r2-n0780-departure,raw DGCA digits retained; weekday mapping separately corroborated by AAI; no DGCA legend,unknown_not_stated_by_source,passenger_or_cargo_not_stated_by_source,not_established_by_approved_schedule
ai-s26-efc01c5eb1987d,AI,AIC,DEL,AMD,AI 881,AI881,1234567,Monday;Tuesday;Wednesday;Thursday;Friday;Saturday;Sunday,2026-03-29,2026-10-24,current,accepted,accepted_source_identity,confirmed_exact_designator,published,operating,,,A321,,13:35,unknown; no timezone conversion,one_side_only; absence_is_not_contradiction,107983dc72d381e6897a5a333556946adcc98daef82e954d52cec1fc402c3086,p10-r210-n0545,p10-r210-n0545-departure,raw DGCA digits retained; weekday mapping separately corroborated by AAI; no DGCA legend,unknown_not_stated_by_source,passenger_or_cargo_not_stated_by_source,not_established_by_approved_schedule
ai-s26-245fc3868c078e,AI,AIC,DEL,AMD,AI 881,AI881,124567,Monday;Tuesday;Thursday;Friday;Saturday;Sunday,2026-03-29,2026-10-24,current,accepted,accepted_source_identity,confirmed_exact_designator,published,operating,,,A321,15:15,,unknown; no timezone conversion,one_side_only; absence_is_not_contradiction,107983dc72d381e6897a5a333556946adcc98daef82e954d52cec1fc402c3086,p02-r48-n0048,p02-r48-n0048-arrival,raw DGCA digits retained; weekday mapping separately corroborated by AAI; no DGCA legend,unknown_not_stated_by_source,passenger_or_cargo_not_stated_by_source,not_established_by_approved_schedule
ai-s26-0ba6790cd81328,AI,AIC,DEL,AMD,AI 881,AI881,3,Wednesday,2026-04-01,2026-04-29,expired,expired,accepted_source_identity,expired_not_compared_to_baseline,,,,,A321,15:15,,unknown; no timezone conversion,one_side_only; absence_is_not_contradiction,107983dc72d381e6897a5a333556946adcc98daef82e954d52cec1fc402c3086,p02-r46-n0046,p02-r46-n0046-arrival,raw DGCA digits retained; weekday mapping separately corroborated by AAI; no DGCA legend,unknown_not_stated_by_source,passenger_or_cargo_not_stated_by_source,not_established_by_approved_schedule
ai-s26-ff9e1d48ac00d2,AI,AIC,DEL,AMD,AI 881,AI881,3,Wednesday,2026-05-13,2026-10-21,current,accepted,accepted_source_identity,confirmed_exact_designator,published,operating,,,A321,15:15,,unknown; no timezone conversion,one_side_only; absence_is_not_contradiction,107983dc72d381e6897a5a333556946adcc98daef82e954d52cec1fc402c3086,p02-r47-n0047,p02-r47-n0047-arrival,raw DGCA digits retained; weekday mapping separately corroborated by AAI; no DGCA legend,unknown_not_stated_by_source,passenger_or_cargo_not_stated_by_source,not_established_by_approved_schedule
ai-s26-4c5fd013ff63d3,AI,AIC,AMD,DEL,AI 882,AI882,1234567,Monday;Tuesday;Wednesday;Thursday;Friday;Saturday;Sunday,2026-03-29,2026-10-24,current,accepted,accepted_source_identity,confirmed_exact_designator,published,operating,,,A321,17:45,,unknown; no timezone conversion,one_side_only; absence_is_not_contradiction,107983dc72d381e6897a5a333556946adcc98daef82e954d52cec1fc402c3086,p12-r305-n0640,p12-r305-n0640-arrival,raw DGCA digits retained; weekday mapping separately corroborated by AAI; no DGCA legend,unknown_not_stated_by_source,passenger_or_cargo_not_stated_by_source,not_established_by_approved_schedule
ai-s26-3e06db4019c6a6,AI,AIC,AMD,DEL,AI 882,AI882,124567,Monday;Tuesday;Thursday;Friday;Saturday;Sunday,2026-03-29,2026-10-24,current,accepted,accepted_source_identity,confirmed_exact_designator,published,operating,,,A321,,15:55,unknown; no timezone conversion,one_side_only; absence_is_not_contradiction,107983dc72d381e6897a5a333556946adcc98daef82e954d52cec1fc402c3086,p02-r52-n0052,p02-r52-n0052-departure,raw DGCA digits retained; weekday mapping separately corroborated by AAI; no DGCA legend,unknown_not_stated_by_source,passenger_or_cargo_not_stated_by_source,not_established_by_approved_schedule
ai-s26-f2831c8b5d2cba,AI,AIC,AMD,DEL,AI 882,AI882,3,Wednesday,2026-04-01,2026-04-29,expired,expired,accepted_source_identity,expired_not_compared_to_baseline,,,,,A321,,15:55,unknown; no timezone conversion,one_side_only; absence_is_not_contradiction,107983dc72d381e6897a5a333556946adcc98daef82e954d52cec1fc402c3086,p02-r50-n0050,p02-r50-n0050-departure,raw DGCA digits retained; weekday mapping separately corroborated by AAI; no DGCA legend,unknown_not_stated_by_source,passenger_or_cargo_not_stated_by_source,not_established_by_approved_schedule
ai-s26-57fa0ad655e33b,AI,AIC,AMD,DEL,AI 882,AI882,3,Wednesday,2026-05-13,2026-10-21,current,accepted,accepted_source_identity,confirmed_exact_designator,published,operating,,,A321,,15:55,unknown; no timezone conversion,one_side_only; absence_is_not_contradiction,107983dc72d381e6897a5a333556946adcc98daef82e954d52cec1fc402c3086,p02-r51-n0051,p02-r51-n0051-departure,raw DGCA digits retained; weekday mapping separately corroborated by AAI; no DGCA legend,unknown_not_stated_by_source,passenger_or_cargo_not_stated_by_source,not_established_by_approved_schedule
ai-s26-16a632239b4422,AI,AIC,DEL,HSR,AI 885,AI885,1234567,Monday;Tuesday;Wednesday;Thursday;Friday;Saturday;Sunday,2026-03-29,2026-10-24,current,held_field_only,accepted_source_identity,confirmed_exact_designator,published,operating,aircraft_type_only,aircraft_type_disagreement,A320;A321,09:20,07:25,unknown; no timezone conversion,both_arrival_and_departure_rows,107983dc72d381e6897a5a333556946adcc98daef82e954d52cec1fc402c3086,p08-r76-n0411;p26-r3-n1443,p08-r76-n0411-departure;p26-r3-n1443-arrival,raw DGCA digits retained; weekday mapping separately corroborated by AAI; no DGCA legend,unknown_not_stated_by_source,passenger_or_cargo_not_stated_by_source,not_established_by_approved_schedule
ai-s26-32fb7a06c74d17,AI,AIC,HSR,DEL,AI 886,AI886,1234567,Monday;Tuesday;Wednesday;Thursday;Friday;Saturday;Sunday,2026-03-29,2026-10-24,current,held_field_only,accepted_source_identity,confirmed_exact_designator,published,operating,aircraft_type_only,aircraft_type_disagreement,A320;A321,12:00,10:00,unknown; no timezone conversion,both_arrival_and_departure_rows,107983dc72d381e6897a5a333556946adcc98daef82e954d52cec1fc402c3086,p10-r178-n0513;p26-r4-n1444,p10-r178-n0513-arrival;p26-r4-n1444-departure,raw DGCA digits retained; weekday mapping separately corroborated by AAI; no DGCA legend,unknown_not_stated_by_source,passenger_or_cargo_not_stated_by_source,not_established_by_approved_schedule
ai-s26-1937f18aacb8a3,AI,AIC,MAA,DEL,AI 892,AI892,7,Sunday,2026-03-29,2026-03-29,expired,expired,accepted_source_identity,expired_not_compared_to_baseline,,,,,A320,07:45,,unknown; no timezone conversion,one_side_only; absence_is_not_contradiction,107983dc72d381e6897a5a333556946adcc98daef82e954d52cec1fc402c3086,p08-r82-n0417,p08-r82-n0417-arrival,raw DGCA digits retained; weekday mapping separately corroborated by AAI; no DGCA legend,unknown_not_stated_by_source,passenger_or_cargo_not_stated_by_source,not_established_by_approved_schedule
ai-s26-5c2e24236317f1,AI,AIC,PAT,DEL,AI 896,AI896,7,Sunday,2026-03-29,2026-03-29,expired,expired,accepted_source_identity,expired_not_compared_to_baseline,,,,,A319,00:30,,unknown; no timezone conversion,one_side_only; absence_is_not_contradiction,107983dc72d381e6897a5a333556946adcc98daef82e954d52cec1fc402c3086,p07-r8-n0343,p07-r8-n0343-arrival,raw DGCA digits retained; weekday mapping separately corroborated by AAI; no DGCA legend,unknown_not_stated_by_source,passenger_or_cargo_not_stated_by_source,not_established_by_approved_schedule
