lineage,source_row_sha256,flag_types,conflict_ids,conflict_sides,legacy_source_ref_ambiguous,pdf_page,page_row_ordinal,station_label_raw,pdf_row_number_raw,flight_number_raw,operator_code_raw,aircraft_type_raw,frequency_raw,arrival_from_raw,arrival_time_raw,departure_to_raw,departure_time_raw,effective_from_raw,effective_to_raw,extracted_line_raw,direct_layout_line_exact_match
p001/line023/station=Agartala/row=23/sha256=109ada8fd04b,109ada8fd04b854e1e6c0005d5940e4a9b020936e83029c40f5cec306a22fe5c,"[""aircraft-variant""]","[""DGCA-OVL-0361""]","[""DGCA-OVL-0361:left:6E994|CCU>IXA""]",False,1,23,Agartala,23,6E 994,IGO,A321,1234567,CCU,15:00,,,29/03/2026,24/10/2026,23 6E 994 IGO A321 1234567 CCU 15:00 29/03/2026 24/10/2026,True
p002/line034/station=Ahmedabad/row=18/sha256=cf8d55965884,cf8d559658843c93c6855eefc514322a52daa28af43a3de3e70539c78eb59875,"[""aircraft-variant""]","[""DGCA-OVL-0039"",""DGCA-OVL-0040""]","[""DGCA-OVL-0039:right:6E244|MAA>AMD"",""DGCA-OVL-0040:left:6E244|MAA>AMD""]",False,2,34,Ahmedabad,18,6E 244,IGO,A321,1234567,MAA,06:10,,,29/03/2026,24/10/2026,18 6E 244 IGO A321 1234567 MAA 06:10 29/03/2026 24/10/2026,True
p002/line045/station=Ahmedabad/row=29/sha256=e94a3bdb7696,e94a3bdb76964490cfb219b0eb8ef8675c2c8c2e770db27906ea213a1766c8d1,"[""aircraft-variant""]","[""DGCA-OVL-0156""]","[""DGCA-OVL-0156:left:6E586|BLR>AMD""]",False,2,45,Ahmedabad,29,6E 586,IGO,A320N,1234567,BLR,07:20,,,29/03/2026,24/10/2026,29 6E 586 IGO A320N 1234567 BLR 07:20 29/03/2026 24/10/2026,True
p003/line044/station=Ahmedabad/row=84/sha256=159a99a2ed34,159a99a2ed34a659ce4f71115b8fb5377df2dd6a0135131eea7bd087a36e5c61,"[""aircraft-variant""]","[""DGCA-OVL-0007""]","[""DGCA-OVL-0007:left:6E134|HYD>AMD""]",False,3,44,Ahmedabad,84,6E 134,IGO,A321,1234567,HYD,10:40,,,30/03/2026,24/10/2026,84 6E 134 IGO A321 1234567 HYD 10:40 30/03/2026 24/10/2026,True
p003/line051/station=Ahmedabad/row=91/sha256=9851f2ff92bb,9851f2ff92bbf7684a4c05969982c5e13cb3f72d08985e499da7d0e9117f3b17,"[""aircraft-variant""]","[""DGCA-OVL-0008""]","[""DGCA-OVL-0008:left:6E142|LKO>AMD""]",False,3,51,Ahmedabad,91,6E 142,IGO,A320N,124567,LKO,11:05,,,29/03/2026,24/10/2026,91 6E 142 IGO A320N 124567 LKO 11:05 29/03/2026 24/10/2026,True
p007/line006/station=Amritsar/row=14/sha256=e910bdb9235a,e910bdb9235ab175e1bf988a2c08cfdb12d7a750ccc8106817f0b0d83436484b,"[""aircraft-variant""]","[""DGCA-OVL-0028""]","[""DGCA-OVL-0028:right:6E2241|ATQ>DEL""]",True,7,6,Amritsar,14,6E 2241,IGO,A320N,1234567,,,DEL,12:40,29/03/2026,24/10/2026,14 6E 2241 IGO A320N 1234567 DEL 12:40 29/03/2026 24/10/2026,True
p007/line023/station=Aurangabad/row=11/sha256=86469c90b37b,86469c90b37b20251d3c20e47ee2d01138565a5442f227e7d0ff6027e9bcc032,"[""aircraft-variant""]","[""DGCA-OVL-0137""]","[""DGCA-OVL-0137:right:6E5027|NMI>IXU""]",True,7,23,Aurangabad,11,6E 5027,IGO,A321,1234567,NMI,20:25,,,29/03/2026,24/10/2026,11 6E 5027 IGO A321 1234567 NMI 20:25 29/03/2026 24/10/2026,True
p007/line025/station=Aurangabad/row=13/sha256=a1d26e99d404,a1d26e99d40491599774e635fb3dc5ecad8f9a80d781602f2ff902760ad64603,"[""aircraft-variant""]","[""DGCA-OVL-0170""]","[""DGCA-OVL-0170:right:6E6093|IXU>NMI""]",True,7,25,Aurangabad,13,6E 6093,IGO,A321,1234567,,,NMI,20:55,29/03/2026,24/10/2026,13 6E 6093 IGO A321 1234567 NMI 20:55 29/03/2026 24/10/2026,True
p007/line049/station=Bagdogra/row=7/sha256=8dafc40fbe7a,8dafc40fbe7a6de1de87a2a974c34bc5142ef5efef8ed52c0135062d6eb92f1f,"[""aircraft-variant""]","[""DGCA-OVL-0274""]","[""DGCA-OVL-0274:right:6E6872|HYD>IXB""]",True,7,49,Bagdogra,7,6E 6872,IGO,A321,1234567,HYD,10:30,,,29/03/2026,24/10/2026,7 6E 6872 IGO A321 1234567 HYD 10:30 29/03/2026 24/10/2026,True
p007/line052/station=Bagdogra/row=10/sha256=62788d7e2127,62788d7e21276fdae9d1466ea354865911e945ab5fec9feb556cfd3fd5fcb964,"[""aircraft-variant""]","[""DGCA-OVL-0275"",""DGCA-OVL-0276""]","[""DGCA-OVL-0275:right:6E6873|IXB>HYD"",""DGCA-OVL-0276:left:6E6873|IXB>HYD""]",True,7,52,Bagdogra,10,6E 6873,IGO,A321,1234567,,,HYD,11:05,29/03/2026,24/10/2026,10 6E 6873 IGO A321 1234567 HYD 11:05 29/03/2026 24/10/2026,True
p008/line009/station=Bagdogra/row=22/sha256=7a24e5b2c918,7a24e5b2c91823b8d804477790e4d38a35826904771c0b968d6da0d32ce22886,"[""aircraft-variant""]","[""DGCA-OVL-0110""]","[""DGCA-OVL-0110:right:6E307|CCU>IXB""]",True,8,9,Bagdogra,22,6E 307,IGO,A320N,1234567,CCU,17:00,,,29/03/2026,24/10/2026,22 6E 307 IGO A320N 1234567 CCU 17:00 29/03/2026 24/10/2026,True
p008/line020/station=Bangalore/row=5/sha256=148bf003de2a,148bf003de2aa394bc4e817df207b6585a0d54e72d79132ecc3f85020cf095b5,"[""time-variant""]","[""DGCA-OVL-0134""]","[""DGCA-OVL-0134:right:6E499|VNS>BLR""]",False,8,20,Bangalore,5,6E 499,IGO,A321,1234567,VNS,00:10,,,29/03/2026,24/10/2026,5 6E 499 IGO A321 1234567 VNS 00:10 29/03/2026 24/10/2026,True
p009/line015/station=Bangalore/row=57/sha256=3fb46a54b87e,3fb46a54b87e08fd3819bd4c78ddb69fbf69772d9ba749f5ebc39812785d94fb,"[""aircraft-variant""]","[""DGCA-OVL-0157""]","[""DGCA-OVL-0157:left:6E586|BLR>AMD""]",False,9,15,Bangalore,57,6E 586,IGO,A320N,7,,,AMD,05:10,29/03/2026,29/03/2026,57 6E 586 IGO A320N 7 AMD 05:10 29/03/2026 29/03/2026,True
p009/line016/station=Bangalore/row=58/sha256=153b325d7a23,153b325d7a23b2f440709de52c24f77ff4c7b90a9da21f34ff142f5a38672863,"[""aircraft-variant""]","[""DGCA-OVL-0156"",""DGCA-OVL-0157""]","[""DGCA-OVL-0156:right:6E586|BLR>AMD"",""DGCA-OVL-0157:right:6E586|BLR>AMD""]",False,9,16,Bangalore,58,6E 586,IGO,A321,1234567,,,AMD,05:10,29/03/2026,23/10/2026,58 6E 586 IGO A321 1234567 AMD 05:10 29/03/2026 23/10/2026,True
p009/line034/station=Bangalore/row=76/sha256=b7b995bb7bfc,b7b995bb7bfc29b026369df2f96c61138a4a8e9b03d950348c3fb2b00e5055d8,"[""aircraft-variant""]","[""DGCA-OVL-0186""]","[""DGCA-OVL-0186:right:6E6178|BLR>HYD""]",False,9,34,Bangalore,76,6E 6178,IGO,A320N,1234567,,,HYD,06:25,05/04/2026,23/10/2026,76 6E 6178 IGO A320N 1234567 HYD 06:25 05/04/2026 23/10/2026,True
p009/line041/station=Bangalore/row=83/sha256=c20708df1d61,c20708df1d61550fe6b5656d72acc0d43de3ba075770be0eedfda8c43f282065,"[""aircraft-variant""]","[""DGCA-OVL-0313""]","[""DGCA-OVL-0313:right:6E6947|BLR>SXR""]",False,9,41,Bangalore,83,6E 6947,IGO,A321,146,,,SXR,06:45,29/03/2026,03/04/2026,83 6E 6947 IGO A321 146 SXR 06:45 29/03/2026 03/04/2026,True
p010/line001/station=Bangalore/row=101/sha256=c46add28c5b7,c46add28c5b737e3adfecaa3fe226019c2c94e0a668a6b76f19adabf3b94c779,"[""aircraft-variant""]","[""DGCA-OVL-0312"",""DGCA-OVL-0314""]","[""DGCA-OVL-0312:left:6E6947|BLR>SXR"",""DGCA-OVL-0314:right:6E6947|BLR>SXR""]",False,10,1,Bangalore,101,6E 6947,IGO,A321,146,,,SXR,07:05,05/04/2026,23/10/2026,101 6E 6947 IGO A321 146 SXR 07:05 05/04/2026 23/10/2026,True
p010/line004/station=Bangalore/row=104/sha256=4c601e6c6844,4c601e6c68441ea1a1a72f7ab3537aa253bc6ed183cec90fdd86c90eaa7cd898,"[""aircraft-variant""]","[""DGCA-OVL-0340""]","[""DGCA-OVL-0340:left:6E857|BLR>CJB""]",False,10,4,Bangalore,104,6E 857,IGO,A321,7,,,CJB,07:05,29/03/2026,29/03/2026,104 6E 857 IGO A321 7 CJB 07:05 29/03/2026 29/03/2026,True
p010/line005/station=Bangalore/row=105/sha256=f8fa1846cef4,f8fa1846cef4aa9430cd682c55c49f5339db04b7988d5ecc318dda9297897219,"[""aircraft-variant""]","[""DGCA-OVL-0341""]","[""DGCA-OVL-0341:left:6E857|BLR>CJB""]",False,10,5,Bangalore,105,6E 857,IGO,A321,1234567,,,CJB,07:05,29/03/2026,23/10/2026,105 6E 857 IGO A321 1234567 CJB 07:05 29/03/2026 23/10/2026,True
p010/line042/station=Bangalore/row=142/sha256=2541d372f566,2541d372f56602ccf69958e7cd89ff8c79842b917cf4a1a10096ce235ca4279b,"[""aircraft-variant""]","[""DGCA-OVL-0124""]","[""DGCA-OVL-0124:left:6E413|HYD>BLR""]",False,10,42,Bangalore,142,6E 413,IGO,A321,7,HYD,07:50,,,05/04/2026,05/04/2026,142 6E 413 IGO A321 7 HYD 07:50 05/04/2026 05/04/2026,True
p010/line043/station=Bangalore/row=143/sha256=08b6a2d7923c,08b6a2d7923cbf46b00d1da015abed2e3ad3cb385ee6384d82b311503bd4b0ad,"[""aircraft-variant""]","[""DGCA-OVL-0125""]","[""DGCA-OVL-0125:right:6E413|HYD>BLR""]",False,10,43,Bangalore,143,6E 413,IGO,A321,1,HYD,07:50,,,06/04/2026,06/04/2026,143 6E 413 IGO A321 1 HYD 07:50 06/04/2026 06/04/2026,True
p010/line044/station=Bangalore/row=144/sha256=e35d31d97559,e35d31d97559285b4a8cd31b614a639e5013387f37337357d7c3e02c7ffbb50d,"[""aircraft-variant""]","[""DGCA-OVL-0126""]","[""DGCA-OVL-0126:right:6E413|HYD>BLR""]",False,10,44,Bangalore,144,6E 413,IGO,A321,1234567,HYD,07:50,,,07/04/2026,24/10/2026,144 6E 413 IGO A321 1234567 HYD 07:50 07/04/2026 24/10/2026,True
p010/line058/station=Bangalore/row=158/sha256=3f891f94ec1d,3f891f94ec1d4c2d4046f0871e5751fc54d719dd738fa061b63ff62a6cc29e8d,"[""aircraft-variant""]","[""DGCA-OVL-0167""]","[""DGCA-OVL-0167:left:6E6081|MAA>BLR""]",False,10,58,Bangalore,158,6E 6081,IGO,A321,6,MAA,08:05,,,24/10/2026,24/10/2026,158 6E 6081 IGO A321 6 MAA 08:05 24/10/2026 24/10/2026,True
p011/line001/station=Bangalore/row=159/sha256=f384baf2a54c,f384baf2a54caeca1d31edf57c577eb9512ce03d8545c1b0743c32e265c26ced,"[""aircraft-variant""]","[""DGCA-OVL-0168""]","[""DGCA-OVL-0168:left:6E6081|MAA>BLR""]",False,11,1,Bangalore,159,6E 6081,IGO,A321,1234567,MAA,08:05,,,05/04/2026,23/10/2026,159 6E 6081 IGO A321 1234567 MAA 08:05 05/04/2026 23/10/2026,True
p011/line002/station=Bangalore/row=160/sha256=580590d09cf9,580590d09cf9e7617bbb3a948c40ae53e30813b0f6bb4aa5199992c1fde34069,"[""aircraft-variant""]","[""DGCA-OVL-0169""]","[""DGCA-OVL-0169:left:6E6081|MAA>BLR""]",False,11,2,Bangalore,160,6E 6081,IGO,A321,1234567,MAA,08:05,,,29/03/2026,04/04/2026,160 6E 6081 IGO A321 1234567 MAA 08:05 29/03/2026 04/04/2026,True
p011/line010/station=Bangalore/row=168/sha256=daf3ccd4e5ee,daf3ccd4e5ee9fac0af7177dbf5af287683737e7224ce44cd509333889e2196a,"[""aircraft-variant""]","[""DGCA-OVL-0234""]","[""DGCA-OVL-0234:left:6E6482|COK>BLR""]",False,11,10,Bangalore,168,6E 6482,IGO,A321,6,COK,08:20,,,24/10/2026,24/10/2026,168 6E 6482 IGO A321 6 COK 08:20 24/10/2026 24/10/2026,True
p011/line011/station=Bangalore/row=169/sha256=b778dc93e8e6,b778dc93e8e6f274c7f2a0a2e39f185de2a2a589aaec501dd56640c3ce8e6f46,"[""aircraft-variant""]","[""DGCA-OVL-0235""]","[""DGCA-OVL-0235:left:6E6482|COK>BLR""]",False,11,11,Bangalore,169,6E 6482,IGO,A321,1234567,COK,08:20,,,05/04/2026,23/10/2026,169 6E 6482 IGO A321 1234567 COK 08:20 05/04/2026 23/10/2026,True
p011/line015/station=Bangalore/row=173/sha256=e50653917e2f,e50653917e2f28cf7ee72aa99a6f4b8c98cd4fb0f293f94435dacefd9f3095c6,"[""aircraft-variant""]","[""DGCA-OVL-0266""]","[""DGCA-OVL-0266:left:6E6801|BLR>PAT""]",False,11,15,Bangalore,173,6E 6801,IGO,A321,1234567,,,PAT,08:25,07/04/2026,24/10/2026,173 6E 6801 IGO A321 1234567 PAT 08:25 07/04/2026 24/10/2026,True
p011/line040/station=Bangalore/row=198/sha256=1f713ee3ed1a,1f713ee3ed1a643b6b3a91da7d73532b68f719b0b8b480e2c0ebc093dbc38936,"[""aircraft-variant""]","[""DGCA-OVL-0246""]","[""DGCA-OVL-0246:left:6E6558|BLR>VNS""]",False,11,40,Bangalore,198,6E 6558,IGO,A321,6,,,VNS,09:05,24/10/2026,24/10/2026,198 6E 6558 IGO A321 6 VNS 09:05 24/10/2026 24/10/2026,True
p011/line041/station=Bangalore/row=199/sha256=2a4fa59a4a0b,2a4fa59a4a0b660c8d7ea6359192f928e220f51a2247920f5d03e54e6a4e9e85,"[""aircraft-variant""]","[""DGCA-OVL-0247""]","[""DGCA-OVL-0247:left:6E6558|BLR>VNS""]",False,11,41,Bangalore,199,6E 6558,IGO,A321,1234567,,,VNS,09:05,05/04/2026,23/10/2026,199 6E 6558 IGO A321 1234567 VNS 09:05 05/04/2026 23/10/2026,True
p011/line042/station=Bangalore/row=200/sha256=caf296171e07,caf296171e07ad6f2fd3d98d0037d96a43d4c3362b5f51f304c11a6f51ed8378,"[""aircraft-variant""]","[""DGCA-OVL-0245""]","[""DGCA-OVL-0245:right:6E6558|BLR>VNS""]",False,11,42,Bangalore,200,6E 6558,IGO,A321,1234567,,,VNS,09:05,29/03/2026,04/04/2026,200 6E 6558 IGO A321 1234567 VNS 09:05 29/03/2026 04/04/2026,True
p011/line046/station=Bangalore/row=204/sha256=bbfd3cbdb6a2,bbfd3cbdb6a24b21c1689d261a7e23be1b615f55a00dbb12d940c5a8722711d6,"[""aircraft-variant""]","[""DGCA-OVL-0041""]","[""DGCA-OVL-0041:left:6E2518|BLR>HDO""]",False,11,46,Bangalore,204,6E 2518,IGO,A321,6,,,HDO,09:20,24/10/2026,24/10/2026,204 6E 2518 IGO A321 6 HDO 09:20 24/10/2026 24/10/2026,True
p011/line047/station=Bangalore/row=205/sha256=67a08540ac64,67a08540ac6476e7b508c9465607b04ab18242104a1ea348c7187550fbde5904,"[""aircraft-variant""]","[""DGCA-OVL-0042""]","[""DGCA-OVL-0042:left:6E2518|BLR>HDO""]",False,11,47,Bangalore,205,6E 2518,IGO,A321,1234567,,,HDO,09:20,05/04/2026,23/10/2026,205 6E 2518 IGO A321 1234567 HDO 09:20 05/04/2026 23/10/2026,True
p012/line026/station=Bangalore/row=242/sha256=32eee824b1d9,32eee824b1d900cd439ff30409f2a020f58f3dc23e99bddbf6d5f92698156704,"[""aircraft-variant""]","[""DGCA-OVL-0163""]","[""DGCA-OVL-0163:left:6E6059|BLR>JRG""]",False,12,26,Bangalore,242,6E 6059,IGO,A320N,1234567,,,JRG,10:10,05/04/2026,23/10/2026,242 6E 6059 IGO A320N 1234567 JRG 10:10 05/04/2026 23/10/2026,True
p012/line027/station=Bangalore/row=243/sha256=4b11eadf1798,4b11eadf1798ae49f744c7808f065b9614e2a10b958c6020d537c06f5a880ef8,"[""aircraft-variant""]","[""DGCA-OVL-0164""]","[""DGCA-OVL-0164:left:6E6059|BLR>JRG""]",False,12,27,Bangalore,243,6E 6059,IGO,A320N,1234567,,,JRG,10:10,29/03/2026,04/04/2026,243 6E 6059 IGO A320N 1234567 JRG 10:10 29/03/2026 04/04/2026,True
p013/line014/station=Bangalore/row=288/sha256=591b2a0f2450,591b2a0f24509a63c6ab1529c72ea0fce7b385dba8e087e1b46a22046ae25bbe,"[""aircraft-variant""]","[""DGCA-OVL-0165""]","[""DGCA-OVL-0165:left:6E6066|HYD>BLR""]",False,13,14,Bangalore,288,6E 6066,IGO,A321,1234567,HYD,10:55,,,05/04/2026,23/10/2026,288 6E 6066 IGO A321 1234567 HYD 10:55 05/04/2026 23/10/2026,True
p013/line015/station=Bangalore/row=289/sha256=743f4e044854,743f4e04485422a08375e61759cb82da2ca0be33a6c86b47e88f3203fdb4f2db,"[""aircraft-variant""]","[""DGCA-OVL-0166""]","[""DGCA-OVL-0166:left:6E6066|HYD>BLR""]",False,13,15,Bangalore,289,6E 6066,IGO,A321,1234567,HYD,10:55,,,29/03/2026,04/04/2026,289 6E 6066 IGO A321 1234567 HYD 10:55 29/03/2026 04/04/2026,True
p013/line016/station=Bangalore/row=290/sha256=c7bb1d0b9bf4,c7bb1d0b9bf4d44985bc1329cf751ee2f4724fca27b6e98e334e08302fcf9538,"[""aircraft-variant""]","[""DGCA-OVL-0241""]","[""DGCA-OVL-0241:left:6E6535|COK>BLR""]",False,13,16,Bangalore,290,6E 6535,IGO,A320N,1234567,COK,10:55,,,05/04/2026,23/10/2026,290 6E 6535 IGO A320N 1234567 COK 10:55 05/04/2026 23/10/2026,True
p013/line019/station=Bangalore/row=293/sha256=4e192f7ca234,4e192f7ca234d8ed530ef1e28d595559f766d22908c74af4d21b01d48ec4ed0a,"[""aircraft-variant""]","[""DGCA-OVL-0242""]","[""DGCA-OVL-0242:left:6E6535|COK>BLR""]",False,13,19,Bangalore,293,6E 6535,IGO,A320N,1234567,COK,11:00,,,29/03/2026,04/04/2026,293 6E 6535 IGO A320N 1234567 COK 11:00 29/03/2026 04/04/2026,True
p013/line039/station=Bangalore/row=313/sha256=3fd42aa5a806,3fd42aa5a8061fff8892b2aea828bea8b18f9ec8094aac01b39ce67a37ed57a0,"[""aircraft-variant""]","[""DGCA-OVL-0218""]","[""DGCA-OVL-0218:left:6E6404|BLR>HYD""]",False,13,39,Bangalore,313,6E 6404,IGO,A321,1234567,,,HYD,11:25,05/04/2026,23/10/2026,313 6E 6404 IGO A321 1234567 HYD 11:25 05/04/2026 23/10/2026,True
p013/line040/station=Bangalore/row=314/sha256=ad1e339468c8,ad1e339468c886a1f05f5cfdbe9a7082cb679dfb5301791fdce479383d116d91,"[""aircraft-variant""]","[""DGCA-OVL-0138""]","[""DGCA-OVL-0138:left:6E508|BLR>RDP""]",False,13,40,Bangalore,314,6E 508,IGO,A320N,1234567,,,RDP,11:25,29/03/2026,23/10/2026,314 6E 508 IGO A320N 1234567 RDP 11:25 29/03/2026 23/10/2026,True
p013/line048/station=Bangalore/row=322/sha256=af3a2ce71173,af3a2ce71173308e2f8d6ca0e482c4ca7104be280902458dcf82887ced8aaf5e,"[""aircraft-variant""]","[""DGCA-OVL-0219""]","[""DGCA-OVL-0219:left:6E6404|BLR>HYD""]",False,13,48,Bangalore,322,6E 6404,IGO,A321,1234567,,,HYD,11:35,29/03/2026,04/04/2026,322 6E 6404 IGO A321 1234567 HYD 11:35 29/03/2026 04/04/2026,True
p013/line055/station=Bangalore/row=329/sha256=25e5d6a1dd25,25e5d6a1dd251e01a0fae44997bcc2410d4112f73bc222f05ac46e53b0ebada0,"[""aircraft-variant""]","[""DGCA-OVL-0239""]","[""DGCA-OVL-0239:left:6E6535|BLR>BBI""]",False,13,55,Bangalore,329,6E 6535,IGO,A320N,1234567,,,BBI,11:40,05/04/2026,23/10/2026,329 6E 6535 IGO A320N 1234567 BBI 11:40 05/04/2026 23/10/2026,True
p013/line056/station=Bangalore/row=330/sha256=c4b4db0a357c,c4b4db0a357c79c91a10b48f4e02c8d4162c21381f3c1cce44344b996fb7248d,"[""aircraft-variant""]","[""DGCA-OVL-0240""]","[""DGCA-OVL-0240:left:6E6535|BLR>BBI""]",False,13,56,Bangalore,330,6E 6535,IGO,A320N,1234567,,,BBI,11:40,29/03/2026,04/04/2026,330 6E 6535 IGO A320N 1234567 BBI 11:40 29/03/2026 04/04/2026,True
p015/line014/station=Bangalore/row=404/sha256=ec0bf65298c9,ec0bf65298c98e22bfc676786a861dd4c1d7cb0b69de1e2be8bf98e6cf41fb55,"[""aircraft-variant""]","[""DGCA-OVL-0342""]","[""DGCA-OVL-0342:left:6E865|IXE>BLR""]",False,15,14,Bangalore,404,6E 865,IGO,A321,14,IXE,13:55,,,30/03/2026,22/10/2026,404 6E 865 IGO A321 14 IXE 13:55 30/03/2026 22/10/2026,True
p015/line033/station=Bangalore/row=423/sha256=f9f591511e93,f9f591511e93ef9d9ed750e71c2c1bd209a5ee70ee73e3e87a8a5b7e10179ab2,"[""aircraft-variant""]","[""DGCA-OVL-0146""]","[""DGCA-OVL-0146:left:6E5306|BLR>IXE""]",False,15,33,Bangalore,423,6E 5306,IGO,A321,1234567,,,IXE,14:35,29/03/2026,24/10/2026,423 6E 5306 IGO A321 1234567 IXE 14:35 29/03/2026 24/10/2026,True
p015/line057/station=Bangalore/row=447/sha256=28c8dd3cd9fd,28c8dd3cd9fd5acebaf7066b36eda4833e6a28d99b03c6327efabebad071db42,"[""aircraft-variant""]","[""DGCA-OVL-0009""]","[""DGCA-OVL-0009:left:6E2030|BLR>IXE""]",False,15,57,Bangalore,447,6E 2030,IGO,A321,14,,,IXE,14:50,30/03/2026,22/10/2026,447 6E 2030 IGO A321 14 IXE 14:50 30/03/2026 22/10/2026,True
p016/line005/station=Bangalore/row=453/sha256=b261acd7e452,b261acd7e45246283f58c66f7f8f9beab5496de45007cb8531e039e97a5674e1,"[""aircraft-variant""]","[""DGCA-OVL-0006""]","[""DGCA-OVL-0006:left:6E128|JRG>BLR""]",False,16,5,Bangalore,453,6E 128,IGO,A320N,1234567,JRG,14:55,,,29/03/2026,04/04/2026,453 6E 128 IGO A320N 1234567 JRG 14:55 29/03/2026 04/04/2026,True
p016/line009/station=Bangalore/row=457/sha256=de481073fff1,de481073fff17ac70a734e591b6e08071f66d684a94b47121063c15602e4bb8c,"[""aircraft-variant""]","[""DGCA-OVL-0250""]","[""DGCA-OVL-0250:left:6E6572|BLR>CCU""]",False,16,9,Bangalore,457,6E 6572,IGO,A321,1234567,,,CCU,15:05,29/03/2026,23/10/2026,457 6E 6572 IGO A321 1234567 CCU 15:05 29/03/2026 23/10/2026,True
p016/line034/station=Bangalore/row=482/sha256=409d91ba014f,409d91ba014f22830e16ff5bb532b22059f5afa4e04342d6d521ac1f97ec4e5a,"[""aircraft-variant""]","[""DGCA-OVL-0310"",""DGCA-OVL-0311""]","[""DGCA-OVL-0310:right:6E6946|SXR>BLR"",""DGCA-OVL-0311:left:6E6946|SXR>BLR""]",False,16,34,Bangalore,482,6E 6946,IGO,A321,357,SXR,15:30,,,05/04/2026,23/10/2026,482 6E 6946 IGO A321 357 SXR 15:30 05/04/2026 23/10/2026,True
p016/line047/station=Bangalore/row=495/sha256=ccf5caa4f1aa,ccf5caa4f1aa8888387761e61def3b8a7774531fcf5f36f67ff9b059bd6263a1,"[""aircraft-variant""]","[""DGCA-OVL-0158""]","[""DGCA-OVL-0158:left:6E6003|BLR>NAG""]",False,16,47,Bangalore,495,6E 6003,IGO,A320N,1234567,,,NAG,15:35,29/03/2026,04/04/2026,495 6E 6003 IGO A320N 1234567 NAG 15:35 29/03/2026 04/04/2026,True
p016/line057/station=Bangalore/row=505/sha256=bfa632da4ce6,bfa632da4ce6ed84275501839f29d1cb10069d2880d6bd5a0d7ced64ef2a3c59,"[""aircraft-variant""]","[""DGCA-OVL-0200""]","[""DGCA-OVL-0200:left:6E633|GOI>BLR""]",False,16,57,Bangalore,505,6E 633,IGO,A320N,1234567,GOI,15:45,,,29/03/2026,23/10/2026,505 6E 633 IGO A320N 1234567 GOI 15:45 29/03/2026 23/10/2026,True
p017/line020/station=Bangalore/row=526/sha256=af69d7ff629f,af69d7ff629fbc4b75e3d55fd208e635a7018fb962fca4756abd0fcd3b437a34,"[""aircraft-variant""]","[""DGCA-OVL-0129""]","[""DGCA-OVL-0129:right:6E455|CCU>BLR""]",False,17,20,Bangalore,526,6E 455,IGO,A321,167,CCU,16:10,,,29/03/2026,24/10/2026,526 6E 455 IGO A321 167 CCU 16:10 29/03/2026 24/10/2026,True
p017/line032/station=Bangalore/row=538/sha256=ae9523da1624,ae9523da1624ecd2154966d4e6878a7d0dc6fae0cf5c4dfc1516066bc4a7f1d8,"[""aircraft-variant""]","[""DGCA-OVL-0243""]","[""DGCA-OVL-0243:left:6E6536|BBI>BLR""]",False,17,32,Bangalore,538,6E 6536,IGO,A320N,1234567,BBI,16:25,,,05/04/2026,24/10/2026,538 6E 6536 IGO A320N 1234567 BBI 16:25 05/04/2026 24/10/2026,True
p017/line033/station=Bangalore/row=539/sha256=85e443f5b94a,85e443f5b94ad950236ccb1b959c9309f55521aaab9ad66916862f6064c6cacb,"[""aircraft-variant""]","[""DGCA-OVL-0244""]","[""DGCA-OVL-0244:left:6E6536|BBI>BLR""]",False,17,33,Bangalore,539,6E 6536,IGO,A320N,1234567,BBI,16:25,,,29/03/2026,04/04/2026,539 6E 6536 IGO A320N 1234567 BBI 16:25 29/03/2026 04/04/2026,True
p017/line049/station=Bangalore/row=555/sha256=e7d57f1a2430,e7d57f1a243057a583054d973e3ddec6d7cdd0c4dec37c8c724cb815f16750c9,"[""aircraft-variant""]","[""DGCA-OVL-0139""]","[""DGCA-OVL-0139:left:6E509|RDP>BLR""]",False,17,49,Bangalore,555,6E 509,IGO,A320N,1234567,RDP,16:55,,,29/03/2026,04/04/2026,555 6E 509 IGO A320N 1234567 RDP 16:55 29/03/2026 04/04/2026,True
p017/line055/station=Bangalore/row=561/sha256=b5b2671fd558,b5b2671fd558fbd64cf8e83bd9c7feae33a7447cb76182ff724b75c5ab5f2542,"[""aircraft-variant""]","[""DGCA-OVL-0160""]","[""DGCA-OVL-0160:left:6E6036|KNU>BLR""]",False,17,55,Bangalore,561,6E 6036,IGO,A321,135,KNU,17:05,,,30/03/2026,03/04/2026,561 6E 6036 IGO A321 135 KNU 17:05 30/03/2026 03/04/2026,True
p017/line057/station=Bangalore/row=563/sha256=eb6b3ea2da6d,eb6b3ea2da6d0d4bc3a5aa3b0272e38446ec1ec0763b746b9ddceb6143fcfe43,"[""aircraft-variant""]","[""DGCA-OVL-0140""]","[""DGCA-OVL-0140:left:6E509|RDP>BLR""]",False,17,57,Bangalore,563,6E 509,IGO,A320N,1234567,RDP,17:05,,,05/04/2026,23/10/2026,563 6E 509 IGO A320N 1234567 RDP 17:05 05/04/2026 23/10/2026,True
p018/line001/station=Bangalore/row=565/sha256=4da727e1f77c,4da727e1f77c178b426b330de8656334c101140e48ded24bd3d14f88c908cc92,"[""aircraft-variant""]","[""DGCA-OVL-0027""]","[""DGCA-OVL-0027:right:6E223|BLR>CCU""]",False,18,1,Bangalore,565,6E 223,IGO,A320N,1246,,,CCU,17:05,30/03/2026,22/10/2026,565 6E 223 IGO A320N 1246 CCU 17:05 30/03/2026 22/10/2026,True
p018/line002/station=Bangalore/row=566/sha256=549a4e7e0ef8,549a4e7e0ef89041b688fb9d88ed6120259f04a6095d7f11a0806a7819b2f836,"[""aircraft-variant""]","[""DGCA-OVL-0026""]","[""DGCA-OVL-0026:left:6E223|BLR>CCU""]",False,18,2,Bangalore,566,6E 223,IGO,A320N,357,,,CCU,17:05,29/03/2026,03/04/2026,566 6E 223 IGO A320N 357 CCU 17:05 29/03/2026 03/04/2026,True
p018/line011/station=Bangalore/row=575/sha256=0e14e1927d73,0e14e1927d73c7a7a137ac11d6448339f122d2cec23a281d6499358fade6b75c,"[""aircraft-variant""]","[""DGCA-OVL-0277""]","[""DGCA-OVL-0277:left:6E6891|BLR>NAG""]",False,18,11,Bangalore,575,6E 6891,IGO,A320N,1234567,,,NAG,17:15,05/04/2026,23/10/2026,575 6E 6891 IGO A320N 1234567 NAG 17:15 05/04/2026 23/10/2026,True
p018/line012/station=Bangalore/row=576/sha256=071873cbee79,071873cbee790172a636637b4e3839321e006a4e28276b5e036bc81ace2afdbc,"[""aircraft-variant""]","[""DGCA-OVL-0278""]","[""DGCA-OVL-0278:left:6E6891|BLR>NAG""]",False,18,12,Bangalore,576,6E 6891,IGO,A320N,1234567,,,NAG,17:15,29/03/2026,04/04/2026,576 6E 6891 IGO A320N 1234567 NAG 17:15 29/03/2026 04/04/2026,True
p018/line013/station=Bangalore/row=577/sha256=98499adee1eb,98499adee1ebfb0f4e872a5751438379c3e7d1f66baaa3355879801cd751d3c2,"[""aircraft-variant""]","[""DGCA-OVL-0230""]","[""DGCA-OVL-0230:left:6E6465|BLR>BHO""]",False,18,13,Bangalore,577,6E 6465,IGO,A320N,1234567,,,BHO,17:15,05/04/2026,24/10/2026,577 6E 6465 IGO A320N 1234567 BHO 17:15 05/04/2026 24/10/2026,True
p018/line018/station=Bangalore/row=582/sha256=65f3a4010bc9,65f3a4010bc934b9ff35e782944eb68622aed8c7f53114ed2b942cae4530b704,"[""aircraft-variant""]","[""DGCA-OVL-0231""]","[""DGCA-OVL-0231:left:6E6465|BLR>BHO""]",False,18,18,Bangalore,582,6E 6465,IGO,A320N,1234567,,,BHO,17:20,29/03/2026,04/04/2026,582 6E 6465 IGO A320N 1234567 BHO 17:20 29/03/2026 04/04/2026,True
p018/line032/station=Bangalore/row=596/sha256=88c062f75cb4,88c062f75cb4dbe2c76c7bfd3ef449801bb56300e7b662d19e9bd522d8a28df8,"[""aircraft-variant""]","[""DGCA-OVL-0112""]","[""DGCA-OVL-0112:right:6E332|BEK>BLR""]",False,18,32,Bangalore,596,6E 332,IGO,A321,24,BEK,17:35,,,31/03/2026,02/04/2026,596 6E 332 IGO A321 24 BEK 17:35 31/03/2026 02/04/2026,True
p018/line035/station=Bangalore/row=599/sha256=ba7491a9ea6d,ba7491a9ea6d12dfed4c793a31f0069c3c45ef84a65b45b411d14189f557ff35,"[""aircraft-variant""]","[""DGCA-OVL-0111""]","[""DGCA-OVL-0111:left:6E332|BEK>BLR""]",False,18,35,Bangalore,599,6E 332,IGO,A321,7,BEK,17:40,,,29/03/2026,29/03/2026,599 6E 332 IGO A321 7 BEK 17:40 29/03/2026 29/03/2026,True
p019/line040/station=Bangalore/row=662/sha256=24776f3b4592,24776f3b45925c42c84dc75dad1f6872ee4e60294cc3f294bec829f1aab7ed5c,"[""aircraft-variant""]","[""DGCA-OVL-0350""]","[""DGCA-OVL-0350:left:6E969|BLR>VTZ""]",False,19,40,Bangalore,662,6E 969,IGO,A320N,1234567,,,VTZ,19:00,05/04/2026,23/10/2026,662 6E 969 IGO A320N 1234567 VTZ 19:00 05/04/2026 23/10/2026,True
p019/line041/station=Bangalore/row=663/sha256=2e889bc7b7c8,2e889bc7b7c8cfd3d3c7c3dbf706aa8aa09eeab2492e7c5cd75eff793020a633,"[""aircraft-variant""]","[""DGCA-OVL-0349""]","[""DGCA-OVL-0349:right:6E969|BLR>VTZ""]",False,19,41,Bangalore,663,6E 969,IGO,A320N,1234567,,,VTZ,19:00,29/03/2026,04/04/2026,663 6E 969 IGO A320N 1234567 VTZ 19:00 29/03/2026 04/04/2026,True
p020/line011/station=Bangalore/row=691/sha256=ae5caea4be27,ae5caea4be27751fef62600e95319808df65c787613029340e2c1246a57c6218,"[""aircraft-variant""]","[""DGCA-OVL-0128""]","[""DGCA-OVL-0128:left:6E429|IXC>BLR""]",False,20,11,Bangalore,691,6E 429,IGO,A321,1234567,IXC,19:40,,,05/04/2026,24/10/2026,691 6E 429 IGO A321 1234567 IXC 19:40 05/04/2026 24/10/2026,True
p020/line046/station=Bangalore/row=726/sha256=f435d0f4ed8c,f435d0f4ed8ca8d67fc4784bf9816d3af7aba230f98bd9a7d9dc69fdbfdb5773,"[""aircraft-variant""]","[""DGCA-OVL-0206"",""DGCA-OVL-0207""]","[""DGCA-OVL-0206:left:6E6385|BLR>IXC"",""DGCA-OVL-0207:left:6E6385|BLR>IXC""]",False,20,46,Bangalore,726,6E 6385,IGO,A321,1234567,,,IXC,20:30,05/04/2026,24/10/2026,726 6E 6385 IGO A321 1234567 IXC 20:30 05/04/2026 24/10/2026,True
p021/line020/station=Bangalore/row=758/sha256=3f4725f72268,3f4725f72268383124cf50434d25ecfb04e1a8423ba0fd6cd272557e5018f685,"[""aircraft-variant""]","[""DGCA-OVL-0238""]","[""DGCA-OVL-0238:left:6E6526|BLR>GOX""]",False,21,20,Bangalore,758,6E 6526,IGO,A321,6,,,GOX,21:30,24/10/2026,24/10/2026,758 6E 6526 IGO A321 6 GOX 21:30 24/10/2026 24/10/2026,True
p022/line026/station=Bangalore/row=822/sha256=807212f76c33,807212f76c3335460f94674c2838bd702b4f789b705e96b9d5ed4473d0b3eed5,"[""aircraft-variant""]","[""DGCA-OVL-0049""]","[""DGCA-OVL-0049:left:6E2772|VTZ>BLR""]",False,22,26,Bangalore,822,6E 2772,IGO,A320N,6,VTZ,23:00,,,24/10/2026,24/10/2026,822 6E 2772 IGO A320N 6 VTZ 23:00 24/10/2026 24/10/2026,True
p022/line027/station=Bangalore/row=823/sha256=36b6884d57f5,36b6884d57f587c68178b3efe399aa26627b54613291db2b1e6727811588fb96,"[""aircraft-variant""]","[""DGCA-OVL-0048""]","[""DGCA-OVL-0048:right:6E2772|VTZ>BLR""]",False,22,27,Bangalore,823,6E 2772,IGO,A320N,1234567,VTZ,23:00,,,29/03/2026,23/10/2026,823 6E 2772 IGO A320N 1234567 VTZ 23:00 29/03/2026 23/10/2026,True
p022/line045/station=Bangalore/row=841/sha256=a9402eecd3c8,a9402eecd3c83ec6c51f60d6b2eddffac927762f669fdf80d7856968c75ff12d,"[""aircraft-variant""]","[""DGCA-OVL-0198""]","[""DGCA-OVL-0198:right:6E6314|CCU>BLR""]",False,22,45,Bangalore,841,6E 6314,IGO,A320N,1,CCU,23:20,,,30/03/2026,30/03/2026,841 6E 6314 IGO A320N 1 CCU 23:20 30/03/2026 30/03/2026,True
p022/line046/station=Bangalore/row=842/sha256=a9bda49e5095,a9bda49e509537c83f24c1e952e9e89351225ff9ad308972cc5110e78e9e29ad,"[""aircraft-variant""]","[""DGCA-OVL-0197""]","[""DGCA-OVL-0197:left:6E6314|CCU>BLR""]",False,22,46,Bangalore,842,6E 6314,IGO,A320N,1,CCU,23:20,,,06/04/2026,19/10/2026,842 6E 6314 IGO A320N 1 CCU 23:20 06/04/2026 19/10/2026,True
p023/line003/station=Bangalore/row=857/sha256=da3c39a92ce8,da3c39a92ce89890ded10b6d2a767fc056e08d128d3e8b514787d12510e2ccf1,"[""aircraft-variant""]","[""DGCA-OVL-0271""]","[""DGCA-OVL-0271:left:6E6859|IXE>BLR""]",False,23,3,Bangalore,857,6E 6859,IGO,A321,7,IXE,23:40,,,05/04/2026,05/04/2026,857 6E 6859 IGO A321 7 IXE 23:40 05/04/2026 05/04/2026,True
p023/line004/station=Bangalore/row=858/sha256=ce0393081a78,ce0393081a7837356dc954d236bc1324817b2831a612852914876f7d708f7ab7,"[""aircraft-variant""]","[""DGCA-OVL-0272""]","[""DGCA-OVL-0272:right:6E6859|IXE>BLR""]",False,23,4,Bangalore,858,6E 6859,IGO,A321,6,IXE,23:40,,,24/10/2026,24/10/2026,858 6E 6859 IGO A321 6 IXE 23:40 24/10/2026 24/10/2026,True
p023/line005/station=Bangalore/row=859/sha256=bb25168afac2,bb25168afac270159980fb57d7119fae6fd6675513ee06808f07ab9d54599857,"[""aircraft-variant""]","[""DGCA-OVL-0273""]","[""DGCA-OVL-0273:right:6E6859|IXE>BLR""]",False,23,5,Bangalore,859,6E 6859,IGO,A321,1234567,IXE,23:40,,,06/04/2026,23/10/2026,859 6E 6859 IGO A321 1234567 IXE 23:40 06/04/2026 23/10/2026,True
p023/line006/station=Bangalore/row=860/sha256=dc41f1b6dfdb,dc41f1b6dfdbce8000faa1d486275dce02ac6b92c2f53735975b5a8f53acbbc1,"[""time-variant""]","[""DGCA-OVL-0134""]","[""DGCA-OVL-0134:left:6E499|VNS>BLR""]",False,23,6,Bangalore,860,6E 499,IGO,A321,7,VNS,23:45,,,05/04/2026,05/04/2026,860 6E 499 IGO A321 7 VNS 23:45 05/04/2026 05/04/2026,True
p023/line008/station=Bangalore/row=862/sha256=4c364be76553,4c364be76553b9960412714ad02f9368c170abf31219302fafb995c46c46026d,"[""aircraft-variant""]","[""DGCA-OVL-0262""]","[""DGCA-OVL-0262:left:6E6744|IDR>BLR""]",False,23,8,Bangalore,862,6E 6744,IGO,A321,6,IDR,23:45,,,24/10/2026,24/10/2026,862 6E 6744 IGO A321 6 IDR 23:45 24/10/2026 24/10/2026,True
p023/line009/station=Bangalore/row=863/sha256=d7d65268d771,d7d65268d7715248b79f6d4293f7067b476efe7e8c32d1229729b5e078947b6f,"[""aircraft-variant""]","[""DGCA-OVL-0265""]","[""DGCA-OVL-0265:right:6E6744|IDR>BLR""]",False,23,9,Bangalore,863,6E 6744,IGO,A321,4,IDR,23:45,,,30/04/2026,30/04/2026,863 6E 6744 IGO A321 4 IDR 23:45 30/04/2026 30/04/2026,True
p023/line010/station=Bangalore/row=864/sha256=605fef78a4bb,605fef78a4bbb868a06ad4f133ca87017a9f903233f8f031cbb306a34f7ab914,"[""aircraft-variant""]","[""DGCA-OVL-0263""]","[""DGCA-OVL-0263:left:6E6744|IDR>BLR""]",False,23,10,Bangalore,864,6E 6744,IGO,A321,1234567,IDR,23:45,,,01/05/2026,23/10/2026,864 6E 6744 IGO A321 1234567 IDR 23:45 01/05/2026 23/10/2026,True
p023/line011/station=Bangalore/row=865/sha256=08bbfb23ae90,08bbfb23ae9016e0fe635464eb5b806591f2fa3e7e98d6a6c36290585fb2c462,"[""aircraft-variant""]","[""DGCA-OVL-0264""]","[""DGCA-OVL-0264:left:6E6744|IDR>BLR""]",False,23,11,Bangalore,865,6E 6744,IGO,A321,1234567,IDR,23:45,,,29/03/2026,29/04/2026,865 6E 6744 IGO A321 1234567 IDR 23:45 29/03/2026 29/04/2026,True
p023/line016/station=Bareilly/row=4/sha256=3c16bfe9fc1c,3c16bfe9fc1c69fd4db4b1b97215d507bacefe7cafef29b8f10f9433ae08386a,"[""aircraft-variant""]","[""DGCA-OVL-0111"",""DGCA-OVL-0112""]","[""DGCA-OVL-0111:right:6E332|BEK>BLR"",""DGCA-OVL-0112:left:6E332|BEK>BLR""]",True,23,16,Bareilly,4,6E 332,IGO,A320N,247,,,BLR,14:45,29/03/2026,22/10/2026,4 6E 332 IGO A320N 247 BLR 14:45 29/03/2026 22/10/2026,True
p024/line025/station=Bhopal/row=49/sha256=e00f3217acf5,e00f3217acf530cc6ad6b444edb70d9c93752f789f314c8aeb55bf1fdb026016,"[""aircraft-variant""]","[""DGCA-OVL-0230"",""DGCA-OVL-0231""]","[""DGCA-OVL-0230:right:6E6465|BLR>BHO"",""DGCA-OVL-0231:right:6E6465|BLR>BHO""]",False,24,25,Bhopal,49,6E 6465,IGO,A321,1234567,BLR,19:25,,,29/03/2026,24/10/2026,49 6E 6465 IGO A321 1234567 BLR 19:25 29/03/2026 24/10/2026,True
p025/line004/station=Bhubneshwar/row=31/sha256=34f9dc5eb218,34f9dc5eb218ca6f4ef6ce67d4c4e1bb45ba36958d37f91e5fd835eaaf5f65db,"[""aircraft-variant""]","[""DGCA-OVL-0239"",""DGCA-OVL-0240""]","[""DGCA-OVL-0239:right:6E6535|BLR>BBI"",""DGCA-OVL-0240:right:6E6535|BLR>BBI""]",False,25,4,Bhubneshwar,31,6E 6535,IGO,A321,1234567,BLR,13:45,,,29/03/2026,24/10/2026,31 6E 6535 IGO A321 1234567 BLR 13:45 29/03/2026 24/10/2026,True
p025/line007/station=Bhubneshwar/row=34/sha256=f4f5b6b4bbe1,f4f5b6b4bbe1829e403d3256b8d755936914f85f67d33fcf2dd1784ccfe639c5,"[""aircraft-variant""]","[""DGCA-OVL-0243"",""DGCA-OVL-0244""]","[""DGCA-OVL-0243:right:6E6536|BBI>BLR"",""DGCA-OVL-0244:right:6E6536|BBI>BLR""]",False,25,7,Bhubneshwar,34,6E 6536,IGO,A321,1234567,,,BLR,14:15,29/03/2026,24/10/2026,34 6E 6536 IGO A321 1234567 BLR 14:15 29/03/2026 24/10/2026,True
p025/line013/station=Bhubneshwar/row=40/sha256=50ec14100446,50ec141004467b79a813f5c2cf25fd9da18244b092374d166f652dc12ed5d8fb,"[""aircraft-variant""]","[""DGCA-OVL-0171""]","[""DGCA-OVL-0171:left:6E6101|BBI>CCU""]",False,25,13,Bhubneshwar,40,6E 6101,IGO,A320N,1234567,,,CCU,16:00,29/03/2026,24/10/2026,40 6E 6101 IGO A320N 1234567 CCU 16:00 29/03/2026 24/10/2026,True
p025/line027/station=Bhubneshwar/row=54/sha256=e28253b355a6,e28253b355a601ca6f5b1a16c1a195ac9677ff2c5f23bf2c4a2d5376c620f596,"[""aircraft-variant""]","[""DGCA-OVL-0130""]","[""DGCA-OVL-0130:left:6E459|BBI>BOM""]",False,25,27,Bhubneshwar,54,6E 459,IGO,A320N,1234567,,,BOM,19:55,29/03/2026,24/10/2026,54 6E 459 IGO A320N 1234567 BOM 19:55 29/03/2026 24/10/2026,True
p025/line045/station=Bhubneshwar/row=72/sha256=2a37646fdb2a,2a37646fdb2a8f4996b5b5481479ead6a5eaafbb307a828842a9f6dadadb7ccc,"[""aircraft-variant""]","[""DGCA-OVL-0199""]","[""DGCA-OVL-0199:left:6E631|BBI>HYD""]",False,25,45,Bhubneshwar,72,6E 631,IGO,A320N,6,,,HYD,21:40,24/10/2026,24/10/2026,72 6E 631 IGO A320N 6 HYD 21:40 24/10/2026 24/10/2026,True
p025/line052/station=Bhuj/row=1/sha256=24934fcbe98d,24934fcbe98d650d1499f3de734566f9bc2a3bae468645ef6118502c1e643b80,"[""aircraft-variant""]","[""DGCA-OVL-0212""]","[""DGCA-OVL-0212:left:6E6389|DEL>BHJ""]",True,25,52,Bhuj,1,6E 6389,IGO,A321,1234567,DEL,09:55,,,01/05/2026,24/10/2026,1 6E 6389 IGO A321 1234567 DEL 09:55 01/05/2026 24/10/2026,True
p025/line053/station=Bhuj/row=2/sha256=7f4e38b8c8fb,7f4e38b8c8fb18a28b744db7c2ab0cb884b48d5e20a9b3c1da9552ae021fed61,"[""aircraft-variant""]","[""DGCA-OVL-0209""]","[""DGCA-OVL-0209:left:6E6387|BHJ>BOM""]",False,25,53,Bhuj,2,6E 6387,IGO,A321,1234567,,,BOM,10:25,01/05/2026,24/10/2026,2 6E 6387 IGO A321 1234567 BOM 10:25 01/05/2026 24/10/2026,True
p025/line054/station=Bhuj/row=3/sha256=5ae5cacffc9b,5ae5cacffc9b156c83424b764173fd70d75a65d9f1ea068ec204c71c78e74569,"[""aircraft-variant""]","[""DGCA-OVL-0208""]","[""DGCA-OVL-0208:left:6E6386|BOM>BHJ""]",False,25,54,Bhuj,3,6E 6386,IGO,A321,123457,BOM,14:50,,,01/05/2026,23/10/2026,3 6E 6386 IGO A321 123457 BOM 14:50 01/05/2026 23/10/2026,True
p026/line004/station=Chandigarh/row=3/sha256=60f466995199,60f466995199268fe544a6dfb594b5753d45be8e477f262b95e095ed5baa6495,"[""aircraft-variant""]","[""DGCA-OVL-0344""]","[""DGCA-OVL-0344:left:6E867|IXC>HYD""]",False,26,4,Chandigarh,3,6E 867,IGO,A320N,7,,,HYD,05:35,29/03/2026,29/03/2026,3 6E 867 IGO A320N 7 HYD 05:35 29/03/2026 29/03/2026,True
p026/line012/station=Chandigarh/row=11/sha256=0765f2110548,0765f21105482f29b0c322028c1154e213ff61c6643d7b1c1eca1326d7dad8bb,"[""aircraft-variant""]","[""DGCA-OVL-0343"",""DGCA-OVL-0345""]","[""DGCA-OVL-0343:left:6E867|IXC>HYD"",""DGCA-OVL-0345:right:6E867|IXC>HYD""]",False,26,12,Chandigarh,11,6E 867,IGO,A320N,1234567,,,HYD,07:20,30/03/2026,24/10/2026,11 6E 867 IGO A320N 1234567 HYD 07:20 30/03/2026 24/10/2026,True
p027/line046/station=Chandigarh/row=102/sha256=6804451f7603,6804451f7603d498338f31ff4b58bedc8b4295f4bfc701be0a80a912b5d28244,"[""aircraft-variant""]","[""DGCA-OVL-0001"",""DGCA-OVL-0002"",""DGCA-OVL-0003""]","[""DGCA-OVL-0001:left:6E108|HYD>IXC"",""DGCA-OVL-0002:left:6E108|HYD>IXC"",""DGCA-OVL-0003:right:6E108|HYD>IXC""]",False,27,46,Chandigarh,102,6E 108,IGO,A320N,1234567,HYD,15:50,,,29/03/2026,23/10/2026,102 6E 108 IGO A320N 1234567 HYD 15:50 29/03/2026 23/10/2026,True
p027/line048/station=Chandigarh/row=104/sha256=bbdc8ac7533a,bbdc8ac7533a5b66984e9476894111bff99d42b42b1328d8095ea3ca669a2847,"[""aircraft-variant""]","[""DGCA-OVL-0143"",""DGCA-OVL-0144""]","[""DGCA-OVL-0143:right:6E5162|SXR>IXC"",""DGCA-OVL-0144:left:6E5162|SXR>IXC""]",False,27,48,Chandigarh,104,6E 5162,IGO,A320N,3,SXR,16:10,,,01/04/2026,21/10/2026,104 6E 5162 IGO A320N 3 SXR 16:10 01/04/2026 21/10/2026,True
p027/line051/station=Chandigarh/row=107/sha256=a7885c73f568,a7885c73f5688a119c6cefb019e8e9266a0345b53a2c55fd3de2a12d7e45464f,"[""aircraft-variant""]","[""DGCA-OVL-0128""]","[""DGCA-OVL-0128:right:6E429|IXC>BLR""]",False,27,51,Chandigarh,107,6E 429,IGO,A320N,1234567,,,BLR,16:40,29/03/2026,23/10/2026,107 6E 429 IGO A320N 1234567 BLR 16:40 29/03/2026 23/10/2026,True
p027/line052/station=Chandigarh/row=108/sha256=41f71f8e4033,41f71f8e403346e3f073d1340f2663804d928410710694f96a9ee8219eaf0d95,"[""aircraft-variant""]","[""DGCA-OVL-0142""]","[""DGCA-OVL-0142:left:6E5162|IXC>DEL""]",False,27,52,Chandigarh,108,6E 5162,IGO,A320N,3,,,DEL,16:50,01/04/2026,21/10/2026,108 6E 5162 IGO A320N 3 DEL 16:50 01/04/2026 21/10/2026,True
p027/line058/station=Chandigarh/row=114/sha256=dd3afdf65496,dd3afdf65496852f9ed2e0e0ae7ddd2ba98ad1390b953e5bf42206c8f779134d,"[""aircraft-variant""]","[""DGCA-OVL-0021""]","[""DGCA-OVL-0021:left:6E2145|NMI>IXC""]",False,27,58,Chandigarh,114,6E 2145,IGO,A321,4,NMI,19:00,,,02/04/2026,22/10/2026,114 6E 2145 IGO A321 4 NMI 19:00 02/04/2026 22/10/2026,True
p028/line001/station=Chandigarh/row=115/sha256=d8122b4c392d,d8122b4c392d6f2e5d24642bb4e3c6fd64256c223b8e9ed82f1bae953afd7ae5,"[""aircraft-variant""]","[""DGCA-OVL-0020""]","[""DGCA-OVL-0020:right:6E2145|NMI>IXC""]",False,28,1,Chandigarh,115,6E 2145,IGO,A321,123567,NMI,19:00,,,29/03/2026,24/10/2026,115 6E 2145 IGO A321 123567 NMI 19:00 29/03/2026 24/10/2026,True
p028/line004/station=Chandigarh/row=118/sha256=d792c82973d6,d792c82973d6c99f0fb03d2bd7b73d527a80f1de0f8a76402a282b465c559204,"[""aircraft-variant""]","[""DGCA-OVL-0351""]","[""DGCA-OVL-0351:left:6E971|IXC>MAA""]",False,28,4,Chandigarh,118,6E 971,IGO,A321,1234567,,,MAA,19:25,29/03/2026,24/10/2026,118 6E 971 IGO A321 1234567 MAA 19:25 29/03/2026 24/10/2026,True
p028/line005/station=Chandigarh/row=119/sha256=1c04a8f93068,1c04a8f93068735678de5c8fa45177b3c465a4a3fd838fbac4456ddcde0f2ce4,"[""aircraft-variant""]","[""DGCA-OVL-0023""]","[""DGCA-OVL-0023:left:6E2148|IXC>NMI""]",False,28,5,Chandigarh,119,6E 2148,IGO,A321,4,,,NMI,19:35,02/04/2026,22/10/2026,119 6E 2148 IGO A321 4 NMI 19:35 02/04/2026 22/10/2026,True
p028/line006/station=Chandigarh/row=120/sha256=be44b5d7f098,be44b5d7f098d7d2ec92e668cc497138319263dd2801579c1469406b09adbf80,"[""aircraft-variant""]","[""DGCA-OVL-0022""]","[""DGCA-OVL-0022:right:6E2148|IXC>NMI""]",False,28,6,Chandigarh,120,6E 2148,IGO,A321,123567,,,NMI,19:35,29/03/2026,24/10/2026,120 6E 2148 IGO A321 123567 NMI 19:35 29/03/2026 24/10/2026,True
p028/line022/station=Chandigarh/row=136/sha256=77723cf0c2c0,77723cf0c2c003beec41957116a78743743c7b51c5e642118e2576e3d3b1bc6d,"[""aircraft-variant""]","[""DGCA-OVL-0206""]","[""DGCA-OVL-0206:right:6E6385|BLR>IXC""]",False,28,22,Chandigarh,136,6E 6385,IGO,A320N,6,BLR,23:40,,,24/10/2026,24/10/2026,136 6E 6385 IGO A320N 6 BLR 23:40 24/10/2026 24/10/2026,True
p028/line023/station=Chandigarh/row=137/sha256=5224ac85fb4a,5224ac85fb4a9cb61934c94a41afd1b44c5f8e3a9872cd10c71cf92a66ed8e14,"[""aircraft-variant""]","[""DGCA-OVL-0207""]","[""DGCA-OVL-0207:right:6E6385|BLR>IXC""]",False,28,23,Chandigarh,137,6E 6385,IGO,A320N,1234567,BLR,23:40,,,29/03/2026,23/10/2026,137 6E 6385 IGO A320N 1234567 BLR 23:40 29/03/2026 23/10/2026,True
p028/line034/station=Chennai/row=11/sha256=a0161d26746c,a0161d26746ceda01cdea69645300b6838607e869287ef1a54221edaace1546f,"[""aircraft-variant""]","[""DGCA-OVL-0039""]","[""DGCA-OVL-0039:left:6E244|MAA>AMD""]",False,28,34,Chennai,11,6E 244,IGO,A320N,7,,,AMD,03:55,29/03/2026,29/03/2026,11 6E 244 IGO A320N 7 AMD 03:55 29/03/2026 29/03/2026,True
p028/line035/station=Chennai/row=12/sha256=43a2b37d5885,43a2b37d5885a91438a95322ef2e2ac2e4f5345a76d36679b6f0bcc777da43cd,"[""aircraft-variant""]","[""DGCA-OVL-0040""]","[""DGCA-OVL-0040:right:6E244|MAA>AMD""]",False,28,35,Chennai,12,6E 244,IGO,A320N,1234567,,,AMD,03:55,30/03/2026,24/10/2026,12 6E 244 IGO A320N 1234567 AMD 03:55 30/03/2026 24/10/2026,True
p029/line003/station=Chennai/row=37/sha256=93dee51ef481,93dee51ef48119f48a24de6691635f73d2c3c32b16f020e933dfc2cc9f70e7b8,"[""aircraft-variant""]","[""DGCA-OVL-0153""]","[""DGCA-OVL-0153:right:6E557|MAA>VTZ""]",False,29,3,Chennai,37,6E 557,IGO,A321,1234567,,,VTZ,06:35,30/03/2026,24/10/2026,37 6E 557 IGO A321 1234567 VTZ 06:35 30/03/2026 24/10/2026,True
p029/line004/station=Chennai/row=38/sha256=98f97157a5dd,98f97157a5dd65bfc0f53697ad6079dbd01a85198856fe61f7da7f8c5c936d7d,"[""aircraft-variant""]","[""DGCA-OVL-0154""]","[""DGCA-OVL-0154:right:6E557|MAA>VTZ""]",False,29,4,Chennai,38,6E 557,IGO,A321,7,,,VTZ,06:35,29/03/2026,29/03/2026,38 6E 557 IGO A321 7 VTZ 06:35 29/03/2026 29/03/2026,True
p029/line010/station=Chennai/row=44/sha256=e53fb71e5765,e53fb71e5765bd77b14394858b277875590bb0da285686c356097c25362de183,"[""aircraft-variant""]","[""DGCA-OVL-0167"",""DGCA-OVL-0168"",""DGCA-OVL-0169""]","[""DGCA-OVL-0167:right:6E6081|MAA>BLR"",""DGCA-OVL-0168:right:6E6081|MAA>BLR"",""DGCA-OVL-0169:right:6E6081|MAA>BLR""]",False,29,10,Chennai,44,6E 6081,IGO,A320N,1234567,,,BLR,07:05,29/03/2026,24/10/2026,44 6E 6081 IGO A320N 1234567 BLR 07:05 29/03/2026 24/10/2026,True
p029/line013/station=Chennai/row=47/sha256=5c99aa6ba75c,5c99aa6ba75caedacb20974c19e33dcb65e5647dc084cc742358b51e310bc259,"[""aircraft-variant""]","[""DGCA-OVL-0115""]","[""DGCA-OVL-0115:left:6E339|CJB>MAA""]",False,29,13,Chennai,47,6E 339,IGO,A320N,1234567,CJB,07:15,,,29/03/2026,24/10/2026,47 6E 339 IGO A320N 1234567 CJB 07:15 29/03/2026 24/10/2026,True
p029/line019/station=Chennai/row=53/sha256=4b5957b45d6d,4b5957b45d6dd91785c8637fb3b297dabc3e345d7c89d25f3d8bdcf5a5cbeb3d,"[""aircraft-variant""]","[""DGCA-OVL-0151""]","[""DGCA-OVL-0151:left:6E5394|MAA>COK""]",False,29,19,Chennai,53,6E 5394,IGO,A320N,1234567,,,COK,08:00,29/03/2026,24/10/2026,53 6E 5394 IGO A320N 1234567 COK 08:00 29/03/2026 24/10/2026,True
p029/line026/station=Chennai/row=60/sha256=059680087695,059680087695df4237f8106e88d0db47c1243ca07ae8886a01e506dac74fc5f2,"[""aircraft-variant""]","[""DGCA-OVL-0037""]","[""DGCA-OVL-0037:left:6E243|HYD>MAA""]",False,29,26,Chennai,60,6E 243,IGO,A321,1234567,HYD,08:25,,,29/03/2026,24/10/2026,60 6E 243 IGO A321 1234567 HYD 08:25 29/03/2026 24/10/2026,True
p029/line028/station=Chennai/row=62/sha256=f93c71161e7c,f93c71161e7c64c4ddb7a474fae1cc8293f87d4d8d813734c5dfbafb5451f27a,"[""aircraft-variant""]","[""DGCA-OVL-0016""]","[""DGCA-OVL-0016:right:6E2128|NMI>MAA""]",False,29,28,Chennai,62,6E 2128,IGO,A320N,246,NMI,08:50,,,31/03/2026,24/10/2026,62 6E 2128 IGO A320N 246 NMI 08:50 31/03/2026 24/10/2026,True
p029/line029/station=Chennai/row=63/sha256=311a0664b267,311a0664b267c643b883382f4ff6a5a9b0f9da958e4ed402f1a060e57403b19f,"[""aircraft-variant""]","[""DGCA-OVL-0015""]","[""DGCA-OVL-0015:left:6E2128|NMI>MAA""]",False,29,29,Chennai,63,6E 2128,IGO,A320N,1357,NMI,08:50,,,29/03/2026,23/10/2026,63 6E 2128 IGO A320N 1357 NMI 08:50 29/03/2026 23/10/2026,True
p029/line032/station=Chennai/row=66/sha256=6ab6aa68429f,6ab6aa68429f3b6fcbb1e5b0551b5984ba7acce203b697acfe88a56cba82756f,"[""aircraft-variant""]","[""DGCA-OVL-0338""]","[""DGCA-OVL-0338:left:6E834|MAA>HYD""]",False,29,32,Chennai,66,6E 834,IGO,A321,1234567,,,HYD,09:05,29/03/2026,24/10/2026,66 6E 834 IGO A321 1234567 HYD 09:05 29/03/2026 24/10/2026,True
p029/line034/station=Chennai/row=68/sha256=2f9c8ea800c8,2f9c8ea800c8e653904e039192388302deacfb26684b6e3e82bda75b2c5c268e,"[""aircraft-variant""]","[""DGCA-OVL-0123""]","[""DGCA-OVL-0123:left:6E404|MAA>DEL""]",False,29,34,Chennai,68,6E 404,IGO,A320N,1234567,,,DEL,09:15,29/03/2026,24/10/2026,68 6E 404 IGO A320N 1234567 DEL 09:15 29/03/2026 24/10/2026,True
p029/line038/station=Chennai/row=72/sha256=1721f13c0874,1721f13c0874a51f3002b7193497b127356af20bb72d11fe00a33f5afb250a7d,"[""aircraft-variant""]","[""DGCA-OVL-0357"",""DGCA-OVL-0358"",""DGCA-OVL-0359""]","[""DGCA-OVL-0357:left:6E991|MAA>IDR"",""DGCA-OVL-0358:right:6E991|MAA>IDR"",""DGCA-OVL-0359:right:6E991|MAA>IDR""]",False,29,38,Chennai,72,6E 991,IGO,A320N,246,,,IDR,09:30,31/03/2026,24/10/2026,72 6E 991 IGO A320N 246 IDR 09:30 31/03/2026 24/10/2026,True
p029/line039/station=Chennai/row=73/sha256=059ebbc909da,059ebbc909da97148eb11e684a97204c82d468ecbdcbced6ab15299e636b2390,"[""aircraft-variant""]","[""DGCA-OVL-0360""]","[""DGCA-OVL-0360:right:6E991|MAA>STV""]",False,29,39,Chennai,73,6E 991,IGO,A320N,1357,,,STV,09:30,29/03/2026,23/10/2026,73 6E 991 IGO A320N 1357 STV 09:30 29/03/2026 23/10/2026,True
p029/line045/station=Chennai/row=79/sha256=9816d8caf36d,9816d8caf36d3dc6070d6563ba2448f2c3ebcfbb22e730b35f63c0749ff775a5,"[""aircraft-variant""]","[""DGCA-OVL-0043""]","[""DGCA-OVL-0043:left:6E2622|COK>MAA""]",False,29,45,Chennai,79,6E 2622,IGO,A321,1234567,COK,10:00,,,29/03/2026,24/10/2026,79 6E 2622 IGO A321 1234567 COK 10:00 29/03/2026 24/10/2026,True
p029/line046/station=Chennai/row=80/sha256=4b7634216f28,4b7634216f2876fd83de8706f4cc8af174d0a04fe7307582478c5fe9d224eca6,"[""aircraft-variant""]","[""DGCA-OVL-0339""]","[""DGCA-OVL-0339:right:6E845|VTZ>MAA""]",False,29,46,Chennai,80,6E 845,IGO,A321,1234567,VTZ,10:00,,,29/03/2026,24/10/2026,80 6E 845 IGO A321 1234567 VTZ 10:00 29/03/2026 24/10/2026,True
p030/line014/station=Chennai/row=106/sha256=480e30d2ded9,480e30d2ded9efcca6c4ca5f94e2322bfdfe376240000ba95a6dace74e7eaaca,"[""aircraft-variant""]","[""DGCA-OVL-0178""]","[""DGCA-OVL-0178:left:6E6151|HYD>MAA""]",False,30,14,Chennai,106,6E 6151,IGO,A321,1234567,HYD,11:20,,,29/03/2026,24/10/2026,106 6E 6151 IGO A321 1234567 HYD 11:20 29/03/2026 24/10/2026,True
p030/line022/station=Chennai/row=114/sha256=69525c19b380,69525c19b3809f7ee1cc326574d2b165108953ed6d02e2757d4b4f9a93ae2d2d,"[""aircraft-variant""]","[""DGCA-OVL-0279"",""DGCA-OVL-0280"",""DGCA-OVL-0281"",""DGCA-OVL-0282"",""DGCA-OVL-0283"",""DGCA-OVL-0284"",""DGCA-OVL-0285"",""DGCA-OVL-0286"",""DGCA-OVL-0287"",""DGCA-OVL-0288"",""DGCA-OVL-0289"",""DGCA-OVL-0290"",""DGCA-OVL-0291"",""DGCA-OVL-0292"",""DGCA-OVL-0293"",""DGCA-OVL-0294"",""DGCA-OVL-0295"",""DGCA-OVL-0296"",""DGCA-OVL-0297"",""DGCA-OVL-0298"",""DGCA-OVL-0299"",""DGCA-OVL-0300"",""DGCA-OVL-0301"",""DGCA-OVL-0302"",""DGCA-OVL-0303"",""DGCA-OVL-0304"",""DGCA-OVL-0305"",""DGCA-OVL-0306"",""DGCA-OVL-0307"",""DGCA-OVL-0308"",""DGCA-OVL-0309""]","[""DGCA-OVL-0279:left:6E6925|MAA>HYD"",""DGCA-OVL-0280:left:6E6925|MAA>HYD"",""DGCA-OVL-0281:left:6E6925|MAA>HYD"",""DGCA-OVL-0282:left:6E6925|MAA>HYD"",""DGCA-OVL-0283:left:6E6925|MAA>HYD"",""DGCA-OVL-0284:right:6E6925|MAA>HYD"",""DGCA-OVL-0285:right:6E6925|MAA>HYD"",""DGCA-OVL-0286:right:6E6925|MAA>HYD"",""DGCA-OVL-0287:right:6E6925|MAA>HYD"",""DGCA-OVL-0288:right:6E6925|MAA>HYD"",""DGCA-OVL-0289:right:6E6925|MAA>HYD"",""DGCA-OVL-0290:right:6E6925|MAA>HYD"",""DGCA-OVL-0291:right:6E6925|MAA>HYD"",""DGCA-OVL-0292:right:6E6925|MAA>HYD"",""DGCA-OVL-0293:right:6E6925|MAA>HYD"",""DGCA-OVL-0294:right:6E6925|MAA>HYD"",""DGCA-OVL-0295:right:6E6925|MAA>HYD"",""DGCA-OVL-0296:right:6E6925|MAA>HYD"",""DGCA-OVL-0297:right:6E6925|MAA>HYD"",""DGCA-OVL-0298:right:6E6925|MAA>HYD"",""DGCA-OVL-0299:right:6E6925|MAA>HYD"",""DGCA-OVL-0300:right:6E6925|MAA>HYD"",""DGCA-OVL-0301:right:6E6925|MAA>HYD"",""DGCA-OVL-0302:right:6E6925|MAA>HYD"",""DGCA-OVL-0303:right:6E6925|MAA>HYD"",""DGCA-OVL-0304:right:6E6925|MAA>HYD"",""DGCA-OVL-0305:right:6E6925|MAA>HYD"",""DGCA-OVL-0306:right:6E6925|MAA>HYD"",""DGCA-OVL-0307:right:6E6925|MAA>HYD"",""DGCA-OVL-0308:right:6E6925|MAA>HYD"",""DGCA-OVL-0309:right:6E6925|MAA>HYD""]",False,30,22,Chennai,114,6E 6925,IGO,A321,1234567,,,HYD,12:00,29/03/2026,24/10/2026,114 6E 6925 IGO A321 1234567 HYD 12:00 29/03/2026 24/10/2026,True
p031/line014/station=Chennai/row=164/sha256=3245e344140b,3245e344140bcca4176658ea753e88a4acf7ae19564aa76f381a9b0ff3e46d67,"[""aircraft-variant""]","[""DGCA-OVL-0141""]","[""DGCA-OVL-0141:left:6E514|HYD>MAA""]",False,31,14,Chennai,164,6E 514,IGO,A320N,1234567,HYD,15:30,,,29/03/2026,24/10/2026,164 6E 514 IGO A320N 1234567 HYD 15:30 29/03/2026 24/10/2026,True
p031/line025/station=Chennai/row=175/sha256=8cd055b5e8e5,8cd055b5e8e57f6ecb70d4f4408662d75296b48294074e4325704699ca99dff6,"[""aircraft-variant""]","[""DGCA-OVL-0179""]","[""DGCA-OVL-0179:left:6E6158|MAA>HYD""]",False,31,25,Chennai,175,6E 6158,IGO,A320N,1234567,,,HYD,16:10,29/03/2026,24/10/2026,175 6E 6158 IGO A320N 1234567 HYD 16:10 29/03/2026 24/10/2026,True
p031/line053/station=Chennai/row=203/sha256=716b5210edad,716b5210edad50d5e795a710c1a3699169342b41cebd4c845752c6b77abf0224,"[""aircraft-variant""]","[""DGCA-OVL-0258"",""DGCA-OVL-0259""]","[""DGCA-OVL-0258:left:6E668|HYD>MAA"",""DGCA-OVL-0259:left:6E668|HYD>MAA""]",False,31,53,Chennai,203,6E 668,IGO,A320N,1234567,HYD,17:40,,,29/03/2026,24/10/2026,203 6E 668 IGO A320N 1234567 HYD 17:40 29/03/2026 24/10/2026,True
p032/line001/station=Chennai/row=209/sha256=4a6dd4c6ffee,4a6dd4c6ffee6cdb8cf8c8aa55414a71824400684fdc7ba2c74d97c5c02ddb67,"[""aircraft-variant""]","[""DGCA-OVL-0362"",""DGCA-OVL-0363"",""DGCA-OVL-0364""]","[""DGCA-OVL-0362:left:6E995|IDR>MAA"",""DGCA-OVL-0363:right:6E995|IDR>MAA"",""DGCA-OVL-0364:right:6E995|IDR>MAA""]",False,32,1,Chennai,209,6E 995,IGO,A320N,246,IDR,18:00,,,31/03/2026,24/10/2026,209 6E 995 IGO A320N 246 IDR 18:00 31/03/2026 24/10/2026,True
p032/line002/station=Chennai/row=210/sha256=76a78a2ad484,76a78a2ad4847761e313ad81d868f97be0828e32e8aca2df2fd663d1cdb0153d,"[""aircraft-variant""]","[""DGCA-OVL-0365""]","[""DGCA-OVL-0365:right:6E995|STV>MAA""]",False,32,2,Chennai,210,6E 995,IGO,A320N,1357,STV,18:00,,,29/03/2026,23/10/2026,210 6E 995 IGO A320N 1357 STV 18:00 29/03/2026 23/10/2026,True
p032/line012/station=Chennai/row=220/sha256=50c36a04e336,50c36a04e33663865c0ad393773ebe66194746ed60d6760f47bdecd6b553bb19,"[""aircraft-variant""]","[""DGCA-OVL-0155""]","[""DGCA-OVL-0155:left:6E562|MAA>HYD""]",False,32,12,Chennai,220,6E 562,IGO,A320N,1234567,,,HYD,18:20,29/03/2026,24/10/2026,220 6E 562 IGO A320N 1234567 HYD 18:20 29/03/2026 24/10/2026,True
p032/line017/station=Chennai/row=225/sha256=8ba399dc541c,8ba399dc541c1f03fe66624f19a41168742aff130eaa15c2f2dd94bd9ec407d0,"[""aircraft-variant""]","[""DGCA-OVL-0204"",""DGCA-OVL-0205""]","[""DGCA-OVL-0204:left:6E6381|MAA>JAI"",""DGCA-OVL-0205:right:6E6381|MAA>JAI""]",False,32,17,Chennai,225,6E 6381,IGO,A320N,1234567,,,JAI,19:00,29/03/2026,24/10/2026,225 6E 6381 IGO A320N 1234567 JAI 19:00 29/03/2026 24/10/2026,True
p032/line021/station=Chennai/row=229/sha256=7dba19775805,7dba1977580531b3d71dcbdb588533a03d6d0e818c8bdbac08405193c86a7d16,"[""aircraft-variant""]","[""DGCA-OVL-0173"",""DGCA-OVL-0175"",""DGCA-OVL-0176""]","[""DGCA-OVL-0173:right:6E6149|MAA>TRV"",""DGCA-OVL-0175:right:6E6149|MAA>TRV"",""DGCA-OVL-0176:right:6E6149|MAA>TRV""]",False,32,21,Chennai,229,6E 6149,IGO,A320N,246,,,TRV,19:10,31/03/2026,24/10/2026,229 6E 6149 IGO A320N 246 TRV 19:10 31/03/2026 24/10/2026,True
p032/line022/station=Chennai/row=230/sha256=ccd40df56a3a,ccd40df56a3a4814aaaa0c051a2e80eba271ff027c59d0e383f02af230745a7e,"[""aircraft-variant""]","[""DGCA-OVL-0174""]","[""DGCA-OVL-0174:right:6E6149|MAA>TRV""]",False,32,22,Chennai,230,6E 6149,IGO,A320N,1357,,,TRV,19:10,29/03/2026,23/10/2026,230 6E 6149 IGO A320N 1357 TRV 19:10 29/03/2026 23/10/2026,True
p032/line039/station=Chennai/row=247/sha256=d62b7852dab5,d62b7852dab5759aa62fec64def08d5dbef6d12a6a5dd08250a90d1ee3f79b00,"[""aircraft-variant""]","[""DGCA-OVL-0236""]","[""DGCA-OVL-0236:left:6E6486|HYD>MAA""]",False,32,39,Chennai,247,6E 6486,IGO,A320N,1234567,HYD,20:20,,,29/03/2026,24/10/2026,247 6E 6486 IGO A320N 1234567 HYD 20:20 29/03/2026 24/10/2026,True
p033/line014/station=Chennai/row=280/sha256=43660b19e3cf,43660b19e3cf5404eb1803a312315e8ce4bc0c4e9a52b200e562002f1ac777df,"[""aircraft-variant""]","[""DGCA-OVL-0182""]","[""DGCA-OVL-0182:left:6E6174|HYD>MAA""]",False,33,14,Chennai,280,6E 6174,IGO,A320N,6,HYD,21:50,,,24/10/2026,24/10/2026,280 6E 6174 IGO A320N 6 HYD 21:50 24/10/2026 24/10/2026,True
p033/line020/station=Chennai/row=286/sha256=d2d6771b39de,d2d6771b39de9c1cf860193a23e32d12b6c20335fdba4b6913d1c718207778e5,"[""aircraft-variant""]","[""DGCA-OVL-0185""]","[""DGCA-OVL-0185:right:6E6174|HYD>MAA""]",False,33,20,Chennai,286,6E 6174,IGO,A320N,246,HYD,22:05,,,31/03/2026,25/04/2026,286 6E 6174 IGO A320N 246 HYD 22:05 31/03/2026 25/04/2026,True
p033/line021/station=Chennai/row=287/sha256=e206d1593f4b,e206d1593f4b42d87b9061d6350143445c83244b25547fbf4a44e4f29c36583d,"[""aircraft-variant""]","[""DGCA-OVL-0183""]","[""DGCA-OVL-0183:left:6E6174|HYD>MAA""]",False,33,21,Chennai,287,6E 6174,IGO,A320N,246,HYD,22:05,,,28/04/2026,22/10/2026,287 6E 6174 IGO A320N 246 HYD 22:05 28/04/2026 22/10/2026,True
p033/line022/station=Chennai/row=288/sha256=c8813f409f51,c8813f409f514bae6ac034cad87b301de8dc58617db9866e61107bdf9de71819,"[""aircraft-variant""]","[""DGCA-OVL-0184""]","[""DGCA-OVL-0184:left:6E6174|HYD>MAA""]",False,33,22,Chennai,288,6E 6174,IGO,A320N,1357,HYD,22:05,,,29/03/2026,23/10/2026,288 6E 6174 IGO A320N 1357 HYD 22:05 29/03/2026 23/10/2026,True
p033/line028/station=Chennai/row=294/sha256=74beb2dd2b37,74beb2dd2b374e2b33422c2c142c11c38400ee1ab46661e2106994e2692d0663,"[""aircraft-variant""]","[""DGCA-OVL-0351""]","[""DGCA-OVL-0351:right:6E971|IXC>MAA""]",False,33,28,Chennai,294,6E 971,IGO,A320N,1234567,IXC,22:25,,,29/03/2026,23/10/2026,294 6E 971 IGO A320N 1234567 IXC 22:25 29/03/2026 23/10/2026,True
p033/line043/station=Chennai/row=309/sha256=99d28158ad10,99d28158ad10488717ec6c7590ae003fd4d06da858fb5e60ed2fad7a1f7c24e5,"[""aircraft-variant""]","[""DGCA-OVL-0044""]","[""DGCA-OVL-0044:left:6E264|MAA>CCU""]",False,33,43,Chennai,309,6E 264,IGO,A320N,1234567,,,CCU,23:20,29/03/2026,24/10/2026,309 6E 264 IGO A320N 1234567 CCU 23:20 29/03/2026 24/10/2026,True
p033/line049/station=Chennai/row=315/sha256=1080995433e1,1080995433e1f5fcf0c562d5a0847079e6c042f34c2368f059e0186d7493bad5,"[""aircraft-variant""]","[""DGCA-OVL-0251""]","[""DGCA-OVL-0251:left:6E6617|HYD>MAA""]",False,33,49,Chennai,315,6E 6617,IGO,A321,1234567,HYD,23:50,,,29/03/2026,23/10/2026,315 6E 6617 IGO A321 1234567 HYD 23:50 29/03/2026 23/10/2026,True
p033/line050/station=Chennai/row=316/sha256=3498a27835a3,3498a27835a321a66657330be86442de3c308bb77d7a8da8efb77be8d6b24851,"[""aircraft-variant""]","[""DGCA-OVL-0252""]","[""DGCA-OVL-0252:left:6E6617|HYD>MAA""]",False,33,50,Chennai,316,6E 6617,IGO,A321,6,HYD,23:50,,,24/10/2026,24/10/2026,316 6E 6617 IGO A321 6 HYD 23:50 24/10/2026 24/10/2026,True
p033/line052/station=Coimbatore/row=1/sha256=ff951f1ea2d1,ff951f1ea2d11a31da70a7d0513d5986c6fcc18e4ada2fde8e29e671c9567784,"[""aircraft-variant""]","[""DGCA-OVL-0233""]","[""DGCA-OVL-0233:right:6E6472|PNQ>CJB""]",False,33,52,Coimbatore,1,6E 6472,IGO,A321,1234567,PNQ,05:40,,,29/03/2026,24/10/2026,1 6E 6472 IGO A321 1234567 PNQ 05:40 29/03/2026 24/10/2026,True
p033/line054/station=Coimbatore/row=3/sha256=fac62f73e6c1,fac62f73e6c1bb8926fc05e4c88732bc3a1d47c52c054043a1616f731b2453f0,"[""aircraft-variant""]","[""DGCA-OVL-0115""]","[""DGCA-OVL-0115:right:6E339|CJB>MAA""]",False,33,54,Coimbatore,3,6E 339,IGO,A321,1234567,,,MAA,06:10,29/03/2026,24/10/2026,3 6E 339 IGO A321 1234567 MAA 06:10 29/03/2026 24/10/2026,True
p034/line003/station=Coimbatore/row=9/sha256=e81f6a88e2ed,e81f6a88e2edf08766e7669dc3d7965c6a74771fca1ed80e9a701ce834cb6557,"[""aircraft-variant""]","[""DGCA-OVL-0340"",""DGCA-OVL-0341""]","[""DGCA-OVL-0340:right:6E857|BLR>CJB"",""DGCA-OVL-0341:right:6E857|BLR>CJB""]",False,34,3,Coimbatore,9,6E 857,IGO,A320N,1234567,BLR,07:55,,,29/03/2026,24/10/2026,9 6E 857 IGO A320N 1234567 BLR 07:55 29/03/2026 24/10/2026,True
p034/line016/station=Coimbatore/row=22/sha256=50176642c528,50176642c528bdc307f5555b651f2f1ca12df07c6451e42c005a4195570ca10a,"[""aircraft-variant""]","[""DGCA-OVL-0132""]","[""DGCA-OVL-0132:left:6E468|HYD>CJB""]",False,34,16,Coimbatore,22,6E 468,IGO,A321,1234567,HYD,11:35,,,29/03/2026,24/10/2026,22 6E 468 IGO A321 1234567 HYD 11:35 29/03/2026 24/10/2026,True
p034/line017/station=Coimbatore/row=23/sha256=02a7cfb075c8,02a7cfb075c81bc71c91aded518957c1c404a0cd40bc9f954bf504895f2efb5c,"[""aircraft-variant""]","[""DGCA-OVL-0227""]","[""DGCA-OVL-0227:left:6E6421|CJB>HYD""]",False,34,17,Coimbatore,23,6E 6421,IGO,A321,1234567,,,HYD,12:05,29/03/2026,24/10/2026,23 6E 6421 IGO A321 1234567 HYD 12:05 29/03/2026 24/10/2026,True
p034/line026/station=Coimbatore/row=32/sha256=4a7a6e0a52cb,4a7a6e0a52cb09ae38f482fea4f21c11782fcf42e3f8d18e3ff5bab75a1e473d,"[""aircraft-variant""]","[""DGCA-OVL-0228"",""DGCA-OVL-0229""]","[""DGCA-OVL-0228:left:6E6424|HYD>CJB"",""DGCA-OVL-0229:right:6E6424|HYD>CJB""]",False,34,26,Coimbatore,32,6E 6424,IGO,A321,1234567,HYD,15:35,,,29/03/2026,24/10/2026,32 6E 6424 IGO A321 1234567 HYD 15:35 29/03/2026 24/10/2026,True
p034/line029/station=Coimbatore/row=35/sha256=e3070208f0aa,e3070208f0aa6e8219756d5d8b3b63866537aeaaa43409c61048750b1ed1a515,"[""aircraft-variant""]","[""DGCA-OVL-0319""]","[""DGCA-OVL-0319:left:6E764|CJB>HYD""]",False,34,29,Coimbatore,35,6E 764,IGO,A321,1234567,,,HYD,16:10,29/03/2026,24/10/2026,35 6E 764 IGO A321 1234567 HYD 16:10 29/03/2026 24/10/2026,True
p034/line036/station=Coimbatore/row=42/sha256=c8b71c46fb77,c8b71c46fb77b35125a37031af0dbf87a8d486dbd5f81c928b65632ffa7d1683,"[""aircraft-variant""]","[""DGCA-OVL-0196""]","[""DGCA-OVL-0196:left:6E6308|HYD>CJB""]",False,34,36,Coimbatore,42,6E 6308,IGO,A321,1234567,HYD,19:35,,,29/03/2026,24/10/2026,42 6E 6308 IGO A321 1234567 HYD 19:35 29/03/2026 24/10/2026,True
p034/line040/station=Coimbatore/row=46/sha256=989e78731ab6,989e78731ab6fab74d0c2cca198c87ae9d2ec0d5ffda97f194dc2a72ce562c61,"[""aircraft-variant""]","[""DGCA-OVL-0194"",""DGCA-OVL-0195""]","[""DGCA-OVL-0194:left:6E6307|CJB>HYD"",""DGCA-OVL-0195:right:6E6307|CJB>HYD""]",False,34,40,Coimbatore,46,6E 6307,IGO,A321,1234567,,,HYD,20:15,29/03/2026,24/10/2026,46 6E 6307 IGO A321 1234567 HYD 20:15 29/03/2026 24/10/2026,True
p036/line048/station=Delhi/row=57/sha256=9e186a1d0263,9e186a1d02630259331469d241df8d5c32b00d882c1a5e232389a4ffb807e1c5,"[""aircraft-variant""]","[""DGCA-OVL-0237""]","[""DGCA-OVL-0237:left:6E6490|DEL>IDR""]",False,36,48,Delhi,57,6E 6490,IGO,A320N,1234567,,,IDR,04:55,29/03/2026,24/10/2026,57 6E 6490 IGO A320N 1234567 IDR 04:55 29/03/2026 24/10/2026,True
p037/line004/station=Delhi/row=71/sha256=9c6811e3f26c,9c6811e3f26cc44146e7bbc49d89b7a7ebe81d6820954ff807d25ec7fc974719,"[""aircraft-variant""]","[""DGCA-OVL-0181""]","[""DGCA-OVL-0181:right:6E6171|DEL>HSR""]",False,37,4,Delhi,71,6E 6171,IGO,A320N,1234567,,,HSR,05:40,29/03/2026,24/10/2026,71 6E 6171 IGO A320N 1234567 HSR 05:40 29/03/2026 24/10/2026,True
p037/line047/station=Delhi/row=114/sha256=bfa3037ee265,bfa3037ee26586d24f8f28db0fed78c886afe1db4adb606c4093d75169ab9f01,"[""aircraft-variant""]","[""DGCA-OVL-0161""]","[""DGCA-OVL-0161:left:6E6038|DEL>GAU""]",False,37,47,Delhi,114,6E 6038,IGO,A320N,1234567,,,GAU,07:45,29/03/2026,24/10/2026,114 6E 6038 IGO A320N 1234567 GAU 07:45 29/03/2026 24/10/2026,True
p038/line011/station=Delhi/row=136/sha256=1783b1b2b715,1783b1b2b71571184c15a752ffbf664d12dca859d9ff4d1563ccd61a54da480c,"[""aircraft-variant""]","[""DGCA-OVL-0212""]","[""DGCA-OVL-0212:right:6E6389|DEL>BHJ""]",False,38,11,Delhi,136,6E 6389,IGO,A320N,1234567,,,BHJ,08:10,01/05/2026,24/10/2026,136 6E 6389 IGO A320N 1234567 BHJ 08:10 01/05/2026 24/10/2026,True
p038/line012/station=Delhi/row=137/sha256=1499c58a8daf,1499c58a8daf535a9ec7f22e62c3f4b88fac773f9ee499ef4bde69cb84871233,"[""aircraft-variant""]","[""DGCA-OVL-0213""]","[""DGCA-OVL-0213:left:6E6389|DEL>IDR""]",False,38,12,Delhi,137,6E 6389,IGO,A320N,1234567,,,IDR,08:10,16/04/2026,30/04/2026,137 6E 6389 IGO A320N 1234567 IDR 08:10 16/04/2026 30/04/2026,True
p038/line013/station=Delhi/row=138/sha256=2e592c1b3e27,2e592c1b3e274a6c83670c045b565199881e06143d2d4a30b83a24604e5ceb1e,"[""aircraft-variant""]","[""DGCA-OVL-0214""]","[""DGCA-OVL-0214:left:6E6389|DEL>IDR""]",False,38,13,Delhi,138,6E 6389,IGO,A320N,1234567,,,IDR,08:10,29/03/2026,15/04/2026,138 6E 6389 IGO A320N 1234567 IDR 08:10 29/03/2026 15/04/2026,True
p038/line057/station=Delhi/row=182/sha256=46802f877ce9,46802f877ce9e1ac1ccd2078c63129f37a59705097074ee081c2ea598b6e0214,"[""aircraft-variant""]","[""DGCA-OVL-0147"",""DGCA-OVL-0148"",""DGCA-OVL-0149""]","[""DGCA-OVL-0147:right:6E5339|DEL>SXR"",""DGCA-OVL-0148:right:6E5339|DEL>SXR"",""DGCA-OVL-0149:right:6E5339|DEL>SXR""]",False,38,57,Delhi,182,6E 5339,IGO,A321,1234567,,,SXR,09:45,29/03/2026,24/10/2026,182 6E 5339 IGO A321 1234567 SXR 09:45 29/03/2026 24/10/2026,True
p039/line001/station=Delhi/row=184/sha256=139101ee20e0,139101ee20e04d93c12a3bb00702fca69a438c057e9761658b60c4abad7cbf2b,"[""aircraft-variant""]","[""DGCA-OVL-0135""]","[""DGCA-OVL-0135:right:6E5004|HSR>DEL""]",False,39,1,Delhi,184,6E 5004,IGO,A320N,1234567,HSR,09:45,,,29/03/2026,24/10/2026,184 6E 5004 IGO A320N 1234567 HSR 09:45 29/03/2026 24/10/2026,True
p039/line010/station=Delhi/row=193/sha256=b4aa24dffa69,b4aa24dffa6997d07f3378a344f89fcdde66723c92b6fd4c33595601f4f7c547,"[""aircraft-variant""]","[""DGCA-OVL-0324"",""DGCA-OVL-0325""]","[""DGCA-OVL-0324:right:6E773|TRV>DEL"",""DGCA-OVL-0325:right:6E773|TRV>DEL""]",False,39,10,Delhi,193,6E 773,IGO,A320N,1234567,TRV,10:00,,,29/03/2026,24/10/2026,193 6E 773 IGO A320N 1234567 TRV 10:00 29/03/2026 24/10/2026,True
p039/line024/station=Delhi/row=207/sha256=3278e22727f3,3278e22727f34e20c64ae362fc62289a8d284c7b2277db2124f3ba2ae6b5b0ac,"[""aircraft-variant""]","[""DGCA-OVL-0136""]","[""DGCA-OVL-0136:right:6E5025|DEL>VNS""]",False,39,24,Delhi,207,6E 5025,IGO,A321,1234567,,,VNS,10:25,29/03/2026,24/10/2026,207 6E 5025 IGO A321 1234567 VNS 10:25 29/03/2026 24/10/2026,True
p040/line040/station=Delhi/row=281/sha256=54ec685b07f5,54ec685b07f550eb01b16d9dbaebf1cf6a53af2319d7f2625fedde83b7903640,"[""aircraft-variant""]","[""DGCA-OVL-0123""]","[""DGCA-OVL-0123:right:6E404|MAA>DEL""]",False,40,40,Delhi,281,6E 404,IGO,A321,1234567,MAA,12:10,,,29/03/2026,24/10/2026,281 6E 404 IGO A321 1234567 MAA 12:10 29/03/2026 24/10/2026,True
p041/line012/station=Delhi/row=311/sha256=bf804651f799,bf804651f79987ceb0018fa87ecd254d32667dd0df2aac79172a3275aaa39802,"[""aircraft-variant""]","[""DGCA-OVL-0162""]","[""DGCA-OVL-0162:left:6E6053|DEL>JRG""]",False,41,12,Delhi,311,6E 6053,IGO,A320N,1234567,,,JRG,13:05,29/03/2026,24/10/2026,311 6E 6053 IGO A320N 1234567 JRG 13:05 29/03/2026 24/10/2026,True
p041/line025/station=Delhi/row=324/sha256=e4f2911e3255,e4f2911e3255cedf3ce59a08bae094a48402365bec5e933a000d00e374784bbe,"[""aircraft-variant""]","[""DGCA-OVL-0017"",""DGCA-OVL-0018"",""DGCA-OVL-0019""]","[""DGCA-OVL-0017:right:6E2137|SXR>DEL"",""DGCA-OVL-0018:right:6E2137|SXR>DEL"",""DGCA-OVL-0019:right:6E2137|SXR>DEL""]",False,41,25,Delhi,324,6E 2137,IGO,A321,1234567,SXR,13:35,,,29/03/2026,24/10/2026,324 6E 2137 IGO A321 1234567 SXR 13:35 29/03/2026 24/10/2026,True
p041/line030/station=Delhi/row=329/sha256=689707a7b33e,689707a7b33e55a5a3bc51d0f2fec49936d72d86cac48df1e64cd28b0975e1f3,"[""aircraft-variant""]","[""DGCA-OVL-0035""]","[""DGCA-OVL-0035:right:6E2321|VNS>DEL""]",False,41,30,Delhi,329,6E 2321,IGO,A321,1234567,VNS,13:45,,,29/03/2026,24/10/2026,329 6E 2321 IGO A321 1234567 VNS 13:45 29/03/2026 24/10/2026,True
p041/line037/station=Delhi/row=336/sha256=4810953e0840,4810953e0840dab49c83710929f459bc59d30dbcf13fab6a128d87946995508e,"[""aircraft-variant""]","[""DGCA-OVL-0028""]","[""DGCA-OVL-0028:left:6E2241|ATQ>DEL""]",False,41,37,Delhi,336,6E 2241,IGO,A321,1234567,ATQ,14:00,,,29/03/2026,24/10/2026,336 6E 2241 IGO A321 1234567 ATQ 14:00 29/03/2026 24/10/2026,True
p041/line051/station=Delhi/row=350/sha256=61fcbefb4c00,61fcbefb4c00c235323413527101f7485a9f8d7fe60e6896a52be33bda23852f,"[""aircraft-variant""]","[""DGCA-OVL-0152""]","[""DGCA-OVL-0152:left:6E5396|DEL>KNU""]",False,41,51,Delhi,350,6E 5396,IGO,A320N,1234567,,,KNU,14:25,29/03/2026,24/10/2026,350 6E 5396 IGO A320N 1234567 KNU 14:25 29/03/2026 24/10/2026,True
p042/line003/station=Delhi/row=360/sha256=8ea55236f164,8ea55236f164a096bd6f0f5ed1f25ae9245b64a63bddcf0eeeaf28dc18605778,"[""aircraft-variant""]","[""DGCA-OVL-0202""]","[""DGCA-OVL-0202:right:6E6378|DEL>SAG""]",False,42,3,Delhi,360,6E 6378,IGO,A320N,2,,,SAG,14:40,31/03/2026,20/10/2026,360 6E 6378 IGO A320N 2 SAG 14:40 31/03/2026 20/10/2026,True
p042/line004/station=Delhi/row=361/sha256=17fbfccea32c,17fbfccea32c9aed2622ba98642f0c36119b86eb0c2b790611a57c52278ca5ac,"[""aircraft-variant""]","[""DGCA-OVL-0029"",""DGCA-OVL-0030""]","[""DGCA-OVL-0029:right:6E2248|DEL>SXR"",""DGCA-OVL-0030:right:6E2248|DEL>SXR""]",False,42,4,Delhi,361,6E 2248,IGO,A321,1234567,,,SXR,14:45,29/03/2026,24/10/2026,361 6E 2248 IGO A321 1234567 SXR 14:45 29/03/2026 24/10/2026,True
p042/line035/station=Delhi/row=392/sha256=7735e54870fd,7735e54870fdd123bbecb69b14a9eab494da7d66973bdad69ab4e6f9b51f850e,"[""aircraft-variant""]","[""DGCA-OVL-0320""]","[""DGCA-OVL-0320:right:6E769|DEL>TRZ""]",False,42,35,Delhi,392,6E 769,IGO,A321,1357,,,TRZ,15:45,29/03/2026,23/10/2026,392 6E 769 IGO A321 1357 TRZ 15:45 29/03/2026 23/10/2026,True
p043/line048/station=Delhi/row=463/sha256=121b38e6f26f,121b38e6f26fc6d8713af00d072f94898b47e3744704180ba8cee2e4e6f6a60e,"[""aircraft-variant""]","[""DGCA-OVL-0025""]","[""DGCA-OVL-0025:right:6E2219|IXR>DEL""]",False,43,48,Delhi,463,6E 2219,IGO,A320N,1234567,IXR,16:45,,,29/03/2026,24/10/2026,463 6E 2219 IGO A320N 1234567 IXR 16:45 29/03/2026 24/10/2026,True
p044/line001/station=Delhi/row=474/sha256=97133e9b81b2,97133e9b81b22ef9d059467a63e25e9cab345f4836cff3a223a5efd6513d9fab,"[""aircraft-variant""]","[""DGCA-OVL-0217""]","[""DGCA-OVL-0217:right:6E6403|DEL>SAG""]",False,44,1,Delhi,474,6E 6403,IGO,A321,1234567,,,SAG,17:15,29/03/2026,24/10/2026,474 6E 6403 IGO A321 1234567 SAG 17:15 29/03/2026 24/10/2026,True
p044/line009/station=Delhi/row=482/sha256=ef04fe130e17,ef04fe130e175af0d3ee8ff90adbe67a1215ab1f5bd69810ebf9c2034b6de70a,"[""aircraft-variant""]","[""DGCA-OVL-0215""]","[""DGCA-OVL-0215:left:6E6390|IDR>DEL""]",False,44,9,Delhi,482,6E 6390,IGO,A321,1234567,IDR,17:20,,,29/03/2026,15/04/2026,482 6E 6390 IGO A321 1234567 IDR 17:20 29/03/2026 15/04/2026,True
p044/line010/station=Delhi/row=483/sha256=140275cc6f96,140275cc6f96b0ebf94b1cf6b42dac1a46431787d445f4350dab416bd98515bd,"[""aircraft-variant""]","[""DGCA-OVL-0216""]","[""DGCA-OVL-0216:left:6E6390|IDR>DEL""]",False,44,10,Delhi,483,6E 6390,IGO,A321,6,IDR,17:20,,,18/04/2026,24/10/2026,483 6E 6390 IGO A321 6 IDR 17:20 18/04/2026 24/10/2026,True
p044/line021/station=Delhi/row=494/sha256=63d1892482f6,63d1892482f6ff8c355d776d3e194c7ec1b21403b206df37dddedec23978f93c,"[""aircraft-variant""]","[""DGCA-OVL-0142""]","[""DGCA-OVL-0142:right:6E5162|IXC>DEL""]",False,44,21,Delhi,494,6E 5162,IGO,A321,3,IXC,17:50,,,01/04/2026,21/10/2026,494 6E 5162 IGO A321 3 IXC 17:50 01/04/2026 21/10/2026,True
p045/line026/station=Delhi/row=557/sha256=9fc61d55801e,9fc61d55801e2bb87186a19013294e405a39b93459017348f4a95737e560f59d,"[""aircraft-variant""]","[""DGCA-OVL-0012""]","[""DGCA-OVL-0012:right:6E2082|BDQ>DEL""]",False,45,26,Delhi,557,6E 2082,IGO,A320N,1234567,BDQ,18:40,,,29/03/2026,24/10/2026,557 6E 2082 IGO A320N 1234567 BDQ 18:40 29/03/2026 24/10/2026,True
p045/line028/station=Delhi/row=559/sha256=a94082cc4a5e,a94082cc4a5ecaa93d9d8bc3b31accfabfc76aa652b0ed6683e0fd1f439ffec3,"[""aircraft-variant""]","[""DGCA-OVL-0260"",""DGCA-OVL-0261""]","[""DGCA-OVL-0260:right:6E670|SXR>DEL"",""DGCA-OVL-0261:right:6E670|SXR>DEL""]",False,45,28,Delhi,559,6E 670,IGO,A321,1234567,SXR,18:40,,,29/03/2026,24/10/2026,559 6E 670 IGO A321 1234567 SXR 18:40 29/03/2026 24/10/2026,True
p045/line048/station=Delhi/row=579/sha256=8560e683dc46,8560e683dc46d1de10eb6e11697286b86b423b917cc115b15c226a66e8055e8d,"[""aircraft-variant""]","[""DGCA-OVL-0203""]","[""DGCA-OVL-0203:right:6E6379|SAG>DEL""]",False,45,48,Delhi,579,6E 6379,IGO,A320N,2,SAG,19:25,,,31/03/2026,20/10/2026,579 6E 6379 IGO A320N 2 SAG 19:25 31/03/2026 20/10/2026,True
p045/line054/station=Delhi/row=585/sha256=de3ac5a2bc6c,de3ac5a2bc6cfa8b2fc3fd8a4eb92b86f2095c344c14ad2869ee893c601c8c51,"[""aircraft-variant""]","[""DGCA-OVL-0177""]","[""DGCA-OVL-0177:left:6E6150|GAU>DEL""]",False,45,54,Delhi,585,6E 6150,IGO,A320N,1234567,GAU,19:35,,,29/03/2026,24/10/2026,585 6E 6150 IGO A320N 1234567 GAU 19:35 29/03/2026 24/10/2026,True
p046/line042/station=Delhi/row=631/sha256=8619be472478,8619be4724783fada4933cd7e0015287bf7e6523c8dc3bb358d8861c520dea21,"[""aircraft-variant""]","[""DGCA-OVL-0348""]","[""DGCA-OVL-0348:right:6E955|DEL>NMI""]",False,46,42,Delhi,631,6E 955,IGO,A321,1234567,,,NMI,20:00,29/03/2026,24/10/2026,631 6E 955 IGO A321 1234567 NMI 20:00 29/03/2026 24/10/2026,True
p046/line044/station=Delhi/row=633/sha256=c59db714ca6e,c59db714ca6e9453e33f9b087b2df562994282d2cb0c811f826c5222dc1f3afe,"[""aircraft-variant""]","[""DGCA-OVL-0322"",""DGCA-OVL-0323""]","[""DGCA-OVL-0322:right:6E772|DEL>TRV"",""DGCA-OVL-0323:right:6E772|DEL>TRV""]",False,46,44,Delhi,633,6E 772,IGO,A320N,1234567,,,TRV,20:10,29/03/2026,24/10/2026,633 6E 772 IGO A320N 1234567 TRV 20:10 29/03/2026 24/10/2026,True
p047/line052/station=Delhi/row=699/sha256=41e64e08ad21,41e64e08ad21e8664ad07d8f948b0072d479326175341fe4e592e4a5c7703733,"[""aircraft-variant""]","[""DGCA-OVL-0220""]","[""DGCA-OVL-0220:right:6E6407|SAG>DEL""]",False,47,52,Delhi,699,6E 6407,IGO,A321,1234567,SAG,21:50,,,29/03/2026,24/10/2026,699 6E 6407 IGO A321 1234567 SAG 21:50 29/03/2026 24/10/2026,True
p048/line003/station=Delhi/row=708/sha256=f920fa33cdd1,f920fa33cdd1cdfc0775c14eb99b814f57eba39e15f9f3a948885a274fab9380,"[""aircraft-variant""]","[""DGCA-OVL-0321""]","[""DGCA-OVL-0321:right:6E770|TRZ>DEL""]",False,48,3,Delhi,708,6E 770,IGO,A321,1357,TRZ,22:15,,,29/03/2026,23/10/2026,708 6E 770 IGO A321 1357 TRZ 22:15 29/03/2026 23/10/2026,True
p048/line014/station=Delhi/row=719/sha256=524f1aa07ecb,524f1aa07ecb4defbebf77b3e6bd0abaa485ba5bed8ac76d4e3cf386d9236316,"[""aircraft-variant""]","[""DGCA-OVL-0253""]","[""DGCA-OVL-0253:left:6E6636|ISK>DEL""]",False,48,14,Delhi,719,6E 6636,IGO,A320N,1234567,ISK,22:55,,,29/03/2026,24/10/2026,719 6E 6636 IGO A320N 1234567 ISK 22:55 29/03/2026 24/10/2026,True
p048/line024/station=Delhi/row=729/sha256=8c87fb55d751,8c87fb55d7512e846acc0528b3d05b273aaba499a45567075a471860e7502531,"[""aircraft-variant""]","[""DGCA-OVL-0036""]","[""DGCA-OVL-0036:left:6E2376|JAI>DEL""]",False,48,24,Delhi,729,6E 2376,IGO,A320N,1234567,JAI,23:25,,,29/03/2026,24/10/2026,729 6E 2376 IGO A320N 1234567 JAI 23:25 29/03/2026 24/10/2026,True
p049/line025/station=Durgapur/row=4/sha256=f87c65c4658b,f87c65c4658b79e95d83a2485a3a8b6ec11674353c4e03d08fd2409ea24e6c46,"[""aircraft-variant""]","[""DGCA-OVL-0138""]","[""DGCA-OVL-0138:right:6E508|BLR>RDP""]",True,49,25,Durgapur,4,6E 508,IGO,A321,1234567,BLR,13:35,,,29/03/2026,24/10/2026,4 6E 508 IGO A321 1234567 BLR 13:35 29/03/2026 24/10/2026,True
p049/line027/station=Durgapur/row=6/sha256=633e91d2639b,633e91d2639b13dfd3f2c51327bb782591864eb2adab85409da3ce4ed43b2d40,"[""aircraft-variant""]","[""DGCA-OVL-0139"",""DGCA-OVL-0140""]","[""DGCA-OVL-0139:right:6E509|RDP>BLR"",""DGCA-OVL-0140:right:6E509|RDP>BLR""]",True,49,27,Durgapur,6,6E 509,IGO,A321,1234567,,,BLR,14:05,29/03/2026,24/10/2026,6 6E 509 IGO A321 1234567 BLR 14:05 29/03/2026 24/10/2026,True
p049/line030/station=Durgapur/row=9/sha256=e30e960ab3ff,e30e960ab3ffffdf2473763759e9ac97b082f9068ca0bd54cc7b3f4cd263cb6d,"[""aircraft-variant""]","[""DGCA-OVL-0347""]","[""DGCA-OVL-0347:right:6E918|HYD>RDP""]",True,49,30,Durgapur,9,6E 918,IGO,A321,1234567,HYD,18:00,,,29/03/2026,24/10/2026,9 6E 918 IGO A321 1234567 HYD 18:00 29/03/2026 24/10/2026,True
p049/line038/station=Goa/row=3/sha256=26f80776a0a5,26f80776a0a56a87a2a19d054faa36737a61377b7df654d3439634745f70ece5,"[""aircraft-variant""]","[""DGCA-OVL-0201""]","[""DGCA-OVL-0201:left:6E6361|BOM>GOI""]",True,49,38,Goa,3,6E 6361,IGO,A320N,1234567,BOM,06:05,,,29/03/2026,24/10/2026,3 6E 6361 IGO A320N 1234567 BOM 06:05 29/03/2026 24/10/2026,True
p050/line013/station=Goa/row=31/sha256=eb725c96ba96,eb725c96ba96ab9d17d7754f848bdae579545078921d63f86a5eda39c2d868b7,"[""aircraft-variant""]","[""DGCA-OVL-0200""]","[""DGCA-OVL-0200:right:6E633|GOI>BLR""]",False,50,13,Goa,31,6E 633,IGO,A321,1234567,,,BLR,14:25,29/03/2026,24/10/2026,31 6E 633 IGO A321 1234567 BLR 14:25 29/03/2026 24/10/2026,True
p050/line048/station=Goa/row=66/sha256=3032552c79cf,3032552c79cfbe76276674c25cf04f99cf362ae04bebf2a1891e0d55edb9e00a,"[""aircraft-variant""]","[""DGCA-OVL-0346""]","[""DGCA-OVL-0346:left:6E885|GOI>COK""]",False,50,48,Goa,66,6E 885,IGO,A320N,1234567,,,COK,18:55,29/03/2026,24/10/2026,66 6E 885 IGO A320N 1234567 COK 18:55 29/03/2026 24/10/2026,True
p051/line006/station=Goa/row=82/sha256=0420442a9acc,0420442a9acc33e039b3e01b3baeaef1447692666afb22e18593e1a9e77faca3,"[""aircraft-variant""]","[""DGCA-OVL-0352""]","[""DGCA-OVL-0352:left:6E984|HYD>GOI""]",False,51,6,Goa,82,6E 984,IGO,A321,1234567,HYD,21:10,,,29/03/2026,24/10/2026,82 6E 984 IGO A321 1234567 HYD 21:10 29/03/2026 24/10/2026,True
p051/line008/station=Goa/row=84/sha256=3b75ca7af52c,3b75ca7af52ccafc640cdac97010278bcde81d4219bc6f6c0a611aa0b9cf5331,"[""aircraft-variant""]","[""DGCA-OVL-0353"",""DGCA-OVL-0354"",""DGCA-OVL-0355"",""DGCA-OVL-0356""]","[""DGCA-OVL-0353:left:6E985|GOI>HYD"",""DGCA-OVL-0354:left:6E985|GOI>HYD"",""DGCA-OVL-0355:right:6E985|GOI>HYD"",""DGCA-OVL-0356:right:6E985|GOI>HYD""]",False,51,8,Goa,84,6E 985,IGO,A321,1234567,,,HYD,21:40,29/03/2026,24/10/2026,84 6E 985 IGO A321 1234567 HYD 21:40 29/03/2026 24/10/2026,True
p051/line036/station=GOA MOPA/row=20/sha256=c304aa3e66b2,c304aa3e66b2fea73662aa8c1c33e6774dd5f80ef2bc6da105afd573bf6535d1,"[""aircraft-variant""]","[""DGCA-OVL-0232""]","[""DGCA-OVL-0232:right:6E6471|HYD>GOX""]",False,51,36,GOA MOPA,20,6E 6471,IGO,A320N,6,HYD,11:45,,,24/10/2026,24/10/2026,20 6E 6471 IGO A320N 6 HYD 11:45 24/10/2026 24/10/2026,True
p052/line002/station=GOA MOPA/row=43/sha256=aa3fc8c43509,aa3fc8c435099068bccea1ce7f600e7a99f9267822196e2d9242902b24fe7737,"[""aircraft-variant""]","[""DGCA-OVL-0257""]","[""DGCA-OVL-0257:left:6E6682|HYD>GOX""]",False,52,2,GOA MOPA,43,6E 6682,IGO,A320N,2,HYD,15:50,,,31/03/2026,20/10/2026,43 6E 6682 IGO A320N 2 HYD 15:50 31/03/2026 20/10/2026,True
p052/line018/station=GOA MOPA/row=59/sha256=1704ce664b2d,1704ce664b2d8be37fe066941925beb8b8401c1018fd5ae85756f2c019ba87a3,"[""aircraft-variant""]","[""DGCA-OVL-0238""]","[""DGCA-OVL-0238:right:6E6526|BLR>GOX""]",False,52,18,GOA MOPA,59,6E 6526,IGO,A320N,1234567,BLR,22:45,,,29/03/2026,24/10/2026,59 6E 6526 IGO A320N 1234567 BLR 22:45 29/03/2026 24/10/2026,True
p053/line027/station=Guwahati/row=4/sha256=263999ee2bcd,263999ee2bcd8ef4b8a445dd4af167a0dd4f9e932818cba1ce9a682fcb1a9acf,"[""aircraft-variant""]","[""DGCA-OVL-0045""]","[""DGCA-OVL-0045:left:6E271|CCU>GAU""]",False,53,27,Guwahati,4,6E 271,IGO,A320N,1357,CCU,07:20,,,29/03/2026,23/10/2026,4 6E 271 IGO A320N 1357 CCU 07:20 29/03/2026 23/10/2026,True
p053/line028/station=Guwahati/row=5/sha256=ff6d2f1e5029,ff6d2f1e502929937b3e046e41109da31eaadcec6e9ec5cf02696189275f6362,"[""aircraft-variant""]","[""DGCA-OVL-0046""]","[""DGCA-OVL-0046:right:6E271|CCU>GAU""]",False,53,28,Guwahati,5,6E 271,IGO,A320N,246,CCU,07:20,,,31/03/2026,24/10/2026,5 6E 271 IGO A320N 246 CCU 07:20 31/03/2026 24/10/2026,True
p053/line044/station=Guwahati/row=21/sha256=fe7189d58ac7,fe7189d58ac74446f287618cac2e90116ab6c822c5b33b3381a0a278a96b1cc1,"[""aircraft-variant""]","[""DGCA-OVL-0161""]","[""DGCA-OVL-0161:right:6E6038|DEL>GAU""]",False,53,44,Guwahati,21,6E 6038,IGO,A321,1234567,DEL,10:10,,,29/03/2026,24/10/2026,21 6E 6038 IGO A321 1234567 DEL 10:10 29/03/2026 24/10/2026,True
p053/line050/station=Guwahati/row=27/sha256=e02478773b2e,e02478773b2e5f0bdef2c8d3d72e51fe00af8ba23797b2c4c14633be4d673491,"[""aircraft-variant""]","[""DGCA-OVL-0317""]","[""DGCA-OVL-0317:left:6E748|GAU>IMF""]",False,53,50,Guwahati,27,6E 748,IGO,A321,1234567,,,IMF,10:20,29/03/2026,24/10/2026,27 6E 748 IGO A321 1234567 IMF 10:20 29/03/2026 24/10/2026,True
p055/line020/station=Guwahati/row=112/sha256=996f236caea7,996f236caea71417a7c67a018d9879fcf96d17d277f1c9b8fac67230ed86cc72,"[""aircraft-variant""]","[""DGCA-OVL-0177""]","[""DGCA-OVL-0177:right:6E6150|GAU>DEL""]",False,55,20,Guwahati,112,6E 6150,IGO,A321,1234567,,,DEL,17:00,29/03/2026,24/10/2026,112 6E 6150 IGO A321 1234567 DEL 17:00 29/03/2026 24/10/2026,True
p055/line027/station=Guwahati/row=119/sha256=4df85dbbc13e,4df85dbbc13e4c82b0a0e22403ba7db3104cde63b9f66dc538f3b5c1c1a818e6,"[""aircraft-variant""]","[""DGCA-OVL-0318""]","[""DGCA-OVL-0318:left:6E749|GAU>JAI""]",False,55,27,Guwahati,119,6E 749,IGO,A321,1234567,,,JAI,17:55,29/03/2026,24/10/2026,119 6E 749 IGO A321 1234567 JAI 17:55 29/03/2026 24/10/2026,True
p055/line039/station=Guwahati/row=131/sha256=d42c9b1a0f9b,d42c9b1a0f9b7fd8e082f751ebaac3d935c2e022aa1153cd66f06a10ac98bf68,"[""aircraft-variant""]","[""DGCA-OVL-0254""]","[""DGCA-OVL-0254:left:6E6663|CCU>GAU""]",False,55,39,Guwahati,131,6E 6663,IGO,A320N,1234567,CCU,20:35,,,29/03/2026,24/10/2026,131 6E 6663 IGO A320N 1234567 CCU 20:35 29/03/2026 24/10/2026,True
p055/line051/station=Hindon/row=3/sha256=b0824354e6b2,b0824354e6b2a5b904ed23da427b22300e5f1cc918081194b583f0fdd60ab0ab,"[""aircraft-variant""]","[""DGCA-OVL-0041"",""DGCA-OVL-0042""]","[""DGCA-OVL-0041:right:6E2518|BLR>HDO"",""DGCA-OVL-0042:right:6E2518|BLR>HDO""]",True,55,51,Hindon,3,6E 2518,IGO,A320N,1234567,BLR,12:10,,,29/03/2026,24/10/2026,3 6E 2518 IGO A320N 1234567 BLR 12:10 29/03/2026 24/10/2026,True
p056/line042/station=Hyderabad/row=10/sha256=9cd767e71cae,9cd767e71cae9dfdcc04f9a60d853c42b11dbdea94f17f6a06331e1b7603c1ed,"[""aircraft-variant""]","[""DGCA-OVL-0116""]","[""DGCA-OVL-0116:right:6E351|HYD>PNQ""]",True,56,42,Hyderabad,10,6E 351,IGO,A321,1234567,,,PNQ,04:35,30/03/2026,24/10/2026,10 6E 351 IGO A321 1234567 PNQ 04:35 30/03/2026 24/10/2026,True
p056/line043/station=Hyderabad/row=11/sha256=9f4fef6e40c4,9f4fef6e40c4c2c56c0ef2b1a76ffda17f49d69dc806f84f7085f5089a490be6,"[""aircraft-variant""]","[""DGCA-OVL-0117""]","[""DGCA-OVL-0117:right:6E351|HYD>PNQ""]",True,56,43,Hyderabad,11,6E 351,IGO,A321,7,,,PNQ,04:35,29/03/2026,29/03/2026,11 6E 351 IGO A321 7 PNQ 04:35 29/03/2026 29/03/2026,True
p057/line028/station=Hyderabad/row=51/sha256=3ad931c2aba7,3ad931c2aba72e9cb52398ab7043fb5b343f8a97e43f3ecc1a4035c884a07a84,"[""aircraft-variant""]","[""DGCA-OVL-0124"",""DGCA-OVL-0125"",""DGCA-OVL-0126""]","[""DGCA-OVL-0124:right:6E413|HYD>BLR"",""DGCA-OVL-0125:left:6E413|HYD>BLR"",""DGCA-OVL-0126:left:6E413|HYD>BLR""]",False,57,28,Hyderabad,51,6E 413,IGO,A320N,1234567,,,BLR,06:30,05/04/2026,24/10/2026,51 6E 413 IGO A320N 1234567 BLR 06:30 05/04/2026 24/10/2026,True
p057/line043/station=Hyderabad/row=66/sha256=0bbfdeff576c,0bbfdeff576c8d309db7f5ed35146249b470367dbae8af1d85e2e0a2358fdf0e,"[""aircraft-variant""]","[""DGCA-OVL-0037""]","[""DGCA-OVL-0037:right:6E243|HYD>MAA""]",False,57,43,Hyderabad,66,6E 243,IGO,A320N,1234567,,,MAA,07:05,29/03/2026,24/10/2026,66 6E 243 IGO A320N 1234567 MAA 07:05 29/03/2026 24/10/2026,True
p057/line058/station=Hyderabad/row=81/sha256=79ab72642ea7,79ab72642ea713de821cbe594694fecc452fb5e18a9a34714c64283c24f20117,"[""aircraft-variant""]","[""DGCA-OVL-0186""]","[""DGCA-OVL-0186:left:6E6178|BLR>HYD""]",False,57,58,Hyderabad,81,6E 6178,IGO,A321,1234567,BLR,07:35,,,05/04/2026,24/10/2026,81 6E 6178 IGO A321 1234567 BLR 07:35 05/04/2026 24/10/2026,True
p058/line005/station=Hyderabad/row=86/sha256=4428b5505545,4428b5505545c177fe1f3f6e95de6c84ef90087dfe9cfe25ec7f921a6f4d37d4,"[""aircraft-variant""]","[""DGCA-OVL-0118""]","[""DGCA-OVL-0118:right:6E352|PNQ>HYD""]",False,58,5,Hyderabad,86,6E 352,IGO,A321,1234567,PNQ,07:50,,,29/03/2026,24/10/2026,86 6E 352 IGO A321 1234567 PNQ 07:50 29/03/2026 24/10/2026,True
p058/line006/station=Hyderabad/row=87/sha256=d5b23cf35417,d5b23cf35417f26fa11e6166bcb626c5bb39179883577f505f7432d14077db2f,"[""aircraft-variant""]","[""DGCA-OVL-0188""]","[""DGCA-OVL-0188:left:6E6231|HYD>IXM""]",False,58,6,Hyderabad,87,6E 6231,IGO,A321,1234567,,,IXM,07:50,29/03/2026,24/10/2026,87 6E 6231 IGO A321 1234567 IXM 07:50 29/03/2026 24/10/2026,True
p058/line015/station=Hyderabad/row=96/sha256=c5b2dc1df1d8,c5b2dc1df1d809e63a2b36fc5471e9fda07900047bba011e7f353335f4ee2365,"[""aircraft-variant""]","[""DGCA-OVL-0274""]","[""DGCA-OVL-0274:left:6E6872|HYD>IXB""]",False,58,15,Hyderabad,96,6E 6872,IGO,A320N,1234567,,,IXB,08:15,29/03/2026,24/10/2026,96 6E 6872 IGO A320N 1234567 IXB 08:15 29/03/2026 24/10/2026,True
p058/line022/station=Hyderabad/row=103/sha256=3e8921287b9b,3e8921287b9bd0781ebf72e074d5523c003770079660dcadf73bc95401e6bd8b,"[""aircraft-variant""]","[""DGCA-OVL-0315""]","[""DGCA-OVL-0315:right:6E714|HYD>VTZ""]",False,58,22,Hyderabad,103,6E 714,IGO,A321,7,,,VTZ,08:45,29/03/2026,29/03/2026,103 6E 714 IGO A321 7 VTZ 08:45 29/03/2026 29/03/2026,True
p058/line023/station=Hyderabad/row=104/sha256=8074f3420084,8074f34200843e9c8626589a3e026f0d9d83d7bff8a56d62e754ce849414f2d6,"[""aircraft-variant""]","[""DGCA-OVL-0316""]","[""DGCA-OVL-0316:right:6E714|HYD>VTZ""]",False,58,23,Hyderabad,104,6E 714,IGO,A321,1234567,,,VTZ,08:45,29/03/2026,23/10/2026,104 6E 714 IGO A321 1234567 VTZ 08:45 29/03/2026 23/10/2026,True
p058/line026/station=Hyderabad/row=107/sha256=2bf28105a568,2bf28105a5687376337d2f681a4406791d984afe3e17e6736e109022fce87488,"[""aircraft-variant""]","[""DGCA-OVL-0007""]","[""DGCA-OVL-0007:right:6E134|HYD>AMD""]",False,58,26,Hyderabad,107,6E 134,IGO,A320N,1234567,,,AMD,08:50,30/03/2026,24/10/2026,107 6E 134 IGO A320N 1234567 AMD 08:50 30/03/2026 24/10/2026,True
p058/line032/station=Hyderabad/row=113/sha256=a0af80c96b90,a0af80c96b90fcdeddb59d4622bacc5e7447087598ea50ad90fe1a5cd81c9e76,"[""aircraft-variant""]","[""DGCA-OVL-0267""]","[""DGCA-OVL-0267:right:6E6817|HYD>IXD""]",False,58,32,Hyderabad,113,6E 6817,IGO,A321,7,,,IXD,09:10,29/03/2026,18/10/2026,113 6E 6817 IGO A321 7 IXD 09:10 29/03/2026 18/10/2026,True
p058/line035/station=Hyderabad/row=116/sha256=d7e4595d876c,d7e4595d876c48339f5328badd713b6724263b6d5a9af6d342acdbcbc9a7ac3c,"[""aircraft-variant""]","[""DGCA-OVL-0127""]","[""DGCA-OVL-0127:right:6E421|HYD>IXR""]",False,58,35,Hyderabad,116,6E 421,IGO,A321,1234567,,,IXR,09:15,29/03/2026,24/10/2026,116 6E 421 IGO A321 1234567 IXR 09:15 29/03/2026 24/10/2026,True
p058/line038/station=Hyderabad/row=119/sha256=71d905d96e26,71d905d96e2671c3f0dca689a8e5e1b7adcb418bcb40acfc14993f53499dc585,"[""aircraft-variant""]","[""DGCA-OVL-0150""]","[""DGCA-OVL-0150:right:6E5368|TRV>HYD""]",False,58,38,Hyderabad,119,6E 5368,IGO,A320N,1234567,TRV,09:25,,,29/03/2026,24/10/2026,119 6E 5368 IGO A320N 1234567 TRV 09:25 29/03/2026 24/10/2026,True
p058/line042/station=Hyderabad/row=123/sha256=f207c3e24b34,f207c3e24b342f76b3c19815c043d74bad76478783ed057d7a8409097bd08a3e,"[""aircraft-variant""]","[""DGCA-OVL-0165"",""DGCA-OVL-0166""]","[""DGCA-OVL-0165:right:6E6066|HYD>BLR"",""DGCA-OVL-0166:right:6E6066|HYD>BLR""]",False,58,42,Hyderabad,123,6E 6066,IGO,A320N,1234567,,,BLR,09:35,29/03/2026,24/10/2026,123 6E 6066 IGO A320N 1234567 BLR 09:35 29/03/2026 24/10/2026,True
p058/line047/station=Hyderabad/row=128/sha256=f2109893f895,f2109893f8952d5c68f0c78c2c6ad2f676086af01205e12f319ac016976ce581,"[""aircraft-variant""]","[""DGCA-OVL-0343""]","[""DGCA-OVL-0343:right:6E867|IXC>HYD""]",False,58,47,Hyderabad,128,6E 867,IGO,A321,123456,IXC,09:45,,,30/03/2026,24/10/2026,128 6E 867 IGO A321 123456 IXC 09:45 30/03/2026 24/10/2026,True
p058/line048/station=Hyderabad/row=129/sha256=67dbf7d23612,67dbf7d23612a8a60cbc0e9d5b8d728f42ab48f3e7b9ea60819b23707f4622dd,"[""aircraft-variant""]","[""DGCA-OVL-0344"",""DGCA-OVL-0345""]","[""DGCA-OVL-0344:right:6E867|IXC>HYD"",""DGCA-OVL-0345:left:6E867|IXC>HYD""]",False,58,48,Hyderabad,129,6E 867,IGO,A321,7,IXC,09:45,,,29/03/2026,18/10/2026,129 6E 867 IGO A321 7 IXC 09:45 29/03/2026 18/10/2026,True
p058/line053/station=Hyderabad/row=134/sha256=c58a240271bd,c58a240271bd3a5e4beeb13057836619cd634edcd5d72a4dc5155ab002bd06a4,"[""aircraft-variant""]","[""DGCA-OVL-0178""]","[""DGCA-OVL-0178:right:6E6151|HYD>MAA""]",False,58,53,Hyderabad,134,6E 6151,IGO,A320N,1234567,,,MAA,10:00,29/03/2026,24/10/2026,134 6E 6151 IGO A320N 1234567 MAA 10:00 29/03/2026 24/10/2026,True
p058/line058/station=Hyderabad/row=139/sha256=6da611118d20,6da611118d20974520bd55eb6dc45cf70b2823586d0924cd6e1dc2b40ad9a9ff,"[""aircraft-variant""]","[""DGCA-OVL-0132""]","[""DGCA-OVL-0132:right:6E468|HYD>CJB""]",False,58,58,Hyderabad,139,6E 468,IGO,A320N,1234567,,,CJB,10:10,29/03/2026,23/10/2026,139 6E 468 IGO A320N 1234567 CJB 10:10 29/03/2026 23/10/2026,True
p059/line004/station=Hyderabad/row=143/sha256=53ab81dd6dc2,53ab81dd6dc2ab94ae9064af80cc96c23fba00ccaacde74e4100b4922124f8eb,"[""aircraft-variant""]","[""DGCA-OVL-0338""]","[""DGCA-OVL-0338:right:6E834|MAA>HYD""]",False,59,4,Hyderabad,143,6E 834,IGO,A320N,1234567,MAA,10:20,,,29/03/2026,24/10/2026,143 6E 834 IGO A320N 1234567 MAA 10:20 29/03/2026 24/10/2026,True
p059/line005/station=Hyderabad/row=144/sha256=54f186eabd8e,54f186eabd8e174c4bd7532acd1cec6b12059e953da5f7b386ccbc0df4999ea1,"[""aircraft-variant""]","[""DGCA-OVL-0232""]","[""DGCA-OVL-0232:left:6E6471|HYD>GOX""]",False,59,5,Hyderabad,144,6E 6471,IGO,A321,6,,,GOX,10:20,04/04/2026,24/10/2026,144 6E 6471 IGO A321 6 GOX 10:20 04/04/2026 24/10/2026,True
p059/line042/station=Hyderabad/row=181/sha256=d17aa598d596,d17aa598d596873f2279bd9bde3e50888473237ffe5fd096c5127880e89047ec,"[""aircraft-variant""]","[""DGCA-OVL-0159""]","[""DGCA-OVL-0159:left:6E6023|IXM>HYD""]",False,59,42,Hyderabad,181,6E 6023,IGO,A321,1234567,IXM,11:25,,,29/03/2026,24/10/2026,181 6E 6023 IGO A321 1234567 IXM 11:25 29/03/2026 24/10/2026,True
p059/line056/station=Hyderabad/row=195/sha256=2cd9745b5c81,2cd9745b5c81ffab7bd3d07f9a87bbf84b68deee4e2587d834a145f4bb438625,"[""aircraft-variant""]","[""DGCA-OVL-0192""]","[""DGCA-OVL-0192:right:6E6294|VTZ>HYD""]",False,59,56,Hyderabad,195,6E 6294,IGO,A321,1234567,VTZ,11:55,,,29/03/2026,24/10/2026,195 6E 6294 IGO A321 1234567 VTZ 11:55 29/03/2026 24/10/2026,True
p060/line013/station=Hyderabad/row=210/sha256=4034013b26d7,4034013b26d7508ce44ee0f810f4c41198af4d50499dddd56fbba315a49cfed0,"[""aircraft-variant""]","[""DGCA-OVL-0221"",""DGCA-OVL-0223""]","[""DGCA-OVL-0221:right:6E6409|HYD>SXR"",""DGCA-OVL-0223:right:6E6409|HYD>SXR""]",False,60,13,Hyderabad,210,6E 6409,IGO,A321,2,,,SXR,12:15,31/03/2026,20/10/2026,210 6E 6409 IGO A321 2 SXR 12:15 31/03/2026 20/10/2026,True
p060/line014/station=Hyderabad/row=211/sha256=992de280782e,992de280782eeda6e0278c0b474498f7356275c338cc369582cc013912278099,"[""aircraft-variant""]","[""DGCA-OVL-0222"",""DGCA-OVL-0224""]","[""DGCA-OVL-0222:right:6E6409|HYD>SXR"",""DGCA-OVL-0224:right:6E6409|HYD>SXR""]",False,60,14,Hyderabad,211,6E 6409,IGO,A321,134567,,,SXR,12:15,29/03/2026,24/10/2026,211 6E 6409 IGO A321 134567 SXR 12:15 29/03/2026 24/10/2026,True
p060/line021/station=Hyderabad/row=218/sha256=8a49363da8e2,8a49363da8e22ed8f72790ea1f9cfe17e52ed2a1b967a78c4da61d2b0c5d87fa,"[""aircraft-variant""]","[""DGCA-OVL-0191""]","[""DGCA-OVL-0191:right:6E6294|HYD>VNS""]",False,60,21,Hyderabad,218,6E 6294,IGO,A321,1234567,,,VNS,12:35,29/03/2026,24/10/2026,218 6E 6294 IGO A321 1234567 VNS 12:35 29/03/2026 24/10/2026,True
p060/line030/station=Hyderabad/row=227/sha256=4a1614cd2615,4a1614cd2615c17162fc6786ece7782a4eb41862502ef45f1cb440d125c8c82a,"[""aircraft-variant""]","[""DGCA-OVL-0218"",""DGCA-OVL-0219""]","[""DGCA-OVL-0218:right:6E6404|BLR>HYD"",""DGCA-OVL-0219:right:6E6404|BLR>HYD""]",False,60,30,Hyderabad,227,6E 6404,IGO,A320N,1234567,BLR,12:50,,,29/03/2026,24/10/2026,227 6E 6404 IGO A320N 1234567 BLR 12:50 29/03/2026 24/10/2026,True
p060/line039/station=Hyderabad/row=236/sha256=d4dcdeb35a3a,d4dcdeb35a3a8d62cfd0f3b58cf4a23bef6832e29c7ef7accb9e0a5356c7f59a,"[""aircraft-variant""]","[""DGCA-OVL-0279""]","[""DGCA-OVL-0279:right:6E6925|MAA>HYD""]",False,60,39,Hyderabad,236,6E 6925,IGO,A320N,7,MAA,13:15,,,29/03/2026,05/04/2026,236 6E 6925 IGO A320N 7 MAA 13:15 29/03/2026 05/04/2026,True
p060/line040/station=Hyderabad/row=237/sha256=39a2303c7a01,39a2303c7a019b10553e0eada6ab199b7674a9a33f196d182ae50e1512303234,"[""aircraft-variant""]","[""DGCA-OVL-0284""]","[""DGCA-OVL-0284:left:6E6925|MAA>HYD""]",False,60,40,Hyderabad,237,6E 6925,IGO,A320N,7,MAA,13:15,,,19/04/2026,19/04/2026,237 6E 6925 IGO A320N 7 MAA 13:15 19/04/2026 19/04/2026,True
p060/line041/station=Hyderabad/row=238/sha256=7cd26904f964,7cd26904f9647bde427b9f0151c0380e05ba2417a91a40617c498e47a3cfad02,"[""aircraft-variant""]","[""DGCA-OVL-0285""]","[""DGCA-OVL-0285:left:6E6925|MAA>HYD""]",False,60,41,Hyderabad,238,6E 6925,IGO,A320N,7,MAA,13:15,,,03/05/2026,03/05/2026,238 6E 6925 IGO A320N 7 MAA 13:15 03/05/2026 03/05/2026,True
p060/line042/station=Hyderabad/row=239/sha256=387360d9a559,387360d9a5594e977c9fb6db79df6b956eb501a92707a3640a5ba43104226ea4,"[""aircraft-variant""]","[""DGCA-OVL-0286""]","[""DGCA-OVL-0286:left:6E6925|MAA>HYD""]",False,60,42,Hyderabad,239,6E 6925,IGO,A320N,7,MAA,13:15,,,17/05/2026,17/05/2026,239 6E 6925 IGO A320N 7 MAA 13:15 17/05/2026 17/05/2026,True
p060/line043/station=Hyderabad/row=240/sha256=e507f86265d5,e507f86265d5a2e493debbc6f295e0951956d4b85594b451aa594cf3d1a6ebd8,"[""aircraft-variant""]","[""DGCA-OVL-0280""]","[""DGCA-OVL-0280:right:6E6925|MAA>HYD""]",False,60,43,Hyderabad,240,6E 6925,IGO,A320N,7,MAA,13:15,,,31/05/2026,07/06/2026,240 6E 6925 IGO A320N 7 MAA 13:15 31/05/2026 07/06/2026,True
p060/line044/station=Hyderabad/row=241/sha256=323e3c8659fd,323e3c8659fd7a4fd4150aef9285b194a890f703f3a470999385ca59076bbead,"[""aircraft-variant""]","[""DGCA-OVL-0287""]","[""DGCA-OVL-0287:left:6E6925|MAA>HYD""]",False,60,44,Hyderabad,241,6E 6925,IGO,A320N,7,MAA,13:15,,,21/06/2026,21/06/2026,241 6E 6925 IGO A320N 7 MAA 13:15 21/06/2026 21/06/2026,True
p060/line045/station=Hyderabad/row=242/sha256=13da9ff90d07,13da9ff90d070b1bdfa17d4a1cca5e4d9718fbd7550e0df586944efea952341b,"[""aircraft-variant""]","[""DGCA-OVL-0288""]","[""DGCA-OVL-0288:left:6E6925|MAA>HYD""]",False,60,45,Hyderabad,242,6E 6925,IGO,A320N,7,MAA,13:15,,,05/07/2026,05/07/2026,242 6E 6925 IGO A320N 7 MAA 13:15 05/07/2026 05/07/2026,True
p060/line046/station=Hyderabad/row=243/sha256=bf20b0a72b29,bf20b0a72b29ab056f85b60dccec51ebbaae748f7dedcfbdf0302bb989b67f56,"[""aircraft-variant""]","[""DGCA-OVL-0289""]","[""DGCA-OVL-0289:left:6E6925|MAA>HYD""]",False,60,46,Hyderabad,243,6E 6925,IGO,A320N,7,MAA,13:15,,,19/07/2026,19/07/2026,243 6E 6925 IGO A320N 7 MAA 13:15 19/07/2026 19/07/2026,True
p060/line047/station=Hyderabad/row=244/sha256=a479fa428d9e,a479fa428d9edeea7e63e24f7fc5333aa23de5e1adf7cb903cdf9b4ed4453280,"[""aircraft-variant""]","[""DGCA-OVL-0290""]","[""DGCA-OVL-0290:left:6E6925|MAA>HYD""]",False,60,47,Hyderabad,244,6E 6925,IGO,A320N,7,MAA,13:15,,,02/08/2026,02/08/2026,244 6E 6925 IGO A320N 7 MAA 13:15 02/08/2026 02/08/2026,True
p060/line048/station=Hyderabad/row=245/sha256=f4f867e7acbc,f4f867e7acbcf04b206f5e02f4f6de055c8d5cb07d33a926483dcb07e41e4540,"[""aircraft-variant""]","[""DGCA-OVL-0291""]","[""DGCA-OVL-0291:left:6E6925|MAA>HYD""]",False,60,48,Hyderabad,245,6E 6925,IGO,A320N,7,MAA,13:15,,,16/08/2026,16/08/2026,245 6E 6925 IGO A320N 7 MAA 13:15 16/08/2026 16/08/2026,True
p060/line049/station=Hyderabad/row=246/sha256=0af4f264f7df,0af4f264f7df5344087e135e04a2b63433eaeadbd52613eacead496780b49628,"[""aircraft-variant""]","[""DGCA-OVL-0281""]","[""DGCA-OVL-0281:right:6E6925|MAA>HYD""]",False,60,49,Hyderabad,246,6E 6925,IGO,A320N,7,MAA,13:15,,,30/08/2026,06/09/2026,246 6E 6925 IGO A320N 7 MAA 13:15 30/08/2026 06/09/2026,True
p060/line050/station=Hyderabad/row=247/sha256=49e4f5a20e1e,49e4f5a20e1e63567596f388925602b8e78acee4d5c5bfe8c01976ed4083b83d,"[""aircraft-variant""]","[""DGCA-OVL-0292""]","[""DGCA-OVL-0292:left:6E6925|MAA>HYD""]",False,60,50,Hyderabad,247,6E 6925,IGO,A320N,7,MAA,13:15,,,20/09/2026,20/09/2026,247 6E 6925 IGO A320N 7 MAA 13:15 20/09/2026 20/09/2026,True
p060/line051/station=Hyderabad/row=248/sha256=71c4c5fc3f5d,71c4c5fc3f5de4067299047127972cd66d9e90933e284dbf81cba9f3e00994c1,"[""aircraft-variant""]","[""DGCA-OVL-0293""]","[""DGCA-OVL-0293:left:6E6925|MAA>HYD""]",False,60,51,Hyderabad,248,6E 6925,IGO,A320N,7,MAA,13:15,,,04/10/2026,04/10/2026,248 6E 6925 IGO A320N 7 MAA 13:15 04/10/2026 04/10/2026,True
p060/line052/station=Hyderabad/row=249/sha256=716eeedc22cb,716eeedc22cbd6bbfb89d4ce5e341dcc65df6c5d1ea0d592a59358d45183dc6e,"[""aircraft-variant""]","[""DGCA-OVL-0294""]","[""DGCA-OVL-0294:left:6E6925|MAA>HYD""]",False,60,52,Hyderabad,249,6E 6925,IGO,A320N,7,MAA,13:15,,,18/10/2026,18/10/2026,249 6E 6925 IGO A320N 7 MAA 13:15 18/10/2026 18/10/2026,True
p060/line053/station=Hyderabad/row=250/sha256=90543d9db7f8,90543d9db7f855e6d7745429ed25be9fb8671353304a904d711902a49f24d891,"[""aircraft-variant""]","[""DGCA-OVL-0282""]","[""DGCA-OVL-0282:right:6E6925|MAA>HYD""]",False,60,53,Hyderabad,250,6E 6925,IGO,A320N,123456,MAA,13:15,,,30/03/2026,11/04/2026,250 6E 6925 IGO A320N 123456 MAA 13:15 30/03/2026 11/04/2026,True
p060/line054/station=Hyderabad/row=251/sha256=5feae2567202,5feae2567202e34481af56d5ea45199c2e1069f7e1a8a6f5badff5faefccbe6f,"[""aircraft-variant""]","[""DGCA-OVL-0295""]","[""DGCA-OVL-0295:left:6E6925|MAA>HYD""]",False,60,54,Hyderabad,251,6E 6925,IGO,A320N,123456,MAA,13:15,,,01/06/2026,13/06/2026,251 6E 6925 IGO A320N 123456 MAA 13:15 01/06/2026 13/06/2026,True
p060/line055/station=Hyderabad/row=252/sha256=2738bffa5ebb,2738bffa5ebbc66450afbe9f0c457b395d2c10f95f099a72c12dbfcbec2797dd,"[""aircraft-variant""]","[""DGCA-OVL-0283""]","[""DGCA-OVL-0283:right:6E6925|MAA>HYD""]",False,60,55,Hyderabad,252,6E 6925,IGO,A320N,123456,MAA,13:15,,,31/08/2026,12/09/2026,252 6E 6925 IGO A320N 123456 MAA 13:15 31/08/2026 12/09/2026,True
p060/line056/station=Hyderabad/row=253/sha256=0ce693ff2f45,0ce693ff2f450fb86e2008b67afbaeb954e8c45b8f8d6c2a9f3e82d3943571c0,"[""aircraft-variant""]","[""DGCA-OVL-0296""]","[""DGCA-OVL-0296:left:6E6925|MAA>HYD""]",False,60,56,Hyderabad,253,6E 6925,IGO,A320N,123456,MAA,13:15,,,19/10/2026,24/10/2026,253 6E 6925 IGO A320N 123456 MAA 13:15 19/10/2026 24/10/2026,True
p060/line057/station=Hyderabad/row=254/sha256=594ac6c909e4,594ac6c909e4b383533142fb9d2b84bc5a0e8d272fd79e13b66d3b4d748a1b28,"[""aircraft-variant""]","[""DGCA-OVL-0297""]","[""DGCA-OVL-0297:left:6E6925|MAA>HYD""]",False,60,57,Hyderabad,254,6E 6925,IGO,A320N,1234567,MAA,13:15,,,12/04/2026,18/04/2026,254 6E 6925 IGO A320N 1234567 MAA 13:15 12/04/2026 18/04/2026,True
p060/line058/station=Hyderabad/row=255/sha256=0d4e7dbc297f,0d4e7dbc297fd32e05b9713e6bd7111a9e2463db1b3401bbacca9b1de2c6e801,"[""aircraft-variant""]","[""DGCA-OVL-0298""]","[""DGCA-OVL-0298:left:6E6925|MAA>HYD""]",False,60,58,Hyderabad,255,6E 6925,IGO,A320N,1234567,MAA,13:15,,,20/04/2026,02/05/2026,255 6E 6925 IGO A320N 1234567 MAA 13:15 20/04/2026 02/05/2026,True
p061/line001/station=Hyderabad/row=256/sha256=7feb1ab76fa7,7feb1ab76fa7f0ee7d326eb974af1dcab452be1427706d8ed1478b2acd4aa55a,"[""aircraft-variant""]","[""DGCA-OVL-0299""]","[""DGCA-OVL-0299:left:6E6925|MAA>HYD""]",False,61,1,Hyderabad,256,6E 6925,IGO,A320N,1234567,MAA,13:15,,,04/05/2026,16/05/2026,256 6E 6925 IGO A320N 1234567 MAA 13:15 04/05/2026 16/05/2026,True
p061/line002/station=Hyderabad/row=257/sha256=a41263efdafc,a41263efdafc0f22c356635cb2da67fb42c3a01cf04b29c7257227e468b933e8,"[""aircraft-variant""]","[""DGCA-OVL-0300""]","[""DGCA-OVL-0300:left:6E6925|MAA>HYD""]",False,61,2,Hyderabad,257,6E 6925,IGO,A320N,1234567,MAA,13:15,,,18/05/2026,30/05/2026,257 6E 6925 IGO A320N 1234567 MAA 13:15 18/05/2026 30/05/2026,True
p061/line003/station=Hyderabad/row=258/sha256=5d33db432dd7,5d33db432dd7cbfd3b43ec83266291b86eb2368a1d1b4e577919e3a5ef91cbf4,"[""aircraft-variant""]","[""DGCA-OVL-0301""]","[""DGCA-OVL-0301:left:6E6925|MAA>HYD""]",False,61,3,Hyderabad,258,6E 6925,IGO,A320N,1234567,MAA,13:15,,,14/06/2026,20/06/2026,258 6E 6925 IGO A320N 1234567 MAA 13:15 14/06/2026 20/06/2026,True
p061/line004/station=Hyderabad/row=259/sha256=0657c3ba66e6,0657c3ba66e60661be043425ed8d7a801180584262426a57a0013ef02948253b,"[""aircraft-variant""]","[""DGCA-OVL-0302""]","[""DGCA-OVL-0302:left:6E6925|MAA>HYD""]",False,61,4,Hyderabad,259,6E 6925,IGO,A320N,1234567,MAA,13:15,,,22/06/2026,04/07/2026,259 6E 6925 IGO A320N 1234567 MAA 13:15 22/06/2026 04/07/2026,True
p061/line005/station=Hyderabad/row=260/sha256=348f6016da63,348f6016da6356adb6d50cb75b3ddcc0d5831d23ee1a1477e8db8935df5ef73f,"[""aircraft-variant""]","[""DGCA-OVL-0303""]","[""DGCA-OVL-0303:left:6E6925|MAA>HYD""]",False,61,5,Hyderabad,260,6E 6925,IGO,A320N,1234567,MAA,13:15,,,06/07/2026,18/07/2026,260 6E 6925 IGO A320N 1234567 MAA 13:15 06/07/2026 18/07/2026,True
p061/line006/station=Hyderabad/row=261/sha256=ee0958bf50eb,ee0958bf50ebbcb0d8640525f4e7353c17b530f9683ad7e44110b124c86a7811,"[""aircraft-variant""]","[""DGCA-OVL-0304""]","[""DGCA-OVL-0304:left:6E6925|MAA>HYD""]",False,61,6,Hyderabad,261,6E 6925,IGO,A320N,1234567,MAA,13:15,,,20/07/2026,01/08/2026,261 6E 6925 IGO A320N 1234567 MAA 13:15 20/07/2026 01/08/2026,True
p061/line007/station=Hyderabad/row=262/sha256=7ecc4605cf61,7ecc4605cf614e50dfcb65b99cf44c367a7e970482671122a1c46e3e42dc169a,"[""aircraft-variant""]","[""DGCA-OVL-0305""]","[""DGCA-OVL-0305:left:6E6925|MAA>HYD""]",False,61,7,Hyderabad,262,6E 6925,IGO,A320N,1234567,MAA,13:15,,,03/08/2026,15/08/2026,262 6E 6925 IGO A320N 1234567 MAA 13:15 03/08/2026 15/08/2026,True
p061/line008/station=Hyderabad/row=263/sha256=a12b7413042e,a12b7413042e7a2ded6b0fed1f9f96ca86ca0c4b1f25808e1bd7967ab00896a1,"[""aircraft-variant""]","[""DGCA-OVL-0306""]","[""DGCA-OVL-0306:left:6E6925|MAA>HYD""]",False,61,8,Hyderabad,263,6E 6925,IGO,A320N,1234567,MAA,13:15,,,17/08/2026,29/08/2026,263 6E 6925 IGO A320N 1234567 MAA 13:15 17/08/2026 29/08/2026,True
p061/line009/station=Hyderabad/row=264/sha256=f43382fa8e73,f43382fa8e73bc40e88612a95c651516fcb3dc717c5302313f489843ac43bb08,"[""aircraft-variant""]","[""DGCA-OVL-0307""]","[""DGCA-OVL-0307:left:6E6925|MAA>HYD""]",False,61,9,Hyderabad,264,6E 6925,IGO,A320N,1234567,MAA,13:15,,,13/09/2026,19/09/2026,264 6E 6925 IGO A320N 1234567 MAA 13:15 13/09/2026 19/09/2026,True
p061/line010/station=Hyderabad/row=265/sha256=7e76d72faad8,7e76d72faad8eea2f99a29d0abbbd87565116e52bfdae2f045cbe03812ac2c7f,"[""aircraft-variant""]","[""DGCA-OVL-0308""]","[""DGCA-OVL-0308:left:6E6925|MAA>HYD""]",False,61,10,Hyderabad,265,6E 6925,IGO,A320N,1234567,MAA,13:15,,,21/09/2026,03/10/2026,265 6E 6925 IGO A320N 1234567 MAA 13:15 21/09/2026 03/10/2026,True
p061/line011/station=Hyderabad/row=266/sha256=7b855ab218f9,7b855ab218f9e6b4a3274274cb3d9f499f77b998553698a90516ec0449938960,"[""aircraft-variant""]","[""DGCA-OVL-0309""]","[""DGCA-OVL-0309:left:6E6925|MAA>HYD""]",False,61,11,Hyderabad,266,6E 6925,IGO,A320N,1234567,MAA,13:15,,,05/10/2026,17/10/2026,266 6E 6925 IGO A320N 1234567 MAA 13:15 05/10/2026 17/10/2026,True
p061/line014/station=Hyderabad/row=269/sha256=23bca698f248,23bca698f248dd739c38b720e851c5611abdda4585ddd6582439678877e5fd4d,"[""aircraft-variant""]","[""DGCA-OVL-0001""]","[""DGCA-OVL-0001:right:6E108|HYD>IXC""]",False,61,14,Hyderabad,269,6E 108,IGO,A321,134567,,,IXC,13:20,29/03/2026,30/04/2026,269 6E 108 IGO A321 134567 IXC 13:20 29/03/2026 30/04/2026,True
p061/line015/station=Hyderabad/row=270/sha256=60013f07cf16,60013f07cf1631f91bb10eda19640a5717678c68c3eeeedf1a62789c728997c0,"[""aircraft-variant""]","[""DGCA-OVL-0002""]","[""DGCA-OVL-0002:right:6E108|HYD>IXC""]",False,61,15,Hyderabad,270,6E 108,IGO,A321,2,,,IXC,13:20,31/03/2026,20/10/2026,270 6E 108 IGO A321 2 IXC 13:20 31/03/2026 20/10/2026,True
p061/line021/station=Hyderabad/row=276/sha256=db76104966b8,db76104966b8eda452abc2f80dcafff75b4daf5fac64db50dfb8321a9d4d5b85,"[""aircraft-variant""]","[""DGCA-OVL-0003""]","[""DGCA-OVL-0003:left:6E108|HYD>IXC""]",False,61,21,Hyderabad,276,6E 108,IGO,A321,134567,,,IXC,13:25,01/05/2026,24/10/2026,276 6E 108 IGO A321 134567 IXC 13:25 01/05/2026 24/10/2026,True
p061/line022/station=Hyderabad/row=277/sha256=d17d8fc83f13,d17d8fc83f13ca82dec15e253fc3198893306bc29f3bba4e3de7d9211a371e46,"[""aircraft-variant""]","[""DGCA-OVL-0122""]","[""DGCA-OVL-0122:right:6E398|IXR>HYD""]",False,61,22,Hyderabad,277,6E 398,IGO,A321,1234567,IXR,13:30,,,29/03/2026,24/10/2026,277 6E 398 IGO A321 1234567 IXR 13:30 29/03/2026 24/10/2026,True
p061/line027/station=Hyderabad/row=282/sha256=abe9656a2160,abe9656a216029475e3622471af4df638595ff90b66775bf106e1d74aea1f2a4,"[""aircraft-variant""]","[""DGCA-OVL-0275""]","[""DGCA-OVL-0275:left:6E6873|IXB>HYD""]",False,61,27,Hyderabad,282,6E 6873,IGO,A320N,134567,IXB,13:35,,,29/03/2026,24/10/2026,282 6E 6873 IGO A320N 134567 IXB 13:35 29/03/2026 24/10/2026,True
p061/line028/station=Hyderabad/row=283/sha256=691c2bd77c8f,691c2bd77c8f02889db5aca461b2cdb92ff150680726beac3e4742162639ec5a,"[""aircraft-variant""]","[""DGCA-OVL-0276""]","[""DGCA-OVL-0276:right:6E6873|IXB>HYD""]",False,61,28,Hyderabad,283,6E 6873,IGO,A320N,2,IXB,13:35,,,31/03/2026,20/10/2026,283 6E 6873 IGO A320N 2 IXB 13:35 31/03/2026 20/10/2026,True
p061/line029/station=Hyderabad/row=284/sha256=4107264343e7,4107264343e7c39fc0ceab93e1fc674f8b41ccf910135af7da53ff4a95ae790c,"[""aircraft-variant""]","[""DGCA-OVL-0227""]","[""DGCA-OVL-0227:right:6E6421|CJB>HYD""]",False,61,29,Hyderabad,284,6E 6421,IGO,A320N,1234567,CJB,13:35,,,29/03/2026,23/10/2026,284 6E 6421 IGO A320N 1234567 CJB 13:35 29/03/2026 23/10/2026,True
p061/line033/station=Hyderabad/row=288/sha256=57f35aa53849,57f35aa53849551876c77277eabd0af38f6bdfacf0c80b151078aebf15a9f6e6,"[""aircraft-variant""]","[""DGCA-OVL-0268""]","[""DGCA-OVL-0268:right:6E6819|IXD>HYD""]",False,61,33,Hyderabad,288,6E 6819,IGO,A321,7,IXD,13:40,,,29/03/2026,26/04/2026,288 6E 6819 IGO A321 7 IXD 13:40 29/03/2026 26/04/2026,True
p061/line036/station=Hyderabad/row=291/sha256=be944f822ce9,be944f822ce95db8f5be3a0e0b9ef0502a38b1f04326cad39a4e05f5edf08870,"[""aircraft-variant""]","[""DGCA-OVL-0269""]","[""DGCA-OVL-0269:left:6E6819|IXD>HYD""]",False,61,36,Hyderabad,291,6E 6819,IGO,A321,7,IXD,13:40,,,03/05/2026,18/10/2026,291 6E 6819 IGO A321 7 IXD 13:40 03/05/2026 18/10/2026,True
p062/line026/station=Hyderabad/row=339/sha256=6b122364fdba,6b122364fdbafd28481182e6715a7bc5e52df22627b5e0c39f2c926dc1c59c3d,"[""aircraft-variant""]","[""DGCA-OVL-0256""]","[""DGCA-OVL-0256:left:6E6682|HYD>COK""]",False,62,26,Hyderabad,339,6E 6682,IGO,A321,134567,,,COK,13:55,29/03/2026,24/10/2026,339 6E 6682 IGO A321 134567 COK 13:55 29/03/2026 24/10/2026,True
p062/line027/station=Hyderabad/row=340/sha256=5180f6fc7957,5180f6fc7957ffa3cab6b0919560834a7d40de14795626fe955d13be8c889fbb,"[""aircraft-variant""]","[""DGCA-OVL-0257""]","[""DGCA-OVL-0257:right:6E6682|HYD>GOX""]",False,62,27,Hyderabad,340,6E 6682,IGO,A321,2,,,GOX,13:55,31/03/2026,20/10/2026,340 6E 6682 IGO A321 2 GOX 13:55 31/03/2026 20/10/2026,True
p062/line038/station=Hyderabad/row=351/sha256=7dec7a4f0438,7dec7a4f04386059dc9cde3897ad85f22448604ca7e510ccdc4278cdab926314,"[""aircraft-variant""]","[""DGCA-OVL-0228""]","[""DGCA-OVL-0228:right:6E6424|HYD>CJB""]",False,62,38,Hyderabad,351,6E 6424,IGO,A320N,1234567,,,CJB,14:10,29/03/2026,23/10/2026,351 6E 6424 IGO A320N 1234567 CJB 14:10 29/03/2026 23/10/2026,True
p062/line039/station=Hyderabad/row=352/sha256=6d78fcca0409,6d78fcca0409df433e11be014bd61184a8c544e548a0f9f2e771ac881d404e1c,"[""aircraft-variant""]","[""DGCA-OVL-0229""]","[""DGCA-OVL-0229:left:6E6424|HYD>CJB""]",False,62,39,Hyderabad,352,6E 6424,IGO,A320N,6,,,CJB,14:10,24/10/2026,24/10/2026,352 6E 6424 IGO A320N 6 CJB 14:10 24/10/2026 24/10/2026,True
p062/line040/station=Hyderabad/row=353/sha256=8ea53fb178e0,8ea53fb178e05651ad2626deb5f32071cdfeb1619fe159c3f2bc04b28b6bef17,"[""aircraft-variant""]","[""DGCA-OVL-0141""]","[""DGCA-OVL-0141:right:6E514|HYD>MAA""]",False,62,40,Hyderabad,353,6E 514,IGO,A321,1234567,,,MAA,14:10,29/03/2026,24/10/2026,353 6E 514 IGO A321 1234567 MAA 14:10 29/03/2026 24/10/2026,True
p062/line057/station=Hyderabad/row=370/sha256=af6cd5eb2218,af6cd5eb221867de8e8c5914a0e3224d007ca6a6bb2f4e25173323a19f3c5d08,"[""aircraft-variant""]","[""DGCA-OVL-0098""]","[""DGCA-OVL-0098:right:6E297|HYD>UDR""]",False,62,57,Hyderabad,370,6E 297,IGO,A320N,6,,,UDR,14:15,09/05/2026,09/05/2026,370 6E 297 IGO A320N 6 UDR 14:15 09/05/2026 09/05/2026,True
p062/line058/station=Hyderabad/row=371/sha256=ce717e722558,ce717e722558b598fd4b469b6b526b5b04398509a507656cd47a6871d99cab29,"[""aircraft-variant""]","[""DGCA-OVL-0099""]","[""DGCA-OVL-0099:right:6E297|HYD>UDR""]",False,62,58,Hyderabad,371,6E 297,IGO,A320N,6,,,UDR,14:15,23/05/2026,23/05/2026,371 6E 297 IGO A320N 6 UDR 14:15 23/05/2026 23/05/2026,True
p063/line001/station=Hyderabad/row=372/sha256=d4641c25026b,d4641c25026b6af8bdd24b4fa6395dbc6ee6c8c3fbb760379e3b8b50f434fcf2,"[""aircraft-variant""]","[""DGCA-OVL-0100""]","[""DGCA-OVL-0100:right:6E297|HYD>UDR""]",False,63,1,Hyderabad,372,6E 297,IGO,A320N,6,,,UDR,14:15,13/06/2026,13/06/2026,372 6E 297 IGO A320N 6 UDR 14:15 13/06/2026 13/06/2026,True
p063/line002/station=Hyderabad/row=373/sha256=0ac451d5d589,0ac451d5d589cd2ef1ba739cdcbd3d46c1111a99802f9cd91990695d67045465,"[""aircraft-variant""]","[""DGCA-OVL-0101""]","[""DGCA-OVL-0101:right:6E297|HYD>UDR""]",False,63,2,Hyderabad,373,6E 297,IGO,A320N,6,,,UDR,14:15,27/06/2026,27/06/2026,373 6E 297 IGO A320N 6 UDR 14:15 27/06/2026 27/06/2026,True
p063/line003/station=Hyderabad/row=374/sha256=dc8c3bc2e974,dc8c3bc2e974298fb861877f706cd4f2bb731376ccbfb392d5d1f4091124f632,"[""aircraft-variant""]","[""DGCA-OVL-0102""]","[""DGCA-OVL-0102:right:6E297|HYD>UDR""]",False,63,3,Hyderabad,374,6E 297,IGO,A320N,6,,,UDR,14:15,11/07/2026,11/07/2026,374 6E 297 IGO A320N 6 UDR 14:15 11/07/2026 11/07/2026,True
p063/line004/station=Hyderabad/row=375/sha256=2f055f293a26,2f055f293a26c7ccf9ab6bd65f7d7754a77a972069e4c75776642905a71aff3c,"[""aircraft-variant""]","[""DGCA-OVL-0103""]","[""DGCA-OVL-0103:right:6E297|HYD>UDR""]",False,63,4,Hyderabad,375,6E 297,IGO,A320N,6,,,UDR,14:15,25/07/2026,25/07/2026,375 6E 297 IGO A320N 6 UDR 14:15 25/07/2026 25/07/2026,True
p063/line005/station=Hyderabad/row=376/sha256=3584496f5c14,3584496f5c143d3d838c61af30966ac7ac176ca534b12986a49ed1297da3ccbd,"[""aircraft-variant""]","[""DGCA-OVL-0104""]","[""DGCA-OVL-0104:right:6E297|HYD>UDR""]",False,63,5,Hyderabad,376,6E 297,IGO,A320N,6,,,UDR,14:15,08/08/2026,08/08/2026,376 6E 297 IGO A320N 6 UDR 14:15 08/08/2026 08/08/2026,True
p063/line006/station=Hyderabad/row=377/sha256=af4b96cb9c16,af4b96cb9c16595c45ca7f52881081ac829de601651ffe7ecdb22e221dcf9f14,"[""aircraft-variant""]","[""DGCA-OVL-0105""]","[""DGCA-OVL-0105:right:6E297|HYD>UDR""]",False,63,6,Hyderabad,377,6E 297,IGO,A320N,6,,,UDR,14:15,22/08/2026,22/08/2026,377 6E 297 IGO A320N 6 UDR 14:15 22/08/2026 22/08/2026,True
p063/line007/station=Hyderabad/row=378/sha256=6b97636abc82,6b97636abc82cf6ffc6eb2335ff15d46e5fb4f0f2d569ab8e23b0c88b87f0ee7,"[""aircraft-variant""]","[""DGCA-OVL-0106""]","[""DGCA-OVL-0106:right:6E297|HYD>UDR""]",False,63,7,Hyderabad,378,6E 297,IGO,A320N,6,,,UDR,14:15,12/09/2026,12/09/2026,378 6E 297 IGO A320N 6 UDR 14:15 12/09/2026 12/09/2026,True
p063/line008/station=Hyderabad/row=379/sha256=bea61171b340,bea61171b340015a018706677226c9f9d4b94831a4d088c46b23d018d8ac19ee,"[""aircraft-variant""]","[""DGCA-OVL-0107""]","[""DGCA-OVL-0107:right:6E297|HYD>UDR""]",False,63,8,Hyderabad,379,6E 297,IGO,A320N,6,,,UDR,14:15,26/09/2026,26/09/2026,379 6E 297 IGO A320N 6 UDR 14:15 26/09/2026 26/09/2026,True
p063/line009/station=Hyderabad/row=380/sha256=7960e223eb98,7960e223eb98a8aff11ea3a5991e0bb6501cd7003099cfb739c9637cc8cab964,"[""aircraft-variant""]","[""DGCA-OVL-0108""]","[""DGCA-OVL-0108:right:6E297|HYD>UDR""]",False,63,9,Hyderabad,380,6E 297,IGO,A320N,6,,,UDR,14:15,10/10/2026,10/10/2026,380 6E 297 IGO A320N 6 UDR 14:15 10/10/2026 10/10/2026,True
p063/line010/station=Hyderabad/row=381/sha256=41844026197b,41844026197b0b93f08ef02ebc7fe439702da7342158d3092da6f30276d55938,"[""aircraft-variant""]","[""DGCA-OVL-0109""]","[""DGCA-OVL-0109:right:6E297|HYD>UDR""]",False,63,10,Hyderabad,381,6E 297,IGO,A320N,6,,,UDR,14:15,24/10/2026,24/10/2026,381 6E 297 IGO A320N 6 UDR 14:15 24/10/2026 24/10/2026,True
p063/line011/station=Hyderabad/row=382/sha256=4de71e8f9a22,4de71e8f9a2261f791c1a8afcddc2fbb64d0294580bcc43e4a91fd9100515d50,"[""aircraft-variant""]","[""DGCA-OVL-0050"",""DGCA-OVL-0051"",""DGCA-OVL-0052"",""DGCA-OVL-0053"",""DGCA-OVL-0054"",""DGCA-OVL-0055"",""DGCA-OVL-0056"",""DGCA-OVL-0057"",""DGCA-OVL-0058"",""DGCA-OVL-0059"",""DGCA-OVL-0060"",""DGCA-OVL-0061""]","[""DGCA-OVL-0050:left:6E297|HYD>JDH"",""DGCA-OVL-0051:left:6E297|HYD>JDH"",""DGCA-OVL-0052:left:6E297|HYD>JDH"",""DGCA-OVL-0053:left:6E297|HYD>JDH"",""DGCA-OVL-0054:left:6E297|HYD>JDH"",""DGCA-OVL-0055:left:6E297|HYD>JDH"",""DGCA-OVL-0056:left:6E297|HYD>JDH"",""DGCA-OVL-0057:left:6E297|HYD>JDH"",""DGCA-OVL-0058:left:6E297|HYD>JDH"",""DGCA-OVL-0059:left:6E297|HYD>JDH"",""DGCA-OVL-0060:left:6E297|HYD>JDH"",""DGCA-OVL-0061:left:6E297|HYD>JDH""]",False,63,11,Hyderabad,382,6E 297,IGO,A321,7,,,JDH,14:15,03/05/2026,18/10/2026,382 6E 297 IGO A321 7 JDH 14:15 03/05/2026 18/10/2026,True
p063/line012/station=Hyderabad/row=383/sha256=ab043668fd8e,ab043668fd8e4cf21bfe4e8ed1da84fafc8effc0920895a5c284ac52abf081bf,"[""aircraft-variant""]","[""DGCA-OVL-0062""]","[""DGCA-OVL-0062:left:6E297|HYD>JDH""]",False,63,12,Hyderabad,383,6E 297,IGO,A321,6,,,JDH,14:15,02/05/2026,02/05/2026,383 6E 297 IGO A321 6 JDH 14:15 02/05/2026 02/05/2026,True
p063/line013/station=Hyderabad/row=384/sha256=2f0fe7060e5f,2f0fe7060e5f8d2a60194ddaa35b19c866c73dafecf8bde425fbfc4a5af1b43d,"[""aircraft-variant""]","[""DGCA-OVL-0068""]","[""DGCA-OVL-0068:right:6E297|HYD>JDH""]",False,63,13,Hyderabad,384,6E 297,IGO,A321,6,,,JDH,14:15,16/05/2026,16/05/2026,384 6E 297 IGO A321 6 JDH 14:15 16/05/2026 16/05/2026,True
p063/line014/station=Hyderabad/row=385/sha256=ea182e7360db,ea182e7360dbd7dae0103b30f254ee9476a6e45b37d3c8f30156dd4af0eaae5c,"[""aircraft-variant""]","[""DGCA-OVL-0071""]","[""DGCA-OVL-0071:right:6E297|HYD>JDH""]",False,63,14,Hyderabad,385,6E 297,IGO,A321,6,,,JDH,14:15,30/05/2026,06/06/2026,385 6E 297 IGO A321 6 JDH 14:15 30/05/2026 06/06/2026,True
p063/line015/station=Hyderabad/row=386/sha256=19d1f0333cf9,19d1f0333cf92f97879d7b23ecba0b53bf96b635fd84eb3376e5d09c4fcc0ed6,"[""aircraft-variant""]","[""DGCA-OVL-0074""]","[""DGCA-OVL-0074:right:6E297|HYD>JDH""]",False,63,15,Hyderabad,386,6E 297,IGO,A321,6,,,JDH,14:15,20/06/2026,20/06/2026,386 6E 297 IGO A321 6 JDH 14:15 20/06/2026 20/06/2026,True
p063/line016/station=Hyderabad/row=387/sha256=0ca22a0e8b6e,0ca22a0e8b6ef7af9ef3151752979de7edede7e74496d14cf0c2eff184147d05,"[""aircraft-variant""]","[""DGCA-OVL-0063""]","[""DGCA-OVL-0063:left:6E297|HYD>JDH""]",False,63,16,Hyderabad,387,6E 297,IGO,A321,6,,,JDH,14:15,04/07/2026,04/07/2026,387 6E 297 IGO A321 6 JDH 14:15 04/07/2026 04/07/2026,True
p063/line017/station=Hyderabad/row=388/sha256=1c7b88f8e3c2,1c7b88f8e3c2e2f9b36acdb4229463de3a3ecad8186556f087da7b4d9c592d2b,"[""aircraft-variant""]","[""DGCA-OVL-0079""]","[""DGCA-OVL-0079:right:6E297|HYD>JDH""]",False,63,17,Hyderabad,388,6E 297,IGO,A321,6,,,JDH,14:15,18/07/2026,18/07/2026,388 6E 297 IGO A321 6 JDH 14:15 18/07/2026 18/07/2026,True
p063/line018/station=Hyderabad/row=389/sha256=ec25742f6ae8,ec25742f6ae8b58e3289804df8940d6cf36803616e821a71370eafb2dfbdc03e,"[""aircraft-variant""]","[""DGCA-OVL-0064""]","[""DGCA-OVL-0064:left:6E297|HYD>JDH""]",False,63,18,Hyderabad,389,6E 297,IGO,A321,6,,,JDH,14:15,01/08/2026,01/08/2026,389 6E 297 IGO A321 6 JDH 14:15 01/08/2026 01/08/2026,True
p063/line019/station=Hyderabad/row=390/sha256=e631552ef8a4,e631552ef8a447caf936353deb2166a1e8efb16945797326c0dd380f3a8e7c32,"[""aircraft-variant""]","[""DGCA-OVL-0084""]","[""DGCA-OVL-0084:right:6E297|HYD>JDH""]",False,63,19,Hyderabad,390,6E 297,IGO,A321,6,,,JDH,14:15,15/08/2026,15/08/2026,390 6E 297 IGO A321 6 JDH 14:15 15/08/2026 15/08/2026,True
p063/line020/station=Hyderabad/row=391/sha256=9c88ccce5387,9c88ccce5387f55d6225b9979221bc4a9faf896771b1c0e33a35a4a5848a6d32,"[""aircraft-variant""]","[""DGCA-OVL-0087""]","[""DGCA-OVL-0087:right:6E297|HYD>JDH""]",False,63,20,Hyderabad,391,6E 297,IGO,A321,6,,,JDH,14:15,29/08/2026,05/09/2026,391 6E 297 IGO A321 6 JDH 14:15 29/08/2026 05/09/2026,True
p063/line021/station=Hyderabad/row=392/sha256=b3ca049f1daa,b3ca049f1daa2feb3af00f82b9275c476386e2f3692466298a3f02f95593f551,"[""aircraft-variant""]","[""DGCA-OVL-0090""]","[""DGCA-OVL-0090:right:6E297|HYD>JDH""]",False,63,21,Hyderabad,392,6E 297,IGO,A321,6,,,JDH,14:15,19/09/2026,19/09/2026,392 6E 297 IGO A321 6 JDH 14:15 19/09/2026 19/09/2026,True
p063/line022/station=Hyderabad/row=393/sha256=64ddee583c7c,64ddee583c7cdb897bafbf0bb1255b97b209ba7fc228b08dca618e66432cf3d3,"[""aircraft-variant""]","[""DGCA-OVL-0065""]","[""DGCA-OVL-0065:left:6E297|HYD>JDH""]",False,63,22,Hyderabad,393,6E 297,IGO,A321,6,,,JDH,14:15,03/10/2026,03/10/2026,393 6E 297 IGO A321 6 JDH 14:15 03/10/2026 03/10/2026,True
p063/line023/station=Hyderabad/row=394/sha256=c41edc99f981,c41edc99f9818558bd09e2bd1c928754ea18d2edd4a9aac8a7e65b5435fa2f2f,"[""aircraft-variant""]","[""DGCA-OVL-0095""]","[""DGCA-OVL-0095:right:6E297|HYD>JDH""]",False,63,23,Hyderabad,394,6E 297,IGO,A321,6,,,JDH,14:15,17/10/2026,17/10/2026,394 6E 297 IGO A321 6 JDH 14:15 17/10/2026 17/10/2026,True
p063/line024/station=Hyderabad/row=395/sha256=c77268ec59b6,c77268ec59b6d3b10e63c6d5cd515b747f365bae218aaf1edb8e872dbcb165ad,"[""aircraft-variant""]","[""DGCA-OVL-0066""]","[""DGCA-OVL-0066:left:6E297|HYD>JDH""]",False,63,24,Hyderabad,395,6E 297,IGO,A321,24,,,JDH,14:15,28/04/2026,07/05/2026,395 6E 297 IGO A321 24 JDH 14:15 28/04/2026 07/05/2026,True
p063/line025/station=Hyderabad/row=396/sha256=c865da6ff1e8,c865da6ff1e8e4269c0f862567af993b44e3e019be4a373ea9838a345b4793b9,"[""aircraft-variant""]","[""DGCA-OVL-0069""]","[""DGCA-OVL-0069:right:6E297|HYD>JDH""]",False,63,25,Hyderabad,396,6E 297,IGO,A321,24,,,JDH,14:15,12/05/2026,21/05/2026,396 6E 297 IGO A321 24 JDH 14:15 12/05/2026 21/05/2026,True
p063/line026/station=Hyderabad/row=397/sha256=15790b79e9ce,15790b79e9ce0b43429c3a34cf768f95fb37204f695b9bc1a8f2c4b4fa01aa4d,"[""aircraft-variant""]","[""DGCA-OVL-0072""]","[""DGCA-OVL-0072:right:6E297|HYD>JDH""]",False,63,26,Hyderabad,397,6E 297,IGO,A321,24,,,JDH,14:15,26/05/2026,11/06/2026,397 6E 297 IGO A321 24 JDH 14:15 26/05/2026 11/06/2026,True
p063/line027/station=Hyderabad/row=398/sha256=dbb70fb8d811,dbb70fb8d811964c6e9558f8d9343898a65f456707cf8356be759ec8a8fcc978,"[""aircraft-variant""]","[""DGCA-OVL-0075""]","[""DGCA-OVL-0075:right:6E297|HYD>JDH""]",False,63,27,Hyderabad,398,6E 297,IGO,A321,24,,,JDH,14:15,16/06/2026,25/06/2026,398 6E 297 IGO A321 24 JDH 14:15 16/06/2026 25/06/2026,True
p063/line028/station=Hyderabad/row=399/sha256=2377646fa7bc,2377646fa7bc25ef043e5497b23362444ff4a07c296f1beb10e449a1b01fcb8d,"[""aircraft-variant""]","[""DGCA-OVL-0077""]","[""DGCA-OVL-0077:right:6E297|HYD>JDH""]",False,63,28,Hyderabad,399,6E 297,IGO,A321,24,,,JDH,14:15,30/06/2026,09/07/2026,399 6E 297 IGO A321 24 JDH 14:15 30/06/2026 09/07/2026,True
p063/line029/station=Hyderabad/row=400/sha256=c01653d14620,c01653d1462080b3d567c118334b598a5293244ee3cfd2665c848d38ee21b663,"[""aircraft-variant""]","[""DGCA-OVL-0080""]","[""DGCA-OVL-0080:right:6E297|HYD>JDH""]",False,63,29,Hyderabad,400,6E 297,IGO,A321,24,,,JDH,14:15,14/07/2026,23/07/2026,400 6E 297 IGO A321 24 JDH 14:15 14/07/2026 23/07/2026,True
p063/line030/station=Hyderabad/row=401/sha256=ce005651cbb6,ce005651cbb66b8178a7b5087d5a82c2bdf4794f2627894d57e2ca5659c6b250,"[""aircraft-variant""]","[""DGCA-OVL-0082""]","[""DGCA-OVL-0082:right:6E297|HYD>JDH""]",False,63,30,Hyderabad,401,6E 297,IGO,A321,24,,,JDH,14:15,28/07/2026,06/08/2026,401 6E 297 IGO A321 24 JDH 14:15 28/07/2026 06/08/2026,True
p063/line031/station=Hyderabad/row=402/sha256=1fcbc2016ca3,1fcbc2016ca331efc15d0548a83adf6c92a6835a50056f51753fb3a399e7305a,"[""aircraft-variant""]","[""DGCA-OVL-0085""]","[""DGCA-OVL-0085:right:6E297|HYD>JDH""]",False,63,31,Hyderabad,402,6E 297,IGO,A321,24,,,JDH,14:15,11/08/2026,20/08/2026,402 6E 297 IGO A321 24 JDH 14:15 11/08/2026 20/08/2026,True
p063/line032/station=Hyderabad/row=403/sha256=b2b458e81a81,b2b458e81a81e693fefabcbdb3bcacb0b3a164032720267c3337741142074cc6,"[""aircraft-variant""]","[""DGCA-OVL-0088""]","[""DGCA-OVL-0088:right:6E297|HYD>JDH""]",False,63,32,Hyderabad,403,6E 297,IGO,A321,24,,,JDH,14:15,25/08/2026,10/09/2026,403 6E 297 IGO A321 24 JDH 14:15 25/08/2026 10/09/2026,True
p063/line033/station=Hyderabad/row=404/sha256=15ad8b2def02,15ad8b2def027013db99d1ddc8aa0c647ca13d9948ab835c74eb716b31edae46,"[""aircraft-variant""]","[""DGCA-OVL-0091""]","[""DGCA-OVL-0091:right:6E297|HYD>JDH""]",False,63,33,Hyderabad,404,6E 297,IGO,A321,24,,,JDH,14:15,15/09/2026,24/09/2026,404 6E 297 IGO A321 24 JDH 14:15 15/09/2026 24/09/2026,True
p063/line034/station=Hyderabad/row=405/sha256=6897a5ad576a,6897a5ad576a69df875405a4264ecab5dde016784cb85f1ea955a9417afab512,"[""aircraft-variant""]","[""DGCA-OVL-0093""]","[""DGCA-OVL-0093:right:6E297|HYD>JDH""]",False,63,34,Hyderabad,405,6E 297,IGO,A321,24,,,JDH,14:15,29/09/2026,08/10/2026,405 6E 297 IGO A321 24 JDH 14:15 29/09/2026 08/10/2026,True
p063/line035/station=Hyderabad/row=406/sha256=0d4bf70a2115,0d4bf70a211561864322a510aba8bafb24cc1a0a4a008a0139f17577b48b0ef0,"[""aircraft-variant""]","[""DGCA-OVL-0096""]","[""DGCA-OVL-0096:right:6E297|HYD>JDH""]",False,63,35,Hyderabad,406,6E 297,IGO,A321,24,,,JDH,14:15,13/10/2026,22/10/2026,406 6E 297 IGO A321 24 JDH 14:15 13/10/2026 22/10/2026,True
p063/line036/station=Hyderabad/row=407/sha256=f2b1f9cc6676,f2b1f9cc6676aabf380ca3f4d4b0c98e0eecce4beeeef02017b9140fdff190b9,"[""aircraft-variant""]","[""DGCA-OVL-0067"",""DGCA-OVL-0070"",""DGCA-OVL-0073"",""DGCA-OVL-0076"",""DGCA-OVL-0078"",""DGCA-OVL-0081"",""DGCA-OVL-0083"",""DGCA-OVL-0086"",""DGCA-OVL-0089"",""DGCA-OVL-0092"",""DGCA-OVL-0094"",""DGCA-OVL-0097""]","[""DGCA-OVL-0067:right:6E297|HYD>JDH"",""DGCA-OVL-0070:right:6E297|HYD>JDH"",""DGCA-OVL-0073:right:6E297|HYD>JDH"",""DGCA-OVL-0076:right:6E297|HYD>JDH"",""DGCA-OVL-0078:right:6E297|HYD>JDH"",""DGCA-OVL-0081:right:6E297|HYD>JDH"",""DGCA-OVL-0083:right:6E297|HYD>JDH"",""DGCA-OVL-0086:right:6E297|HYD>JDH"",""DGCA-OVL-0089:right:6E297|HYD>JDH"",""DGCA-OVL-0092:right:6E297|HYD>JDH"",""DGCA-OVL-0094:right:6E297|HYD>JDH"",""DGCA-OVL-0097:right:6E297|HYD>JDH""]",False,63,36,Hyderabad,407,6E 297,IGO,A321,135,,,JDH,14:15,29/04/2026,23/10/2026,407 6E 297 IGO A321 135 JDH 14:15 29/04/2026 23/10/2026,True
p064/line020/station=Hyderabad/row=449/sha256=5a3d57344d1f,5a3d57344d1fd1758854f16c69efee47dbaf4bac9e29143e12e4948d6ee2baa2,"[""aircraft-variant""]","[""DGCA-OVL-0347""]","[""DGCA-OVL-0347:left:6E918|HYD>RDP""]",False,64,20,Hyderabad,449,6E 918,IGO,A320N,6,,,RDP,15:55,24/10/2026,24/10/2026,449 6E 918 IGO A320N 6 RDP 15:55 24/10/2026 24/10/2026,True
p064/line031/station=Hyderabad/row=460/sha256=a39407e55e13,a39407e55e139481fe1baa35db4ae51f159390778c2b1a6b1627823c57435073,"[""aircraft-variant""]","[""DGCA-OVL-0258""]","[""DGCA-OVL-0258:right:6E668|HYD>MAA""]",False,64,31,Hyderabad,460,6E 668,IGO,A321,134567,,,MAA,16:20,29/03/2026,24/10/2026,460 6E 668 IGO A321 134567 MAA 16:20 29/03/2026 24/10/2026,True
p064/line032/station=Hyderabad/row=461/sha256=d4ebb8383028,d4ebb83830286162ebaea57cd166ad7e058a4b891a51c6dfc807e54038575ebc,"[""aircraft-variant""]","[""DGCA-OVL-0259""]","[""DGCA-OVL-0259:right:6E668|HYD>MAA""]",False,64,32,Hyderabad,461,6E 668,IGO,A321,2,,,MAA,16:20,31/03/2026,20/10/2026,461 6E 668 IGO A321 2 MAA 16:20 31/03/2026 20/10/2026,True
p064/line044/station=Hyderabad/row=473/sha256=9e2bdb60b0fc,9e2bdb60b0fc3a97eb0e17e06b927d5c762888de682fde4a265f98540c2a944c,"[""aircraft-variant""]","[""DGCA-OVL-0193""]","[""DGCA-OVL-0193:right:6E6295|VNS>HYD""]",False,64,44,Hyderabad,473,6E 6295,IGO,A321,1234567,VNS,16:55,,,29/03/2026,24/10/2026,473 6E 6295 IGO A321 1234567 VNS 16:55 29/03/2026 24/10/2026,True
p064/line057/station=Hyderabad/row=486/sha256=669853895c7e,669853895c7e8238266e4ca89dd929997a48163f0730c4f7cd615b4b964ada9f,"[""aircraft-variant""]","[""DGCA-OVL-0179""]","[""DGCA-OVL-0179:right:6E6158|MAA>HYD""]",False,64,57,Hyderabad,486,6E 6158,IGO,A321,1234567,MAA,17:25,,,29/03/2026,24/10/2026,486 6E 6158 IGO A321 1234567 MAA 17:25 29/03/2026 24/10/2026,True
p064/line058/station=Hyderabad/row=487/sha256=3db80c6c095d,3db80c6c095d4855abc623323e4865e2e30174b81c67581aa743ad79df484854,"[""aircraft-variant""]","[""DGCA-OVL-0013""]","[""DGCA-OVL-0013:right:6E208|HYD>VTZ""]",False,64,58,Hyderabad,487,6E 208,IGO,A320N,124567,,,VTZ,17:25,29/03/2026,24/10/2026,487 6E 208 IGO A320N 124567 VTZ 17:25 29/03/2026 24/10/2026,True
p065/line001/station=Hyderabad/row=488/sha256=49fb06096dd7,49fb06096dd73fd4d6aee8a0cd52a294d6b74dce98fd553a8a0d22f81ec41dc2,"[""aircraft-variant""]","[""DGCA-OVL-0014""]","[""DGCA-OVL-0014:left:6E208|HYD>VTZ""]",False,65,1,Hyderabad,488,6E 208,IGO,A320N,3,,,VTZ,17:25,01/04/2026,21/10/2026,488 6E 208 IGO A320N 3 VTZ 17:25 01/04/2026 21/10/2026,True
p065/line003/station=Hyderabad/row=490/sha256=531f7023939e,531f7023939e61428715b0cb32562fcfce206bebda94ca57c69478eeb058cfba,"[""aircraft-variant""]","[""DGCA-OVL-0319""]","[""DGCA-OVL-0319:right:6E764|CJB>HYD""]",False,65,3,Hyderabad,490,6E 764,IGO,A320N,1234567,CJB,17:30,,,29/03/2026,24/10/2026,490 6E 764 IGO A320N 1234567 CJB 17:30 29/03/2026 24/10/2026,True
p065/line004/station=Hyderabad/row=491/sha256=1f312638bc47,1f312638bc47317182042f651d363220087baabfa3ccc792628fe2e5f66a3b53,"[""aircraft-variant""]","[""DGCA-OVL-0255""]","[""DGCA-OVL-0255:left:6E6681|COK>HYD""]",False,65,4,Hyderabad,491,6E 6681,IGO,A320N,134567,COK,17:35,,,29/03/2026,23/10/2026,491 6E 6681 IGO A320N 134567 COK 17:35 29/03/2026 23/10/2026,True
p066/line015/station=Hyderabad/row=560/sha256=6b2458a04bbf,6b2458a04bbf419db9ea6542c08db4feaabb0e105302910ca6029e63f4647337,"[""aircraft-variant""]","[""DGCA-OVL-0196""]","[""DGCA-OVL-0196:right:6E6308|HYD>CJB""]",False,66,15,Hyderabad,560,6E 6308,IGO,A320N,1234567,,,CJB,18:10,29/03/2026,24/10/2026,560 6E 6308 IGO A320N 1234567 CJB 18:10 29/03/2026 24/10/2026,True
p066/line034/station=Hyderabad/row=579/sha256=bda0c670319f,bda0c670319f6d3fdef4f1d596aa38f556f0031e13d7f7069decd18f5f440af8,"[""aircraft-variant""]","[""DGCA-OVL-0225"",""DGCA-OVL-0226""]","[""DGCA-OVL-0225:right:6E6410|SXR>HYD"",""DGCA-OVL-0226:right:6E6410|SXR>HYD""]",False,66,34,Hyderabad,579,6E 6410,IGO,A321,1234567,SXR,18:40,,,29/03/2026,24/10/2026,579 6E 6410 IGO A321 1234567 SXR 18:40 29/03/2026 24/10/2026,True
p066/line041/station=Hyderabad/row=586/sha256=03b1c4ad538c,03b1c4ad538c0cd9bca50169a26a8ca1d3b1adfc01f46647d6519ded6eb5ba59,"[""aircraft-variant""]","[""DGCA-OVL-0326""]","[""DGCA-OVL-0326:right:6E814|UDR>HYD""]",False,66,41,Hyderabad,586,6E 814,IGO,A320N,6,UDR,18:50,,,09/05/2026,09/05/2026,586 6E 814 IGO A320N 6 UDR 18:50 09/05/2026 09/05/2026,True
p066/line042/station=Hyderabad/row=587/sha256=a5ac15c4ab7a,a5ac15c4ab7a1914c3998b3a842408af845100e2fec0108600b53c9078216ffb,"[""aircraft-variant""]","[""DGCA-OVL-0327""]","[""DGCA-OVL-0327:right:6E814|UDR>HYD""]",False,66,42,Hyderabad,587,6E 814,IGO,A320N,6,UDR,18:50,,,23/05/2026,23/05/2026,587 6E 814 IGO A320N 6 UDR 18:50 23/05/2026 23/05/2026,True
p066/line043/station=Hyderabad/row=588/sha256=2074a6d690a2,2074a6d690a2f0b3bd8526866eed6c8dcf00d47a9b8cb29a5129f3435f29d88a,"[""aircraft-variant""]","[""DGCA-OVL-0328""]","[""DGCA-OVL-0328:right:6E814|UDR>HYD""]",False,66,43,Hyderabad,588,6E 814,IGO,A320N,6,UDR,18:50,,,13/06/2026,13/06/2026,588 6E 814 IGO A320N 6 UDR 18:50 13/06/2026 13/06/2026,True
p066/line044/station=Hyderabad/row=589/sha256=3bb74547651c,3bb74547651c406e781cb2960acc0c3ca6552c420ee5278f1113c11b71c42ce1,"[""aircraft-variant""]","[""DGCA-OVL-0329""]","[""DGCA-OVL-0329:right:6E814|UDR>HYD""]",False,66,44,Hyderabad,589,6E 814,IGO,A320N,6,UDR,18:50,,,27/06/2026,27/06/2026,589 6E 814 IGO A320N 6 UDR 18:50 27/06/2026 27/06/2026,True
p066/line045/station=Hyderabad/row=590/sha256=3ccfb7895296,3ccfb7895296a5f649ae36b9a13eec319363b8454306d13ea58fddc866093d59,"[""aircraft-variant""]","[""DGCA-OVL-0330""]","[""DGCA-OVL-0330:right:6E814|UDR>HYD""]",False,66,45,Hyderabad,590,6E 814,IGO,A320N,6,UDR,18:50,,,11/07/2026,11/07/2026,590 6E 814 IGO A320N 6 UDR 18:50 11/07/2026 11/07/2026,True
p066/line046/station=Hyderabad/row=591/sha256=6cc82cc3a11c,6cc82cc3a11c9d03e3da0f1171f95595316d9e801995d3d072f70311be569ef4,"[""aircraft-variant""]","[""DGCA-OVL-0331""]","[""DGCA-OVL-0331:right:6E814|UDR>HYD""]",False,66,46,Hyderabad,591,6E 814,IGO,A320N,6,UDR,18:50,,,25/07/2026,25/07/2026,591 6E 814 IGO A320N 6 UDR 18:50 25/07/2026 25/07/2026,True
p066/line047/station=Hyderabad/row=592/sha256=3f408ffd09d7,3f408ffd09d78eb33c7e978269762c4047156fdf1e420253c93eb68717d424ea,"[""aircraft-variant""]","[""DGCA-OVL-0332""]","[""DGCA-OVL-0332:right:6E814|UDR>HYD""]",False,66,47,Hyderabad,592,6E 814,IGO,A320N,6,UDR,18:50,,,08/08/2026,08/08/2026,592 6E 814 IGO A320N 6 UDR 18:50 08/08/2026 08/08/2026,True
p066/line048/station=Hyderabad/row=593/sha256=97aa8bae765f,97aa8bae765f1f813cc6f655e806d4cdd064777a3727788604474c45418db6af,"[""aircraft-variant""]","[""DGCA-OVL-0333""]","[""DGCA-OVL-0333:right:6E814|UDR>HYD""]",False,66,48,Hyderabad,593,6E 814,IGO,A320N,6,UDR,18:50,,,22/08/2026,22/08/2026,593 6E 814 IGO A320N 6 UDR 18:50 22/08/2026 22/08/2026,True
p066/line049/station=Hyderabad/row=594/sha256=3262e37d79ca,3262e37d79cae2aba72746239c30b06d5814b663e2c625e5dea6ddabedff6101,"[""aircraft-variant""]","[""DGCA-OVL-0334""]","[""DGCA-OVL-0334:right:6E814|UDR>HYD""]",False,66,49,Hyderabad,594,6E 814,IGO,A320N,6,UDR,18:50,,,12/09/2026,12/09/2026,594 6E 814 IGO A320N 6 UDR 18:50 12/09/2026 12/09/2026,True
p066/line050/station=Hyderabad/row=595/sha256=32ba0cbe596f,32ba0cbe596fe26598f446a2bd76962625b8b66706f67126715a7f13c03afb28,"[""aircraft-variant""]","[""DGCA-OVL-0335""]","[""DGCA-OVL-0335:right:6E814|UDR>HYD""]",False,66,50,Hyderabad,595,6E 814,IGO,A320N,6,UDR,18:50,,,26/09/2026,26/09/2026,595 6E 814 IGO A320N 6 UDR 18:50 26/09/2026 26/09/2026,True
p066/line051/station=Hyderabad/row=596/sha256=46e9c454fa81,46e9c454fa814324982c6d9e49be585507761c9abae1d3014642750aaaffce4f,"[""aircraft-variant""]","[""DGCA-OVL-0336""]","[""DGCA-OVL-0336:right:6E814|UDR>HYD""]",False,66,51,Hyderabad,596,6E 814,IGO,A320N,6,UDR,18:50,,,10/10/2026,10/10/2026,596 6E 814 IGO A320N 6 UDR 18:50 10/10/2026 10/10/2026,True
p066/line052/station=Hyderabad/row=597/sha256=a9d29aaf05c0,a9d29aaf05c02fc96d0ef0dbd9508ec40e5be43c1c39fbfa24ce2b421dd66f95,"[""aircraft-variant""]","[""DGCA-OVL-0337""]","[""DGCA-OVL-0337:right:6E814|UDR>HYD""]",False,66,52,Hyderabad,597,6E 814,IGO,A320N,6,UDR,18:50,,,24/10/2026,24/10/2026,597 6E 814 IGO A320N 6 UDR 18:50 24/10/2026 24/10/2026,True
p067/line023/station=Hyderabad/row=626/sha256=ddf3f6d0e8a2,ddf3f6d0e8a2bb3ad87320dd9c856cc80ae9725555162eea4404ff4c359bcf21,"[""aircraft-variant""]","[""DGCA-OVL-0236""]","[""DGCA-OVL-0236:right:6E6486|HYD>MAA""]",False,67,23,Hyderabad,626,6E 6486,IGO,A321,1234567,,,MAA,19:00,29/03/2026,24/10/2026,626 6E 6486 IGO A321 1234567 MAA 19:00 29/03/2026 24/10/2026,True
p067/line041/station=Hyderabad/row=644/sha256=fceb6f156ead,fceb6f156ead78068ee3a37e63d427efa944b2d3a5e688193c5c13c2e682c58b,"[""aircraft-variant""]","[""DGCA-OVL-0119""]","[""DGCA-OVL-0119:right:6E384|HYD>VTZ""]",False,67,41,Hyderabad,644,6E 384,IGO,A321,1234567,,,VTZ,19:25,29/03/2026,24/10/2026,644 6E 384 IGO A321 1234567 VTZ 19:25 29/03/2026 24/10/2026,True
p067/line046/station=Hyderabad/row=649/sha256=9531dc814127,9531dc814127e8e3ffb357c7741a4aec8fa8f734bf55daf07c8731c273aae011,"[""aircraft-variant""]","[""DGCA-OVL-0155""]","[""DGCA-OVL-0155:right:6E562|MAA>HYD""]",False,67,46,Hyderabad,649,6E 562,IGO,A321,1234567,MAA,19:35,,,29/03/2026,24/10/2026,649 6E 562 IGO A321 1234567 MAA 19:35 29/03/2026 24/10/2026,True
p067/line051/station=Hyderabad/row=654/sha256=02f1dd752fa7,02f1dd752fa77955202c8f4a6b06aca69b9cee927bf3e0ca259e3e7dd3972d3c,"[""aircraft-variant""]","[""DGCA-OVL-0352""]","[""DGCA-OVL-0352:right:6E984|HYD>GOI""]",False,67,51,Hyderabad,654,6E 984,IGO,A320N,1234567,,,GOI,19:55,29/03/2026,24/10/2026,654 6E 984 IGO A320N 1234567 GOI 19:55 29/03/2026 24/10/2026,True
p068/line006/station=Hyderabad/row=667/sha256=af0ec0b21330,af0ec0b213303b5a7858b594f442fbafa72f65609f9311c82a2670be78208242,"[""aircraft-variant""]","[""DGCA-OVL-0182"",""DGCA-OVL-0183"",""DGCA-OVL-0184"",""DGCA-OVL-0185""]","[""DGCA-OVL-0182:right:6E6174|HYD>MAA"",""DGCA-OVL-0183:right:6E6174|HYD>MAA"",""DGCA-OVL-0184:right:6E6174|HYD>MAA"",""DGCA-OVL-0185:left:6E6174|HYD>MAA""]",False,68,6,Hyderabad,667,6E 6174,IGO,A321,1234567,,,MAA,20:30,29/03/2026,24/10/2026,667 6E 6174 IGO A321 1234567 MAA 20:30 29/03/2026 24/10/2026,True
p068/line008/station=Hyderabad/row=669/sha256=45f09d39bc06,45f09d39bc0635c1a46091be139e6de37b4385be86bcae7b01a64a04d92044c5,"[""aircraft-variant""]","[""DGCA-OVL-0024""]","[""DGCA-OVL-0024:right:6E216|VTZ>HYD""]",False,68,8,Hyderabad,669,6E 216,IGO,A320N,1234567,VTZ,20:35,,,29/03/2026,24/10/2026,669 6E 216 IGO A320N 1234567 VTZ 20:35 29/03/2026 24/10/2026,True
p068/line023/station=Hyderabad/row=684/sha256=d4eaa42caa07,d4eaa42caa07fba2bd77a581639da5a52a39670547027d979a6ef6c84c689db4,"[""aircraft-variant""]","[""DGCA-OVL-0031"",""DGCA-OVL-0032""]","[""DGCA-OVL-0031:left:6E2256|CCU>HYD"",""DGCA-OVL-0032:right:6E2256|CCU>HYD""]",False,68,23,Hyderabad,684,6E 2256,IGO,A321,1234567,CCU,21:25,,,29/03/2026,24/10/2026,684 6E 2256 IGO A321 1234567 CCU 21:25 29/03/2026 24/10/2026,True
p068/line039/station=Hyderabad/row=700/sha256=1f4ede287f87,1f4ede287f87be60a4f027479a4d383b55f07ecf5e4b9e53fb001d02c05ba34a,"[""aircraft-variant""]","[""DGCA-OVL-0194""]","[""DGCA-OVL-0194:right:6E6307|CJB>HYD""]",False,68,39,Hyderabad,700,6E 6307,IGO,A320N,1234567,CJB,21:45,,,29/03/2026,23/10/2026,700 6E 6307 IGO A320N 1234567 CJB 21:45 29/03/2026 23/10/2026,True
p068/line040/station=Hyderabad/row=701/sha256=f0da46aa4fb3,f0da46aa4fb3454ba77dd311dd05ebab3b9d1bd23e84524086c779003e9d6b40,"[""aircraft-variant""]","[""DGCA-OVL-0195""]","[""DGCA-OVL-0195:left:6E6307|CJB>HYD""]",False,68,40,Hyderabad,701,6E 6307,IGO,A320N,6,CJB,21:45,,,24/10/2026,24/10/2026,701 6E 6307 IGO A320N 6 CJB 21:45 24/10/2026 24/10/2026,True
p068/line045/station=Hyderabad/row=706/sha256=4ad9d4c7d196,4ad9d4c7d196d3a64a624711987fe401cb014acbb0d7174ed4f2d310f395496a,"[""aircraft-variant""]","[""DGCA-OVL-0270""]","[""DGCA-OVL-0270:right:6E6824|HSR>HYD""]",False,68,45,Hyderabad,706,6E 6824,IGO,A320N,1234567,HSR,22:00,,,29/03/2026,24/10/2026,706 6E 6824 IGO A320N 1234567 HSR 22:00 29/03/2026 24/10/2026,True
p068/line048/station=Hyderabad/row=709/sha256=3940c38399f1,3940c38399f1d044053d3c429bbaa86f1a1f8151aa489c11ab11ca7ee2eacdb4,"[""aircraft-variant""]","[""DGCA-OVL-0033""]","[""DGCA-OVL-0033:left:6E2257|HYD>CCU""]",False,68,48,Hyderabad,709,6E 2257,IGO,A321,1234567,,,CCU,22:15,29/03/2026,24/10/2026,709 6E 2257 IGO A321 1234567 CCU 22:15 29/03/2026 24/10/2026,True
p068/line055/station=Hyderabad/row=716/sha256=0674fc63ca13,0674fc63ca13402683447696e30a2e302a52dd585751995717934e0f13ab98e1,"[""aircraft-variant""]","[""DGCA-OVL-0251"",""DGCA-OVL-0252""]","[""DGCA-OVL-0251:right:6E6617|HYD>MAA"",""DGCA-OVL-0252:right:6E6617|HYD>MAA""]",False,68,55,Hyderabad,716,6E 6617,IGO,A320N,1234567,,,MAA,22:25,29/03/2026,24/10/2026,716 6E 6617 IGO A320N 1234567 MAA 22:25 29/03/2026 24/10/2026,True
p069/line006/station=Hyderabad/row=725/sha256=6fdccdda8b16,6fdccdda8b1631adc977f1bf6579fdc2ab71cf46a6a34f9246fc52890616aa6f,"[""aircraft-variant""]","[""DGCA-OVL-0121""]","[""DGCA-OVL-0121:left:6E385|VTZ>HYD""]",False,69,6,Hyderabad,725,6E 385,IGO,A321,6,VTZ,22:35,,,24/10/2026,24/10/2026,725 6E 385 IGO A321 6 VTZ 22:35 24/10/2026 24/10/2026,True
p069/line007/station=Hyderabad/row=726/sha256=767cef5fba65,767cef5fba653a22e4063592af54033a8e90c0dfc9f410576b2cd474a1f5dc1d,"[""aircraft-variant""]","[""DGCA-OVL-0120""]","[""DGCA-OVL-0120:right:6E385|VTZ>HYD""]",False,69,7,Hyderabad,726,6E 385,IGO,A321,1234567,VTZ,22:35,,,29/03/2026,23/10/2026,726 6E 385 IGO A321 1234567 VTZ 22:35 29/03/2026 23/10/2026,True
p069/line013/station=Hyderabad/row=732/sha256=0b73b82acd20,0b73b82acd2064fca5612ccb991b749ba67b0012b25df48d2294c7448c6b42a8,"[""aircraft-variant""]","[""DGCA-OVL-0180""]","[""DGCA-OVL-0180:right:6E6166|LKO>HYD""]",False,69,13,Hyderabad,732,6E 6166,IGO,A320N,1234567,LKO,22:45,,,30/03/2026,23/10/2026,732 6E 6166 IGO A320N 1234567 LKO 22:45 30/03/2026 23/10/2026,True
p069/line016/station=Hyderabad/row=735/sha256=9427bbd67f2a,9427bbd67f2a20fb29b1f10f3676f09aebc04f3fd411c46c67ed8ce5dce94862,"[""aircraft-variant""]","[""DGCA-OVL-0353""]","[""DGCA-OVL-0353:right:6E985|GOI>HYD""]",False,69,16,Hyderabad,735,6E 985,IGO,A320N,7,GOI,22:50,,,29/03/2026,29/03/2026,735 6E 985 IGO A320N 7 GOI 22:50 29/03/2026 29/03/2026,True
p069/line017/station=Hyderabad/row=736/sha256=514bac4fff08,514bac4fff08e71dcb2c0c0d0ed6868812a6f20665c140b5892149a2e33e60f4,"[""aircraft-variant""]","[""DGCA-OVL-0355""]","[""DGCA-OVL-0355:left:6E985|GOI>HYD""]",False,69,17,Hyderabad,736,6E 985,IGO,A320N,6,GOI,22:50,,,24/10/2026,24/10/2026,736 6E 985 IGO A320N 6 GOI 22:50 24/10/2026 24/10/2026,True
p069/line018/station=Hyderabad/row=737/sha256=ab50286122ed,ab50286122edb2b53e4e6e084cf53540c2dcf8a70f4e5dcb7d47563d6b4c39bc,"[""aircraft-variant""]","[""DGCA-OVL-0354""]","[""DGCA-OVL-0354:right:6E985|GOI>HYD""]",False,69,18,Hyderabad,737,6E 985,IGO,A320N,12345,GOI,22:50,,,30/03/2026,03/04/2026,737 6E 985 IGO A320N 12345 GOI 22:50 30/03/2026 03/04/2026,True
p069/line019/station=Hyderabad/row=738/sha256=2f13e294f0db,2f13e294f0db6007af68a52425f70a49ad3402499d1442958bea083da2406d27,"[""aircraft-variant""]","[""DGCA-OVL-0356""]","[""DGCA-OVL-0356:left:6E985|GOI>HYD""]",False,69,19,Hyderabad,738,6E 985,IGO,A320N,1234567,GOI,22:50,,,04/04/2026,23/10/2026,738 6E 985 IGO A320N 1234567 GOI 22:50 04/04/2026 23/10/2026,True
p069/line022/station=Hyderabad/row=741/sha256=746b9d35e266,746b9d35e2665c79a59f13c32f5b0d026f67275180dbbad5500ad0c90f2769ef,"[""aircraft-variant""]","[""DGCA-OVL-0199""]","[""DGCA-OVL-0199:right:6E631|BBI>HYD""]",False,69,22,Hyderabad,741,6E 631,IGO,A321,6,BBI,23:00,,,24/10/2026,24/10/2026,741 6E 631 IGO A321 6 BBI 23:00 24/10/2026 24/10/2026,True
p069/line047/station=Imphal/row=3/sha256=bdbb4206eea9,bdbb4206eea953ed110706dd26d815b0f8a162ee38f6aa96f33dd16ad4040be0,"[""aircraft-variant""]","[""DGCA-OVL-0317""]","[""DGCA-OVL-0317:right:6E748|GAU>IMF""]",False,69,47,Imphal,3,6E 748,IGO,A320N,1234567,GAU,11:25,,,29/03/2026,24/10/2026,3 6E 748 IGO A320N 1234567 GAU 11:25 29/03/2026 24/10/2026,True
p070/line013/station=Imphal/row=26/sha256=f12bd986528a,f12bd986528ab3d3f26524e3f94bf0f5a64efea64e6d12740532af79cc0702cd,"[""aircraft-variant""]","[""DGCA-OVL-0047""]","[""DGCA-OVL-0047:left:6E275|CCU>IMF""]",True,70,13,Imphal,26,6E 275,IGO,A321,1234567,CCU,15:10,,,29/03/2026,24/10/2026,26 6E 275 IGO A321 1234567 CCU 15:10 29/03/2026 24/10/2026,True
p070/line017/station=Indore/row=3/sha256=e76b0d908ecd,e76b0d908ecdbf16827c8877a90638b82922cb036a06e1bbe76d16003b32b013,"[""aircraft-variant""]","[""DGCA-OVL-0237""]","[""DGCA-OVL-0237:right:6E6490|DEL>IDR""]",False,70,17,Indore,3,6E 6490,IGO,A321,1234567,DEL,06:25,,,29/03/2026,24/10/2026,3 6E 6490 IGO A321 1234567 DEL 06:25 29/03/2026 24/10/2026,True
p070/line033/station=Indore/row=19/sha256=586d2ef98fd8,586d2ef98fd8c37f6114fad66c28c51bfb3e1e5411ed03438d5f7aa983ef626f,"[""aircraft-variant""]","[""DGCA-OVL-0213"",""DGCA-OVL-0214""]","[""DGCA-OVL-0213:right:6E6389|DEL>IDR"",""DGCA-OVL-0214:right:6E6389|DEL>IDR""]",True,70,33,Indore,19,6E 6389,IGO,A321,1234567,DEL,09:35,,,29/03/2026,24/10/2026,19 6E 6389 IGO A321 1234567 DEL 09:35 29/03/2026 24/10/2026,True
p070/line036/station=Indore/row=22/sha256=248c9df2065a,248c9df2065a357c58ee0d096b5a48e60bb1f016857cd4ea4c5ef5dc19807ae1,"[""aircraft-variant""]","[""DGCA-OVL-0210"",""DGCA-OVL-0211""]","[""DGCA-OVL-0210:left:6E6387|IDR>BOM"",""DGCA-OVL-0211:right:6E6387|IDR>BOM""]",True,70,36,Indore,22,6E 6387,IGO,A321,1234567,,,BOM,10:10,29/03/2026,24/10/2026,22 6E 6387 IGO A321 1234567 BOM 10:10 29/03/2026 24/10/2026,True
p070/line039/station=Indore/row=25/sha256=4b645739cc06,4b645739cc069d4f5a17344791fd2332985910f09fe02bb0ba1045598aed36ea,"[""aircraft-variant""]","[""DGCA-OVL-0358""]","[""DGCA-OVL-0358:left:6E991|MAA>IDR""]",True,70,39,Indore,25,6E 991,IGO,A321,6,MAA,11:25,,,04/04/2026,17/10/2026,25 6E 991 IGO A321 6 MAA 11:25 04/04/2026 17/10/2026,True
p070/line040/station=Indore/row=26/sha256=736f1522687b,736f1522687bb7805b4233a825bbbdaf1cb9cf6fe5e4d237e3503b6e1a1da3c8,"[""aircraft-variant""]","[""DGCA-OVL-0359""]","[""DGCA-OVL-0359:left:6E991|MAA>IDR""]",True,70,40,Indore,26,6E 991,IGO,A321,6,MAA,11:25,,,24/10/2026,24/10/2026,26 6E 991 IGO A321 6 MAA 11:25 24/10/2026 24/10/2026,True
p070/line041/station=Indore/row=27/sha256=f2808caad79c,f2808caad79c0009d2767ef455326db40ef3ff5865ca361898d8867606fda8ef,"[""aircraft-variant""]","[""DGCA-OVL-0357""]","[""DGCA-OVL-0357:right:6E991|MAA>IDR""]",True,70,41,Indore,27,6E 991,IGO,A321,24,MAA,11:25,,,31/03/2026,22/10/2026,27 6E 991 IGO A321 24 MAA 11:25 31/03/2026 22/10/2026,True
p071/line014/station=Indore/row=57/sha256=14999f097fee,14999f097fee3735b4b903532db81c3400d9cbf783b79022d9d0a6d05079af71,"[""aircraft-variant""]","[""DGCA-OVL-0215""]","[""DGCA-OVL-0215:right:6E6390|IDR>DEL""]",False,71,14,Indore,57,6E 6390,IGO,A320N,1234567,,,DEL,15:45,29/03/2026,15/04/2026,57 6E 6390 IGO A320N 1234567 DEL 15:45 29/03/2026 15/04/2026,True
p071/line015/station=Indore/row=58/sha256=126f6b44e1eb,126f6b44e1eb2f9961c760cad2e78e2d3d5e2a2b3244f553de8995a099f47133,"[""aircraft-variant""]","[""DGCA-OVL-0216""]","[""DGCA-OVL-0216:right:6E6390|IDR>DEL""]",False,71,15,Indore,58,6E 6390,IGO,A320N,6,,,DEL,15:45,18/04/2026,24/10/2026,58 6E 6390 IGO A320N 6 DEL 15:45 18/04/2026 24/10/2026,True
p071/line016/station=Indore/row=59/sha256=cb1e38019aaa,cb1e38019aaa94cfdf0e8c88790740f3dd60fcf87318c2ad51c58f1b229566bb,"[""aircraft-variant""]","[""DGCA-OVL-0363""]","[""DGCA-OVL-0363:left:6E995|IDR>MAA""]",False,71,16,Indore,59,6E 995,IGO,A321,6,,,MAA,16:00,04/04/2026,17/10/2026,59 6E 995 IGO A321 6 MAA 16:00 04/04/2026 17/10/2026,True
p071/line017/station=Indore/row=60/sha256=9c46424bcf84,9c46424bcf84ec88f6c3f69b7c3c35f895075fe446a22dd34c8dc00cadb0e0b2,"[""aircraft-variant""]","[""DGCA-OVL-0364""]","[""DGCA-OVL-0364:left:6E995|IDR>MAA""]",False,71,17,Indore,60,6E 995,IGO,A321,6,,,MAA,16:00,24/10/2026,24/10/2026,60 6E 995 IGO A321 6 MAA 16:00 24/10/2026 24/10/2026,True
p071/line018/station=Indore/row=61/sha256=072142038a4f,072142038a4f9ba8d147358809b9612ed944bc53c52403f61d1ccd579cfc3cb5,"[""aircraft-variant""]","[""DGCA-OVL-0362""]","[""DGCA-OVL-0362:right:6E995|IDR>MAA""]",False,71,18,Indore,61,6E 995,IGO,A321,24,,,MAA,16:00,31/03/2026,22/10/2026,61 6E 995 IGO A321 24 MAA 16:00 31/03/2026 22/10/2026,True
p071/line042/station=Indore/row=85/sha256=882c428545c8,882c428545c895a76f941b8a9682086a04083f0d1383147066e95500dacdcfd1,"[""aircraft-variant""]","[""DGCA-OVL-0262"",""DGCA-OVL-0263"",""DGCA-OVL-0264"",""DGCA-OVL-0265""]","[""DGCA-OVL-0262:right:6E6744|IDR>BLR"",""DGCA-OVL-0263:right:6E6744|IDR>BLR"",""DGCA-OVL-0264:right:6E6744|IDR>BLR"",""DGCA-OVL-0265:left:6E6744|IDR>BLR""]",False,71,42,Indore,85,6E 6744,IGO,A320N,1234567,,,BLR,21:40,29/03/2026,24/10/2026,85 6E 6744 IGO A320N 1234567 BLR 21:40 29/03/2026 24/10/2026,True
p073/line036/station=Jaipur/row=83/sha256=09dfb2af95b1,09dfb2af95b19655e03370a38d8b74567d438e2f69a680e3b299ae0c6d163b37,"[""aircraft-variant""]","[""DGCA-OVL-0318""]","[""DGCA-OVL-0318:right:6E749|GAU>JAI""]",False,73,36,Jaipur,83,6E 749,IGO,A320N,1234567,GAU,20:35,,,29/03/2026,24/10/2026,83 6E 749 IGO A320N 1234567 GAU 20:35 29/03/2026 24/10/2026,True
p073/line039/station=Jaipur/row=86/sha256=640c14fe3b88,640c14fe3b882ea3004aaf27cb2ce3fa0b2d7a344da41beef05f186c1e657b42,"[""aircraft-variant""]","[""DGCA-OVL-0172""]","[""DGCA-OVL-0172:right:6E6116|JAI>PNQ""]",False,73,39,Jaipur,86,6E 6116,IGO,A320N,1234567,,,PNQ,21:05,29/03/2026,24/10/2026,86 6E 6116 IGO A320N 1234567 PNQ 21:05 29/03/2026 24/10/2026,True
p073/line045/station=Jaipur/row=92/sha256=233419ecb7fa,233419ecb7fabeb33714c71a81922474be5defe126a80d0dea52146bc50180a7,"[""aircraft-variant""]","[""DGCA-OVL-0204""]","[""DGCA-OVL-0204:right:6E6381|MAA>JAI""]",False,73,45,Jaipur,92,6E 6381,IGO,A321,1234567,MAA,21:30,,,29/03/2026,23/10/2026,92 6E 6381 IGO A321 1234567 MAA 21:30 29/03/2026 23/10/2026,True
p073/line046/station=Jaipur/row=93/sha256=4253133e3028,4253133e30289bf0f88169e1ddb8d27d3df9b7ca58f31f3e606bea5066f87cc7,"[""aircraft-variant""]","[""DGCA-OVL-0205""]","[""DGCA-OVL-0205:left:6E6381|MAA>JAI""]",False,73,46,Jaipur,93,6E 6381,IGO,A321,6,MAA,21:30,,,24/10/2026,24/10/2026,93 6E 6381 IGO A321 6 MAA 21:30 24/10/2026 24/10/2026,True
p073/line050/station=Jaipur/row=97/sha256=ccb64c18c319,ccb64c18c319507647f98f6743702e3092dc0a72c4331f5eff72bfa94d39778b,"[""aircraft-variant""]","[""DGCA-OVL-0036""]","[""DGCA-OVL-0036:right:6E2376|JAI>DEL""]",False,73,50,Jaipur,97,6E 2376,IGO,A321,1234567,,,DEL,22:25,29/03/2026,24/10/2026,97 6E 2376 IGO A321 1234567 DEL 22:25 29/03/2026 24/10/2026,True
p077/line016/station=Jharsuguda/row=1/sha256=fd2486900725,fd248690072599319177277e7500b5739697c1936fcd1e101501492b0fef902b,"[""aircraft-variant""]","[""DGCA-OVL-0163"",""DGCA-OVL-0164""]","[""DGCA-OVL-0163:right:6E6059|BLR>JRG"",""DGCA-OVL-0164:right:6E6059|BLR>JRG""]",True,77,16,Jharsuguda,1,6E 6059,IGO,A321,1234567,BLR,12:20,,,29/03/2026,24/10/2026,1 6E 6059 IGO A321 1234567 BLR 12:20 29/03/2026 24/10/2026,True
p077/line017/station=Jharsuguda/row=2/sha256=b8a1ef045d22,b8a1ef045d2292fde12bb5f1cbb7576392f849f26f866d8deded26763966999e,"[""aircraft-variant""]","[""DGCA-OVL-0006""]","[""DGCA-OVL-0006:right:6E128|JRG>BLR""]",True,77,17,Jharsuguda,2,6E 128,IGO,A321,1234567,,,BLR,12:50,29/03/2026,24/10/2026,2 6E 128 IGO A321 1234567 BLR 12:50 29/03/2026 24/10/2026,True
p077/line018/station=Jharsuguda/row=3/sha256=3eda65a53409,3eda65a5340963f9ee2a9a275148964f4c05eb2f82f757a2cf72af31e552b02d,"[""aircraft-variant""]","[""DGCA-OVL-0162""]","[""DGCA-OVL-0162:right:6E6053|DEL>JRG""]",True,77,18,Jharsuguda,3,6E 6053,IGO,A321,1234567,DEL,14:55,,,29/03/2026,24/10/2026,3 6E 6053 IGO A321 1234567 DEL 14:55 29/03/2026 24/10/2026,True
p077/line022/station=Jharsuguda/row=7/sha256=b81d066cfad0,b81d066cfad09a564625746cd3a6fe4c30c14a170bfa052ecef1d2544b88187d,"[""aircraft-variant""]","[""DGCA-OVL-0189""]","[""DGCA-OVL-0189:right:6E6275|NMI>JRG""]",True,77,22,Jharsuguda,7,6E 6275,IGO,A321,1234567,NMI,19:40,,,29/03/2026,24/10/2026,7 6E 6275 IGO A321 1234567 NMI 19:40 29/03/2026 24/10/2026,True
p077/line023/station=Jharsuguda/row=8/sha256=f56b4a86e150,f56b4a86e15007439fb7f42ee6c10430bca369c025812e9d1ab46cb48cdd593b,"[""aircraft-variant""]","[""DGCA-OVL-0190""]","[""DGCA-OVL-0190:right:6E6279|JRG>NMI""]",True,77,23,Jharsuguda,8,6E 6279,IGO,A321,1234567,,,NMI,20:10,29/03/2026,24/10/2026,8 6E 6279 IGO A321 1234567 NMI 20:10 29/03/2026 24/10/2026,True
p077/line034/station=Jodhpur/row=11/sha256=ce8301a79770,ce8301a7977002745f499064a18c86df246c87eda7fb9c542a34f79b4af5520e,"[""aircraft-variant""]","[""DGCA-OVL-0050"",""DGCA-OVL-0062"",""DGCA-OVL-0066"",""DGCA-OVL-0067""]","[""DGCA-OVL-0050:right:6E297|HYD>JDH"",""DGCA-OVL-0062:right:6E297|HYD>JDH"",""DGCA-OVL-0066:right:6E297|HYD>JDH"",""DGCA-OVL-0067:left:6E297|HYD>JDH""]",False,77,34,Jodhpur,11,6E 297,IGO,A320N,1234567,HYD,16:15,,,28/04/2026,08/05/2026,11 6E 297 IGO A320N 1234567 HYD 16:15 28/04/2026 08/05/2026,True
p077/line035/station=Jodhpur/row=12/sha256=0c05001c734e,0c05001c734e75366ff65e851a56a2ea724919d1f5fc8e57978339c94943867b,"[""aircraft-variant""]","[""DGCA-OVL-0051"",""DGCA-OVL-0068"",""DGCA-OVL-0069"",""DGCA-OVL-0070""]","[""DGCA-OVL-0051:right:6E297|HYD>JDH"",""DGCA-OVL-0068:left:6E297|HYD>JDH"",""DGCA-OVL-0069:left:6E297|HYD>JDH"",""DGCA-OVL-0070:left:6E297|HYD>JDH""]",False,77,35,Jodhpur,12,6E 297,IGO,A320N,1234567,HYD,16:15,,,10/05/2026,22/05/2026,12 6E 297 IGO A320N 1234567 HYD 16:15 10/05/2026 22/05/2026,True
p077/line036/station=Jodhpur/row=13/sha256=9b7473a726cb,9b7473a726cbb49e59cb7cc41d152c13d3c44fe37c30fb959701ec3a6e3e2639,"[""aircraft-variant""]","[""DGCA-OVL-0052"",""DGCA-OVL-0071"",""DGCA-OVL-0072"",""DGCA-OVL-0073""]","[""DGCA-OVL-0052:right:6E297|HYD>JDH"",""DGCA-OVL-0071:left:6E297|HYD>JDH"",""DGCA-OVL-0072:left:6E297|HYD>JDH"",""DGCA-OVL-0073:left:6E297|HYD>JDH""]",False,77,36,Jodhpur,13,6E 297,IGO,A320N,1234567,HYD,16:15,,,24/05/2026,12/06/2026,13 6E 297 IGO A320N 1234567 HYD 16:15 24/05/2026 12/06/2026,True
p077/line037/station=Jodhpur/row=14/sha256=258b7ce799cb,258b7ce799cb79b79eb37d8618329ad5a23bb4ee9ca56c7cab078f99f9ec54c9,"[""aircraft-variant""]","[""DGCA-OVL-0053"",""DGCA-OVL-0074"",""DGCA-OVL-0075"",""DGCA-OVL-0076""]","[""DGCA-OVL-0053:right:6E297|HYD>JDH"",""DGCA-OVL-0074:left:6E297|HYD>JDH"",""DGCA-OVL-0075:left:6E297|HYD>JDH"",""DGCA-OVL-0076:left:6E297|HYD>JDH""]",False,77,37,Jodhpur,14,6E 297,IGO,A320N,1234567,HYD,16:15,,,14/06/2026,26/06/2026,14 6E 297 IGO A320N 1234567 HYD 16:15 14/06/2026 26/06/2026,True
p077/line038/station=Jodhpur/row=15/sha256=5befd1d89aa5,5befd1d89aa59b04c77d6be0519e32cb55c2deda94b7cad043fb51052702b0a7,"[""aircraft-variant""]","[""DGCA-OVL-0054"",""DGCA-OVL-0063"",""DGCA-OVL-0077"",""DGCA-OVL-0078""]","[""DGCA-OVL-0054:right:6E297|HYD>JDH"",""DGCA-OVL-0063:right:6E297|HYD>JDH"",""DGCA-OVL-0077:left:6E297|HYD>JDH"",""DGCA-OVL-0078:left:6E297|HYD>JDH""]",False,77,38,Jodhpur,15,6E 297,IGO,A320N,1234567,HYD,16:15,,,28/06/2026,10/07/2026,15 6E 297 IGO A320N 1234567 HYD 16:15 28/06/2026 10/07/2026,True
p077/line039/station=Jodhpur/row=16/sha256=e8f2fc6ed6a7,e8f2fc6ed6a79d67e77889190f5936bd67869ee353839807539d9bb0ed8e4d11,"[""aircraft-variant""]","[""DGCA-OVL-0055"",""DGCA-OVL-0079"",""DGCA-OVL-0080"",""DGCA-OVL-0081""]","[""DGCA-OVL-0055:right:6E297|HYD>JDH"",""DGCA-OVL-0079:left:6E297|HYD>JDH"",""DGCA-OVL-0080:left:6E297|HYD>JDH"",""DGCA-OVL-0081:left:6E297|HYD>JDH""]",False,77,39,Jodhpur,16,6E 297,IGO,A320N,1234567,HYD,16:15,,,12/07/2026,24/07/2026,16 6E 297 IGO A320N 1234567 HYD 16:15 12/07/2026 24/07/2026,True
p077/line040/station=Jodhpur/row=17/sha256=c89776474725,c89776474725dbef9aa470b52ddb4c1c86a7e9eb0822c42197c67d391028c817,"[""aircraft-variant""]","[""DGCA-OVL-0056"",""DGCA-OVL-0064"",""DGCA-OVL-0082"",""DGCA-OVL-0083""]","[""DGCA-OVL-0056:right:6E297|HYD>JDH"",""DGCA-OVL-0064:right:6E297|HYD>JDH"",""DGCA-OVL-0082:left:6E297|HYD>JDH"",""DGCA-OVL-0083:left:6E297|HYD>JDH""]",False,77,40,Jodhpur,17,6E 297,IGO,A320N,1234567,HYD,16:15,,,26/07/2026,07/08/2026,17 6E 297 IGO A320N 1234567 HYD 16:15 26/07/2026 07/08/2026,True
p077/line041/station=Jodhpur/row=18/sha256=f1bcea237905,f1bcea2379051450fb316336ca8e00d57fd2dec85301aff8562da75de15934cd,"[""aircraft-variant""]","[""DGCA-OVL-0057"",""DGCA-OVL-0084"",""DGCA-OVL-0085"",""DGCA-OVL-0086""]","[""DGCA-OVL-0057:right:6E297|HYD>JDH"",""DGCA-OVL-0084:left:6E297|HYD>JDH"",""DGCA-OVL-0085:left:6E297|HYD>JDH"",""DGCA-OVL-0086:left:6E297|HYD>JDH""]",False,77,41,Jodhpur,18,6E 297,IGO,A320N,1234567,HYD,16:15,,,09/08/2026,21/08/2026,18 6E 297 IGO A320N 1234567 HYD 16:15 09/08/2026 21/08/2026,True
p077/line042/station=Jodhpur/row=19/sha256=601e2fec33cc,601e2fec33cc4aceffe99b44f748bb4d9f72646811860332c832db7d9ed26b27,"[""aircraft-variant""]","[""DGCA-OVL-0058"",""DGCA-OVL-0087"",""DGCA-OVL-0088"",""DGCA-OVL-0089""]","[""DGCA-OVL-0058:right:6E297|HYD>JDH"",""DGCA-OVL-0087:left:6E297|HYD>JDH"",""DGCA-OVL-0088:left:6E297|HYD>JDH"",""DGCA-OVL-0089:left:6E297|HYD>JDH""]",False,77,42,Jodhpur,19,6E 297,IGO,A320N,1234567,HYD,16:15,,,23/08/2026,11/09/2026,19 6E 297 IGO A320N 1234567 HYD 16:15 23/08/2026 11/09/2026,True
p077/line043/station=Jodhpur/row=20/sha256=be7b5ede927c,be7b5ede927c12883c6669dcd2da4c84ad3cb053ada4cc65b4f9851f6e2622e6,"[""aircraft-variant""]","[""DGCA-OVL-0059"",""DGCA-OVL-0090"",""DGCA-OVL-0091"",""DGCA-OVL-0092""]","[""DGCA-OVL-0059:right:6E297|HYD>JDH"",""DGCA-OVL-0090:left:6E297|HYD>JDH"",""DGCA-OVL-0091:left:6E297|HYD>JDH"",""DGCA-OVL-0092:left:6E297|HYD>JDH""]",False,77,43,Jodhpur,20,6E 297,IGO,A320N,1234567,HYD,16:15,,,13/09/2026,25/09/2026,20 6E 297 IGO A320N 1234567 HYD 16:15 13/09/2026 25/09/2026,True
p077/line044/station=Jodhpur/row=21/sha256=2f20940ff256,2f20940ff2569173e3e360ac71614457c662e7e76d1ce277ab8b6661c51bfa48,"[""aircraft-variant""]","[""DGCA-OVL-0060"",""DGCA-OVL-0065"",""DGCA-OVL-0093"",""DGCA-OVL-0094""]","[""DGCA-OVL-0060:right:6E297|HYD>JDH"",""DGCA-OVL-0065:right:6E297|HYD>JDH"",""DGCA-OVL-0093:left:6E297|HYD>JDH"",""DGCA-OVL-0094:left:6E297|HYD>JDH""]",False,77,44,Jodhpur,21,6E 297,IGO,A320N,1234567,HYD,16:15,,,27/09/2026,09/10/2026,21 6E 297 IGO A320N 1234567 HYD 16:15 27/09/2026 09/10/2026,True
p077/line045/station=Jodhpur/row=22/sha256=9ad331c20f38,9ad331c20f388755da36039ff0cfa3700be093195014f34be592cf06691ae6b3,"[""aircraft-variant""]","[""DGCA-OVL-0061"",""DGCA-OVL-0095"",""DGCA-OVL-0096"",""DGCA-OVL-0097""]","[""DGCA-OVL-0061:right:6E297|HYD>JDH"",""DGCA-OVL-0095:left:6E297|HYD>JDH"",""DGCA-OVL-0096:left:6E297|HYD>JDH"",""DGCA-OVL-0097:left:6E297|HYD>JDH""]",False,77,45,Jodhpur,22,6E 297,IGO,A320N,1234567,HYD,16:15,,,11/10/2026,23/10/2026,22 6E 297 IGO A320N 1234567 HYD 16:15 11/10/2026 23/10/2026,True
p078/line027/station=Kanpur/row=5/sha256=5af401bb58b4,5af401bb58b4f4e39022efcae87d4fe4d1b106570ef8d40e65cfe2bb26724b7a,"[""aircraft-variant""]","[""DGCA-OVL-0010""]","[""DGCA-OVL-0010:left:6E2034|BOM>KNU""]",True,78,27,Kanpur,5,6E 2034,IGO,A320N,1234567,BOM,12:00,,,29/03/2026,24/10/2026,5 6E 2034 IGO A320N 1234567 BOM 12:00 29/03/2026 24/10/2026,True
p078/line032/station=Kanpur/row=10/sha256=00aba679fee4,00aba679fee4fed912bcf10a474941e5849762100206eaeb0542250acf5e3472,"[""aircraft-variant""]","[""DGCA-OVL-0160""]","[""DGCA-OVL-0160:right:6E6036|KNU>BLR""]",True,78,32,Kanpur,10,6E 6036,IGO,A320N,135,,,BLR,14:35,30/03/2026,23/10/2026,10 6E 6036 IGO A320N 135 BLR 14:35 30/03/2026 23/10/2026,True
p078/line033/station=Kanpur/row=11/sha256=c087ce9c275f,c087ce9c275fc0d181813dd47113df0de63a71b256e06a510aa85d077444eeac,"[""aircraft-variant""]","[""DGCA-OVL-0152""]","[""DGCA-OVL-0152:right:6E5396|DEL>KNU""]",True,78,33,Kanpur,11,6E 5396,IGO,A321,1234567,DEL,15:35,,,29/03/2026,24/10/2026,11 6E 5396 IGO A321 1234567 DEL 15:35 29/03/2026 24/10/2026,True
p079/line001/station=Kochi/row=5/sha256=1adbc5e94875,1adbc5e94875900bd7fc8a05eef6da783b54ba8e6aa6591c59deb040d45aa4cc,"[""aircraft-variant""]","[""DGCA-OVL-0234"",""DGCA-OVL-0235""]","[""DGCA-OVL-0234:right:6E6482|COK>BLR"",""DGCA-OVL-0235:right:6E6482|COK>BLR""]",False,79,1,Kochi,5,6E 6482,IGO,A320N,1234567,,,BLR,07:05,29/03/2026,24/10/2026,5 6E 6482 IGO A320N 1234567 BLR 07:05 29/03/2026 24/10/2026,True
p079/line005/station=Kochi/row=9/sha256=e430319e6162,e430319e6162e3f94dfe1b670d46fd4012acf048577199ac8db90f704d1e0edb,"[""aircraft-variant""]","[""DGCA-OVL-0043""]","[""DGCA-OVL-0043:right:6E2622|COK>MAA""]",False,79,5,Kochi,9,6E 2622,IGO,A320N,1234567,,,MAA,08:45,29/03/2026,24/10/2026,9 6E 2622 IGO A320N 1234567 MAA 08:45 29/03/2026 24/10/2026,True
p079/line008/station=Kochi/row=12/sha256=fb3498ebe040,fb3498ebe0409f36fd7dd9be78cc48f78c9c830abeaab33b10c28a69eeee8179,"[""aircraft-variant""]","[""DGCA-OVL-0151""]","[""DGCA-OVL-0151:right:6E5394|MAA>COK""]",False,79,8,Kochi,12,6E 5394,IGO,A321,1234567,MAA,09:10,,,29/03/2026,24/10/2026,12 6E 5394 IGO A321 1234567 MAA 09:10 29/03/2026 24/10/2026,True
p079/line016/station=Kochi/row=20/sha256=42ecc2a01ef1,42ecc2a01ef1ef5253b5a0b075d49ee39b388c59d465cceadb143aed02ed9ce7,"[""aircraft-variant""]","[""DGCA-OVL-0241"",""DGCA-OVL-0242""]","[""DGCA-OVL-0241:right:6E6535|COK>BLR"",""DGCA-OVL-0242:right:6E6535|COK>BLR""]",False,79,16,Kochi,20,6E 6535,IGO,A321,1234567,,,BLR,09:40,29/03/2026,24/10/2026,20 6E 6535 IGO A321 1234567 BLR 09:40 29/03/2026 24/10/2026,True
p079/line056/station=Kochi/row=60/sha256=7a3a5f525ffd,7a3a5f525ffd103809bb8dab617c5a9c42fb35f6103af30dc3ba5a22e455e01d,"[""aircraft-variant""]","[""DGCA-OVL-0256""]","[""DGCA-OVL-0256:right:6E6682|HYD>COK""]",False,79,56,Kochi,60,6E 6682,IGO,A320N,134567,HYD,15:35,,,29/03/2026,24/10/2026,60 6E 6682 IGO A320N 134567 HYD 15:35 29/03/2026 24/10/2026,True
p079/line058/station=Kochi/row=62/sha256=e8dea50d3fea,e8dea50d3fea71597a55f8b6a977bd062f8408ec55a5fde1c875e80bbcb760b3,"[""aircraft-variant""]","[""DGCA-OVL-0255""]","[""DGCA-OVL-0255:right:6E6681|COK>HYD""]",False,79,58,Kochi,62,6E 6681,IGO,A321,134567,,,HYD,16:05,29/03/2026,24/10/2026,62 6E 6681 IGO A321 134567 HYD 16:05 29/03/2026 24/10/2026,True
p080/line015/station=Kochi/row=77/sha256=8a265936a18b,8a265936a18b0f3709acb714619ae92e2fd57f5192f2d152128954f891745c6b,"[""aircraft-variant""]","[""DGCA-OVL-0346""]","[""DGCA-OVL-0346:right:6E885|GOI>COK""]",False,80,15,Kochi,77,6E 885,IGO,A321,1234567,GOI,20:20,,,29/03/2026,24/10/2026,77 6E 885 IGO A321 1234567 GOI 20:20 29/03/2026 24/10/2026,True
p080/line037/station=Kolkata/row=2/sha256=4f5a4bcb536e,4f5a4bcb536eb07af06c624622f46716d44c2c637f46d842ea2f478de7262dd1,"[""aircraft-variant""]","[""DGCA-OVL-0033""]","[""DGCA-OVL-0033:right:6E2257|HYD>CCU""]",True,80,37,Kolkata,2,6E 2257,IGO,A320N,1234567,HYD,00:25,,,29/03/2026,24/10/2026,2 6E 2257 IGO A320N 1234567 HYD 00:25 29/03/2026 24/10/2026,True
p080/line040/station=Kolkata/row=5/sha256=8983c8f1ce74,8983c8f1ce74c6f4bfa90730d0f877f8645590f8e1a3eee1101cbbebf3a18169,"[""aircraft-variant""]","[""DGCA-OVL-0044""]","[""DGCA-OVL-0044:right:6E264|MAA>CCU""]",True,80,40,Kolkata,5,6E 264,IGO,A321,1234567,MAA,01:45,,,29/03/2026,24/10/2026,5 6E 264 IGO A321 1234567 MAA 01:45 29/03/2026 24/10/2026,True
p080/line055/station=Kolkata/row=20/sha256=08fa4ed0014c,08fa4ed0014cdf4971558f98c996c8647614d897be8a561bd46606c558c4ca80,"[""aircraft-variant""]","[""DGCA-OVL-0045"",""DGCA-OVL-0046""]","[""DGCA-OVL-0045:right:6E271|CCU>GAU"",""DGCA-OVL-0046:left:6E271|CCU>GAU""]",False,80,55,Kolkata,20,6E 271,IGO,A321,1234567,,,GAU,06:05,29/03/2026,24/10/2026,20 6E 271 IGO A321 1234567 GAU 06:05 29/03/2026 24/10/2026,True
p083/line003/station=Kolkata/row=140/sha256=07e32af22d39,07e32af22d3906b6fa8b20fe3acfc4c425fa500ec1369a03a851d9a39a0afe16,"[""aircraft-variant""]","[""DGCA-OVL-0129""]","[""DGCA-OVL-0129:left:6E455|CCU>BLR""]",False,83,3,Kolkata,140,6E 455,IGO,A320N,6,,,BLR,13:25,04/04/2026,24/10/2026,140 6E 455 IGO A320N 6 BLR 13:25 04/04/2026 24/10/2026,True
p083/line014/station=Kolkata/row=151/sha256=da67088b0190,da67088b0190d7bfaa7aefe3bfe5022c3c2a75a0fbd9f9f7b13c59f3cf3f9fc5,"[""aircraft-variant""]","[""DGCA-OVL-0047""]","[""DGCA-OVL-0047:right:6E275|CCU>IMF""]",False,83,14,Kolkata,151,6E 275,IGO,A320N,1234567,,,IMF,13:50,29/03/2026,24/10/2026,151 6E 275 IGO A320N 1234567 IMF 13:50 29/03/2026 24/10/2026,True
p083/line018/station=Kolkata/row=155/sha256=98239d4454df,98239d4454dfc1f1b6eae49b14e8d1287f12d5f131f993acfa65a42c58900b77,"[""aircraft-variant""]","[""DGCA-OVL-0361""]","[""DGCA-OVL-0361:right:6E994|CCU>IXA""]",False,83,18,Kolkata,155,6E 994,IGO,A320N,1234567,,,IXA,14:00,29/03/2026,24/10/2026,155 6E 994 IGO A320N 1234567 IXA 14:00 29/03/2026 24/10/2026,True
p084/line005/station=Kolkata/row=200/sha256=eba7386906e1,eba7386906e1149d27bf60dde1cf09766a9f377fa0f917622b168d3664dca965,"[""aircraft-variant""]","[""DGCA-OVL-0110""]","[""DGCA-OVL-0110:left:6E307|CCU>IXB""]",False,84,5,Kolkata,200,6E 307,IGO,A321,1234567,,,IXB,16:20,29/03/2026,24/10/2026,200 6E 307 IGO A321 1234567 IXB 16:20 29/03/2026 24/10/2026,True
p084/line015/station=Kolkata/row=210/sha256=6d1fa7bbb4f0,6d1fa7bbb4f058933519da10c23c9fbd948e381d17e676a121fbc7c99817909e,"[""aircraft-variant""]","[""DGCA-OVL-0171""]","[""DGCA-OVL-0171:right:6E6101|BBI>CCU""]",False,84,15,Kolkata,210,6E 6101,IGO,A321,1234567,BBI,17:05,,,29/03/2026,24/10/2026,210 6E 6101 IGO A321 1234567 BBI 17:05 29/03/2026 24/10/2026,True
p084/line024/station=Kolkata/row=219/sha256=32b991134071,32b991134071e260621a77b09024a6cb5f7846f2a2090bc8ec4df19ec240e8e3,"[""aircraft-variant""]","[""DGCA-OVL-0250""]","[""DGCA-OVL-0250:right:6E6572|BLR>CCU""]",False,84,24,Kolkata,219,6E 6572,IGO,A320N,1234567,BLR,17:45,,,29/03/2026,24/10/2026,219 6E 6572 IGO A320N 1234567 BLR 17:45 29/03/2026 24/10/2026,True
p084/line047/station=Kolkata/row=242/sha256=64e3afa55c5c,64e3afa55c5c57e864c3a79943622c8d43f8db1596fa773480fa97db2962be7e,"[""aircraft-variant""]","[""DGCA-OVL-0032""]","[""DGCA-OVL-0032:left:6E2256|CCU>HYD""]",False,84,47,Kolkata,242,6E 2256,IGO,A320N,6,,,HYD,19:20,04/04/2026,24/10/2026,242 6E 2256 IGO A320N 6 HYD 19:20 04/04/2026 24/10/2026,True
p084/line048/station=Kolkata/row=243/sha256=adc71fe211d5,adc71fe211d56169b3f6c202a46df30ffa33f2437e7f0fab97a83c2b91b7a2cb,"[""aircraft-variant""]","[""DGCA-OVL-0031""]","[""DGCA-OVL-0031:right:6E2256|CCU>HYD""]",False,84,48,Kolkata,243,6E 2256,IGO,A320N,123457,,,HYD,19:20,29/03/2026,23/10/2026,243 6E 2256 IGO A320N 123457 HYD 19:20 29/03/2026 23/10/2026,True
p084/line051/station=Kolkata/row=246/sha256=11b1f150a47f,11b1f150a47f045e70dd93ca9deab874f16ca7f31961547b90a4e1b1aac35422,"[""aircraft-variant""]","[""DGCA-OVL-0254""]","[""DGCA-OVL-0254:right:6E6663|CCU>GAU""]",False,84,51,Kolkata,246,6E 6663,IGO,A321,1234567,,,GAU,19:30,29/03/2026,24/10/2026,246 6E 6663 IGO A321 1234567 GAU 19:30 29/03/2026 24/10/2026,True
p085/line021/station=Kolkata/row=274/sha256=d76cd55a0afb,d76cd55a0afb112746c647ba86a3575e1cb152e989855d30868ee98adb109c31,"[""aircraft-variant""]","[""DGCA-OVL-0026"",""DGCA-OVL-0027""]","[""DGCA-OVL-0026:right:6E223|BLR>CCU"",""DGCA-OVL-0027:left:6E223|BLR>CCU""]",False,85,21,Kolkata,274,6E 223,IGO,A321,1234567,BLR,19:55,,,29/03/2026,24/10/2026,274 6E 223 IGO A321 1234567 BLR 19:55 29/03/2026 24/10/2026,True
p085/line024/station=Kolkata/row=277/sha256=cd8c47fe3b4e,cd8c47fe3b4e70f33b78ec1e7ff6ed9f7eb227fcfe5a9f3db7b484a8577ac279,"[""aircraft-variant""]","[""DGCA-OVL-0248""]","[""DGCA-OVL-0248:right:6E6561|PNQ>CCU""]",False,85,24,Kolkata,277,6E 6561,IGO,A320N,123457,PNQ,20:10,,,29/03/2026,23/10/2026,277 6E 6561 IGO A320N 123457 PNQ 20:10 29/03/2026 23/10/2026,True
p085/line031/station=Kolkata/row=284/sha256=366343932191,366343932191797543800b03a9f10a32d42b7de1e01ab17e9c58869652170c1b,"[""aircraft-variant""]","[""DGCA-OVL-0197"",""DGCA-OVL-0198""]","[""DGCA-OVL-0197:right:6E6314|CCU>BLR"",""DGCA-OVL-0198:left:6E6314|CCU>BLR""]",False,85,31,Kolkata,284,6E 6314,IGO,A321,1234567,,,BLR,20:35,29/03/2026,24/10/2026,284 6E 6314 IGO A321 1234567 BLR 20:35 29/03/2026 24/10/2026,True
p085/line032/station=Kolkata/row=285/sha256=65a50cabdb50,65a50cabdb50583446e37bc5ae1822edd645af662ab9beecae53c17674dd8eaf,"[""aircraft-variant""]","[""DGCA-OVL-0249""]","[""DGCA-OVL-0249:right:6E6561|PNQ>CCU""]",False,85,32,Kolkata,285,6E 6561,IGO,A320N,6,PNQ,20:40,,,04/04/2026,17/10/2026,285 6E 6561 IGO A320N 6 PNQ 20:40 04/04/2026 17/10/2026,True
p086/line012/station=Kolkata/row=323/sha256=5476bfa5015f,5476bfa5015fa11a25ad6cc89ae2af7fcb787465e7cf955969e409514b1facb9,"[""aircraft-variant""]","[""DGCA-OVL-0187""]","[""DGCA-OVL-0187:right:6E617|VTZ>CCU""]",False,86,12,Kolkata,323,6E 617,IGO,A320N,1234567,VTZ,21:30,,,29/03/2026,24/10/2026,323 6E 617 IGO A320N 1234567 VTZ 21:30 29/03/2026 24/10/2026,True
p087/line008/station=Lucknow/row=1/sha256=586bf8e8c563,586bf8e8c56314ce943743dc04326c9a410fb403f5d59a5965380839da29b4b2,"[""aircraft-variant""]","[""DGCA-OVL-0113"",""DGCA-OVL-0114""]","[""DGCA-OVL-0113:right:6E338|PNQ>LKO"",""DGCA-OVL-0114:left:6E338|PNQ>LKO""]",False,87,8,Lucknow,1,6E 338,IGO,A320N,1234567,PNQ,02:20,,,29/03/2026,24/10/2026,1 6E 338 IGO A320N 1234567 PNQ 02:20 29/03/2026 24/10/2026,True
p087/line041/station=Lucknow/row=34/sha256=135ffe92c8b1,135ffe92c8b1585f19836024e0f37feca7ed71cd7a171a1e9b35a54a56ee43ae,"[""aircraft-variant""]","[""DGCA-OVL-0008""]","[""DGCA-OVL-0008:right:6E142|LKO>AMD""]",False,87,41,Lucknow,34,6E 142,IGO,A321,124567,,,AMD,09:25,29/03/2026,24/10/2026,34 6E 142 IGO A321 124567 AMD 09:25 29/03/2026 24/10/2026,True
p089/line022/station=Lucknow/row=130/sha256=3a155ad4a9e9,3a155ad4a9e913a0121034b34ed6340824c1cb2e29e50ed6c1caeeaeb4a6e862,"[""aircraft-variant""]","[""DGCA-OVL-0180""]","[""DGCA-OVL-0180:left:6E6166|LKO>HYD""]",False,89,22,Lucknow,130,6E 6166,IGO,A321,1234567,,,HYD,20:45,29/03/2026,24/10/2026,130 6E 6166 IGO A321 1234567 HYD 20:45 29/03/2026 24/10/2026,True
p089/line027/station=Lucknow/row=135/sha256=c589ca9f077d,c589ca9f077d90c2ac4bb11ff12b6a9d434b9d102ee001adadfaa16068e47e45,"[""aircraft-variant""]","[""DGCA-OVL-0004"",""DGCA-OVL-0005""]","[""DGCA-OVL-0004:right:6E118|LKO>PNQ"",""DGCA-OVL-0005:right:6E118|LKO>PNQ""]",False,89,27,Lucknow,135,6E 118,IGO,A320N,1234567,,,PNQ,21:35,29/03/2026,24/10/2026,135 6E 118 IGO A320N 1234567 PNQ 21:35 29/03/2026 24/10/2026,True
p089/line033/station=Lucknow/row=141/sha256=924735e7ee10,924735e7ee1036f45d30bf73d310cd4876bb781dd91be00627a326234e1ef44c,"[""aircraft-variant""]","[""DGCA-OVL-0011""]","[""DGCA-OVL-0011:left:6E2058|LKO>BOM""]",False,89,33,Lucknow,141,6E 2058,IGO,A321,1234567,,,BOM,23:50,29/03/2026,24/10/2026,141 6E 2058 IGO A321 1234567 BOM 23:50 29/03/2026 24/10/2026,True
p089/line040/station=Madurai/row=7/sha256=bee2b93c29da,bee2b93c29da64c9560dec8471a1c0ae65759340cc9302f79df98af2fcd0b48f,"[""aircraft-variant""]","[""DGCA-OVL-0188""]","[""DGCA-OVL-0188:right:6E6231|HYD>IXM""]",False,89,40,Madurai,7,6E 6231,IGO,A320N,1234567,HYD,09:20,,,29/03/2026,24/10/2026,7 6E 6231 IGO A320N 1234567 HYD 09:20 29/03/2026 24/10/2026,True
p089/line042/station=Madurai/row=9/sha256=680119028365,6801190283650b7aada07359a3202b5d33fc2e9525ca7d457f8d893ee9bbc9e1,"[""aircraft-variant""]","[""DGCA-OVL-0159""]","[""DGCA-OVL-0159:right:6E6023|IXM>HYD""]",False,89,42,Madurai,9,6E 6023,IGO,A320N,1234567,,,HYD,09:50,29/03/2026,24/10/2026,9 6E 6023 IGO A320N 1234567 HYD 09:50 29/03/2026 24/10/2026,True
p090/line022/station=Mangalore/row=12/sha256=7a6c15f41d9a,7a6c15f41d9ae3c45f70df5117450110931aff6d23752a674400f3e4ff2440f5,"[""aircraft-variant""]","[""DGCA-OVL-0342""]","[""DGCA-OVL-0342:right:6E865|IXE>BLR""]",False,90,22,Mangalore,12,6E 865,IGO,A320N,14,,,BLR,12:55,30/03/2026,22/10/2026,12 6E 865 IGO A320N 14 BLR 12:55 30/03/2026 22/10/2026,True
p090/line035/station=Mangalore/row=25/sha256=6914c3498150,6914c34981502e7034a15b2a287df10be4523655d01da943de7c958a02175918,"[""aircraft-variant""]","[""DGCA-OVL-0146""]","[""DGCA-OVL-0146:right:6E5306|BLR>IXE""]",True,90,35,Mangalore,25,6E 5306,IGO,A320N,1234567,BLR,15:35,,,29/03/2026,24/10/2026,25 6E 5306 IGO A320N 1234567 BLR 15:35 29/03/2026 24/10/2026,True
p090/line036/station=Mangalore/row=26/sha256=7357255c22a1,7357255c22a1447ca6944f5f17f72ec400a8259585cb7667d9eb3c8885294774,"[""aircraft-variant""]","[""DGCA-OVL-0009""]","[""DGCA-OVL-0009:right:6E2030|BLR>IXE""]",True,90,36,Mangalore,26,6E 2030,IGO,A320N,14,BLR,15:50,,,30/03/2026,22/10/2026,26 6E 2030 IGO A320N 14 BLR 15:50 30/03/2026 22/10/2026,True
p090/line054/station=Mangalore/row=44/sha256=1c29569d8970,1c29569d8970ded5ab020823bd23b0a5e578d9688a1d1c7d998004d301bde626,"[""aircraft-variant""]","[""DGCA-OVL-0271"",""DGCA-OVL-0272"",""DGCA-OVL-0273""]","[""DGCA-OVL-0271:right:6E6859|IXE>BLR"",""DGCA-OVL-0272:left:6E6859|IXE>BLR"",""DGCA-OVL-0273:left:6E6859|IXE>BLR""]",False,90,54,Mangalore,44,6E 6859,IGO,A320N,1234567,,,BLR,22:40,05/04/2026,24/10/2026,44 6E 6859 IGO A320N 1234567 BLR 22:40 05/04/2026 24/10/2026,True
p091/line029/station=Mumbai/row=32/sha256=4377b0b3fd3f,4377b0b3fd3f2b33f89719f2d4388f7e002888a26cdaaf934789cd927bb4f597,"[""aircraft-variant""]","[""DGCA-OVL-0011""]","[""DGCA-OVL-0011:right:6E2058|LKO>BOM""]",False,91,29,Mumbai,32,6E 2058,IGO,A320N,7,LKO,02:15,,,29/03/2026,29/03/2026,32 6E 2058 IGO A320N 7 LKO 02:15 29/03/2026 29/03/2026,True
p091/line042/station=Mumbai/row=45/sha256=e267dee895ff,e267dee895fff80ae500aa9c04fd2879152cc4093c79bb1cab638afe8d3f2bfc,"[""aircraft-variant""]","[""DGCA-OVL-0201""]","[""DGCA-OVL-0201:right:6E6361|BOM>GOI""]",False,91,42,Mumbai,45,6E 6361,IGO,A321,1234567,,,GOI,05:00,29/03/2026,24/10/2026,45 6E 6361 IGO A321 1234567 GOI 05:00 29/03/2026 24/10/2026,True
p092/line054/station=Mumbai/row=114/sha256=478ed70f3822,478ed70f382203257b91a938ff36eecf619ed318c49fcdcb1ec0d2a81b1145d7,"[""aircraft-variant""]","[""DGCA-OVL-0010""]","[""DGCA-OVL-0010:right:6E2034|BOM>KNU""]",False,92,54,Mumbai,114,6E 2034,IGO,A321,1234567,,,KNU,09:35,29/03/2026,24/10/2026,114 6E 2034 IGO A321 1234567 KNU 09:35 29/03/2026 24/10/2026,True
p093/line034/station=Mumbai/row=152/sha256=57512036267d,57512036267dd65f02eb4caddbbd15b001f5c358e609f5e26c6831c52ee8fe06,"[""aircraft-variant""]","[""DGCA-OVL-0210""]","[""DGCA-OVL-0210:right:6E6387|IDR>BOM""]",False,93,34,Mumbai,152,6E 6387,IGO,A320N,1234567,IDR,11:50,,,29/03/2026,15/04/2026,152 6E 6387 IGO A320N 1234567 IDR 11:50 29/03/2026 15/04/2026,True
p093/line035/station=Mumbai/row=153/sha256=0a9818738447,0a98187384474523f2a715fa42d4cdf8378ac5a01b6aad0678281f5dd5dfcd27,"[""aircraft-variant""]","[""DGCA-OVL-0209""]","[""DGCA-OVL-0209:right:6E6387|BHJ>BOM""]",False,93,35,Mumbai,153,6E 6387,IGO,A320N,1234567,BHJ,11:50,,,01/05/2026,24/10/2026,153 6E 6387 IGO A320N 1234567 BHJ 11:50 01/05/2026 24/10/2026,True
p093/line036/station=Mumbai/row=154/sha256=add6c2906c7d,add6c2906c7d33c6831d9d71c88940aeb004de46f024ace568b206b52521f111,"[""aircraft-variant""]","[""DGCA-OVL-0211""]","[""DGCA-OVL-0211:left:6E6387|IDR>BOM""]",False,93,36,Mumbai,154,6E 6387,IGO,A320N,1234567,IDR,11:50,,,16/04/2026,30/04/2026,154 6E 6387 IGO A320N 1234567 IDR 11:50 16/04/2026 30/04/2026,True
p093/line046/station=Mumbai/row=164/sha256=81e5bcb5b4f5,81e5bcb5b4f52cb16d6d8603cba0dbe6b0d59cac33d366fd8af361ceb3cece64,"[""aircraft-variant""]","[""DGCA-OVL-0131""]","[""DGCA-OVL-0131:right:6E466|BOM>UDR""]",False,93,46,Mumbai,164,6E 466,IGO,A321,1234567,,,UDR,12:25,29/03/2026,27/04/2026,164 6E 466 IGO A321 1234567 UDR 12:25 29/03/2026 27/04/2026,True
p094/line007/station=Mumbai/row=183/sha256=d9fa544d9960,d9fa544d9960a675b6632989d67d5ed5525610668b5973633efd83cc39f48f69,"[""aircraft-variant""]","[""DGCA-OVL-0208""]","[""DGCA-OVL-0208:right:6E6386|BOM>BHJ""]",False,94,7,Mumbai,183,6E 6386,IGO,A320N,123457,,,BHJ,13:20,01/05/2026,23/10/2026,183 6E 6386 IGO A320N 123457 BHJ 13:20 01/05/2026 23/10/2026,True
p094/line042/station=Mumbai/row=218/sha256=21f1e5705edd,21f1e5705edda5a759f2288146d8e870c8b08070458522a6c0875cf2ab6e5b4a,"[""aircraft-variant""]","[""DGCA-OVL-0034""]","[""DGCA-OVL-0034:right:6E2283|HSR>BOM""]",False,94,42,Mumbai,218,6E 2283,IGO,A320N,14,HSR,14:55,,,30/03/2026,22/10/2026,218 6E 2283 IGO A320N 14 HSR 14:55 30/03/2026 22/10/2026,True
p095/line007/station=Mumbai/row=241/sha256=0d099e4fb39c,0d099e4fb39c8f6616da72d4a4ab0333da7e2ae52ca695b9b916a213ec2d79b9,"[""aircraft-variant""]","[""DGCA-OVL-0133""]","[""DGCA-OVL-0133:right:6E470|UDR>BOM""]",False,95,7,Mumbai,241,6E 470,IGO,A321,1234567,UDR,16:25,,,29/03/2026,27/04/2026,241 6E 470 IGO A321 1234567 UDR 16:25 29/03/2026 27/04/2026,True
p097/line026/station=Mumbai/row=376/sha256=f935230abee0,f935230abee0bde5e688b753a00fad38d9919fa3f4a11f0a83e1703fa8d39ffa,"[""aircraft-variant""]","[""DGCA-OVL-0130""]","[""DGCA-OVL-0130:right:6E459|BBI>BOM""]",False,97,26,Mumbai,376,6E 459,IGO,A321,1234567,BBI,22:20,,,29/03/2026,24/10/2026,376 6E 459 IGO A321 1234567 BBI 22:20 29/03/2026 24/10/2026,True
p097/line051/station=Nagpur/row=6/sha256=3e04d8e82d31,3e04d8e82d31aef9acbdcf5a477f2830159c0464230e44eb6096de237fbc34af,"[""aircraft-variant""]","[""DGCA-OVL-0158""]","[""DGCA-OVL-0158:right:6E6003|BLR>NAG""]",False,97,51,Nagpur,6,6E 6003,IGO,A321,1234567,BLR,06:55,,,29/03/2026,24/10/2026,6 6E 6003 IGO A321 1234567 BLR 06:55 29/03/2026 24/10/2026,True
p098/line020/station=Nagpur/row=31/sha256=5075cff7ba14,5075cff7ba1431eb0f21c4789f2e91ef274b151098177b36c0c23d1b90f69571,"[""aircraft-variant""]","[""DGCA-OVL-0277"",""DGCA-OVL-0278""]","[""DGCA-OVL-0277:right:6E6891|BLR>NAG"",""DGCA-OVL-0278:right:6E6891|BLR>NAG""]",False,98,20,Nagpur,31,6E 6891,IGO,A321,1234567,BLR,19:10,,,29/03/2026,24/10/2026,31 6E 6891 IGO A321 1234567 BLR 19:10 29/03/2026 24/10/2026,True
p098/line048/station=Nashik/row=14/sha256=4f3d2569d7fd,4f3d2569d7fdabf750ebb9bd923bb361548af9e96a16139c1d80db8b1a0576fa,"[""aircraft-variant""]","[""DGCA-OVL-0253""]","[""DGCA-OVL-0253:right:6E6636|ISK>DEL""]",True,98,48,Nashik,14,6E 6636,IGO,A321,1234567,,,DEL,21:35,29/03/2026,24/10/2026,14 6E 6636 IGO A321 1234567 DEL 21:35 29/03/2026 24/10/2026,True
p099/line002/station=Navi Mumbai/row=10/sha256=f1c60718df6c,f1c60718df6cc72aa915a2ab4d7fb19cd8c3a2830c3abe76585e6bc65222b41c,"[""aircraft-variant""]","[""DGCA-OVL-0015"",""DGCA-OVL-0016""]","[""DGCA-OVL-0015:right:6E2128|NMI>MAA"",""DGCA-OVL-0016:left:6E2128|NMI>MAA""]",False,99,2,Navi Mumbai,10,6E 2128,IGO,A321,1234567,,,MAA,07:05,29/03/2026,24/10/2026,10 6E 2128 IGO A321 1234567 MAA 07:05 29/03/2026 24/10/2026,True
p099/line037/station=Navi Mumbai/row=45/sha256=bd712b9ff9b9,bd712b9ff9b9392b83e698ee3706615c12a8abc0fc3abf67a6670b6430790fae,"[""aircraft-variant""]","[""DGCA-OVL-0038""]","[""DGCA-OVL-0038:right:6E2442|NMI>VNS""]",False,99,37,Navi Mumbai,45,6E 2442,IGO,A320N,1234567,,,VNS,11:50,29/03/2026,24/10/2026,45 6E 2442 IGO A320N 1234567 VNS 11:50 29/03/2026 24/10/2026,True
p100/line046/station=Navi Mumbai/row=112/sha256=9e0311a373f7,9e0311a373f73c007d32d1dea41aa956cf83cb781d6602b4e0f5d656765fee0d,"[""aircraft-variant""]","[""DGCA-OVL-0145""]","[""DGCA-OVL-0145:left:6E5302|VNS>NMI""]",False,100,46,Navi Mumbai,112,6E 5302,IGO,A320N,1234567,VNS,16:50,,,29/03/2026,24/10/2026,112 6E 5302 IGO A320N 1234567 VNS 16:50 29/03/2026 24/10/2026,True
p100/line047/station=Navi Mumbai/row=113/sha256=a0037c3dc61d,a0037c3dc61d29872f8d44775d97913160ca125243f988dc3da491cea7c384de,"[""aircraft-variant""]","[""DGCA-OVL-0020"",""DGCA-OVL-0021""]","[""DGCA-OVL-0020:left:6E2145|NMI>IXC"",""DGCA-OVL-0021:right:6E2145|NMI>IXC""]",False,100,47,Navi Mumbai,113,6E 2145,IGO,A320N,1234567,,,IXC,16:50,29/03/2026,24/10/2026,113 6E 2145 IGO A320N 1234567 IXC 16:50 29/03/2026 24/10/2026,True
p100/line052/station=Navi Mumbai/row=118/sha256=c727b5ad85d2,c727b5ad85d2a4a5aada8ca0768f95f694db99b5584e9beca6cecdd1ac09b7da,"[""aircraft-variant""]","[""DGCA-OVL-0189""]","[""DGCA-OVL-0189:left:6E6275|NMI>JRG""]",False,100,52,Navi Mumbai,118,6E 6275,IGO,A320N,1234567,,,JRG,17:30,29/03/2026,24/10/2026,118 6E 6275 IGO A320N 1234567 JRG 17:30 29/03/2026 24/10/2026,True
p101/line017/station=Navi Mumbai/row=141/sha256=8b65dcbec235,8b65dcbec2357f1b815bcbbc75ac7ebe40d0d9b0c9b28ecb5f07ca6d37c42d89,"[""aircraft-variant""]","[""DGCA-OVL-0137""]","[""DGCA-OVL-0137:left:6E5027|NMI>IXU""]",False,101,17,Navi Mumbai,141,6E 5027,IGO,A320N,1234567,,,IXU,19:30,29/03/2026,24/10/2026,141 6E 5027 IGO A320N 1234567 IXU 19:30 29/03/2026 24/10/2026,True
p101/line033/station=Navi Mumbai/row=157/sha256=1531d9c166e0,1531d9c166e09bea443aa82f7f5c020da18f684b02dc01adf6090308498fd41f,"[""aircraft-variant""]","[""DGCA-OVL-0170""]","[""DGCA-OVL-0170:left:6E6093|IXU>NMI""]",False,101,33,Navi Mumbai,157,6E 6093,IGO,A320N,1234567,IXU,21:50,,,29/03/2026,24/10/2026,157 6E 6093 IGO A320N 1234567 IXU 21:50 29/03/2026 24/10/2026,True
p101/line035/station=Navi Mumbai/row=159/sha256=8c766ba7fc9d,8c766ba7fc9d574c8a547a3757d3409da352db4ccda03517d6920ba36de76305,"[""aircraft-variant""]","[""DGCA-OVL-0022"",""DGCA-OVL-0023""]","[""DGCA-OVL-0022:left:6E2148|IXC>NMI"",""DGCA-OVL-0023:right:6E2148|IXC>NMI""]",False,101,35,Navi Mumbai,159,6E 2148,IGO,A320N,1234567,IXC,22:00,,,29/03/2026,24/10/2026,159 6E 2148 IGO A320N 1234567 IXC 22:00 29/03/2026 24/10/2026,True
p101/line036/station=Navi Mumbai/row=160/sha256=c05e6d7f882d,c05e6d7f882dac624decd7767dabe7ac9786d93ed65424dd619df4fe231c28fb,"[""aircraft-variant""]","[""DGCA-OVL-0348""]","[""DGCA-OVL-0348:left:6E955|DEL>NMI""]",False,101,36,Navi Mumbai,160,6E 955,IGO,A320N,1234567,DEL,22:05,,,29/03/2026,24/10/2026,160 6E 955 IGO A320N 1234567 DEL 22:05 29/03/2026 24/10/2026,True
p101/line038/station=Navi Mumbai/row=162/sha256=441cfbb04de5,441cfbb04de5ee1937679cefa9d049ad9e04f51c8383b9ef390751ab18678c34,"[""aircraft-variant""]","[""DGCA-OVL-0190""]","[""DGCA-OVL-0190:left:6E6279|JRG>NMI""]",False,101,38,Navi Mumbai,162,6E 6279,IGO,A320N,1234567,JRG,22:20,,,29/03/2026,24/10/2026,162 6E 6279 IGO A320N 1234567 JRG 22:20 29/03/2026 24/10/2026,True
p102/line005/station=Patna/row=13/sha256=ab351122b191,ab351122b191c083aa0aac3b4825983296f754fbcc080946fa9bce5d011b387f,"[""aircraft-variant""]","[""DGCA-OVL-0266""]","[""DGCA-OVL-0266:right:6E6801|BLR>PAT""]",False,102,5,Patna,13,6E 6801,IGO,A320N,1234567,BLR,11:00,,,29/03/2026,24/10/2026,13 6E 6801 IGO A320N 1234567 BLR 11:00 29/03/2026 24/10/2026,True
p103/line021/station=Prayagraj/row=2/sha256=e114610cc084,e114610cc0846f5dcb6c5c6bc27bc3fa695a4de84254df2bf907c27c06e63ecc,"[""aircraft-variant""]","[""DGCA-OVL-0267""]","[""DGCA-OVL-0267:left:6E6817|HYD>IXD""]",True,103,21,Prayagraj,2,6E 6817,IGO,A320N,7,HYD,11:10,,,29/03/2026,18/10/2026,2 6E 6817 IGO A320N 7 HYD 11:10 29/03/2026 18/10/2026,True
p103/line022/station=Prayagraj/row=3/sha256=48a7d58e1a18,48a7d58e1a18e41c72490cbdb4aabd31070f31677029f5a19327f52a1a5c8a42,"[""aircraft-variant""]","[""DGCA-OVL-0268"",""DGCA-OVL-0269""]","[""DGCA-OVL-0268:left:6E6819|IXD>HYD"",""DGCA-OVL-0269:right:6E6819|IXD>HYD""]",True,103,22,Prayagraj,3,6E 6819,IGO,A320N,7,,,HYD,11:40,29/03/2026,18/10/2026,3 6E 6819 IGO A320N 7 HYD 11:40 29/03/2026 18/10/2026,True
p103/line033/station=Pune/row=2/sha256=088fe4252ac3,088fe4252ac3bd899759560ddb54d6817e627c3e4e7b192c730a44f3f746f998,"[""aircraft-variant""]","[""DGCA-OVL-0113""]","[""DGCA-OVL-0113:left:6E338|PNQ>LKO""]",True,103,33,Pune,2,6E 338,IGO,A321,7,,,LKO,00:10,29/03/2026,29/03/2026,2 6E 338 IGO A321 7 LKO 00:10 29/03/2026 29/03/2026,True
p103/line034/station=Pune/row=3/sha256=9c9f640b8f92,9c9f640b8f92c0f8247aad1bd2ea1e5f6f9d706b1114d8e1da92093eaa0abfdc,"[""aircraft-variant""]","[""DGCA-OVL-0114""]","[""DGCA-OVL-0114:right:6E338|PNQ>LKO""]",True,103,34,Pune,3,6E 338,IGO,A321,1234567,,,LKO,00:10,30/03/2026,24/10/2026,3 6E 338 IGO A321 1234567 LKO 00:10 30/03/2026 24/10/2026,True
p104/line013/station=Pune/row=38/sha256=7b1c67aced22,7b1c67aced226ec47c2c181045bb60be95c037e423c92ec6302a44e435361296,"[""aircraft-variant""]","[""DGCA-OVL-0233""]","[""DGCA-OVL-0233:left:6E6472|PNQ>CJB""]",False,104,13,Pune,38,6E 6472,IGO,A320N,1234567,,,CJB,04:00,29/03/2026,24/10/2026,38 6E 6472 IGO A320N 1234567 CJB 04:00 29/03/2026 24/10/2026,True
p104/line032/station=Pune/row=57/sha256=968be46bbb95,968be46bbb95431538a0efd0ab40843d429053b1d0bfcb439335b19af56194c0,"[""aircraft-variant""]","[""DGCA-OVL-0116"",""DGCA-OVL-0117""]","[""DGCA-OVL-0116:left:6E351|HYD>PNQ"",""DGCA-OVL-0117:left:6E351|HYD>PNQ""]",False,104,32,Pune,57,6E 351,IGO,A320N,1234567,HYD,05:45,,,29/03/2026,24/10/2026,57 6E 351 IGO A320N 1234567 HYD 05:45 29/03/2026 24/10/2026,True
p104/line034/station=Pune/row=59/sha256=5348ef6229a9,5348ef6229a9e6642338b205c97fe0694fdd68155735d24fb572d94b02667fa4,"[""aircraft-variant""]","[""DGCA-OVL-0118""]","[""DGCA-OVL-0118:left:6E352|PNQ>HYD""]",False,104,34,Pune,59,6E 352,IGO,A320N,1234567,,,HYD,06:25,29/03/2026,24/10/2026,59 6E 352 IGO A320N 1234567 HYD 06:25 29/03/2026 24/10/2026,True
p105/line038/station=Pune/row=121/sha256=ff130154c19c,ff130154c19c91e8826c20e61d49b6b3db891109047304ed63ddf2f6ac542ec3,"[""aircraft-variant""]","[""DGCA-OVL-0248""]","[""DGCA-OVL-0248:left:6E6561|PNQ>CCU""]",False,105,38,Pune,121,6E 6561,IGO,A321,123457,,,CCU,17:40,29/03/2026,23/10/2026,121 6E 6561 IGO A321 123457 CCU 17:40 29/03/2026 23/10/2026,True
p105/line039/station=Pune/row=122/sha256=36caf5175d7c,36caf5175d7c3dfe155a700b94ecd2c61ac57170ab388135280c8268869e3271,"[""aircraft-variant""]","[""DGCA-OVL-0249""]","[""DGCA-OVL-0249:left:6E6561|PNQ>CCU""]",False,105,39,Pune,122,6E 6561,IGO,A321,6,,,CCU,18:05,04/04/2026,24/10/2026,122 6E 6561 IGO A321 6 CCU 18:05 04/04/2026 24/10/2026,True
p105/line057/station=Pune/row=140/sha256=22940d54da0c,22940d54da0c78c9262fc952c9274125ee11554ab8662a7e9304c99f7b03196f,"[""aircraft-variant""]","[""DGCA-OVL-0172""]","[""DGCA-OVL-0172:left:6E6116|JAI>PNQ""]",False,105,57,Pune,140,6E 6116,IGO,A321,1234567,JAI,22:50,,,29/03/2026,24/10/2026,140 6E 6116 IGO A321 1234567 JAI 22:50 29/03/2026 24/10/2026,True
p106/line005/station=Pune/row=146/sha256=64a39c2d3504,64a39c2d3504ffab62393115e310065e9f3041eedef5d1690cbc560314cec327,"[""aircraft-variant""]","[""DGCA-OVL-0004""]","[""DGCA-OVL-0004:left:6E118|LKO>PNQ""]",False,106,5,Pune,146,6E 118,IGO,A321,1234567,LKO,23:25,,,29/03/2026,23/10/2026,146 6E 118 IGO A321 1234567 LKO 23:25 29/03/2026 23/10/2026,True
p106/line006/station=Pune/row=147/sha256=72004fa75c01,72004fa75c017856735411423b835d933280b280503fcc05eafea4d507b15817,"[""aircraft-variant""]","[""DGCA-OVL-0005""]","[""DGCA-OVL-0005:left:6E118|LKO>PNQ""]",False,106,6,Pune,147,6E 118,IGO,A321,6,LKO,23:25,,,24/10/2026,24/10/2026,147 6E 118 IGO A321 6 LKO 23:25 24/10/2026 24/10/2026,True
p107/line032/station=Rajkot/row=1/sha256=5c6fa92d3066,5c6fa92d3066a54577cab642ca2c424f82276de51d518a768961e4abfe7d087d,"[""aircraft-variant""]","[""DGCA-OVL-0181""]","[""DGCA-OVL-0181:left:6E6171|DEL>HSR""]",True,107,32,Rajkot,1,6E 6171,IGO,A321,1234567,DEL,07:25,,,29/03/2026,24/10/2026,1 6E 6171 IGO A321 1234567 DEL 07:25 29/03/2026 24/10/2026,True
p107/line033/station=Rajkot/row=2/sha256=23316baa8a2b,23316baa8a2be26ce63efa7a257ed3e0bf847dd2d7d4e3a3e2e14bd4ba1ed9fb,"[""aircraft-variant""]","[""DGCA-OVL-0135""]","[""DGCA-OVL-0135:left:6E5004|HSR>DEL""]",True,107,33,Rajkot,2,6E 5004,IGO,A321,1234567,,,DEL,07:55,29/03/2026,24/10/2026,2 6E 5004 IGO A321 1234567 DEL 07:55 29/03/2026 24/10/2026,True
p107/line041/station=Rajkot/row=10/sha256=eb62fe636150,eb62fe6361501dfde143a5c1732ce0350a78317f4ba3805b769fe5256308746c,"[""aircraft-variant""]","[""DGCA-OVL-0034""]","[""DGCA-OVL-0034:left:6E2283|HSR>BOM""]",True,107,41,Rajkot,10,6E 2283,IGO,A321,1234567,,,BOM,13:45,29/03/2026,24/10/2026,10 6E 2283 IGO A321 1234567 BOM 13:45 29/03/2026 24/10/2026,True
p107/line051/station=Rajkot/row=20/sha256=d890f7829812,d890f7829812f70fcab72a98875cf244d2919f2eaa58b9df5f592a16dbcd37bc,"[""aircraft-variant""]","[""DGCA-OVL-0270""]","[""DGCA-OVL-0270:left:6E6824|HSR>HYD""]",True,107,51,Rajkot,20,6E 6824,IGO,A321,1234567,,,HYD,20:10,29/03/2026,24/10/2026,20 6E 6824 IGO A321 1234567 HYD 20:10 29/03/2026 24/10/2026,True
p108/line003/station=Ranchi/row=7/sha256=39c5fea3177c,39c5fea3177c8fa1e2d589d49d4b581dccaf738f5e0b0566dacee939504517a9,"[""aircraft-variant""]","[""DGCA-OVL-0127""]","[""DGCA-OVL-0127:left:6E421|HYD>IXR""]",True,108,3,Ranchi,7,6E 421,IGO,A320N,1234567,HYD,11:10,,,29/03/2026,24/10/2026,7 6E 421 IGO A320N 1234567 HYD 11:10 29/03/2026 24/10/2026,True
p108/line004/station=Ranchi/row=8/sha256=2b0d8065acdf,2b0d8065acdf0fcda57e57389bb40e9f28295b44dac4cc0a750de4f1c615790c,"[""aircraft-variant""]","[""DGCA-OVL-0122""]","[""DGCA-OVL-0122:left:6E398|IXR>HYD""]",True,108,4,Ranchi,8,6E 398,IGO,A320N,1234567,,,HYD,11:40,29/03/2026,24/10/2026,8 6E 398 IGO A320N 1234567 HYD 11:40 29/03/2026 24/10/2026,True
p108/line010/station=Ranchi/row=14/sha256=04f0f19bfe5d,04f0f19bfe5deb7a2b1d96bc453011f5e2baf1b3d35d1ebde8c06bf6961d844b,"[""aircraft-variant""]","[""DGCA-OVL-0025""]","[""DGCA-OVL-0025:left:6E2219|IXR>DEL""]",False,108,10,Ranchi,14,6E 2219,IGO,A321,1234567,,,DEL,14:50,29/03/2026,24/10/2026,14 6E 2219 IGO A321 1234567 DEL 14:50 29/03/2026 24/10/2026,True
p109/line007/station=Shirdi/row=9/sha256=ff23cb1a533a,ff23cb1a533a88f8b7cbf3a02b5370d793fc6fae085dc2a8b0f6fd8bf6eae3d6,"[""aircraft-variant""]","[""DGCA-OVL-0202""]","[""DGCA-OVL-0202:left:6E6378|DEL>SAG""]",True,109,7,Shirdi,9,6E 6378,IGO,A321,2,DEL,16:40,,,29/03/2026,24/10/2026,9 6E 6378 IGO A321 2 DEL 16:40 29/03/2026 24/10/2026,True
p109/line008/station=Shirdi/row=10/sha256=ae109b25946e,ae109b25946ed69a3e14461ed04a9a9570c66fcbb1ae883f34f362948c345e85,"[""aircraft-variant""]","[""DGCA-OVL-0203""]","[""DGCA-OVL-0203:left:6E6379|SAG>DEL""]",True,109,8,Shirdi,10,6E 6379,IGO,A321,2,,,DEL,17:15,29/03/2026,24/10/2026,10 6E 6379 IGO A321 2 DEL 17:15 29/03/2026 24/10/2026,True
p109/line009/station=Shirdi/row=11/sha256=5aa4e6ddc47c,5aa4e6ddc47c687679a8bb80beaaa05391a11922f68eb449ef502295c72782d3,"[""aircraft-variant""]","[""DGCA-OVL-0217""]","[""DGCA-OVL-0217:left:6E6403|DEL>SAG""]",True,109,9,Shirdi,11,6E 6403,IGO,A320N,1234567,DEL,19:15,,,29/03/2026,24/10/2026,11 6E 6403 IGO A320N 1234567 DEL 19:15 29/03/2026 24/10/2026,True
p109/line010/station=Shirdi/row=12/sha256=95399e5e99b5,95399e5e99b5eac08100ccf94b63d0d1be2f46ec60a1b27e5c65df10387721bf,"[""aircraft-variant""]","[""DGCA-OVL-0220""]","[""DGCA-OVL-0220:left:6E6407|SAG>DEL""]",True,109,10,Shirdi,12,6E 6407,IGO,A320N,1234567,,,DEL,19:45,29/03/2026,24/10/2026,12 6E 6407 IGO A320N 1234567 DEL 19:45 29/03/2026 24/10/2026,True
p110/line001/station=Srinagar/row=26/sha256=4c9601f15560,4c9601f1556030fd743c19a47d1fa2ff57b214c00bf5b6b51844b25a66721f6f,"[""aircraft-variant""]","[""DGCA-OVL-0312"",""DGCA-OVL-0313""]","[""DGCA-OVL-0312:right:6E6947|BLR>SXR"",""DGCA-OVL-0313:left:6E6947|BLR>SXR""]",False,110,1,Srinagar,26,6E 6947,IGO,A320N,1234567,BLR,10:45,,,29/03/2026,31/07/2026,26 6E 6947 IGO A320N 1234567 BLR 10:45 29/03/2026 31/07/2026,True
p110/line002/station=Srinagar/row=27/sha256=7da8e8b6cbc9,7da8e8b6cbc977430457052a136f56579ab822c9f0f156004a47d1e96ee355cb,"[""aircraft-variant""]","[""DGCA-OVL-0314""]","[""DGCA-OVL-0314:left:6E6947|BLR>SXR""]",False,110,2,Srinagar,27,6E 6947,IGO,A320N,12345,BLR,10:45,,,03/08/2026,15/10/2026,27 6E 6947 IGO A320N 12345 BLR 10:45 03/08/2026 15/10/2026,True
p110/line014/station=Srinagar/row=39/sha256=f143079e23db,f143079e23dba15cb4d0433997261abc61e63060971057aa6e5a2352d59e926c,"[""aircraft-variant""]","[""DGCA-OVL-0147""]","[""DGCA-OVL-0147:left:6E5339|DEL>SXR""]",False,110,14,Srinagar,39,6E 5339,IGO,A320N,123457,DEL,11:20,,,29/03/2026,31/07/2026,39 6E 5339 IGO A320N 123457 DEL 11:20 29/03/2026 31/07/2026,True
p110/line015/station=Srinagar/row=40/sha256=f5c8d6917be6,f5c8d6917be665025f9ac841cefa90c212978f7cf31586cc59ae848154609401,"[""aircraft-variant""]","[""DGCA-OVL-0148""]","[""DGCA-OVL-0148:left:6E5339|DEL>SXR""]",False,110,15,Srinagar,40,6E 5339,IGO,A320N,6,DEL,11:20,,,04/04/2026,25/07/2026,40 6E 5339 IGO A320N 6 DEL 11:20 04/04/2026 25/07/2026,True
p110/line016/station=Srinagar/row=41/sha256=49f92727569b,49f92727569b3eee764f16dd0371a414f9a31c2b72b14e57c0148e653d61b347,"[""aircraft-variant""]","[""DGCA-OVL-0149""]","[""DGCA-OVL-0149:left:6E5339|DEL>SXR""]",False,110,16,Srinagar,41,6E 5339,IGO,A320N,12345,DEL,11:20,,,03/08/2026,15/10/2026,41 6E 5339 IGO A320N 12345 DEL 11:20 03/08/2026 15/10/2026,True
p110/line017/station=Srinagar/row=42/sha256=db45a36a2c40,db45a36a2c40067feb113a3121609ea57ba078908fbd9e8af6364a2e827d4dac,"[""aircraft-variant""]","[""DGCA-OVL-0311""]","[""DGCA-OVL-0311:right:6E6946|SXR>BLR""]",False,110,17,Srinagar,42,6E 6946,IGO,A320N,1234567,,,BLR,11:25,29/03/2026,31/07/2026,42 6E 6946 IGO A320N 1234567 BLR 11:25 29/03/2026 31/07/2026,True
p110/line018/station=Srinagar/row=43/sha256=a5d75d23b4ad,a5d75d23b4ad041127f9fc187fdb44dcd67d0bf0f9c550bb62e944df7aa350ee,"[""aircraft-variant""]","[""DGCA-OVL-0310""]","[""DGCA-OVL-0310:left:6E6946|SXR>BLR""]",False,110,18,Srinagar,43,6E 6946,IGO,A320N,12345,,,BLR,11:25,03/08/2026,15/10/2026,43 6E 6946 IGO A320N 12345 BLR 11:25 03/08/2026 15/10/2026,True
p110/line021/station=Srinagar/row=46/sha256=cc510c5f68f8,cc510c5f68f83e8c2f81a52e311f07dedc0f6fa8897daa79bdf9811e79bcacf6,"[""aircraft-variant""]","[""DGCA-OVL-0017""]","[""DGCA-OVL-0017:left:6E2137|SXR>DEL""]",False,110,21,Srinagar,46,6E 2137,IGO,A320N,123457,,,DEL,12:00,29/03/2026,31/07/2026,46 6E 2137 IGO A320N 123457 DEL 12:00 29/03/2026 31/07/2026,True
p110/line022/station=Srinagar/row=47/sha256=f7718cd75b8d,f7718cd75b8d9c10a66286081c3c7ad3a4a2a4ec84a674da6aae26dcfb34f01e,"[""aircraft-variant""]","[""DGCA-OVL-0018""]","[""DGCA-OVL-0018:left:6E2137|SXR>DEL""]",False,110,22,Srinagar,47,6E 2137,IGO,A320N,6,,,DEL,12:00,04/04/2026,25/07/2026,47 6E 2137 IGO A320N 6 DEL 12:00 04/04/2026 25/07/2026,True
p110/line023/station=Srinagar/row=48/sha256=ef0d446e25a3,ef0d446e25a3f9a3cfb96c16c409ae832ac9a3ee75b615e14df0fe4aebe92f08,"[""aircraft-variant""]","[""DGCA-OVL-0019""]","[""DGCA-OVL-0019:left:6E2137|SXR>DEL""]",False,110,23,Srinagar,48,6E 2137,IGO,A320N,12345,,,DEL,12:00,03/08/2026,15/10/2026,48 6E 2137 IGO A320N 12345 DEL 12:00 03/08/2026 15/10/2026,True
p110/line041/station=Srinagar/row=66/sha256=0eb7714bacec,0eb7714bacecf5fde45af3991eb961e320d80e22b3b39d1b6ab776fbc10a2f16,"[""aircraft-variant""]","[""DGCA-OVL-0143""]","[""DGCA-OVL-0143:left:6E5162|SXR>IXC""]",False,110,41,Srinagar,66,6E 5162,IGO,A321,3,,,IXC,15:00,01/04/2026,29/07/2026,66 6E 5162 IGO A321 3 IXC 15:00 01/04/2026 29/07/2026,True
p110/line042/station=Srinagar/row=67/sha256=53658d7fa1d0,53658d7fa1d00c3aa667d6995f93ad0f8f3a2d280787f3379d165fed77e94277,"[""aircraft-variant""]","[""DGCA-OVL-0144""]","[""DGCA-OVL-0144:right:6E5162|SXR>IXC""]",False,110,42,Srinagar,67,6E 5162,IGO,A321,3,,,IXC,15:00,05/08/2026,14/10/2026,67 6E 5162 IGO A321 3 IXC 15:00 05/08/2026 14/10/2026,True
p110/line044/station=Srinagar/row=69/sha256=ef4ff37798d4,ef4ff37798d4c337b00bf35afc2362def593c1e031a8f974a4897a336b94c594,"[""aircraft-variant""]","[""DGCA-OVL-0221"",""DGCA-OVL-0222""]","[""DGCA-OVL-0221:left:6E6409|HYD>SXR"",""DGCA-OVL-0222:left:6E6409|HYD>SXR""]",False,110,44,Srinagar,69,6E 6409,IGO,A320N,1234567,HYD,15:05,,,29/03/2026,31/07/2026,69 6E 6409 IGO A320N 1234567 HYD 15:05 29/03/2026 31/07/2026,True
p110/line045/station=Srinagar/row=70/sha256=ee956757f6d0,ee956757f6d0ea349c9583ad4052918a479cfdaefda7d15c8b0746dfc57bec0e,"[""aircraft-variant""]","[""DGCA-OVL-0223"",""DGCA-OVL-0224""]","[""DGCA-OVL-0223:left:6E6409|HYD>SXR"",""DGCA-OVL-0224:left:6E6409|HYD>SXR""]",False,110,45,Srinagar,70,6E 6409,IGO,A320N,12345,HYD,15:05,,,03/08/2026,15/10/2026,70 6E 6409 IGO A320N 12345 HYD 15:05 03/08/2026 15/10/2026,True
p110/line050/station=Srinagar/row=75/sha256=c6ff85d9df21,c6ff85d9df210bb246845f52665e9615d152ab3ca4f864b29e68ca7e47c2c799,"[""aircraft-variant""]","[""DGCA-OVL-0225""]","[""DGCA-OVL-0225:left:6E6410|SXR>HYD""]",False,110,50,Srinagar,75,6E 6410,IGO,A320N,1234567,,,HYD,15:40,29/03/2026,31/07/2026,75 6E 6410 IGO A320N 1234567 HYD 15:40 29/03/2026 31/07/2026,True
p110/line051/station=Srinagar/row=76/sha256=32c7aea26c49,32c7aea26c49649bb5f1bf9e852aba53a0a358d0ad775bf6990d225f90d9a4d2,"[""aircraft-variant""]","[""DGCA-OVL-0226""]","[""DGCA-OVL-0226:left:6E6410|SXR>HYD""]",False,110,51,Srinagar,76,6E 6410,IGO,A320N,12345,,,HYD,15:40,03/08/2026,15/10/2026,76 6E 6410 IGO A320N 12345 HYD 15:40 03/08/2026 15/10/2026,True
p110/line058/station=Srinagar/row=83/sha256=64cdfed68f35,64cdfed68f35d7ec9a3defe8bf32a94fb6e01cc8c047bac9c182dbd182aa0078,"[""aircraft-variant""]","[""DGCA-OVL-0029""]","[""DGCA-OVL-0029:left:6E2248|DEL>SXR""]",False,110,58,Srinagar,83,6E 2248,IGO,A320N,1234567,DEL,16:15,,,29/03/2026,31/07/2026,83 6E 2248 IGO A320N 1234567 DEL 16:15 29/03/2026 31/07/2026,True
p111/line001/station=Srinagar/row=84/sha256=61b92e513467,61b92e513467defed4faf2001bb1f78500b2c5f7d299e3fd33a0e70dce254494,"[""aircraft-variant""]","[""DGCA-OVL-0030""]","[""DGCA-OVL-0030:left:6E2248|DEL>SXR""]",False,111,1,Srinagar,84,6E 2248,IGO,A320N,12345,DEL,16:15,,,03/08/2026,15/10/2026,84 6E 2248 IGO A320N 12345 DEL 16:15 03/08/2026 15/10/2026,True
p111/line004/station=Srinagar/row=87/sha256=f9732109e144,f9732109e1441818a93e97e2852b55494e717217782d89a18475c14c1e91be08,"[""aircraft-variant""]","[""DGCA-OVL-0260""]","[""DGCA-OVL-0260:left:6E670|SXR>DEL""]",False,111,4,Srinagar,87,6E 670,IGO,A320N,1234567,,,DEL,16:55,29/03/2026,31/07/2026,87 6E 670 IGO A320N 1234567 DEL 16:55 29/03/2026 31/07/2026,True
p111/line005/station=Srinagar/row=88/sha256=bdea041abc60,bdea041abc60d15c5628c06d887c09d0ab209e78fef51769730f192268ff3597,"[""aircraft-variant""]","[""DGCA-OVL-0261""]","[""DGCA-OVL-0261:left:6E670|SXR>DEL""]",False,111,5,Srinagar,88,6E 670,IGO,A320N,12345,,,DEL,16:55,03/08/2026,15/10/2026,88 6E 670 IGO A320N 12345 DEL 16:55 03/08/2026 15/10/2026,True
p111/line011/station=Surat/row=6/sha256=7bb8fe860da0,7bb8fe860da0d5d43ab608c90a87a689174100e77340fc9f115777534241aaec,"[""aircraft-variant""]","[""DGCA-OVL-0360""]","[""DGCA-OVL-0360:left:6E991|MAA>STV""]",True,111,11,Surat,6,6E 991,IGO,A321,1357,MAA,11:35,,,29/03/2026,23/10/2026,6 6E 991 IGO A321 1357 MAA 11:35 29/03/2026 23/10/2026,True
p111/line019/station=Surat/row=14/sha256=4a88565dbf29,4a88565dbf2954f2ec07b250ecbf2ef7e00823dce66f1925b9cde0faf2374f98,"[""aircraft-variant""]","[""DGCA-OVL-0365""]","[""DGCA-OVL-0365:left:6E995|STV>MAA""]",True,111,19,Surat,14,6E 995,IGO,A321,1357,,,MAA,16:00,29/03/2026,23/10/2026,14 6E 995 IGO A321 1357 MAA 16:00 29/03/2026 23/10/2026,True
p112/line020/station=Trichy/row=19/sha256=86bc04cc6cc0,86bc04cc6cc0913509a4e04071d7f9f0c6fd4a341bc7e79e0c8f712a23221060,"[""aircraft-variant""]","[""DGCA-OVL-0320""]","[""DGCA-OVL-0320:left:6E769|DEL>TRZ""]",True,112,20,Trichy,19,6E 769,IGO,A320N,1357,DEL,18:50,,,29/03/2026,23/10/2026,19 6E 769 IGO A320N 1357 DEL 18:50 29/03/2026 23/10/2026,True
p112/line021/station=Trichy/row=20/sha256=47dd3757d78b,47dd3757d78b3d0dd6f5d5c07d4fec5dea165432fcfd7e16c3bdfdfab9d5d39c,"[""aircraft-variant""]","[""DGCA-OVL-0321""]","[""DGCA-OVL-0321:left:6E770|TRZ>DEL""]",True,112,21,Trichy,20,6E 770,IGO,A320N,1357,,,DEL,19:20,29/03/2026,23/10/2026,20 6E 770 IGO A320N 1357 DEL 19:20 29/03/2026 23/10/2026,True
p112/line028/station=Trivandrum/row=1/sha256=20454869d4bf,20454869d4bfb5fa6dda5b092238bdc3efbc7ded9fea28c87888ae09534342a2,"[""aircraft-variant""]","[""DGCA-OVL-0324""]","[""DGCA-OVL-0324:left:6E773|TRV>DEL""]",True,112,28,Trivandrum,1,6E 773,IGO,A321,7,,,DEL,06:30,29/03/2026,29/03/2026,1 6E 773 IGO A321 7 DEL 06:30 29/03/2026 29/03/2026,True
p112/line029/station=Trivandrum/row=2/sha256=e7a1b5878316,e7a1b58783164b50651bb9bbd5f793f71a845325910cb3daecf81858af5d3a00,"[""aircraft-variant""]","[""DGCA-OVL-0325""]","[""DGCA-OVL-0325:left:6E773|TRV>DEL""]",True,112,29,Trivandrum,2,6E 773,IGO,A321,1234567,,,DEL,06:30,29/03/2026,23/10/2026,2 6E 773 IGO A321 1234567 DEL 06:30 29/03/2026 23/10/2026,True
p112/line030/station=Trivandrum/row=3/sha256=1f831cf9f5fb,1f831cf9f5fb866c2ca3fe10fca4351dbe803d8aec3acb079b15f6dad7a62da8,"[""aircraft-variant""]","[""DGCA-OVL-0150""]","[""DGCA-OVL-0150:left:6E5368|TRV>HYD""]",True,112,30,Trivandrum,3,6E 5368,IGO,A321,7,,,HYD,07:35,29/03/2026,29/03/2026,3 6E 5368 IGO A321 7 HYD 07:35 29/03/2026 29/03/2026,True
p113/line003/station=Trivandrum/row=32/sha256=a3e41def1c6f,a3e41def1c6f9bf933b09be03e8fd73590493ebc184831ca6fc64d240d22a56a,"[""aircraft-variant""]","[""DGCA-OVL-0173"",""DGCA-OVL-0174""]","[""DGCA-OVL-0173:left:6E6149|MAA>TRV"",""DGCA-OVL-0174:left:6E6149|MAA>TRV""]",False,113,3,Trivandrum,32,6E 6149,IGO,A321,123567,MAA,20:30,,,29/03/2026,23/10/2026,32 6E 6149 IGO A321 123567 MAA 20:30 29/03/2026 23/10/2026,True
p113/line004/station=Trivandrum/row=33/sha256=507ea736df7e,507ea736df7e2ef3e4cc85d8b1bcf7a40c464fd3e2d26d8dd6faeb1652b99134,"[""aircraft-variant""]","[""DGCA-OVL-0175""]","[""DGCA-OVL-0175:left:6E6149|MAA>TRV""]",False,113,4,Trivandrum,33,6E 6149,IGO,A321,6,MAA,20:30,,,24/10/2026,24/10/2026,33 6E 6149 IGO A321 6 MAA 20:30 24/10/2026 24/10/2026,True
p113/line005/station=Trivandrum/row=34/sha256=d6c430791a03,d6c430791a03bcb29f203b62c891aa54f5dd744cbd15a3eb7df0b72beef2e5b0,"[""aircraft-variant""]","[""DGCA-OVL-0176""]","[""DGCA-OVL-0176:left:6E6149|MAA>TRV""]",False,113,5,Trivandrum,34,6E 6149,IGO,A321,4,MAA,20:30,,,09/04/2026,22/10/2026,34 6E 6149 IGO A321 4 MAA 20:30 09/04/2026 22/10/2026,True
p113/line012/station=Trivandrum/row=41/sha256=ee935e040b35,ee935e040b350773509df921eb1fa9bbe45f6c36d3727e490501e0e7b7954314,"[""aircraft-variant""]","[""DGCA-OVL-0322""]","[""DGCA-OVL-0322:left:6E772|DEL>TRV""]",False,113,12,Trivandrum,41,6E 772,IGO,A321,1234567,DEL,23:30,,,29/03/2026,23/10/2026,41 6E 772 IGO A321 1234567 DEL 23:30 29/03/2026 23/10/2026,True
p113/line013/station=Trivandrum/row=42/sha256=ef497d647f14,ef497d647f143dd246e0b7b55d88187728280f112127f67b557aedbaa5bbbb75,"[""aircraft-variant""]","[""DGCA-OVL-0323""]","[""DGCA-OVL-0323:left:6E772|DEL>TRV""]",False,113,13,Trivandrum,42,6E 772,IGO,A321,6,DEL,23:30,,,24/10/2026,24/10/2026,42 6E 772 IGO A321 6 DEL 23:30 24/10/2026 24/10/2026,True
p113/line039/station=Udaipur/row=14/sha256=584c6ca99cdd,584c6ca99cddd3ab470df2c23d5fea1f432051de621b23dbd17ac6aa95fe5398,"[""aircraft-variant""]","[""DGCA-OVL-0131""]","[""DGCA-OVL-0131:left:6E466|BOM>UDR""]",False,113,39,Udaipur,14,6E 466,IGO,A320N,1234567,BOM,13:50,,,29/03/2026,24/10/2026,14 6E 466 IGO A320N 1234567 BOM 13:50 29/03/2026 24/10/2026,True
p113/line040/station=Udaipur/row=15/sha256=761903bb5cfb,761903bb5cfb54274e3a6e4d7d3c10576178bb7cc76225aa2dbd893eedf66da9,"[""aircraft-variant""]","[""DGCA-OVL-0133""]","[""DGCA-OVL-0133:left:6E470|UDR>BOM""]",False,113,40,Udaipur,15,6E 470,IGO,A320N,1234567,,,BOM,14:50,29/03/2026,24/10/2026,15 6E 470 IGO A320N 1234567 BOM 14:50 29/03/2026 24/10/2026,True
p113/line041/station=Udaipur/row=16/sha256=2b1aa85cff92,2b1aa85cff92efc962c3679d2989646c6deb614f6261d00c1667fde8216e4642,"[""aircraft-variant""]","[""DGCA-OVL-0098""]","[""DGCA-OVL-0098:left:6E297|HYD>UDR""]",False,113,41,Udaipur,16,6E 297,IGO,A321,6,HYD,16:20,,,09/05/2026,09/05/2026,16 6E 297 IGO A321 6 HYD 16:20 09/05/2026 09/05/2026,True
p113/line042/station=Udaipur/row=17/sha256=4d67dcadcba1,4d67dcadcba1f21d4d9dc838d0c5aa27e32919d9ec5d613deaeeea757fe98fbc,"[""aircraft-variant""]","[""DGCA-OVL-0099""]","[""DGCA-OVL-0099:left:6E297|HYD>UDR""]",False,113,42,Udaipur,17,6E 297,IGO,A321,6,HYD,16:20,,,23/05/2026,23/05/2026,17 6E 297 IGO A321 6 HYD 16:20 23/05/2026 23/05/2026,True
p113/line043/station=Udaipur/row=18/sha256=6416d5e2d08a,6416d5e2d08a00ba768b6a4e8b13a7acc3e84c94a18576e78bbc84dd7a908f92,"[""aircraft-variant""]","[""DGCA-OVL-0100""]","[""DGCA-OVL-0100:left:6E297|HYD>UDR""]",False,113,43,Udaipur,18,6E 297,IGO,A321,6,HYD,16:20,,,13/06/2026,13/06/2026,18 6E 297 IGO A321 6 HYD 16:20 13/06/2026 13/06/2026,True
p113/line044/station=Udaipur/row=19/sha256=561f32677cbe,561f32677cbe8359bb4a89e3a4595547217ff181e67896b9572e9fdece91a751,"[""aircraft-variant""]","[""DGCA-OVL-0101""]","[""DGCA-OVL-0101:left:6E297|HYD>UDR""]",False,113,44,Udaipur,19,6E 297,IGO,A321,6,HYD,16:20,,,27/06/2026,27/06/2026,19 6E 297 IGO A321 6 HYD 16:20 27/06/2026 27/06/2026,True
p113/line045/station=Udaipur/row=20/sha256=c6d045627133,c6d045627133d57868e1ec5bdfd70566de1afaf40f345eae3ed4f4d31013520b,"[""aircraft-variant""]","[""DGCA-OVL-0102""]","[""DGCA-OVL-0102:left:6E297|HYD>UDR""]",False,113,45,Udaipur,20,6E 297,IGO,A321,6,HYD,16:20,,,11/07/2026,11/07/2026,20 6E 297 IGO A321 6 HYD 16:20 11/07/2026 11/07/2026,True
p113/line046/station=Udaipur/row=21/sha256=67df8c0d1644,67df8c0d16440ace44869c2bccd5b71a9bf5ba1cc0bd8fdec01060265f00f6a7,"[""aircraft-variant""]","[""DGCA-OVL-0103""]","[""DGCA-OVL-0103:left:6E297|HYD>UDR""]",False,113,46,Udaipur,21,6E 297,IGO,A321,6,HYD,16:20,,,25/07/2026,25/07/2026,21 6E 297 IGO A321 6 HYD 16:20 25/07/2026 25/07/2026,True
p113/line047/station=Udaipur/row=22/sha256=c6f0a5aedeb0,c6f0a5aedeb044107b8447aa59cca59548784fe2a79ab3614115459c23c66177,"[""aircraft-variant""]","[""DGCA-OVL-0104""]","[""DGCA-OVL-0104:left:6E297|HYD>UDR""]",False,113,47,Udaipur,22,6E 297,IGO,A321,6,HYD,16:20,,,08/08/2026,08/08/2026,22 6E 297 IGO A321 6 HYD 16:20 08/08/2026 08/08/2026,True
p113/line048/station=Udaipur/row=23/sha256=1eab75c5e5cb,1eab75c5e5cb10af6f68e0345f9b79e19904e58a9f2137616e9e8cf87ea63bd7,"[""aircraft-variant""]","[""DGCA-OVL-0105""]","[""DGCA-OVL-0105:left:6E297|HYD>UDR""]",False,113,48,Udaipur,23,6E 297,IGO,A321,6,HYD,16:20,,,22/08/2026,22/08/2026,23 6E 297 IGO A321 6 HYD 16:20 22/08/2026 22/08/2026,True
p113/line049/station=Udaipur/row=24/sha256=2a335d8648b6,2a335d8648b67a50e584578cc0b9ee8ba61e5b7e9c648de446c653feb773d591,"[""aircraft-variant""]","[""DGCA-OVL-0106""]","[""DGCA-OVL-0106:left:6E297|HYD>UDR""]",False,113,49,Udaipur,24,6E 297,IGO,A321,6,HYD,16:20,,,12/09/2026,12/09/2026,24 6E 297 IGO A321 6 HYD 16:20 12/09/2026 12/09/2026,True
p113/line050/station=Udaipur/row=25/sha256=0c0ab2a6ef58,0c0ab2a6ef586c3892325e247b3df91897f0834f049859ca7e1e38d836fd86d9,"[""aircraft-variant""]","[""DGCA-OVL-0107""]","[""DGCA-OVL-0107:left:6E297|HYD>UDR""]",False,113,50,Udaipur,25,6E 297,IGO,A321,6,HYD,16:20,,,26/09/2026,26/09/2026,25 6E 297 IGO A321 6 HYD 16:20 26/09/2026 26/09/2026,True
p113/line051/station=Udaipur/row=26/sha256=51a9099724da,51a9099724da9d9a1f80177334f9213d276e0cf22505dc64bfbe6d1947b884fb,"[""aircraft-variant""]","[""DGCA-OVL-0108""]","[""DGCA-OVL-0108:left:6E297|HYD>UDR""]",False,113,51,Udaipur,26,6E 297,IGO,A321,6,HYD,16:20,,,10/10/2026,10/10/2026,26 6E 297 IGO A321 6 HYD 16:20 10/10/2026 10/10/2026,True
p113/line052/station=Udaipur/row=27/sha256=3aa32206448e,3aa32206448e71b04f0af4533c8e644e8e5e7c8b6142c6414611092c5521df5e,"[""aircraft-variant""]","[""DGCA-OVL-0109""]","[""DGCA-OVL-0109:left:6E297|HYD>UDR""]",False,113,52,Udaipur,27,6E 297,IGO,A321,6,HYD,16:20,,,24/10/2026,24/10/2026,27 6E 297 IGO A321 6 HYD 16:20 24/10/2026 24/10/2026,True
p113/line053/station=Udaipur/row=28/sha256=29f39a4eab9c,29f39a4eab9ce46491162eb34079892f4c0902db3cf8890d431e2715e755ef12,"[""aircraft-variant""]","[""DGCA-OVL-0326""]","[""DGCA-OVL-0326:left:6E814|UDR>HYD""]",False,113,53,Udaipur,28,6E 814,IGO,A321,6,,,HYD,17:05,09/05/2026,09/05/2026,28 6E 814 IGO A321 6 HYD 17:05 09/05/2026 09/05/2026,True
p113/line054/station=Udaipur/row=29/sha256=18bb7a1957b8,18bb7a1957b80ae32ad959c032b4b8a100046c914f5de0f5351d05ca819c3a3c,"[""aircraft-variant""]","[""DGCA-OVL-0327""]","[""DGCA-OVL-0327:left:6E814|UDR>HYD""]",False,113,54,Udaipur,29,6E 814,IGO,A321,6,,,HYD,17:05,23/05/2026,23/05/2026,29 6E 814 IGO A321 6 HYD 17:05 23/05/2026 23/05/2026,True
p113/line055/station=Udaipur/row=30/sha256=108344d7bf8e,108344d7bf8e84a4d0aae48fe9f793df63e2d0cc980b89ab315bdec54cb5e68d,"[""aircraft-variant""]","[""DGCA-OVL-0328""]","[""DGCA-OVL-0328:left:6E814|UDR>HYD""]",True,113,55,Udaipur,30,6E 814,IGO,A321,6,,,HYD,17:05,13/06/2026,13/06/2026,30 6E 814 IGO A321 6 HYD 17:05 13/06/2026 13/06/2026,True
p113/line056/station=Udaipur/row=31/sha256=f2e6d8df0de3,f2e6d8df0de323e91577fa265972963b31ffbbdedc7543a5fd54ecc5318d0fde,"[""aircraft-variant""]","[""DGCA-OVL-0329""]","[""DGCA-OVL-0329:left:6E814|UDR>HYD""]",True,113,56,Udaipur,31,6E 814,IGO,A321,6,,,HYD,17:05,27/06/2026,27/06/2026,31 6E 814 IGO A321 6 HYD 17:05 27/06/2026 27/06/2026,True
p114/line001/station=Udaipur/row=32/sha256=a03b291e83cb,a03b291e83cbbd2a5618df73564c75682b4eeaec53fe1d18bd2c3da7ecb311c1,"[""aircraft-variant""]","[""DGCA-OVL-0330""]","[""DGCA-OVL-0330:left:6E814|UDR>HYD""]",False,114,1,Udaipur,32,6E 814,IGO,A321,6,,,HYD,17:05,11/07/2026,11/07/2026,32 6E 814 IGO A321 6 HYD 17:05 11/07/2026 11/07/2026,True
p114/line002/station=Udaipur/row=33/sha256=46a9447fc3ff,46a9447fc3fff624481f37b5b600f4f3beddfb173d6859429aad7c5b45ac5027,"[""aircraft-variant""]","[""DGCA-OVL-0331""]","[""DGCA-OVL-0331:left:6E814|UDR>HYD""]",False,114,2,Udaipur,33,6E 814,IGO,A321,6,,,HYD,17:05,25/07/2026,25/07/2026,33 6E 814 IGO A321 6 HYD 17:05 25/07/2026 25/07/2026,True
p114/line003/station=Udaipur/row=34/sha256=5df73550c49c,5df73550c49c5968142d926ce3445d7b4ee91f1782b83541c5f4f7b09e4e3bde,"[""aircraft-variant""]","[""DGCA-OVL-0332""]","[""DGCA-OVL-0332:left:6E814|UDR>HYD""]",False,114,3,Udaipur,34,6E 814,IGO,A321,6,,,HYD,17:05,08/08/2026,08/08/2026,34 6E 814 IGO A321 6 HYD 17:05 08/08/2026 08/08/2026,True
p114/line004/station=Udaipur/row=35/sha256=916c2cda9602,916c2cda9602fd135acc66886684339778efc8d1f8b9b3440eb42e7ce693648e,"[""aircraft-variant""]","[""DGCA-OVL-0333""]","[""DGCA-OVL-0333:left:6E814|UDR>HYD""]",False,114,4,Udaipur,35,6E 814,IGO,A321,6,,,HYD,17:05,22/08/2026,22/08/2026,35 6E 814 IGO A321 6 HYD 17:05 22/08/2026 22/08/2026,True
p114/line005/station=Udaipur/row=36/sha256=06d25bcb1b20,06d25bcb1b203dc096f1001d7cc75fbd5d82fe6c2a009686a6be311074576f05,"[""aircraft-variant""]","[""DGCA-OVL-0334""]","[""DGCA-OVL-0334:left:6E814|UDR>HYD""]",False,114,5,Udaipur,36,6E 814,IGO,A321,6,,,HYD,17:05,12/09/2026,12/09/2026,36 6E 814 IGO A321 6 HYD 17:05 12/09/2026 12/09/2026,True
p114/line006/station=Udaipur/row=37/sha256=14618c7735ea,14618c7735ea68db06e24bc7b0516316a60d652d3e99196dfd56485202dfb594,"[""aircraft-variant""]","[""DGCA-OVL-0335""]","[""DGCA-OVL-0335:left:6E814|UDR>HYD""]",False,114,6,Udaipur,37,6E 814,IGO,A321,6,,,HYD,17:05,26/09/2026,26/09/2026,37 6E 814 IGO A321 6 HYD 17:05 26/09/2026 26/09/2026,True
p114/line007/station=Udaipur/row=38/sha256=e043563336db,e043563336db241b1b200edb14af22a9fc022a4b1f0c6009e2ac1efe3157b2ab,"[""aircraft-variant""]","[""DGCA-OVL-0336""]","[""DGCA-OVL-0336:left:6E814|UDR>HYD""]",False,114,7,Udaipur,38,6E 814,IGO,A321,6,,,HYD,17:05,10/10/2026,10/10/2026,38 6E 814 IGO A321 6 HYD 17:05 10/10/2026 10/10/2026,True
p114/line008/station=Udaipur/row=39/sha256=75731ab82390,75731ab82390febf5f7d111b5935069be354eb0405c2aa3d944dea9bd9501ed5,"[""aircraft-variant""]","[""DGCA-OVL-0337""]","[""DGCA-OVL-0337:left:6E814|UDR>HYD""]",False,114,8,Udaipur,39,6E 814,IGO,A321,6,,,HYD,17:05,24/10/2026,24/10/2026,39 6E 814 IGO A321 6 HYD 17:05 24/10/2026 24/10/2026,True
p114/line028/station=Vadodara/row=14/sha256=15cb0bf111b9,15cb0bf111b9db168e98d66cea5c12ab86a67469392316e59ec1b68757e05c76,"[""aircraft-variant""]","[""DGCA-OVL-0012""]","[""DGCA-OVL-0012:left:6E2082|BDQ>DEL""]",True,114,28,Vadodara,14,6E 2082,IGO,A321,1234567,,,DEL,16:55,29/03/2026,24/10/2026,14 6E 2082 IGO A321 1234567 DEL 16:55 29/03/2026 24/10/2026,True
p114/line046/station=Varanasi/row=10/sha256=395256866d1e,395256866d1e4a0fcc265ee8f63fb8d900d6320bb3efdcb5c1a53e061a62ee74,"[""aircraft-variant""]","[""DGCA-OVL-0245"",""DGCA-OVL-0246"",""DGCA-OVL-0247""]","[""DGCA-OVL-0245:left:6E6558|BLR>VNS"",""DGCA-OVL-0246:right:6E6558|BLR>VNS"",""DGCA-OVL-0247:right:6E6558|BLR>VNS""]",True,114,46,Varanasi,10,6E 6558,IGO,A320N,1234567,BLR,11:25,,,29/03/2026,24/10/2026,10 6E 6558 IGO A320N 1234567 BLR 11:25 29/03/2026 24/10/2026,True
p114/line049/station=Varanasi/row=13/sha256=30af9096c6e9,30af9096c6e9021ada48877d309582de64f9bade02447143ad9578f6479a3d01,"[""aircraft-variant""]","[""DGCA-OVL-0136""]","[""DGCA-OVL-0136:left:6E5025|DEL>VNS""]",True,114,49,Varanasi,13,6E 5025,IGO,A320N,1234567,DEL,11:50,,,29/03/2026,24/10/2026,13 6E 5025 IGO A320N 1234567 DEL 11:50 29/03/2026 24/10/2026,True
p114/line052/station=Varanasi/row=16/sha256=a93e11c3ec50,a93e11c3ec5012d78e525c1250b32f15ebb4f96015e849cba4c9ff2ea4375039,"[""aircraft-variant""]","[""DGCA-OVL-0035""]","[""DGCA-OVL-0035:left:6E2321|VNS>DEL""]",True,114,52,Varanasi,16,6E 2321,IGO,A320N,1234567,,,DEL,12:20,29/03/2026,24/10/2026,16 6E 2321 IGO A320N 1234567 DEL 12:20 29/03/2026 24/10/2026,True
p114/line056/station=Varanasi/row=20/sha256=9b9b92df8fd9,9b9b92df8fd9520bc35ce6ff111021f5cc98c0b8fcbeca232bf4fd3aa892f62b,"[""aircraft-variant""]","[""DGCA-OVL-0038""]","[""DGCA-OVL-0038:left:6E2442|NMI>VNS""]",True,114,56,Varanasi,20,6E 2442,IGO,A321,1234567,NMI,14:05,,,29/03/2026,24/10/2026,20 6E 2442 IGO A321 1234567 NMI 14:05 29/03/2026 24/10/2026,True
p115/line002/station=Varanasi/row=22/sha256=41dd020ddbd6,41dd020ddbd634071649a27dae65b3bf19c0fc750074ad7bbaf8650a182733ef,"[""aircraft-variant""]","[""DGCA-OVL-0191""]","[""DGCA-OVL-0191:left:6E6294|HYD>VNS""]",True,115,2,Varanasi,22,6E 6294,IGO,A320N,1234567,HYD,14:30,,,29/03/2026,24/10/2026,22 6E 6294 IGO A320N 1234567 HYD 14:30 29/03/2026 24/10/2026,True
p115/line003/station=Varanasi/row=23/sha256=ca1d08fbc24d,ca1d08fbc24d534d4e35f626a87523dcb3ffda9063a089ab4321ed474fa4fd16,"[""aircraft-variant""]","[""DGCA-OVL-0145""]","[""DGCA-OVL-0145:right:6E5302|VNS>NMI""]",True,115,3,Varanasi,23,6E 5302,IGO,A321,1234567,,,NMI,14:40,29/03/2026,24/10/2026,23 6E 5302 IGO A321 1234567 NMI 14:40 29/03/2026 24/10/2026,True
p115/line004/station=Varanasi/row=24/sha256=763ba92fb032,763ba92fb0323d4938c54cc1ecf72af9468f8d4ecb49a4be50e11deeb50d9c5a,"[""aircraft-variant""]","[""DGCA-OVL-0193""]","[""DGCA-OVL-0193:left:6E6295|VNS>HYD""]",True,115,4,Varanasi,24,6E 6295,IGO,A320N,1234567,,,HYD,15:00,29/03/2026,24/10/2026,24 6E 6295 IGO A320N 1234567 HYD 15:00 29/03/2026 24/10/2026,True
p116/line007/station=Vizag/row=2/sha256=49937f1f915b,49937f1f915b87035440864504f1ea8554343b77928f4d57f8d6aeda901037a2,"[""aircraft-variant""]","[""DGCA-OVL-0153"",""DGCA-OVL-0154""]","[""DGCA-OVL-0153:left:6E557|MAA>VTZ"",""DGCA-OVL-0154:left:6E557|MAA>VTZ""]",False,116,7,Vizag,2,6E 557,IGO,A320N,1234567,MAA,07:50,,,29/03/2026,24/10/2026,2 6E 557 IGO A320N 1234567 MAA 07:50 29/03/2026 24/10/2026,True
p116/line010/station=Vizag/row=5/sha256=a23da2c48616,a23da2c486161515702a0cd01d3170cb91abb52cf581dc29157a02d329e0bd8e,"[""aircraft-variant""]","[""DGCA-OVL-0339""]","[""DGCA-OVL-0339:left:6E845|VTZ>MAA""]",False,116,10,Vizag,5,6E 845,IGO,A320N,1234567,,,MAA,08:30,29/03/2026,24/10/2026,5 6E 845 IGO A320N 1234567 MAA 08:30 29/03/2026 24/10/2026,True
p116/line012/station=Vizag/row=7/sha256=809fa5c8d2f3,809fa5c8d2f3e1ef7dbae76613e15190a65b9945848474453e0c2d928fd95eb1,"[""aircraft-variant""]","[""DGCA-OVL-0315"",""DGCA-OVL-0316""]","[""DGCA-OVL-0315:left:6E714|HYD>VTZ"",""DGCA-OVL-0316:left:6E714|HYD>VTZ""]",False,116,12,Vizag,7,6E 714,IGO,A320N,1234567,HYD,10:05,,,29/03/2026,24/10/2026,7 6E 714 IGO A320N 1234567 HYD 10:05 29/03/2026 24/10/2026,True
p116/line014/station=Vizag/row=9/sha256=900776bde856,900776bde8566ef739903b4e89b12677acfa43928fc530b3e14c7a0fb9692740,"[""aircraft-variant""]","[""DGCA-OVL-0192""]","[""DGCA-OVL-0192:left:6E6294|VTZ>HYD""]",False,116,14,Vizag,9,6E 6294,IGO,A320N,1234567,,,HYD,10:40,29/03/2026,24/10/2026,9 6E 6294 IGO A320N 1234567 HYD 10:40 29/03/2026 24/10/2026,True
p116/line034/station=Vizag/row=29/sha256=ce748fe84022,ce748fe84022d85bbd4ccd5487c304a5390037bb50131c1a92c2f83c0e1ad2d3,"[""aircraft-variant""]","[""DGCA-OVL-0013"",""DGCA-OVL-0014""]","[""DGCA-OVL-0013:left:6E208|HYD>VTZ"",""DGCA-OVL-0014:right:6E208|HYD>VTZ""]",False,116,34,Vizag,29,6E 208,IGO,A321,1234567,HYD,18:40,,,29/03/2026,24/10/2026,29 6E 208 IGO A321 1234567 HYD 18:40 29/03/2026 24/10/2026,True
p116/line038/station=Vizag/row=33/sha256=91d1ed0a7139,91d1ed0a71397804f928670661f69c1167b38f6119c78f882dd87f9d70ea5a71,"[""aircraft-variant""]","[""DGCA-OVL-0024""]","[""DGCA-OVL-0024:left:6E216|VTZ>HYD""]",False,116,38,Vizag,33,6E 216,IGO,A321,1234567,,,HYD,19:20,29/03/2026,24/10/2026,33 6E 216 IGO A321 1234567 HYD 19:20 29/03/2026 24/10/2026,True
p116/line039/station=Vizag/row=34/sha256=b3533f8ab303,b3533f8ab303db9992463a772abe4d375c76f67a7d8fd97121a31675f2e1124b,"[""aircraft-variant""]","[""DGCA-OVL-0187""]","[""DGCA-OVL-0187:left:6E617|VTZ>CCU""]",False,116,39,Vizag,34,6E 617,IGO,A321,1234567,,,CCU,19:50,29/03/2026,24/10/2026,34 6E 617 IGO A321 1234567 CCU 19:50 29/03/2026 24/10/2026,True
p116/line041/station=Vizag/row=36/sha256=37848713d2d6,37848713d2d6ab3e3b3e2d1cbe7f13d44ce114be2fa27235888ce338560f7ebb,"[""aircraft-variant""]","[""DGCA-OVL-0349"",""DGCA-OVL-0350""]","[""DGCA-OVL-0349:left:6E969|BLR>VTZ"",""DGCA-OVL-0350:right:6E969|BLR>VTZ""]",True,116,41,Vizag,36,6E 969,IGO,A321,1234567,BLR,20:30,,,29/03/2026,24/10/2026,36 6E 969 IGO A321 1234567 BLR 20:30 29/03/2026 24/10/2026,True
p116/line042/station=Vizag/row=37/sha256=36651ebd7f1a,36651ebd7f1a6afbe8b9a83e7b19d6ab878aacd11e832c098d3c94c7edd3df73,"[""aircraft-variant""]","[""DGCA-OVL-0119""]","[""DGCA-OVL-0119:left:6E384|HYD>VTZ""]",True,116,42,Vizag,37,6E 384,IGO,A320N,1234567,HYD,20:40,,,29/03/2026,24/10/2026,37 6E 384 IGO A320N 1234567 HYD 20:40 29/03/2026 24/10/2026,True
p116/line044/station=Vizag/row=39/sha256=b60064008cee,b60064008cee0790de8eb8e518e10e193e0e4ee9b7de7a1f5028fe0c1073e65c,"[""aircraft-variant""]","[""DGCA-OVL-0048"",""DGCA-OVL-0049""]","[""DGCA-OVL-0048:left:6E2772|VTZ>BLR"",""DGCA-OVL-0049:right:6E2772|VTZ>BLR""]",True,116,44,Vizag,39,6E 2772,IGO,A321,1234567,,,BLR,21:10,29/03/2026,24/10/2026,39 6E 2772 IGO A321 1234567 BLR 21:10 29/03/2026 24/10/2026,True
p116/line045/station=Vizag/row=40/sha256=ed5be567a37a,ed5be567a37aa2c3ffe3b71b24dee05cec6968fba64568de1787aa93c32d4a66,"[""aircraft-variant""]","[""DGCA-OVL-0120"",""DGCA-OVL-0121""]","[""DGCA-OVL-0120:left:6E385|VTZ>HYD"",""DGCA-OVL-0121:right:6E385|VTZ>HYD""]",True,116,45,Vizag,40,6E 385,IGO,A320N,1234567,,,HYD,21:20,29/03/2026,24/10/2026,40 6E 385 IGO A320N 1234567 HYD 21:20 29/03/2026 24/10/2026,True
