Airline,FlightNumber,CodeShareInfo,DepartureAirport,DepartureDateTime,TransitAirport_1,TransitAirportArrival_1,TransitAirportDeparture_1,TransitAirport_2,TransitAirportArrival_2,TransitAirportDeparture_2,TransitAirport_3,TransitAirportArrival_3,TransitAirportDeparture_3,TransitAirport_4,TransitAirportArrival_4,TransitAirportDeparture_4,TransitAirport_5,TransitAirportArrival_5,TransitAirportDeparture_5,ArrivalAirport,ArrivalDateTime,ScheduleStartDate,ScheduleEndDate,WeekDay,AircraftType,AircraftTypeSecondary_1,AircraftTypeSecondary_2,AircraftTypeSecondary_3,AircraftTypeSecondary_4,AircraftTypeSecondary_5,Flag
B7,B78601,,TSA,0715,,,,,,,,,,,,,,,,MZG,0805,2026/11/02,2026/11/02,1000000,321,AT7,,,,,
B7,B78601,,TSA,0710,,,,,,,,,,,,,,,,MZG,0810,2026/11/06,2026/11/12,1204560,AT7,321,,,,,
B7,B78601,,TSA,0710,,,,,,,,,,,,,,,,MZG,0810,2026/11/13,2026/11/19,1234560,AT7,321,,,,,
B7,B78601,,TSA,0710,,,,,,,,,,,,,,,,MZG,0810,2026/11/20,2026/11/30,1204560,AT7,321,,,,,
B7,B78601,,TSA,0710,,,,,,,,,,,,,,,,MZG,0810,2026/11/08,2026/11/29,0000007,AT7,321,,,,,
B7,B78601,,TSA,0710,,,,,,,,,,,,,,,,MZG,0810,2026/12/01,2026/12/12,1204560,AT7,321,,,,,
B7,B78601,,TSA,0710,,,,,,,,,,,,,,,,MZG,0810,2026/12/19,2026/12/31,1204560,AT7,321,,,,,
B7,B78601,,TSA,0710,,,,,,,,,,,,,,,,MZG,0810,2026/12/02,2026/12/13,0030007,AT7,321,,,,,
B7,B78601,,TSA,0710,,,,,,,,,,,,,,,,MZG,0810,2026/12/20,2026/12/30,0030007,AT7,321,,,,,
B7,B78602,,MZG,0815,,,,,,,,,,,,,,,,TSA,0910,2026/10/01,2026/10/31,1234567,AT7,321,,,,,
B7,B78602,,MZG,0855,,,,,,,,,,,,,,,,TSA,0945,2026/11/02,2026/11/02,1000000,321,AT7,,,,,
B7,B78602,,MZG,0845,,,,,,,,,,,,,,,,TSA,0940,2026/11/06,2026/11/12,1204560,AT7,321,,,,,
B7,B78602,,MZG,0845,,,,,,,,,,,,,,,,TSA,0940,2026/11/13,2026/11/19,1234560,AT7,321,,,,,
B7,B78602,,MZG,0845,,,,,,,,,,,,,,,,TSA,0940,2026/11/20,2026/11/30,1204560,AT7,321,,,,,
B7,B78602,,MZG,0845,,,,,,,,,,,,,,,,TSA,0940,2026/11/08,2026/11/29,0000007,AT7,321,,,,,
B7,B78602,,MZG,0845,,,,,,,,,,,,,,,,TSA,0940,2026/12/01,2026/12/12,1204560,AT7,321,,,,,
B7,B78602,,MZG,0845,,,,,,,,,,,,,,,,TSA,0940,2026/12/19,2026/12/31,1204560,AT7,321,,,,,
B7,B78602,,MZG,0845,,,,,,,,,,,,,,,,TSA,0940,2026/12/02,2026/12/13,0030007,AT7,321,,,,,
B7,B78602,,MZG,0845,,,,,,,,,,,,,,,,TSA,0940,2026/12/20,2026/12/30,0030007,AT7,321,,,,,
B7,B78607,,TSA,0825,,,,,,,,,,,,,,,,MZG,0925,2026/10/02,2026/10/08,1034567,AT7,321,,,,,
B7,B78607,,TSA,0825,,,,,,,,,,,,,,,,MZG,0925,2026/10/09,2026/10/15,1004567,AT7,321,,,,,
B7,B78607,,TSA,0825,,,,,,,,,,,,,,,,MZG,0925,2026/10/16,2026/10/31,1234567,AT7,321,,,,,
B7,B78607,,TSA,0745,,,,,,,,,,,,,,,,MZG,0845,2026/10/06,2026/10/06,0200000,AT7,321,,,,,
B7,B78607,,TSA,0715,,,,,,,,,,,,,,,,MZG,0815,2026/10/13,2026/10/13,0200000,AT7,321,,,,,
B7,B78607,,TSA,0810,,,,,,,,,,,,,,,,MZG,0910,2026/10/01,2026/10/01,0004000,AT7,321,,,,,
B7,B78607,,TSA,0755,,,,,,,,,,,,,,,,MZG,0855,2026/11/02,2026/11/08,1234067,AT7,321,,,,,
B7,B78607,,TSA,0755,,,,,,,,,,,,,,,,MZG,0855,2026/11/09,2026/11/30,1234567,AT7,321,,,,,
B7,B78607,,TSA,0755,,,,,,,,,,,,,,,,MZG,0855,2026/11/01,2026/11/01,0000007,AT7,321,,,,,
B7,B78607,,TSA,0755,,,,,,,,,,,,,,,,MZG,0855,2026/12/01,2026/12/31,1234567,AT7,321,,,,,
B7,B78608,,MZG,1020,,,,,,,,,,,,,,,,TSA,1115,2026/10/02,2026/10/08,1034567,AT7,321,,,,,
B7,B78608,,MZG,1020,,,,,,,,,,,,,,,,TSA,1115,2026/10/09,2026/10/15,1004567,AT7,321,,,,,
B7,B78608,,MZG,1020,,,,,,,,,,,,,,,,TSA,1115,2026/10/16,2026/10/22,1034507,AT7,321,,,,,
B7,B78608,,MZG,1020,,,,,,,,,,,,,,,,TSA,1115,2026/10/23,2026/10/31,1234567,AT7,321,,,,,
B7,B78608,,MZG,0920,,,,,,,,,,,,,,,,TSA,1015,2026/10/06,2026/10/06,0200000,AT7,321,,,,,
B7,B78608,,MZG,0850,,,,,,,,,,,,,,,,TSA,0945,2026/10/13,2026/10/13,0200000,AT7,321,,,,,
B7,B78608,,MZG,0930,,,,,,,,,,,,,,,,TSA,1025,2026/11/01,2026/11/07,1234067,AT7,321,,,,,
B7,B78608,,MZG,0930,,,,,,,,,,,,,,,,TSA,1025,2026/11/08,2026/11/13,1030507,AT7,321,,,,,
B7,B78608,,MZG,0930,,,,,,,,,,,,,,,,TSA,1025,2026/11/15,2026/11/30,1030567,AT7,321,,,,,
B7,B78608,,MZG,0930,,,,,,,,,,,,,,,,TSA,1025,2026/12/02,2026/12/07,1030567,AT7,321,,,,,
B7,B78608,,MZG,0930,,,,,,,,,,,,,,,,TSA,1025,2026/12/09,2026/12/14,1030507,AT7,321,,,,,
B7,B78608,,MZG,0930,,,,,,,,,,,,,,,,TSA,1025,2026/12/16,2026/12/21,1034567,AT7,321,,,,,
B7,B78608,,MZG,0930,,,,,,,,,,,,,,,,TSA,1025,2026/12/23,2026/12/30,1030567,AT7,321,,,,,
B7,B78609,,TSA,0945,,,,,,,,,,,,,,,,MZG,1045,2026/10/01,2026/10/31,1234567,AT7,321,,,,,
B7,B78609,,TSA,1025,,,,,,,,,,,,,,,,MZG,1125,2026/11/02,2026/11/07,1000560,AT7,321,,,,,
B7,B78609,,TSA,1025,,,,,,,,,,,,,,,,MZG,1125,2026/11/09,2026/11/15,1204567,AT7,321,,,,,
B7,B78609,,TSA,1025,,,,,,,,,,,,,,,,MZG,1125,2026/11/16,2026/11/22,1234567,AT7,321,,,,,
B7,B78609,,TSA,1025,,,,,,,,,,,,,,,,MZG,1125,2026/11/23,2026/11/30,1204567,AT7,321,,,,,
B7,B78609,,TSA,1025,,,,,,,,,,,,,,,,MZG,1125,2026/12/01,2026/12/13,1234567,AT7,321,,,,,
B7,B78609,,TSA,1025,,,,,,,,,,,,,,,,MZG,1125,2026/12/19,2026/12/31,1234567,AT7,321,,,,,
B7,B78610,,MZG,1210,,,,,,,,,,,,,,,,TSA,1305,2026/11/02,2026/11/07,1000060,AT7,321,,,,,
B7,B78610,,MZG,1210,,,,,,,,,,,,,,,,TSA,1305,2026/11/09,2026/11/15,1204567,AT7,321,,,,,
B7,B78610,,MZG,1210,,,,,,,,,,,,,,,,TSA,1305,2026/11/16,2026/11/22,1234567,AT7,321,,,,,
B7,B78610,,MZG,1210,,,,,,,,,,,,,,,,TSA,1305,2026/11/23,2026/11/30,1204567,AT7,321,,,,,
B7,B78610,,MZG,1110,,,,,,,,,,,,,,,,TSA,1205,2026/11/06,2026/11/06,0000500,AT7,321,,,,,
B7,B78610,,MZG,1210,,,,,,,,,,,,,,,,TSA,1305,2026/12/01,2026/12/13,1234567,AT7,321,,,,,
B7,B78610,,MZG,1210,,,,,,,,,,,,,,,,TSA,1305,2026/12/19,2026/12/31,1234567,AT7,321,,,,,
B7,B78612,,MZG,1545,,,,,,,,,,,,,,,,TSA,1640,2026/11/01,2026/11/07,0234567,AT7,321,,,,,
B7,B78612,,MZG,1545,,,,,,,,,,,,,,,,TSA,1640,2026/11/08,2026/11/30,1234567,AT7,321,,,,,
B7,B78612,,MZG,1535,,,,,,,,,,,,,,,,TSA,1625,2026/11/02,2026/11/02,1000000,321,AT7,,,,,
B7,B78612,,MZG,1545,,,,,,,,,,,,,,,,TSA,1640,2026/12/01,2026/12/31,1234567,AT7,321,,,,,
B7,B78615,,TSA,1205,,,,,,,,,,,,,,,,MZG,1305,2026/10/09,2026/10/15,1004567,AT7,321,,,,,
B7,B78615,,TSA,1205,,,,,,,,,,,,,,,,MZG,1305,2026/10/16,2026/10/22,1034507,AT7,321,,,,,
B7,B78615,,TSA,1205,,,,,,,,,,,,,,,,MZG,1305,2026/10/23,2026/10/31,1234567,AT7,321,,,,,
B7,B78615,,TSA,1335,,,,,,,,,,,,,,,,MZG,1435,2026/10/06,2026/10/06,0200000,AT7,321,,,,,
B7,B78615,,TSA,1255,,,,,,,,,,,,,,,,MZG,1355,2026/10/13,2026/10/13,0200000,AT7,321,,,,,
B7,B78615,,TSA,1205,,,,,,,,,,,,,,,,MZG,1305,2026/10/02,2026/10/08,1034567,AT7,321,,,,,
B7,B78615,,TSA,1100,,,,,,,,,,,,,,,,MZG,1200,2026/11/02,2026/11/08,1234067,AT7,321,,,,,
B7,B78615,,TSA,1100,,,,,,,,,,,,,,,,MZG,1200,2026/11/09,2026/11/15,1030507,AT7,321,,,,,
B7,B78615,,TSA,1100,,,,,,,,,,,,,,,,MZG,1200,2026/11/16,2026/11/30,1030567,AT7,321,,,,,
B7,B78615,,TSA,1240,,,,,,,,,,,,,,,,MZG,1340,2026/11/06,2026/11/06,0000500,AT7,321,,,,,
B7,B78615,,TSA,1100,,,,,,,,,,,,,,,,MZG,1200,2026/11/01,2026/11/01,0000007,AT7,321,,,,,
B7,B78615,,TSA,1100,,,,,,,,,,,,,,,,MZG,1200,2026/12/02,2026/12/07,1030567,AT7,321,,,,,
B7,B78615,,TSA,1100,,,,,,,,,,,,,,,,MZG,1200,2026/12/09,2026/12/14,1030507,AT7,321,,,,,
B7,B78615,,TSA,1100,,,,,,,,,,,,,,,,MZG,1200,2026/12/16,2026/12/21,1034567,AT7,321,,,,,
B7,B78615,,TSA,1100,,,,,,,,,,,,,,,,MZG,1200,2026/12/23,2026/12/30,1030567,AT7,321,,,,,
B7,B78616,,MZG,1340,,,,,,,,,,,,,,,,TSA,1435,2026/10/03,2026/10/09,1034567,AT7,321,,,,,
B7,B78616,,MZG,1340,,,,,,,,,,,,,,,,TSA,1435,2026/10/10,2026/10/16,1004567,AT7,321,,,,,
B7,B78616,,MZG,1340,,,,,,,,,,,,,,,,TSA,1435,2026/10/17,2026/10/31,1234567,AT7,321,,,,,
B7,B78616,,MZG,1510,,,,,,,,,,,,,,,,TSA,1605,2026/10/06,2026/10/06,0200000,AT7,321,,,,,
B7,B78616,,MZG,1430,,,,,,,,,,,,,,,,TSA,1525,2026/10/13,2026/10/13,0200000,AT7,321,,,,,
B7,B78616,,MZG,1240,,,,,,,,,,,,,,,,TSA,1335,2026/11/02,2026/11/08,1234067,AT7,321,,,,,
B7,B78616,,MZG,1240,,,,,,,,,,,,,,,,TSA,1335,2026/11/09,2026/11/30,1234567,AT7,321,,,,,
B7,B78616,,MZG,1205,,,,,,,,,,,,,,,,TSA,1300,2026/11/06,2026/11/06,0000500,AT7,321,,,,,
B7,B78616,,MZG,1240,,,,,,,,,,,,,,,,TSA,1335,2026/11/01,2026/11/01,0000007,AT7,321,,,,,
B7,B78616,,MZG,1240,,,,,,,,,,,,,,,,TSA,1335,2026/12/01,2026/12/31,1234567,AT7,321,,,,,
B7,B78617,,TSA,1525,,,,,,,,,,,,,,,,MZG,1615,2026/10/01,2026/10/31,1234567,321,AT7,,,,,
B7,B78617,,TSA,1410,,,,,,,,,,,,,,,,MZG,1510,2026/11/01,2026/11/07,0234567,AT7,321,,,,,
B7,B78617,,TSA,1410,,,,,,,,,,,,,,,,MZG,1510,2026/11/08,2026/11/30,1234567,AT7,321,,,,,
B7,B78617,,TSA,1355,,,,,,,,,,,,,,,,MZG,1445,2026/11/02,2026/11/02,1000000,321,AT7,,,,,
B7,B78617,,TSA,1410,,,,,,,,,,,,,,,,MZG,1510,2026/12/01,2026/12/31,1234567,AT7,321,,,,,
B7,B78618,,MZG,1805,,,,,,,,,,,,,,,,TSA,1900,2026/10/01,2026/10/05,1004560,AT7,321,,,,,
B7,B78618,,MZG,1805,,,,,,,,,,,,,,,,TSA,1900,2026/10/08,2026/10/12,1004567,AT7,321,,,,,
B7,B78618,,MZG,1805,,,,,,,,,,,,,,,,TSA,1900,2026/10/15,2026/10/30,1204567,AT7,321,,,,,
B7,B78618,,MZG,1830,,,,,,,,,,,,,,,,TSA,1920,2026/10/31,2026/10/31,0000060,321,AT7,,,,,
B7,B78618,,MZG,1805,,,,,,,,,,,,,,,,TSA,1900,2026/10/07,2026/10/28,0030000,AT7,321,,,,,
B7,B78618,,MZG,1805,,,,,,,,,,,,,,,,TSA,1900,2026/10/06,2026/10/13,0200000,AT7,321,,,,,
B7,B78618,,MZG,1950,,,,,,,,,,,,,,,,TSA,2045,2026/11/02,2026/11/02,1000000,AT7,321,,,,,
B7,B78618,,MZG,1930,,,,,,,,,,,,,,,,TSA,2025,2026/11/06,2026/11/12,1204567,AT7,321,,,,,
B7,B78618,,MZG,1930,,,,,,,,,,,,,,,,TSA,2025,2026/11/13,2026/11/19,1234567,AT7,321,,,,,
B7,B78618,,MZG,1930,,,,,,,,,,,,,,,,TSA,2025,2026/11/20,2026/11/30,1204567,AT7,321,,,,,
B7,B78618,,MZG,1930,,,,,,,,,,,,,,,,TSA,2025,2026/12/01,2026/12/13,1234567,AT7,321,,,,,
B7,B78618,,MZG,1930,,,,,,,,,,,,,,,,TSA,2025,2026/12/18,2026/12/31,1234567,AT7,321,,,,,
B7,B78618,,MZG,1840,,,,,,,,,,,,,,,,TSA,1935,2026/10/01,2026/10/01,0004000,AT7,321,,,,,
B7,B78619,,TSA,1810,,,,,,,,,,,,,,,,MZG,1910,2026/10/01,2026/10/13,1234567,AT7,321,,,,,
B7,B78619,,TSA,1810,,,,,,,,,,,,,,,,MZG,1910,2026/10/15,2026/10/31,1234567,AT7,321,,,,,
B7,B78619,,TSA,1805,,,,,,,,,,,,,,,,MZG,1905,2026/11/02,2026/11/02,1000000,AT7,321,,,,,
B7,B78619,,TSA,1730,,,,,,,,,,,,,,,,MZG,1830,2026/11/06,2026/11/12,1204567,AT7,321,,,,,
B7,B78619,,TSA,1730,,,,,,,,,,,,,,,,MZG,1830,2026/11/13,2026/11/19,1234567,AT7,321,,,,,
B7,B78619,,TSA,1730,,,,,,,,,,,,,,,,MZG,1830,2026/11/20,2026/11/30,1204567,AT7,321,,,,,
B7,B78619,,TSA,1730,,,,,,,,,,,,,,,,MZG,1830,2026/12/01,2026/12/13,1234567,AT7,321,,,,,
B7,B78619,,TSA,1730,,,,,,,,,,,,,,,,MZG,1830,2026/12/18,2026/12/31,1234567,AT7,321,,,,,
B7,B78619,,TSA,1810,,,,,,,,,,,,,,,,MZG,1910,2026/10/01,2026/10/01,0004000,AT7,321,,,,,
B7,B78620,,MZG,1950,,,,,,,,,,,,,,,,TSA,2045,2026/10/01,2026/10/13,1234567,AT7,321,,,,,
B7,B78620,,MZG,1950,,,,,,,,,,,,,,,,TSA,2045,2026/10/15,2026/10/31,1234567,AT7,321,,,,,
B7,B78620,,MZG,1950,,,,,,,,,,,,,,,,TSA,2045,2026/10/01,2026/10/01,0004000,AT7,321,,,,,
B7,B78621,,TSA,1620,,,,,,,,,,,,,,,,MZG,1720,2026/10/01,2026/10/05,1004560,AT7,321,,,,,
B7,B78621,,TSA,1620,,,,,,,,,,,,,,,,MZG,1720,2026/10/08,2026/10/12,1004567,AT7,321,,,,,
B7,B78621,,TSA,1620,,,,,,,,,,,,,,,,MZG,1720,2026/10/15,2026/10/30,1204567,AT7,321,,,,,
B7,B78621,,TSA,1650,,,,,,,,,,,,,,,,MZG,1740,2026/10/31,2026/10/31,0000060,321,AT7,,,,,
B7,B78621,,TSA,1620,,,,,,,,,,,,,,,,MZG,1720,2026/10/06,2026/10/13,0200000,AT7,321,,,,,
B7,B78621,,TSA,1620,,,,,,,,,,,,,,,,MZG,1720,2026/10/07,2026/10/28,0030000,AT7,321,,,,,
B7,B78621,,TSA,1700,,,,,,,,,,,,,,,,MZG,1800,2026/10/01,2026/10/01,0004000,AT7,321,,,,,
B7,B78622,,MZG,1705,,,,,,,,,,,,,,,,TSA,1755,2026/10/01,2026/10/31,1234567,321,AT7,,,,,
B7,B78627,,TSA,1850,,,,,,,,,,,,,,,,MZG,1940,2026/10/01,2026/10/31,1234567,321,AT7,,,,,
B7,B78627,,TSA,1900,,,,,,,,,,,,,,,,MZG,2000,2026/11/03,2026/11/26,0204000,AT7,321,,,,,
B7,B78627,,TSA,1900,,,,,,,,,,,,,,,,MZG,2000,2026/11/07,2026/11/28,0000060,AT7,321,,,,,
B7,B78627,,TSA,1900,,,,,,,,,,,,,,,,MZG,2000,2026/12/01,2026/12/31,0204000,AT7,321,,,,,
B7,B78627,,TSA,1900,,,,,,,,,,,,,,,,MZG,2000,2026/12/05,2026/12/26,0000060,AT7,321,,,,,
B7,B78628,,MZG,2030,,,,,,,,,,,,,,,,TSA,2120,2026/10/01,2026/10/31,1234567,321,AT7,,,,,
B7,B78628,,MZG,2035,,,,,,,,,,,,,,,,TSA,2130,2026/11/03,2026/11/26,0204000,AT7,321,,,,,
B7,B78628,,MZG,2035,,,,,,,,,,,,,,,,TSA,2130,2026/11/07,2026/11/28,0000060,AT7,321,,,,,
B7,B78628,,MZG,2035,,,,,,,,,,,,,,,,TSA,2130,2026/12/01,2026/12/31,0204000,AT7,321,,,,,
B7,B78628,,MZG,2035,,,,,,,,,,,,,,,,TSA,2130,2026/12/05,2026/12/26,0000060,AT7,321,,,,,
B7,B78629,,TSA,1920,,,,,,,,,,,,,,,,MZG,2020,2026/10/01,2026/10/08,0204060,AT7,321,,,,,
B7,B78629,,TSA,1920,,,,,,,,,,,,,,,,MZG,2020,2026/10/13,2026/10/31,0204060,AT7,321,,,,,
B7,B78630,,MZG,2055,,,,,,,,,,,,,,,,TSA,2150,2026/10/01,2026/10/08,0204060,AT7,321,,,,,
B7,B78630,,MZG,2055,,,,,,,,,,,,,,,,TSA,2150,2026/10/13,2026/10/31,0204060,AT7,321,,,,,
B7,B78635,,RMQ,0820,,,,,,,,,,,,,,,,MZG,0905,2026/10/01,2026/10/12,1004567,AT7,321,,,,,
B7,B78635,,RMQ,0820,,,,,,,,,,,,,,,,MZG,0905,2026/10/15,2026/10/31,1204567,AT7,321,,,,,
B7,B78635,,RMQ,0820,,,,,,,,,,,,,,,,MZG,0905,2026/10/06,2026/10/14,0230000,AT7,321,,,,,
B7,B78635,,RMQ,0820,,,,,,,,,,,,,,,,MZG,0905,2026/10/21,2026/10/28,0030000,AT7,321,,,,,
B7,B78635,,RMQ,0820,,,,,,,,,,,,,,,,MZG,0905,2026/11/01,2026/11/30,1004567,AT7,321,,,,,
B7,B78635,,RMQ,0820,,,,,,,,,,,,,,,,MZG,0905,2026/11/03,2026/11/25,0230000,AT7,321,,,,,
B7,B78635,,RMQ,0820,,,,,,,,,,,,,,,,MZG,0905,2026/12/03,2026/12/31,1004567,AT7,321,,,,,
B7,B78635,,RMQ,0820,,,,,,,,,,,,,,,,MZG,0905,2026/12/01,2026/12/30,0230000,AT7,321,,,,,
B7,B78636,,MZG,1005,,,,,,,,,,,,,,,,RMQ,1045,2026/10/01,2026/10/12,1004567,AT7,321,,,,,
B7,B78636,,MZG,1005,,,,,,,,,,,,,,,,RMQ,1045,2026/10/15,2026/10/31,1204567,AT7,321,,,,,
B7,B78636,,MZG,1005,,,,,,,,,,,,,,,,RMQ,1045,2026/10/06,2026/10/14,0230000,AT7,321,,,,,
B7,B78636,,MZG,1005,,,,,,,,,,,,,,,,RMQ,1045,2026/10/21,2026/10/28,0030000,AT7,321,,,,,
B7,B78636,,MZG,0940,,,,,,,,,,,,,,,,RMQ,1020,2026/11/01,2026/11/30,1004567,AT7,321,,,,,
B7,B78636,,MZG,0940,,,,,,,,,,,,,,,,RMQ,1020,2026/11/03,2026/11/25,0230000,AT7,321,,,,,
B7,B78636,,MZG,0940,,,,,,,,,,,,,,,,RMQ,1020,2026/12/03,2026/12/31,1004567,AT7,321,,,,,
B7,B78636,,MZG,0940,,,,,,,,,,,,,,,,RMQ,1020,2026/12/01,2026/12/30,0230000,AT7,321,,,,,
B7,B78637,,RMQ,1025,,,,,,,,,,,,,,,,MZG,1110,2026/10/01,2026/10/31,1234567,AT7,321,,,,,
B7,B78637,,RMQ,1025,,,,,,,,,,,,,,,,MZG,1110,2026/11/01,2026/11/30,1234567,AT7,321,,,,,
B7,B78637,,RMQ,1025,,,,,,,,,,,,,,,,MZG,1110,2026/12/01,2026/12/31,1234567,AT7,321,,,,,
B7,B78638,,MZG,1155,,,,,,,,,,,,,,,,RMQ,1235,2026/10/01,2026/10/31,1234567,AT7,321,,,,,
B7,B78638,,MZG,1155,,,,,,,,,,,,,,,,RMQ,1235,2026/11/01,2026/11/30,1234567,AT7,321,,,,,
B7,B78638,,MZG,1155,,,,,,,,,,,,,,,,RMQ,1235,2026/12/01,2026/12/31,1234567,AT7,321,,,,,
B7,B78639,,RMQ,1500,,,,,,,,,,,,,,,,MZG,1545,2026/10/01,2026/10/07,1234560,AT7,321,,,,,
B7,B78639,,RMQ,1500,,,,,,,,,,,,,,,,MZG,1545,2026/10/08,2026/10/31,1234567,AT7,321,,,,,
B7,B78639,,RMQ,1450,,,,,,,,,,,,,,,,MZG,1535,2026/11/01,2026/11/30,1234567,AT7,321,,,,,
B7,B78639,,RMQ,1450,,,,,,,,,,,,,,,,MZG,1535,2026/12/01,2026/12/31,1234567,AT7,321,,,,,
B7,B78640,,MZG,1930,,,,,,,,,,,,,,,,RMQ,2010,2026/10/01,2026/10/31,1234567,AT7,321,,,,,
B7,B78640,,MZG,1610,,,,,,,,,,,,,,,,RMQ,1650,2026/11/01,2026/11/30,1234567,AT7,321,,,,,
B7,B78640,,MZG,1610,,,,,,,,,,,,,,,,RMQ,1650,2026/12/01,2026/12/31,1234567,AT7,321,,,,,
B7,B78652,,MZG,1630,,,,,,,,,,,,,,,,RMQ,1710,2026/10/01,2026/10/31,1234567,AT7,321,,,,,
B7,B78655,,RMQ,1810,,,,,,,,,,,,,,,,MZG,1855,2026/10/01,2026/10/31,1234567,AT7,321,,,,,
B7,B78655,,RMQ,1750,,,,,,,,,,,,,,,,MZG,1835,2026/11/01,2026/11/07,1234567,AT7,321,,,,,
B7,B78655,,RMQ,1750,,,,,,,,,,,,,,,,MZG,1835,2026/11/08,2026/11/14,1230567,AT7,321,,,,,
B7,B78655,,RMQ,1750,,,,,,,,,,,,,,,,MZG,1835,2026/11/15,2026/11/30,1234567,AT7,321,,,,,
B7,B78655,,RMQ,1750,,,,,,,,,,,,,,,,MZG,1835,2026/12/01,2026/12/31,1234567,AT7,321,,,,,
B7,B78656,,MZG,1920,,,,,,,,,,,,,,,,RMQ,2000,2026/11/15,2026/11/30,1234567,AT7,321,,,,,
B7,B78656,,MZG,1920,,,,,,,,,,,,,,,,RMQ,2000,2026/11/01,2026/11/07,1234567,AT7,321,,,,,
B7,B78656,,MZG,1920,,,,,,,,,,,,,,,,RMQ,2000,2026/11/08,2026/11/14,1230567,AT7,321,,,,,
B7,B78656,,MZG,1920,,,,,,,,,,,,,,,,RMQ,2000,2026/12/01,2026/12/31,1234567,AT7,321,,,,,
B7,B78661,,CYI,1615,,,,,,,,,,,,,,,,MZG,1650,2026/10/01,2026/10/14,1234567,AT7,,,,,,
B7,B78661,,CYI,1615,,,,,,,,,,,,,,,,MZG,1650,2026/10/16,2026/10/31,1234567,AT7,,,,,,
B7,B78661,,CYI,1615,,,,,,,,,,,,,,,,MZG,1650,2026/10/15,2026/10/15,0004000,AT7,,,,,,
B7,B78661,,CYI,1625,,,,,,,,,,,,,,,,MZG,1700,2026/11/01,2026/11/07,1234567,AT7,,,,,,
B7,B78661,,CYI,1625,,,,,,,,,,,,,,,,MZG,1700,2026/11/08,2026/11/14,1204567,AT7,,,,,,
B7,B78661,,CYI,1625,,,,,,,,,,,,,,,,MZG,1700,2026/11/15,2026/11/30,1234567,AT7,,,,,,
B7,B78661,,CYI,1625,,,,,,,,,,,,,,,,MZG,1700,2026/11/11,2026/11/11,0030000,AT7,,,,,,
B7,B78661,,CYI,1625,,,,,,,,,,,,,,,,MZG,1700,2026/12/01,2026/12/07,1204567,AT7,,,,,,
B7,B78661,,CYI,1625,,,,,,,,,,,,,,,,MZG,1700,2026/12/08,2026/12/31,1234567,AT7,,,,,,
B7,B78661,,CYI,1625,,,,,,,,,,,,,,,,MZG,1700,2026/12/02,2026/12/02,0030000,AT7,,,,,,
B7,B78662,,MZG,1500,,,,,,,,,,,,,,,,CYI,1535,2026/10/01,2026/10/14,1234567,AT7,,,,,,
B7,B78662,,MZG,1500,,,,,,,,,,,,,,,,CYI,1535,2026/10/16,2026/10/31,1234567,AT7,,,,,,
B7,B78662,,MZG,1500,,,,,,,,,,,,,,,,CYI,1535,2026/10/15,2026/10/15,0004000,AT7,,,,,,
B7,B78662,,MZG,1510,,,,,,,,,,,,,,,,CYI,1545,2026/11/01,2026/11/07,1234567,AT7,,,,,,
B7,B78662,,MZG,1510,,,,,,,,,,,,,,,,CYI,1545,2026/11/08,2026/11/14,1204567,AT7,,,,,,
B7,B78662,,MZG,1510,,,,,,,,,,,,,,,,CYI,1545,2026/11/15,2026/11/30,1234567,AT7,,,,,,
B7,B78662,,MZG,1510,,,,,,,,,,,,,,,,CYI,1545,2026/11/11,2026/11/11,0030000,AT7,,,,,,
B7,B78662,,MZG,1510,,,,,,,,,,,,,,,,CYI,1545,2026/12/01,2026/12/07,1204567,AT7,,,,,,
B7,B78662,,MZG,1510,,,,,,,,,,,,,,,,CYI,1545,2026/12/08,2026/12/31,1234567,AT7,,,,,,
B7,B78662,,MZG,1510,,,,,,,,,,,,,,,,CYI,1545,2026/12/02,2026/12/02,0030000,AT7,,,,,,
B7,B78675,,TNN,0720,,,,,,,,,,,,,,,,MZG,0750,2026/10/01,2026/10/31,1234567,AT7,,,,,,
B7,B78675,,TNN,0720,,,,,,,,,,,,,,,,MZG,0750,2026/11/01,2026/11/30,1234567,AT7,321,,,,,
B7,B78675,,TNN,0720,,,,,,,,,,,,,,,,MZG,0750,2026/12/01,2026/12/31,1234567,AT7,,,,,,
B7,B78676,,MZG,0830,,,,,,,,,,,,,,,,TNN,0905,2026/10/01,2026/10/31,1234567,AT7,,,,,,
B7,B78676,,MZG,0830,,,,,,,,,,,,,,,,TNN,0905,2026/11/01,2026/11/30,1234567,AT7,,,,,,
B7,B78676,,MZG,0830,,,,,,,,,,,,,,,,TNN,0905,2026/12/01,2026/12/31,1234567,AT7,,,,,,
B7,B78680,,MZG,1355,,,,,,,,,,,,,,,,TNN,1430,2026/10/08,2026/10/31,1204567,AT7,,,,,,
B7,B78680,,MZG,1355,,,,,,,,,,,,,,,,TNN,1430,2026/10/01,2026/10/05,1004567,AT7,,,,,,
B7,B78680,,MZG,1355,,,,,,,,,,,,,,,,TNN,1430,2026/10/06,2026/10/07,0230000,AT7,,,,,,
B7,B78680,,MZG,1355,,,,,,,,,,,,,,,,TNN,1430,2026/10/14,2026/10/28,0030000,AT7,,,,,,
B7,B78680,,MZG,1345,,,,,,,,,,,,,,,,TNN,1420,2026/11/01,2026/11/07,1204067,AT7,,,,,,
B7,B78680,,MZG,1345,,,,,,,,,,,,,,,,TNN,1420,2026/11/08,2026/11/14,1200567,AT7,,,,,,
B7,B78680,,MZG,1345,,,,,,,,,,,,,,,,TNN,1420,2026/11/15,2026/11/30,1204567,AT7,,,,,,
B7,B78680,,MZG,1420,,,,,,,,,,,,,,,,TNN,1455,2026/11/06,2026/11/06,0000500,AT7,,,,,,
B7,B78680,,MZG,1345,,,,,,,,,,,,,,,,TNN,1420,2026/11/04,2026/11/04,0030000,AT7,,,,,,
B7,B78680,,MZG,1345,,,,,,,,,,,,,,,,TNN,1420,2026/11/11,2026/11/18,0034000,AT7,,,,,,
B7,B78680,,MZG,1345,,,,,,,,,,,,,,,,TNN,1420,2026/11/25,2026/11/25,0030000,AT7,,,,,,
B7,B78680,,MZG,1345,,,,,,,,,,,,,,,,TNN,1420,2026/12/01,2026/12/31,1204567,AT7,,,,,,
B7,B78680,,MZG,1345,,,,,,,,,,,,,,,,TNN,1420,2026/12/02,2026/12/30,0030000,AT7,,,,,,
B7,B78681,,TNN,1505,,,,,,,,,,,,,,,,MZG,1535,2026/10/01,2026/10/05,1004567,AT7,,,,,,
B7,B78681,,TNN,1505,,,,,,,,,,,,,,,,MZG,1535,2026/10/08,2026/10/31,1204567,AT7,,,,,,
B7,B78681,,TNN,1505,,,,,,,,,,,,,,,,MZG,1535,2026/10/06,2026/10/07,0230000,AT7,,,,,,
B7,B78681,,TNN,1505,,,,,,,,,,,,,,,,MZG,1535,2026/10/14,2026/10/28,0030000,AT7,,,,,,
B7,B78681,,TNN,1500,,,,,,,,,,,,,,,,MZG,1530,2026/11/01,2026/11/07,1204067,AT7,321,,,,,
B7,B78681,,TNN,1500,,,,,,,,,,,,,,,,MZG,1530,2026/11/08,2026/11/14,1200567,AT7,321,,,,,
B7,B78681,,TNN,1500,,,,,,,,,,,,,,,,MZG,1530,2026/11/15,2026/11/30,1204567,AT7,321,,,,,
B7,B78681,,TNN,1535,,,,,,,,,,,,,,,,MZG,1605,2026/11/06,2026/11/06,0000500,AT7,321,,,,,
B7,B78681,,TNN,1500,,,,,,,,,,,,,,,,MZG,1530,2026/11/04,2026/11/04,0030000,AT7,,,,,,
B7,B78681,,TNN,1500,,,,,,,,,,,,,,,,MZG,1530,2026/11/11,2026/11/18,0034000,AT7,,,,,,
B7,B78681,,TNN,1500,,,,,,,,,,,,,,,,MZG,1530,2026/11/25,2026/11/25,0030000,AT7,,,,,,
B7,B78681,,TNN,1500,,,,,,,,,,,,,,,,MZG,1530,2026/12/01,2026/12/31,1204567,AT7,,,,,,
B7,B78681,,TNN,1500,,,,,,,,,,,,,,,,MZG,1530,2026/12/02,2026/12/30,0030000,AT7,,,,,,
B7,B78682,,MZG,1650,,,,,,,,,,,,,,,,TNN,1725,2026/10/01,2026/10/31,1234567,AT7,,,,,,
B7,B78682,,MZG,1645,,,,,,,,,,,,,,,,TNN,1720,2026/11/01,2026/11/30,1234567,AT7,,,,,,
B7,B78682,,MZG,1645,,,,,,,,,,,,,,,,TNN,1720,2026/12/01,2026/12/31,1234567,AT7,,,,,,
B7,B78683,,TNN,1805,,,,,,,,,,,,,,,,MZG,1835,2026/10/01,2026/10/31,1234567,AT7,,,,,,
B7,B78683,,TNN,1805,,,,,,,,,,,,,,,,MZG,1835,2026/11/01,2026/11/30,1234567,AT7,321,,,,,
B7,B78683,,TNN,1805,,,,,,,,,,,,,,,,MZG,1835,2026/12/01,2026/12/31,1234567,AT7,,,,,,
B7,B78689,,KHH,0700,,,,,,,,,,,,,,,,MZG,0740,2026/10/01,2026/10/31,1234567,AT7,321,,,,,
B7,B78689,,KHH,0720,,,,,,,,,,,,,,,,MZG,0800,2026/11/02,2026/11/30,1234560,AT7,321,,,,,
B7,B78689,,KHH,0720,,,,,,,,,,,,,,,,MZG,0800,2026/11/01,2026/11/29,0000007,AT7,321,,,,,
B7,B78689,,KHH,0720,,,,,,,,,,,,,,,,MZG,0800,2026/12/01,2026/12/31,1234560,AT7,321,,,,,
B7,B78689,,KHH,0720,,,,,,,,,,,,,,,,MZG,0800,2026/12/06,2026/12/27,0000007,AT7,321,,,,,
B7,B78690,,MZG,0835,,,,,,,,,,,,,,,,KHH,0915,2026/10/02,2026/10/31,1200567,AT7,321,,,,,
B7,B78690,,MZG,0835,,,,,,,,,,,,,,,,KHH,0915,2026/10/01,2026/10/29,0034000,AT7,321,,,,,
B7,B78690,,MZG,0840,,,,,,,,,,,,,,,,KHH,0920,2026/11/02,2026/11/30,1234560,AT7,321,,,,,
B7,B78690,,MZG,0840,,,,,,,,,,,,,,,,KHH,0920,2026/11/01,2026/11/29,0000007,AT7,321,,,,,
B7,B78690,,MZG,0840,,,,,,,,,,,,,,,,KHH,0920,2026/12/01,2026/12/31,1234560,AT7,321,,,,,
B7,B78690,,MZG,0840,,,,,,,,,,,,,,,,KHH,0920,2026/12/06,2026/12/27,0000007,AT7,321,,,,,
B7,B78691,,KHH,0800,,,,,,,,,,,,,,,,MZG,0840,2026/10/01,2026/10/31,1234567,AT7,321,,,,,
B7,B78691,,KHH,0830,,,,,,,,,,,,,,,,MZG,0910,2026/11/01,2026/11/29,0000567,AT7,321,,,,,
B7,B78691,,KHH,0830,,,,,,,,,,,,,,,,MZG,0910,2026/11/02,2026/11/30,1030000,AT7,321,,,,,
B7,B78691,,KHH,0830,,,,,,,,,,,,,,,,MZG,0910,2026/12/04,2026/12/27,0000507,AT7,321,,,,,
B7,B78691,,KHH,0830,,,,,,,,,,,,,,,,MZG,0910,2026/12/02,2026/12/30,1030060,AT7,321,,,,,
B7,B78692,,MZG,0915,,,,,,,,,,,,,,,,KHH,0955,2026/10/01,2026/10/31,1234567,AT7,321,,,,,
B7,B78692,,MZG,0950,,,,,,,,,,,,,,,,KHH,1030,2026/11/01,2026/11/07,0000567,AT7,321,,,,,
B7,B78692,,MZG,0950,,,,,,,,,,,,,,,,KHH,1030,2026/11/08,2026/11/14,0204567,AT7,321,,,,,
B7,B78692,,MZG,0950,,,,,,,,,,,,,,,,KHH,1030,2026/11/15,2026/11/21,0004567,AT7,321,,,,,
B7,B78692,,MZG,0950,,,,,,,,,,,,,,,,KHH,1030,2026/11/22,2026/11/29,0204567,AT7,321,,,,,
B7,B78692,,MZG,0950,,,,,,,,,,,,,,,,KHH,1030,2026/11/02,2026/11/30,1030000,AT7,321,,,,,
B7,B78692,,MZG,0950,,,,,,,,,,,,,,,,KHH,1030,2026/12/01,2026/12/13,0204507,AT7,321,,,,,
B7,B78692,,MZG,0950,,,,,,,,,,,,,,,,KHH,1030,2026/12/18,2026/12/31,0204507,AT7,321,,,,,
B7,B78692,,MZG,0950,,,,,,,,,,,,,,,,KHH,1030,2026/12/02,2026/12/30,1030060,AT7,321,,,,,
B7,B78695,,KHH,0955,,,,,,,,,,,,,,,,MZG,1035,2026/11/01,2026/11/30,1234567,AT7,321,,,,,
B7,B78695,,KHH,0955,,,,,,,,,,,,,,,,MZG,1035,2026/12/01,2026/12/31,1234567,AT7,321,,,,,
B7,B78696,,MZG,1120,,,,,,,,,,,,,,,,KHH,1200,2026/10/01,2026/10/31,1234567,AT7,321,,,,,
B7,B78696,,MZG,1110,,,,,,,,,,,,,,,,KHH,1150,2026/11/01,2026/11/07,1234067,AT7,321,,,,,
B7,B78696,,MZG,1110,,,,,,,,,,,,,,,,KHH,1150,2026/11/08,2026/11/30,1234567,AT7,321,,,,,
B7,B78696,,MZG,1110,,,,,,,,,,,,,,,,KHH,1150,2026/12/01,2026/12/31,1234567,AT7,321,,,,,
B7,B78697,,KHH,1045,,,,,,,,,,,,,,,,MZG,1125,2026/10/02,2026/10/07,1030567,AT7,321,,,,,
B7,B78697,,KHH,1045,,,,,,,,,,,,,,,,MZG,1125,2026/10/10,2026/10/31,1030567,AT7,321,,,,,
B7,B78697,,KHH,1025,,,,,,,,,,,,,,,,MZG,1105,2026/10/09,2026/10/09,0000500,321,AT7,,,,,
B7,B78697,,KHH,1140,,,,,,,,,,,,,,,,MZG,1220,2026/11/01,2026/11/30,1030567,AT7,321,,,,,
B7,B78697,,KHH,1125,,,,,,,,,,,,,,,,MZG,1205,2026/11/10,2026/11/12,0204000,AT7,321,,,,,
B7,B78697,,KHH,1125,,,,,,,,,,,,,,,,MZG,1205,2026/11/19,2026/11/26,0204000,AT7,321,,,,,
B7,B78697,,KHH,1125,,,,,,,,,,,,,,,,MZG,1205,2026/12/01,2026/12/10,0204000,AT7,321,,,,,
B7,B78697,,KHH,1125,,,,,,,,,,,,,,,,MZG,1205,2026/12/22,2026/12/31,0204000,AT7,321,,,,,
B7,B78697,,KHH,1140,,,,,,,,,,,,,,,,MZG,1220,2026/12/02,2026/12/30,1030567,AT7,321,,,,,
B7,B78698,,MZG,1220,,,,,,,,,,,,,,,,KHH,1300,2026/10/02,2026/10/07,1030567,AT7,321,,,,,
B7,B78698,,MZG,1220,,,,,,,,,,,,,,,,KHH,1300,2026/10/10,2026/10/31,1030567,AT7,321,,,,,
B7,B78698,,MZG,0855,,,,,,,,,,,,,,,,KHH,0935,2026/10/09,2026/10/09,0000500,321,AT7,,,,,
B7,B78698,,MZG,1300,,,,,,,,,,,,,,,,KHH,1340,2026/11/01,2026/11/30,1030567,AT7,321,,,,,
B7,B78698,,MZG,1300,,,,,,,,,,,,,,,,KHH,1340,2026/12/02,2026/12/30,1030567,AT7,321,,,,,
B7,B78701,,KHH,1235,,,,,,,,,,,,,,,,MZG,1315,2026/10/01,2026/10/31,1234567,AT7,321,,,,,
B7,B78701,,KHH,1225,,,,,,,,,,,,,,,,MZG,1305,2026/11/01,2026/11/07,1234067,AT7,321,,,,,
B7,B78701,,KHH,1225,,,,,,,,,,,,,,,,MZG,1305,2026/11/08,2026/11/30,1234567,AT7,321,,,,,
B7,B78701,,KHH,1225,,,,,,,,,,,,,,,,MZG,1305,2026/12/01,2026/12/31,1234567,AT7,321,,,,,
B7,B78702,,MZG,1615,,,,,,,,,,,,,,,,KHH,1655,2026/10/01,2026/10/31,1234567,AT7,321,,,,,
B7,B78702,,MZG,1620,,,,,,,,,,,,,,,,KHH,1700,2026/11/01,2026/11/07,1234067,AT7,321,,,,,
B7,B78702,,MZG,1620,,,,,,,,,,,,,,,,KHH,1700,2026/11/08,2026/11/30,1234567,AT7,321,,,,,
B7,B78702,,MZG,1640,,,,,,,,,,,,,,,,KHH,1720,2026/11/06,2026/11/06,0000500,AT7,321,,,,,
B7,B78702,,MZG,1620,,,,,,,,,,,,,,,,KHH,1700,2026/12/01,2026/12/31,1234567,AT7,321,,,,,
B7,B78707,,KHH,1330,,,,,,,,,,,,,,,,MZG,1410,2026/10/01,2026/10/31,1234567,AT7,321,,,,,
B7,B78707,,KHH,1350,,,,,,,,,,,,,,,,MZG,1430,2026/11/01,2026/11/30,1234567,AT7,321,,,,,
B7,B78707,,KHH,1350,,,,,,,,,,,,,,,,MZG,1430,2026/12/01,2026/12/31,1234567,AT7,321,,,,,
B7,B78708,,MZG,1740,,,,,,,,,,,,,,,,KHH,1820,2026/11/01,2026/11/30,1234567,AT7,321,,,,,
B7,B78708,,MZG,1740,,,,,,,,,,,,,,,,KHH,1820,2026/12/01,2026/12/31,1234567,AT7,321,,,,,
B7,B78709,,KHH,1525,,,,,,,,,,,,,,,,MZG,1605,2026/10/01,2026/10/31,1234567,AT7,321,,,,,
B7,B78709,,KHH,1525,,,,,,,,,,,,,,,,MZG,1605,2026/11/01,2026/11/30,1234567,AT7,321,,,,,
B7,B78709,,KHH,1525,,,,,,,,,,,,,,,,MZG,1605,2026/12/01,2026/12/31,1234567,AT7,321,,,,,
B7,B78710,,MZG,1910,,,,,,,,,,,,,,,,KHH,1950,2026/10/08,2026/10/14,1234067,AT7,321,,,,,
B7,B78710,,MZG,1910,,,,,,,,,,,,,,,,KHH,1950,2026/10/15,2026/10/31,1234567,AT7,321,,,,,
B7,B78710,,MZG,1920,,,,,,,,,,,,,,,,KHH,2000,2026/10/09,2026/10/09,0000500,AT7,321,,,,,
B7,B78710,,MZG,1910,,,,,,,,,,,,,,,,KHH,1950,2026/10/01,2026/10/07,1234567,AT7,321,,,,,
B7,B78710,,MZG,1910,,,,,,,,,,,,,,,,KHH,1950,2026/11/01,2026/11/30,1234567,AT7,321,,,,,
B7,B78710,,MZG,1910,,,,,,,,,,,,,,,,KHH,1950,2026/12/01,2026/12/31,1234567,AT7,321,,,,,
B7,B78712,,MZG,1740,,,,,,,,,,,,,,,,KHH,1820,2026/10/01,2026/10/31,1234567,AT7,321,,,,,
B7,B78715,,KHH,1800,,,,,,,,,,,,,,,,MZG,1840,2026/10/01,2026/10/31,1234567,AT7,321,,,,,
B7,B78715,,KHH,1800,,,,,,,,,,,,,,,,MZG,1840,2026/11/01,2026/11/30,1234567,AT7,321,,,,,
B7,B78715,,KHH,1800,,,,,,,,,,,,,,,,MZG,1840,2026/12/01,2026/12/31,1234567,AT7,321,,,,,
B7,B78715,,KHH,1730,,,,,,,,,,,,,,,,MZG,1810,2026/10/02,2026/10/08,0004507,AT7,321,,,,,
B7,B78715,,KHH,1730,,,,,,,,,,,,,,,,MZG,1810,2026/10/11,2026/10/23,0000507,AT7,321,,,,,
B7,B78715,,KHH,1730,,,,,,,,,,,,,,,,MZG,1810,2026/10/26,2026/10/30,1000500,AT7,321,,,,,
B7,B78716,,MZG,2000,,,,,,,,,,,,,,,,KHH,2040,2026/10/01,2026/10/31,1234567,AT7,321,,,,,
B7,B78716,,MZG,1940,,,,,,,,,,,,,,,,KHH,2020,2026/11/01,2026/11/30,1234567,AT7,321,,,,,
B7,B78716,,MZG,1940,,,,,,,,,,,,,,,,KHH,2020,2026/12/01,2026/12/31,1234567,AT7,321,,,,,
B7,B78716,,MZG,2115,,,,,,,,,,,,,,,,KHH,2155,2026/10/02,2026/10/08,0004507,AT7,321,,,,,
B7,B78716,,MZG,2115,,,,,,,,,,,,,,,,KHH,2155,2026/10/11,2026/10/23,0000507,AT7,321,,,,,
B7,B78716,,MZG,2115,,,,,,,,,,,,,,,,KHH,2155,2026/10/26,2026/10/30,1000500,AT7,321,,,,,
B7,B78717,,KHH,1900,,,,,,,,,,,,,,,,MZG,1940,2026/10/01,2026/10/30,1034507,AT7,321,,,,,
B7,B78717,,KHH,1900,,,,,,,,,,,,,,,,MZG,1940,2026/10/03,2026/10/31,0200060,AT7,,,,,,
B7,B78717,,KHH,1915,,,,,,,,,,,,,,,,MZG,1955,2026/12/24,2026/12/28,1004567,AT7,321,,,,,
B7,B78718,,MZG,2030,,,,,,,,,,,,,,,,KHH,2110,2026/10/01,2026/10/30,1034507,AT7,321,,,,,
B7,B78718,,MZG,2030,,,,,,,,,,,,,,,,KHH,2110,2026/10/03,2026/10/31,0200060,AT7,321,,,,,
B7,B78718,,MZG,2030,,,,,,,,,,,,,,,,KHH,2110,2026/12/24,2026/12/28,1004567,AT7,321,,,,,
B7,B78721,,TSA,0940,,,,,,,,,,,,,,,,TTT,1045,2026/10/13,2026/10/13,0200000,AT7,321,,,,,
B7,B78721,,TSA,1010,,,,,,,,,,,,,,,,TTT,1115,2026/10/01,2026/10/14,1034567,AT7,321,,,,,
B7,B78721,,TSA,1010,,,,,,,,,,,,,,,,TTT,1115,2026/10/15,2026/10/31,1234567,AT7,321,,,,,
B7,B78721,,TSA,1020,,,,,,,,,,,,,,,,TTT,1125,2026/10/06,2026/10/06,0200000,AT7,321,,,,,
B7,B78721,,TSA,1015,,,,,,,,,,,,,,,,TTT,1120,2026/11/01,2026/11/07,0234067,AT7,321,,,,,
B7,B78721,,TSA,1015,,,,,,,,,,,,,,,,TTT,1120,2026/11/08,2026/11/30,1234567,AT7,321,,,,,
B7,B78721,,TSA,1035,,,,,,,,,,,,,,,,TTT,1125,2026/11/02,2026/11/02,1000000,321,AT7,,,,,
B7,B78721,,TSA,1050,,,,,,,,,,,,,,,,TTT,1155,2026/11/06,2026/11/06,0000500,AT7,321,,,,,
B7,B78721,,TSA,1015,,,,,,,,,,,,,,,,TTT,1120,2026/12/01,2026/12/31,1234567,AT7,321,,,,,
B7,B78721,,TSA,1045,,,,,,,,,,,,,,,,TTT,1150,2026/10/01,2026/10/01,0004000,AT7,321,,,,,
B7,B78722,,TTT,1155,,,,,,,,,,,,,,,,TSA,1255,2026/10/01,2026/10/14,1034567,AT7,321,,,,,
B7,B78722,,TTT,1155,,,,,,,,,,,,,,,,TSA,1255,2026/10/15,2026/10/31,1234567,AT7,321,,,,,
B7,B78722,,TTT,1205,,,,,,,,,,,,,,,,TSA,1305,2026/10/06,2026/10/06,0200000,AT7,321,,,,,
B7,B78722,,TTT,1120,,,,,,,,,,,,,,,,TSA,1220,2026/10/13,2026/10/13,0200000,AT7,321,,,,,
B7,B78722,,TTT,1200,,,,,,,,,,,,,,,,TSA,1300,2026/11/01,2026/11/07,0234067,AT7,321,,,,,
B7,B78722,,TTT,1200,,,,,,,,,,,,,,,,TSA,1300,2026/11/08,2026/11/30,1234567,AT7,321,,,,,
B7,B78722,,TTT,1215,,,,,,,,,,,,,,,,TSA,1305,2026/11/02,2026/11/02,1000000,321,AT7,,,,,
B7,B78722,,TTT,1235,,,,,,,,,,,,,,,,TSA,1335,2026/11/06,2026/11/06,0000500,AT7,321,,,,,
B7,B78722,,TTT,1200,,,,,,,,,,,,,,,,TSA,1300,2026/12/01,2026/12/31,1234567,AT7,321,,,,,
B7,B78722,,TTT,1230,,,,,,,,,,,,,,,,TSA,1330,2026/10/01,2026/10/01,0004000,AT7,321,,,,,
B7,B78725,,TSA,1340,,,,,,,,,,,,,,,,TTT,1445,2026/10/01,2026/10/02,0004500,AT7,321,,,,,
B7,B78725,,TSA,1330,,,,,,,,,,,,,,,,TTT,1435,2026/10/03,2026/10/16,1034567,AT7,321,,,,,
B7,B78725,,TSA,1330,,,,,,,,,,,,,,,,TTT,1435,2026/10/17,2026/10/31,1234567,AT7,321,,,,,
B7,B78725,,TSA,1330,,,,,,,,,,,,,,,,TTT,1435,2026/10/06,2026/10/06,0200000,AT7,321,,,,,
B7,B78725,,TSA,1600,,,,,,,,,,,,,,,,TTT,1705,2026/10/13,2026/10/13,0200000,AT7,321,,,,,
B7,B78725,,TSA,1335,,,,,,,,,,,,,,,,TTT,1440,2026/11/01,2026/11/07,0234567,AT7,321,,,,,
B7,B78725,,TSA,1335,,,,,,,,,,,,,,,,TTT,1440,2026/11/08,2026/11/30,1234567,AT7,321,,,,,
B7,B78725,,TSA,1340,,,,,,,,,,,,,,,,TTT,1445,2026/11/02,2026/11/02,1000000,AT7,321,,,,,
B7,B78725,,TSA,1335,,,,,,,,,,,,,,,,TTT,1440,2026/12/01,2026/12/31,1234567,AT7,321,,,,,
B7,B78726,,TTT,1520,,,,,,,,,,,,,,,,TSA,1620,2026/10/06,2026/10/06,0200000,AT7,321,,,,,
B7,B78726,,TTT,1520,,,,,,,,,,,,,,,,TSA,1620,2026/10/01,2026/10/14,1034567,AT7,321,,,,,
B7,B78726,,TTT,1520,,,,,,,,,,,,,,,,TSA,1620,2026/10/15,2026/10/31,1234567,AT7,321,,,,,
B7,B78726,,TTT,1745,,,,,,,,,,,,,,,,TSA,1845,2026/10/13,2026/10/13,0200000,AT7,321,,,,,
B7,B78726,,TTT,1520,,,,,,,,,,,,,,,,TSA,1620,2026/11/01,2026/11/30,1234567,AT7,321,,,,,
B7,B78726,,TTT,1520,,,,,,,,,,,,,,,,TSA,1620,2026/12/01,2026/12/31,1234567,AT7,321,,,,,
B7,B78727,,TSA,1655,,,,,,,,,,,,,,,,TTT,1800,2026/10/01,2026/10/07,1234567,AT7,321,,,,,
B7,B78727,,TSA,1655,,,,,,,,,,,,,,,,TTT,1800,2026/10/08,2026/10/14,1034567,AT7,321,,,,,
B7,B78727,,TSA,1655,,,,,,,,,,,,,,,,TTT,1800,2026/10/15,2026/10/31,1234567,AT7,321,,,,,
B7,B78727,,TSA,1845,,,,,,,,,,,,,,,,TTT,1950,2026/10/13,2026/10/13,0200000,AT7,321,,,,,
B7,B78727,,TSA,1655,,,,,,,,,,,,,,,,TTT,1800,2026/11/01,2026/11/30,1234567,AT7,321,,,,,
B7,B78727,,TSA,1655,,,,,,,,,,,,,,,,TTT,1800,2026/12/01,2026/12/31,1234567,AT7,321,,,,,
B7,B78728,,TTT,1845,,,,,,,,,,,,,,,,TSA,1945,2026/10/01,2026/10/07,1234567,AT7,321,,,,,
B7,B78728,,TTT,1845,,,,,,,,,,,,,,,,TSA,1945,2026/10/08,2026/10/14,1034567,AT7,321,,,,,
B7,B78728,,TTT,1845,,,,,,,,,,,,,,,,TSA,1945,2026/10/15,2026/10/21,1234567,AT7,321,,,,,
B7,B78728,,TTT,1845,,,,,,,,,,,,,,,,TSA,1945,2026/10/22,2026/10/28,1234507,AT7,321,,,,,
B7,B78728,,TTT,1845,,,,,,,,,,,,,,,,TSA,1945,2026/10/29,2026/10/31,0004560,AT7,321,,,,,
B7,B78728,,TTT,2025,,,,,,,,,,,,,,,,TSA,2125,2026/10/13,2026/10/13,0200000,AT7,321,,,,,
B7,B78728,,TTT,1900,,,,,,,,,,,,,,,,TSA,2000,2026/10/24,2026/10/24,0000060,AT7,321,,,,,
B7,B78728,,TTT,1845,,,,,,,,,,,,,,,,TSA,1945,2026/11/01,2026/11/30,1234567,AT7,321,,,,,
B7,B78728,,TTT,1845,,,,,,,,,,,,,,,,TSA,1945,2026/12/01,2026/12/31,1234567,AT7,321,,,,,
B7,B78729,,TSA,1845,,,,,,,,,,,,,,,,TTT,1950,2026/10/02,2026/10/08,0004500,AT7,321,,,,,
B7,B78729,,TSA,1845,,,,,,,,,,,,,,,,TTT,1950,2026/10/16,2026/10/30,0000500,AT7,321,,,,,
B7,B78729,,TSA,1845,,,,,,,,,,,,,,,,TTT,1950,2026/11/06,2026/11/27,0000500,AT7,321,,,,,
B7,B78729,,TSA,1845,,,,,,,,,,,,,,,,TTT,1950,2026/12/04,2026/12/11,0000500,AT7,321,,,,,
B7,B78729,,TSA,1845,,,,,,,,,,,,,,,,TTT,1950,2026/12/18,2026/12/24,0004500,AT7,321,,,,,
B7,B78729,,TSA,1905,,,,,,,,,,,,,,,,TTT,2010,2026/10/02,2026/10/02,0000500,AT7,321,,,,,
B7,B78730,,TTT,2025,,,,,,,,,,,,,,,,TSA,2125,2026/10/02,2026/10/08,0004500,AT7,321,,,,,
B7,B78730,,TTT,2025,,,,,,,,,,,,,,,,TSA,2125,2026/10/16,2026/10/30,0000500,AT7,321,,,,,
B7,B78730,,TTT,2025,,,,,,,,,,,,,,,,TSA,2125,2026/11/06,2026/11/27,0000500,AT7,321,,,,,
B7,B78730,,TTT,2025,,,,,,,,,,,,,,,,TSA,2125,2026/12/04,2026/12/11,0000500,AT7,321,,,,,
B7,B78730,,TTT,2025,,,,,,,,,,,,,,,,TSA,2125,2026/12/18,2026/12/24,0004500,AT7,321,,,,,
B7,B78730,,TTT,2045,,,,,,,,,,,,,,,,TSA,2145,2026/10/02,2026/10/02,0000500,AT7,321,,,,,
B7,B78731,,RMQ,1130,,,,,,,,,,,,,,,,LZN,1235,2026/10/01,2026/10/31,1234567,AT7,,,,,,
B7,B78731,,RMQ,1055,,,,,,,,,,,,,,,,LZN,1200,2026/11/01,2026/11/29,0030567,AT7,,,,,,
B7,B78731,,RMQ,1055,,,,,,,,,,,,,,,,LZN,1200,2026/11/02,2026/11/30,1204000,AT7,,,,,,
B7,B78731,,RMQ,1055,,,,,,,,,,,,,,,,LZN,1200,2026/12/02,2026/12/30,0030567,AT7,,,,,,
B7,B78731,,RMQ,1055,,,,,,,,,,,,,,,,LZN,1200,2026/12/01,2026/12/31,1204000,AT7,,,,,,
B7,B78732,,LZN,1310,,,,,,,,,,,,,,,,RMQ,1415,2026/10/01,2026/10/07,1234560,AT7,,,,,,
B7,B78732,,LZN,1310,,,,,,,,,,,,,,,,RMQ,1415,2026/10/08,2026/10/31,1234567,AT7,,,,,,
B7,B78732,,LZN,1245,,,,,,,,,,,,,,,,RMQ,1350,2026/11/01,2026/11/29,0030567,AT7,,,,,,
B7,B78732,,LZN,1245,,,,,,,,,,,,,,,,RMQ,1350,2026/11/02,2026/11/30,1204000,AT7,,,,,,
B7,B78732,,LZN,1245,,,,,,,,,,,,,,,,RMQ,1350,2026/12/02,2026/12/30,0030567,AT7,,,,,,
B7,B78732,,LZN,1245,,,,,,,,,,,,,,,,RMQ,1350,2026/12/01,2026/12/31,1204000,AT7,,,,,,
B7,B78735,,RMQ,1430,,,,,,,,,,,,,,,,LZN,1535,2026/10/01,2026/10/31,1234567,AT7,,,,,,
B7,B78736,,LZN,1610,,,,,,,,,,,,,,,,RMQ,1715,2026/10/01,2026/10/31,1234567,AT7,,,,,,
B7,B78751,,TSA,0630,,,,,,,,,,,,,,,,LZN,0725,2026/10/09,2026/10/15,1234567,AT7,,,,,,
B7,B78751,,TSA,0630,,,,,,,,,,,,,,,,LZN,0725,2026/10/16,2026/10/22,0234567,AT7,,,,,,
B7,B78751,,TSA,0630,,,,,,,,,,,,,,,,LZN,0725,2026/10/24,2026/10/31,1234567,AT7,,,,,,
B7,B78751,,TSA,0630,,,,,,,,,,,,,,,,LZN,0725,2026/10/01,2026/10/07,1034567,AT7,,,,,,
B7,B78751,,TSA,0630,,,,,,,,,,,,,,,,LZN,0725,2026/10/06,2026/10/08,0204000,AT7,,,,,,
B7,B78751,,TSA,0630,,,,,,,,,,,,,,,,LZN,0725,2026/10/19,2026/10/23,1000500,AT7,,,,,,
B7,B78751,,TSA,0630,,,,,,,,,,,,,,,,LZN,0725,2026/11/01,2026/11/14,1234567,AT7,,,,,,
B7,B78751,,TSA,0630,,,,,,,,,,,,,,,,LZN,0725,2026/11/16,2026/11/21,1204560,AT7,,,,,,
B7,B78751,,TSA,0630,,,,,,,,,,,,,,,,LZN,0725,2026/11/23,2026/11/30,1234567,AT7,,,,,,
B7,B78751,,TSA,0630,,,,,,,,,,,,,,,,LZN,0725,2026/11/15,2026/11/22,0030007,AT7,,,,,,
B7,B78751,,TSA,0630,,,,,,,,,,,,,,,,LZN,0725,2026/12/02,2026/12/07,1034567,AT7,,,,,,
B7,B78751,,TSA,0630,,,,,,,,,,,,,,,,LZN,0725,2026/12/09,2026/12/14,1034560,AT7,,,,,,
B7,B78751,,TSA,0630,,,,,,,,,,,,,,,,LZN,0725,2026/12/16,2026/12/31,1034567,AT7,,,,,,
B7,B78751,,TSA,0630,,,,,,,,,,,,,,,,LZN,0725,2026/12/01,2026/12/01,0200000,AT7,,,,,,
B7,B78751,,TSA,0630,,,,,,,,,,,,,,,,LZN,0725,2026/12/08,2026/12/15,0200007,AT7,,,,,,
B7,B78751,,TSA,0630,,,,,,,,,,,,,,,,LZN,0725,2026/12/22,2026/12/29,0200000,AT7,,,,,,
B7,B78751,,TSA,0735,,,,,,,,,,,,,,,,LZN,0830,2026/10/01,2026/10/01,0004000,AT7,,,,,,
B7,B78751,,TSA,0735,,,,,,,,,,,,,,,,LZN,0830,2026/10/02,2026/10/02,0000500,AT7,,,,,,
B7,B78752,,LZN,0800,,,,,,,,,,,,,,,,TSA,0850,2026/10/01,2026/10/07,1034567,AT7,,,,,,
B7,B78752,,LZN,0800,,,,,,,,,,,,,,,,TSA,0850,2026/10/09,2026/10/15,1234567,AT7,,,,,,
B7,B78752,,LZN,0800,,,,,,,,,,,,,,,,TSA,0850,2026/10/16,2026/10/22,0234567,AT7,,,,,,
B7,B78752,,LZN,0800,,,,,,,,,,,,,,,,TSA,0850,2026/10/24,2026/10/31,1234567,AT7,,,,,,
B7,B78752,,LZN,0800,,,,,,,,,,,,,,,,TSA,0850,2026/10/06,2026/10/08,0204000,AT7,,,,,,
B7,B78752,,LZN,0800,,,,,,,,,,,,,,,,TSA,0850,2026/10/19,2026/10/23,1000500,AT7,,,,,,
B7,B78752,,LZN,0800,,,,,,,,,,,,,,,,TSA,0850,2026/11/01,2026/11/14,1234567,AT7,,,,,,
B7,B78752,,LZN,0800,,,,,,,,,,,,,,,,TSA,0850,2026/11/16,2026/11/21,1204560,AT7,,,,,,
B7,B78752,,LZN,0800,,,,,,,,,,,,,,,,TSA,0850,2026/11/23,2026/11/30,1234567,AT7,,,,,,
B7,B78752,,LZN,0800,,,,,,,,,,,,,,,,TSA,0850,2026/11/15,2026/11/22,0030007,AT7,,,,,,
B7,B78752,,LZN,0800,,,,,,,,,,,,,,,,TSA,0850,2026/12/02,2026/12/07,1034567,AT7,,,,,,
B7,B78752,,LZN,0800,,,,,,,,,,,,,,,,TSA,0850,2026/12/09,2026/12/14,1034560,AT7,,,,,,
B7,B78752,,LZN,0800,,,,,,,,,,,,,,,,TSA,0850,2026/12/16,2026/12/31,1034567,AT7,,,,,,
B7,B78752,,LZN,0800,,,,,,,,,,,,,,,,TSA,0850,2026/12/01,2026/12/01,0200000,AT7,,,,,,
B7,B78752,,LZN,0800,,,,,,,,,,,,,,,,TSA,0850,2026/12/08,2026/12/15,0200007,AT7,,,,,,
B7,B78752,,LZN,0800,,,,,,,,,,,,,,,,TSA,0850,2026/12/22,2026/12/29,0200000,AT7,,,,,,
B7,B78752,,LZN,0905,,,,,,,,,,,,,,,,TSA,0955,2026/10/01,2026/10/02,0004500,AT7,,,,,,
B7,B78755,,TSA,0930,,,,,,,,,,,,,,,,LZN,1025,2026/10/01,2026/10/07,1034567,AT7,,,,,,
B7,B78755,,TSA,0930,,,,,,,,,,,,,,,,LZN,1025,2026/10/08,2026/10/31,1234567,AT7,,,,,,
B7,B78755,,TSA,0935,,,,,,,,,,,,,,,,LZN,1030,2026/10/06,2026/10/06,0200000,AT7,,,,,,
B7,B78755,,TSA,0930,,,,,,,,,,,,,,,,LZN,1025,2026/11/01,2026/11/30,1234567,AT7,,,,,,
B7,B78755,,TSA,0930,,,,,,,,,,,,,,,,LZN,1025,2026/12/01,2026/12/31,1234567,AT7,,,,,,
B7,B78755,,TSA,1030,,,,,,,,,,,,,,,,LZN,1125,2026/10/01,2026/10/02,0004500,AT7,,,,,,
B7,B78756,,LZN,1100,,,,,,,,,,,,,,,,TSA,1150,2026/10/01,2026/10/31,1234567,AT7,,,,,,
B7,B78756,,LZN,1100,,,,,,,,,,,,,,,,TSA,1150,2026/11/01,2026/11/30,1234567,AT7,,,,,,
B7,B78756,,LZN,1100,,,,,,,,,,,,,,,,TSA,1150,2026/12/01,2026/12/31,1234567,AT7,,,,,,
B7,B78756,,LZN,1205,,,,,,,,,,,,,,,,TSA,1255,2026/10/01,2026/10/02,0004500,AT7,,,,,,
B7,B78757,,TSA,1020,,,,,,,,,,,,,,,,LZN,1115,2026/10/03,2026/10/09,1034567,AT7,,,,,,
B7,B78757,,TSA,1020,,,,,,,,,,,,,,,,LZN,1115,2026/10/10,2026/10/31,1234567,AT7,,,,,,
B7,B78757,,TSA,1050,,,,,,,,,,,,,,,,LZN,1145,2026/10/06,2026/10/06,0200000,AT7,,,,,,
B7,B78758,,LZN,1215,,,,,,,,,,,,,,,,TSA,1305,2026/10/01,2026/10/02,0004500,AT7,,,,,,
B7,B78758,,LZN,1200,,,,,,,,,,,,,,,,TSA,1250,2026/10/03,2026/10/09,1034567,AT7,,,,,,
B7,B78758,,LZN,1200,,,,,,,,,,,,,,,,TSA,1250,2026/10/10,2026/10/31,1234567,AT7,,,,,,
B7,B78758,,LZN,1225,,,,,,,,,,,,,,,,TSA,1315,2026/10/06,2026/10/06,0200000,AT7,,,,,,
B7,B78759,,TSA,1225,,,,,,,,,,,,,,,,LZN,1320,2026/10/01,2026/10/31,1234567,AT7,,,,,,
B7,B78759,,TSA,1225,,,,,,,,,,,,,,,,LZN,1320,2026/11/01,2026/11/07,0234567,AT7,,,,,,
B7,B78759,,TSA,1225,,,,,,,,,,,,,,,,LZN,1320,2026/11/08,2026/11/14,1234567,AT7,,,,,,
B7,B78759,,TSA,1225,,,,,,,,,,,,,,,,LZN,1320,2026/11/15,2026/11/28,0234567,AT7,,,,,,
B7,B78759,,TSA,1225,,,,,,,,,,,,,,,,LZN,1320,2026/11/29,2026/11/30,1000007,AT7,,,,,,
B7,B78759,,TSA,1225,,,,,,,,,,,,,,,,LZN,1320,2026/11/02,2026/11/02,1000000,AT7,,,,,,
B7,B78759,,TSA,1225,,,,,,,,,,,,,,,,LZN,1320,2026/11/16,2026/11/23,1000000,AT7,,,,,,
B7,B78759,,TSA,1225,,,,,,,,,,,,,,,,LZN,1320,2026/12/01,2026/12/14,1234567,AT7,,,,,,
B7,B78759,,TSA,1225,,,,,,,,,,,,,,,,LZN,1320,2026/12/15,2026/12/21,1234507,AT7,,,,,,
B7,B78759,,TSA,1225,,,,,,,,,,,,,,,,LZN,1320,2026/12/22,2026/12/31,1234567,AT7,,,,,,
B7,B78759,,TSA,1225,,,,,,,,,,,,,,,,LZN,1320,2026/12/19,2026/12/19,0000060,AT7,,,,,,
B7,B78759,,TSA,1330,,,,,,,,,,,,,,,,LZN,1425,2026/10/01,2026/10/02,0004500,AT7,,,,,,
B7,B78760,,LZN,1355,,,,,,,,,,,,,,,,TSA,1445,2026/10/01,2026/10/07,1234560,AT7,,,,,,
B7,B78760,,LZN,1355,,,,,,,,,,,,,,,,TSA,1445,2026/10/08,2026/10/31,1234567,AT7,,,,,,
B7,B78760,,LZN,1355,,,,,,,,,,,,,,,,TSA,1445,2026/11/01,2026/11/07,0234567,AT7,,,,,,
B7,B78760,,LZN,1355,,,,,,,,,,,,,,,,TSA,1445,2026/11/08,2026/11/14,1234567,AT7,,,,,,
B7,B78760,,LZN,1355,,,,,,,,,,,,,,,,TSA,1445,2026/11/15,2026/11/28,0234567,AT7,,,,,,
B7,B78760,,LZN,1355,,,,,,,,,,,,,,,,TSA,1445,2026/11/29,2026/11/30,1000007,AT7,,,,,,
B7,B78760,,LZN,1355,,,,,,,,,,,,,,,,TSA,1445,2026/11/02,2026/11/02,1000000,AT7,,,,,,
B7,B78760,,LZN,1355,,,,,,,,,,,,,,,,TSA,1445,2026/11/16,2026/11/23,1000000,AT7,,,,,,
B7,B78760,,LZN,1355,,,,,,,,,,,,,,,,TSA,1445,2026/12/01,2026/12/14,1234567,AT7,,,,,,
B7,B78760,,LZN,1355,,,,,,,,,,,,,,,,TSA,1445,2026/12/15,2026/12/21,1234507,AT7,,,,,,
B7,B78760,,LZN,1355,,,,,,,,,,,,,,,,TSA,1445,2026/12/22,2026/12/31,1234567,AT7,,,,,,
B7,B78760,,LZN,1355,,,,,,,,,,,,,,,,TSA,1445,2026/12/19,2026/12/19,0000060,AT7,,,,,,
B7,B78760,,LZN,1500,,,,,,,,,,,,,,,,TSA,1550,2026/10/01,2026/10/02,0004500,AT7,,,,,,
B7,B78771,,TSA,1520,,,,,,,,,,,,,,,,LZN,1615,2026/10/01,2026/10/06,1204060,AT7,,,,,,
B7,B78771,,TSA,1520,,,,,,,,,,,,,,,,LZN,1615,2026/10/15,2026/10/20,1204567,AT7,,,,,,
B7,B78771,,TSA,1520,,,,,,,,,,,,,,,,LZN,1615,2026/10/22,2026/10/31,1234560,AT7,,,,,,
B7,B78771,,TSA,1550,,,,,,,,,,,,,,,,LZN,1645,2026/10/13,2026/10/13,0200000,AT7,,,,,,
B7,B78771,,TSA,1520,,,,,,,,,,,,,,,,LZN,1615,2026/10/08,2026/10/12,1004507,AT7,,,,,,
B7,B78771,,TSA,1520,,,,,,,,,,,,,,,,LZN,1615,2026/10/07,2026/10/10,0030060,AT7,,,,,,
B7,B78771,,TSA,1520,,,,,,,,,,,,,,,,LZN,1615,2026/10/21,2026/10/25,0030007,AT7,,,,,,
B7,B78771,,TSA,1625,,,,,,,,,,,,,,,,LZN,1720,2026/10/01,2026/10/01,0004000,AT7,,,,,,
B7,B78772,,LZN,1645,,,,,,,,,,,,,,,,TSA,1735,2026/10/01,2026/10/06,1204060,AT7,,,,,,
B7,B78772,,LZN,1645,,,,,,,,,,,,,,,,TSA,1735,2026/10/08,2026/10/12,1004507,AT7,,,,,,
B7,B78772,,LZN,1645,,,,,,,,,,,,,,,,TSA,1735,2026/10/15,2026/10/20,1204567,AT7,,,,,,
B7,B78772,,LZN,1645,,,,,,,,,,,,,,,,TSA,1735,2026/10/22,2026/10/31,1234560,AT7,,,,,,
B7,B78772,,LZN,1535,,,,,,,,,,,,,,,,TSA,1625,2026/10/02,2026/10/02,0000500,AT7,,,,,,
B7,B78772,,LZN,1715,,,,,,,,,,,,,,,,TSA,1805,2026/10/13,2026/10/13,0200000,AT7,,,,,,
B7,B78772,,LZN,1645,,,,,,,,,,,,,,,,TSA,1735,2026/10/07,2026/10/10,0030060,AT7,,,,,,
B7,B78772,,LZN,1645,,,,,,,,,,,,,,,,TSA,1735,2026/10/21,2026/10/25,0030007,AT7,,,,,,
B7,B78772,,LZN,1800,,,,,,,,,,,,,,,,TSA,1850,2026/10/01,2026/10/01,0004000,AT7,,,,,,
B7,B78775,,TSA,1605,,,,,,,,,,,,,,,,LZN,1700,2026/10/01,2026/10/14,1034567,AT7,,,,,,
B7,B78775,,TSA,1605,,,,,,,,,,,,,,,,LZN,1700,2026/10/15,2026/10/31,1234567,AT7,,,,,,
B7,B78775,,TSA,1645,,,,,,,,,,,,,,,,LZN,1740,2026/10/06,2026/10/06,0200000,AT7,,,,,,
B7,B78775,,TSA,1625,,,,,,,,,,,,,,,,LZN,1720,2026/10/13,2026/10/13,0200000,AT7,,,,,,
B7,B78775,,TSA,1605,,,,,,,,,,,,,,,,LZN,1700,2026/11/01,2026/11/30,1234567,AT7,,,,,,
B7,B78775,,TSA,1605,,,,,,,,,,,,,,,,LZN,1700,2026/12/01,2026/12/31,1234567,AT7,,,,,,
B7,B78776,,LZN,1735,,,,,,,,,,,,,,,,TSA,1825,2026/10/01,2026/10/14,1034567,AT7,,,,,,
B7,B78776,,LZN,1735,,,,,,,,,,,,,,,,TSA,1825,2026/10/15,2026/10/31,1234567,AT7,,,,,,
B7,B78776,,LZN,1820,,,,,,,,,,,,,,,,TSA,1910,2026/10/06,2026/10/06,0200000,AT7,,,,,,
B7,B78776,,LZN,1755,,,,,,,,,,,,,,,,TSA,1845,2026/10/13,2026/10/13,0200000,AT7,,,,,,
B7,B78776,,LZN,1730,,,,,,,,,,,,,,,,TSA,1820,2026/11/01,2026/11/30,1234567,AT7,,,,,,
B7,B78776,,LZN,1730,,,,,,,,,,,,,,,,TSA,1820,2026/12/01,2026/12/31,1234567,AT7,,,,,,
B7,B78781,,TSA,0645,,,,,,,,,,,,,,,,MFK,0740,2026/10/01,2026/10/31,1234567,AT7,,,,,,
B7,B78781,,TSA,0725,,,,,,,,,,,,,,,,MFK,0820,2026/11/01,2026/11/30,1234567,AT7,,,,,,
B7,B78781,,TSA,0725,,,,,,,,,,,,,,,,MFK,0820,2026/12/01,2026/12/31,1234567,AT7,,,,,,
B7,B78781,,TSA,0645,,,,,,,,,,,,,,,,MFK,0740,2026/09/30,2026/10/02,0030500,AT7,,,,,,
B7,B78781,,TSA,0750,,,,,,,,,,,,,,,,MFK,0845,2026/10/01,2026/10/01,0004000,AT7,,,,,,
B7,B78782,,MFK,0815,,,,,,,,,,,,,,,,TSA,0905,2026/10/01,2026/10/31,1234567,AT7,,,,,,
B7,B78782,,MFK,0850,,,,,,,,,,,,,,,,TSA,0940,2026/11/01,2026/11/05,0234007,AT7,,,,,,
B7,B78782,,MFK,0850,,,,,,,,,,,,,,,,TSA,0940,2026/11/11,2026/11/11,0030000,AT7,,,,,,
B7,B78782,,MFK,0850,,,,,,,,,,,,,,,,TSA,0940,2026/11/25,2026/11/25,0030000,AT7,,,,,,
B7,B78782,,MFK,0855,,,,,,,,,,,,,,,,TSA,0945,2026/11/02,2026/11/08,1000567,AT7,,,,,,
B7,B78782,,MFK,0855,,,,,,,,,,,,,,,,TSA,0945,2026/11/09,2026/11/15,1204567,AT7,,,,,,
B7,B78782,,MFK,0855,,,,,,,,,,,,,,,,TSA,0945,2026/11/16,2026/11/22,1234567,AT7,,,,,,
B7,B78782,,MFK,0855,,,,,,,,,,,,,,,,TSA,0945,2026/11/23,2026/11/30,1204567,AT7,,,,,,
B7,B78782,,MFK,0855,,,,,,,,,,,,,,,,TSA,0945,2026/12/01,2026/12/13,1234567,AT7,,,,,,
B7,B78782,,MFK,0855,,,,,,,,,,,,,,,,TSA,0945,2026/12/19,2026/12/31,1234567,AT7,,,,,,
B7,B78782,,MFK,0850,,,,,,,,,,,,,,,,TSA,0940,2026/12/14,2026/12/18,1234500,AT7,,,,,,
B7,B78782,,MFK,0815,,,,,,,,,,,,,,,,TSA,0905,2026/09/30,2026/10/02,0030500,AT7,,,,,,
B7,B78782,,MFK,0920,,,,,,,,,,,,,,,,TSA,1010,2026/10/01,2026/10/01,0004000,AT7,,,,,,
B7,B78785,,TSA,1325,,,,,,,,,,,,,,,,MFK,1420,2026/10/01,2026/10/07,1034560,AT7,,,,,,
B7,B78785,,TSA,1325,,,,,,,,,,,,,,,,MFK,1420,2026/10/08,2026/10/31,1234567,AT7,,,,,,
B7,B78785,,TSA,1350,,,,,,,,,,,,,,,,MFK,1445,2026/10/06,2026/10/06,0200000,AT7,,,,,,
B7,B78785,,TSA,1405,,,,,,,,,,,,,,,,MFK,1500,2026/10/01,2026/10/01,0004000,AT7,,,,,,
B7,B78786,,MFK,1455,,,,,,,,,,,,,,,,TSA,1545,2026/10/01,2026/10/07,1034560,AT7,,,,,,
B7,B78786,,MFK,1455,,,,,,,,,,,,,,,,TSA,1545,2026/10/08,2026/10/31,1234567,AT7,,,,,,
B7,B78786,,MFK,1520,,,,,,,,,,,,,,,,TSA,1610,2026/10/06,2026/10/06,0200000,AT7,,,,,,
B7,B78786,,MFK,1535,,,,,,,,,,,,,,,,TSA,1625,2026/10/01,2026/10/01,0004000,AT7,,,,,,
B7,B78789,,TSA,1510,,,,,,,,,,,,,,,,MFK,1605,2026/10/01,2026/10/07,1034067,AT7,,,,,,
B7,B78789,,TSA,1510,,,,,,,,,,,,,,,,MFK,1605,2026/10/08,2026/10/12,1004567,AT7,,,,,,
B7,B78789,,TSA,1510,,,,,,,,,,,,,,,,MFK,1605,2026/10/15,2026/10/31,1234567,AT7,,,,,,
B7,B78789,,TSA,1520,,,,,,,,,,,,,,,,MFK,1615,2026/10/02,2026/10/02,0000500,AT7,,,,,,
B7,B78789,,TSA,1520,,,,,,,,,,,,,,,,MFK,1615,2026/10/13,2026/10/14,0230000,AT7,,,,,,
B7,B78789,,TSA,1605,,,,,,,,,,,,,,,,MFK,1700,2026/10/06,2026/10/06,0200000,AT7,,,,,,
B7,B78789,,TSA,1520,,,,,,,,,,,,,,,,MFK,1615,2026/11/01,2026/11/30,1234567,AT7,,,,,,
B7,B78789,,TSA,1520,,,,,,,,,,,,,,,,MFK,1615,2026/12/01,2026/12/31,1234567,AT7,,,,,,
B7,B78789,,TSA,1625,,,,,,,,,,,,,,,,MFK,1720,2026/10/02,2026/10/02,0000500,AT7,,,,,,
B7,B78790,,MFK,1640,,,,,,,,,,,,,,,,TSA,1730,2026/10/01,2026/10/07,1034067,AT7,,,,,,
B7,B78790,,MFK,1640,,,,,,,,,,,,,,,,TSA,1730,2026/10/08,2026/10/12,1004567,AT7,,,,,,
B7,B78790,,MFK,1640,,,,,,,,,,,,,,,,TSA,1730,2026/10/15,2026/10/31,1234567,AT7,,,,,,
B7,B78790,,MFK,1645,,,,,,,,,,,,,,,,TSA,1735,2026/10/02,2026/10/02,0000500,AT7,,,,,,
B7,B78790,,MFK,1645,,,,,,,,,,,,,,,,TSA,1735,2026/10/13,2026/10/14,0230000,AT7,,,,,,
B7,B78790,,MFK,1735,,,,,,,,,,,,,,,,TSA,1825,2026/10/06,2026/10/06,0200000,AT7,,,,,,
B7,B78790,,MFK,1645,,,,,,,,,,,,,,,,TSA,1735,2026/11/01,2026/11/30,1234567,AT7,,,,,,
B7,B78790,,MFK,1645,,,,,,,,,,,,,,,,TSA,1735,2026/12/01,2026/12/31,1234567,AT7,,,,,,
B7,B78790,,MFK,1755,,,,,,,,,,,,,,,,TSA,1845,2026/10/02,2026/10/02,0000500,AT7,,,,,,
B7,B78801,,TSA,0700,,,,,,,,,,,,,,,,KNH,0805,2026/10/01,2026/10/31,1234567,321,AT7,,,,,
B7,B78801,,TSA,0700,,,,,,,,,,,,,,,,KNH,0805,2026/11/01,2026/11/30,1234567,321,AT7,,,,,
B7,B78801,,TSA,0700,,,,,,,,,,,,,,,,KNH,0805,2026/12/01,2026/12/31,1234567,321,AT7,,,,,
B7,B78801,,TSA,0730,,,,,,,,,,,,,,,,KNH,0835,2026/09/30,2026/10/02,0034500,321,AT7,,,,,
B7,B78802,,KNH,0855,,,,,,,,,,,,,,,,TSA,0955,2026/10/01,2026/10/31,1234567,321,AT7,,,,,
B7,B78802,,KNH,0855,,,,,,,,,,,,,,,,TSA,0955,2026/11/01,2026/11/30,1234567,321,AT7,,,,,
B7,B78802,,KNH,0855,,,,,,,,,,,,,,,,TSA,0955,2026/12/01,2026/12/31,1234567,321,AT7,,,,,
B7,B78802,,KNH,0925,,,,,,,,,,,,,,,,TSA,1025,2026/09/30,2026/10/02,0034500,321,AT7,,,,,
B7,B78805,,TSA,0755,,,,,,,,,,,,,,,,KNH,0900,2026/10/01,2026/10/29,1234567,321,AT7,,,,,
B7,B78806,,KNH,0950,,,,,,,,,,,,,,,,TSA,1050,2026/10/01,2026/10/29,1234567,321,AT7,,,,,
B7,B78809,,TSA,0900,,,,,,,,,,,,,,,,KNH,1020,2026/10/01,2026/10/31,1234567,AT7,321,,,,,
B7,B78809,,TSA,0900,,,,,,,,,,,,,,,,KNH,1020,2026/11/01,2026/11/30,1234567,AT7,321,,,,,
B7,B78809,,TSA,0900,,,,,,,,,,,,,,,,KNH,1020,2026/12/01,2026/12/31,1234567,AT7,321,,,,,
B7,B78811,,TSA,1045,,,,,,,,,,,,,,,,KNH,1150,2026/10/01,2026/10/30,1234567,321,AT7,,,,,
B7,B78811,,TSA,1045,,,,,,,,,,,,,,,,KNH,1150,2026/11/01,2026/11/30,1234567,321,AT7,,,,,
B7,B78811,,TSA,1045,,,,,,,,,,,,,,,,KNH,1150,2026/12/01,2026/12/31,1234567,321,AT7,,,,,
B7,B78811,,TSA,1120,,,,,,,,,,,,,,,,KNH,1225,2026/09/30,2026/10/02,0034500,321,AT7,,,,,
B7,B78812,,KNH,1240,,,,,,,,,,,,,,,,TSA,1340,2026/10/01,2026/10/30,1234567,321,AT7,,,,,
B7,B78812,,KNH,1240,,,,,,,,,,,,,,,,TSA,1340,2026/11/01,2026/11/30,1234567,321,AT7,,,,,
B7,B78812,,KNH,1240,,,,,,,,,,,,,,,,TSA,1340,2026/12/01,2026/12/31,1234567,321,AT7,,,,,
B7,B78812,,KNH,1315,,,,,,,,,,,,,,,,TSA,1415,2026/09/30,2026/10/02,0034500,321,AT7,,,,,
B7,B78816,,KNH,1400,,,,,,,,,,,,,,,,TSA,1515,2026/10/13,2026/10/13,0200000,AT7,321,,,,,
B7,B78816,,KNH,1415,,,,,,,,,,,,,,,,TSA,1530,2026/10/08,2026/10/14,1034567,AT7,321,,,,,
B7,B78816,,KNH,1415,,,,,,,,,,,,,,,,TSA,1530,2026/10/15,2026/10/31,1234567,AT7,321,,,,,
B7,B78816,,KNH,1415,,,,,,,,,,,,,,,,TSA,1530,2026/10/01,2026/10/07,1234567,AT7,321,,,,,
B7,B78816,,KNH,1415,,,,,,,,,,,,,,,,TSA,1530,2026/11/01,2026/11/30,1234567,AT7,321,,,,,
B7,B78816,,KNH,1415,,,,,,,,,,,,,,,,TSA,1530,2026/12/01,2026/12/31,1234567,AT7,321,,,,,
B7,B78819,,TSA,1140,,,,,,,,,,,,,,,,KNH,1245,2026/10/01,2026/10/30,1234567,321,AT7,,,,,
B7,B78819,,TSA,1410,,,,,,,,,,,,,,,,KNH,1530,2026/11/02,2026/11/02,1000000,AT7,321,,,,,
B7,B78819,,TSA,1345,,,,,,,,,,,,,,,,KNH,1505,2026/11/06,2026/11/12,1204567,AT7,321,,,,,
B7,B78819,,TSA,1345,,,,,,,,,,,,,,,,KNH,1505,2026/11/13,2026/11/19,1234567,AT7,321,,,,,
B7,B78819,,TSA,1345,,,,,,,,,,,,,,,,KNH,1505,2026/11/20,2026/11/30,1204567,AT7,321,,,,,
B7,B78819,,TSA,1345,,,,,,,,,,,,,,,,KNH,1505,2026/12/19,2026/12/31,1234567,AT7,321,,,,,
B7,B78819,,TSA,1345,,,,,,,,,,,,,,,,KNH,1505,2026/12/01,2026/12/13,1234567,AT7,321,,,,,
B7,B78820,,KNH,1335,,,,,,,,,,,,,,,,TSA,1435,2026/10/01,2026/10/30,1234567,321,AT7,,,,,
B7,B78820,,KNH,1610,,,,,,,,,,,,,,,,TSA,1725,2026/11/02,2026/11/02,1000000,AT7,321,,,,,
B7,B78820,,KNH,1540,,,,,,,,,,,,,,,,TSA,1655,2026/11/06,2026/11/12,1204567,AT7,321,,,,,
B7,B78820,,KNH,1540,,,,,,,,,,,,,,,,TSA,1655,2026/11/13,2026/11/19,1234567,AT7,321,,,,,
B7,B78820,,KNH,1540,,,,,,,,,,,,,,,,TSA,1655,2026/11/20,2026/11/30,1204567,AT7,321,,,,,
B7,B78820,,KNH,1540,,,,,,,,,,,,,,,,TSA,1655,2026/12/01,2026/12/13,1234567,AT7,321,,,,,
B7,B78820,,KNH,1540,,,,,,,,,,,,,,,,TSA,1655,2026/12/19,2026/12/31,1234567,AT7,321,,,,,
B7,B78821,,TSA,1430,,,,,,,,,,,,,,,,KNH,1535,2026/10/01,2026/10/31,1234567,321,AT7,,,,,
B7,B78821,,TSA,1430,,,,,,,,,,,,,,,,KNH,1535,2026/11/01,2026/11/30,1234567,321,AT7,,,,,
B7,B78821,,TSA,1430,,,,,,,,,,,,,,,,KNH,1535,2026/12/01,2026/12/31,1234567,321,AT7,,,,,
B7,B78821,,TSA,1505,,,,,,,,,,,,,,,,KNH,1610,2026/09/30,2026/10/02,0034500,321,AT7,,,,,
B7,B78822,,KNH,1630,,,,,,,,,,,,,,,,TSA,1730,2026/10/01,2026/10/31,1234567,321,AT7,,,,,
B7,B78822,,KNH,1630,,,,,,,,,,,,,,,,TSA,1730,2026/11/01,2026/11/30,1234567,321,AT7,,,,,
B7,B78822,,KNH,1630,,,,,,,,,,,,,,,,TSA,1730,2026/12/01,2026/12/31,1234567,321,AT7,,,,,
B7,B78822,,KNH,1700,,,,,,,,,,,,,,,,TSA,1800,2026/09/30,2026/10/02,0034500,321,AT7,,,,,
B7,B78829,,TSA,1715,,,,,,,,,,,,,,,,KNH,1835,2026/11/01,2026/11/06,0000507,AT7,321,,,,,
B7,B78829,,TSA,1715,,,,,,,,,,,,,,,,KNH,1835,2026/11/08,2026/11/30,1000507,AT7,321,,,,,
B7,B78829,,TSA,1715,,,,,,,,,,,,,,,,KNH,1820,2026/11/02,2026/11/02,1000000,321,AT7,,,,,
B7,B78829,,TSA,1715,,,,,,,,,,,,,,,,KNH,1835,2026/11/03,2026/11/28,0234060,AT7,321,,,,,
B7,B78829,,TSA,1715,,,,,,,,,,,,,,,,KNH,1835,2026/12/04,2026/12/14,1000567,AT7,321,,,,,
B7,B78829,,TSA,1715,,,,,,,,,,,,,,,,KNH,1835,2026/12/19,2026/12/28,1000567,AT7,321,,,,,
B7,B78829,,TSA,1715,,,,,,,,,,,,,,,,KNH,1835,2026/12/01,2026/12/31,0234000,AT7,321,,,,,
B7,B78830,,KNH,1915,,,,,,,,,,,,,,,,TSA,2030,2026/11/01,2026/11/06,0000507,AT7,321,,,,,
B7,B78830,,KNH,1915,,,,,,,,,,,,,,,,TSA,2030,2026/11/08,2026/11/30,1000507,AT7,321,,,,,
B7,B78830,,KNH,1915,,,,,,,,,,,,,,,,TSA,2015,2026/11/02,2026/11/02,1000000,321,AT7,,,,,
B7,B78830,,KNH,1915,,,,,,,,,,,,,,,,TSA,2030,2026/11/03,2026/11/28,0234060,AT7,321,,,,,
B7,B78830,,KNH,1915,,,,,,,,,,,,,,,,TSA,2030,2026/12/04,2026/12/14,1000567,AT7,321,,,,,
B7,B78830,,KNH,1915,,,,,,,,,,,,,,,,TSA,2030,2026/12/19,2026/12/28,1000567,AT7,321,,,,,
B7,B78830,,KNH,1915,,,,,,,,,,,,,,,,TSA,2030,2026/12/01,2026/12/31,0234000,AT7,321,,,,,
B7,B78835,,TSA,1820,,,,,,,,,,,,,,,,KNH,1925,2026/10/01,2026/10/31,1234567,321,AT7,,,,,
B7,B78835,,TSA,1820,,,,,,,,,,,,,,,,KNH,1925,2026/11/01,2026/11/30,1234567,321,AT7,,,,,
B7,B78835,,TSA,1820,,,,,,,,,,,,,,,,KNH,1925,2026/12/01,2026/12/31,1234567,321,AT7,,,,,
B7,B78835,,TSA,1850,,,,,,,,,,,,,,,,KNH,1955,2026/09/30,2026/10/02,0034500,321,AT7,,,,,
B7,B78836,,KNH,2015,,,,,,,,,,,,,,,,TSA,2115,2026/10/01,2026/10/31,1234567,321,AT7,,,,,
B7,B78836,,KNH,2015,,,,,,,,,,,,,,,,TSA,2115,2026/11/01,2026/11/30,1234567,321,AT7,,,,,
B7,B78836,,KNH,2015,,,,,,,,,,,,,,,,TSA,2115,2026/12/01,2026/12/31,1234567,321,AT7,,,,,
B7,B78836,,KNH,2045,,,,,,,,,,,,,,,,TSA,2145,2026/09/30,2026/10/02,0034500,321,AT7,,,,,
B7,B78851,,MZG,0945,,,,,,,,,,,,,,,,LZN,1110,2026/10/01,2026/10/01,0004000,AT7,,,,,,
B7,B78856,,LZN,1310,,,,,,,,,,,,,,,,MZG,1435,2026/10/04,2026/10/04,0000007,AT7,,,,,,
B7,B78859,,MZG,1340,,,,,,,,,,,,,,,,LZN,1505,2026/10/02,2026/10/02,0000500,AT7,,,,,,
B7,B78860,,LZN,1355,,,,,,,,,,,,,,,,MZG,1520,2026/10/04,2026/10/04,0000007,AT7,,,,,,
B7,B78871,,KNH,0935,,,,,,,,,,,,,,,,LZN,1135,2026/10/01,2026/10/02,0004500,AT7,,,,,,
B7,B78876,,LZN,1500,,,,,,,,,,,,,,,,KNH,1655,2026/10/04,2026/10/04,0000007,AT7,,,,,,
B7,B78901,,CYI,1245,,,,,,,,,,,,,,,,KNH,1340,2026/10/15,2026/10/27,1234567,AT7,,,,,,
B7,B78901,,CYI,1245,,,,,,,,,,,,,,,,KNH,1340,2026/10/29,2026/10/31,0004560,AT7,,,,,,
B7,B78901,,CYI,1230,,,,,,,,,,,,,,,,KNH,1325,2026/10/13,2026/10/13,0200000,AT7,,,,,,
B7,B78901,,CYI,1245,,,,,,,,,,,,,,,,KNH,1340,2026/10/08,2026/10/14,1034567,AT7,,,,,,
B7,B78901,,CYI,1245,,,,,,,,,,,,,,,,KNH,1340,2026/10/01,2026/10/07,1234567,AT7,,,,,,
B7,B78901,,CYI,1245,,,,,,,,,,,,,,,,KNH,1340,2026/10/28,2026/10/28,0030000,AT7,,,,,,
B7,B78901,,CYI,1245,,,,,,,,,,,,,,,,KNH,1340,2026/11/01,2026/11/07,1034567,AT7,,,,,,
B7,B78901,,CYI,1245,,,,,,,,,,,,,,,,KNH,1340,2026/11/08,2026/11/30,1234567,AT7,,,,,,
B7,B78901,,CYI,1245,,,,,,,,,,,,,,,,KNH,1340,2026/11/03,2026/11/03,0200000,AT7,,,,,,
B7,B78901,,CYI,1245,,,,,,,,,,,,,,,,KNH,1340,2026/12/01,2026/12/07,1234567,AT7,,,,,,
B7,B78901,,CYI,1245,,,,,,,,,,,,,,,,KNH,1340,2026/12/08,2026/12/14,1204567,AT7,,,,,,
B7,B78901,,CYI,1245,,,,,,,,,,,,,,,,KNH,1340,2026/12/15,2026/12/31,1234567,AT7,,,,,,
B7,B78901,,CYI,1245,,,,,,,,,,,,,,,,KNH,1340,2026/12/09,2026/12/09,0030000,AT7,,,,,,
B7,B78902,,KNH,1105,,,,,,,,,,,,,,,,CYI,1200,2026/10/01,2026/10/07,1234567,AT7,,,,,,
B7,B78902,,KNH,1105,,,,,,,,,,,,,,,,CYI,1200,2026/10/08,2026/10/14,1034567,AT7,,,,,,
B7,B78902,,KNH,1105,,,,,,,,,,,,,,,,CYI,1200,2026/10/15,2026/10/27,1234567,AT7,,,,,,
B7,B78902,,KNH,1105,,,,,,,,,,,,,,,,CYI,1200,2026/10/29,2026/10/31,0004560,AT7,,,,,,
B7,B78902,,KNH,1055,,,,,,,,,,,,,,,,CYI,1150,2026/10/13,2026/10/13,0200000,AT7,,,,,,
B7,B78902,,KNH,1105,,,,,,,,,,,,,,,,CYI,1200,2026/10/28,2026/10/28,0030000,AT7,,,,,,
B7,B78902,,KNH,1105,,,,,,,,,,,,,,,,CYI,1200,2026/11/01,2026/11/07,1034567,AT7,,,,,,
B7,B78902,,KNH,1105,,,,,,,,,,,,,,,,CYI,1200,2026/11/08,2026/11/30,1234567,AT7,,,,,,
B7,B78902,,KNH,1105,,,,,,,,,,,,,,,,CYI,1200,2026/11/03,2026/11/03,0200000,AT7,,,,,,
B7,B78902,,KNH,1105,,,,,,,,,,,,,,,,CYI,1200,2026/12/01,2026/12/07,1234567,AT7,,,,,,
B7,B78902,,KNH,1105,,,,,,,,,,,,,,,,CYI,1200,2026/12/08,2026/12/14,1204567,AT7,,,,,,
B7,B78902,,KNH,1105,,,,,,,,,,,,,,,,CYI,1200,2026/12/15,2026/12/31,1234567,AT7,,,,,,
B7,B78902,,KNH,1105,,,,,,,,,,,,,,,,CYI,1200,2026/12/09,2026/12/09,0030000,AT7,,,,,,
B7,B78911,,KHH,0830,,,,,,,,,,,,,,,,KNH,0935,2026/10/01,2026/10/31,1234567,AT7,321,,,,,
B7,B78911,,KHH,0700,,,,,,,,,,,,,,,,KNH,0805,2026/11/02,2026/11/30,1000507,AT7,321,,,,,
B7,B78911,,KHH,0700,,,,,,,,,,,,,,,,KNH,0805,2026/11/01,2026/11/01,0000007,AT7,321,,,,,
B7,B78911,,KHH,0700,,,,,,,,,,,,,,,,KNH,0805,2026/11/03,2026/11/28,0234060,AT7,321,,,,,
B7,B78911,,KHH,0700,,,,,,,,,,,,,,,,KNH,0805,2026/12/04,2026/12/07,1000560,AT7,321,,,,,
B7,B78911,,KHH,0700,,,,,,,,,,,,,,,,KNH,0805,2026/12/11,2026/12/28,1000567,AT7,321,,,,,
B7,B78911,,KHH,0700,,,,,,,,,,,,,,,,KNH,0805,2026/12/15,2026/12/31,0234000,AT7,321,,,,,
B7,B78911,,KHH,0700,,,,,,,,,,,,,,,,KNH,0805,2026/12/01,2026/12/10,0234007,AT7,321,,,,,
B7,B78912,,KNH,1030,,,,,,,,,,,,,,,,KHH,1130,2026/10/01,2026/10/31,1234567,AT7,321,,,,,
B7,B78912,,KNH,0840,,,,,,,,,,,,,,,,KHH,0940,2026/11/01,2026/11/30,1000507,AT7,321,,,,,
B7,B78912,,KNH,0840,,,,,,,,,,,,,,,,KHH,0940,2026/11/03,2026/11/28,0234060,AT7,321,,,,,
B7,B78912,,KNH,0840,,,,,,,,,,,,,,,,KHH,0940,2026/12/04,2026/12/07,1000560,AT7,321,,,,,
B7,B78912,,KNH,0840,,,,,,,,,,,,,,,,KHH,0940,2026/12/11,2026/12/28,1000567,AT7,321,,,,,
B7,B78912,,KNH,0840,,,,,,,,,,,,,,,,KHH,0940,2026/12/01,2026/12/10,0234007,AT7,321,,,,,
B7,B78912,,KNH,0840,,,,,,,,,,,,,,,,KHH,0940,2026/12/15,2026/12/31,0234000,AT7,321,,,,,
B7,B78915,,KHH,0800,,,,,,,,,,,,,,,,KNH,0905,2026/11/01,2026/11/30,1234567,AT7,321,,,,,
B7,B78915,,KHH,0800,,,,,,,,,,,,,,,,KNH,0905,2026/12/01,2026/12/31,1234567,AT7,321,,,,,
B7,B78916,,KNH,1030,,,,,,,,,,,,,,,,KHH,1130,2026/11/01,2026/11/30,1234567,AT7,321,,,,,
B7,B78916,,KNH,1030,,,,,,,,,,,,,,,,KHH,1130,2026/12/01,2026/12/31,1234567,AT7,321,,,,,
B7,B78917,,KHH,1000,,,,,,,,,,,,,,,,KNH,1105,2026/10/01,2026/10/31,1234567,AT7,321,,,,,
B7,B78917,,KHH,1020,,,,,,,,,,,,,,,,KNH,1125,2026/11/01,2026/11/30,1234567,AT7,321,,,,,
B7,B78917,,KHH,1020,,,,,,,,,,,,,,,,KNH,1125,2026/12/01,2026/12/31,1234567,AT7,321,,,,,
B7,B78918,,KNH,1150,,,,,,,,,,,,,,,,KHH,1250,2026/10/01,2026/10/31,1234567,AT7,321,,,,,
B7,B78918,,KNH,1215,,,,,,,,,,,,,,,,KHH,1315,2026/11/01,2026/11/30,1234567,AT7,321,,,,,
B7,B78918,,KNH,1215,,,,,,,,,,,,,,,,KHH,1315,2026/12/01,2026/12/31,1234567,AT7,321,,,,,
B7,B78921,,KHH,1420,,,,,,,,,,,,,,,,KNH,1525,2026/10/01,2026/10/14,1234567,AT7,321,,,,,
B7,B78921,,KHH,1420,,,,,,,,,,,,,,,,KNH,1525,2026/10/16,2026/10/31,1234567,AT7,321,,,,,
B7,B78921,,KHH,1420,,,,,,,,,,,,,,,,KNH,1525,2026/11/01,2026/11/14,1234567,AT7,321,,,,,
B7,B78921,,KHH,1420,,,,,,,,,,,,,,,,KNH,1525,2026/11/15,2026/11/21,1230567,AT7,321,,,,,
B7,B78921,,KHH,1420,,,,,,,,,,,,,,,,KNH,1525,2026/11/22,2026/11/30,1234567,AT7,321,,,,,
B7,B78921,,KHH,1420,,,,,,,,,,,,,,,,KNH,1525,2026/12/01,2026/12/14,1234567,AT7,321,,,,,
B7,B78921,,KHH,1420,,,,,,,,,,,,,,,,KNH,1525,2026/12/15,2026/12/21,1230567,AT7,321,,,,,
B7,B78921,,KHH,1420,,,,,,,,,,,,,,,,KNH,1525,2026/12/22,2026/12/31,1234567,AT7,321,,,,,
B7,B78922,,KNH,1600,,,,,,,,,,,,,,,,KHH,1700,2026/10/16,2026/10/31,1234567,AT7,321,,,,,
B7,B78922,,KNH,1600,,,,,,,,,,,,,,,,KHH,1700,2026/10/01,2026/10/14,1234567,AT7,321,,,,,
B7,B78922,,KNH,1600,,,,,,,,,,,,,,,,KHH,1700,2026/11/01,2026/11/14,1234567,AT7,321,,,,,
B7,B78922,,KNH,1600,,,,,,,,,,,,,,,,KHH,1700,2026/11/15,2026/11/21,1230567,AT7,321,,,,,
B7,B78922,,KNH,1600,,,,,,,,,,,,,,,,KHH,1700,2026/11/22,2026/11/30,1234567,AT7,321,,,,,
B7,B78922,,KNH,1600,,,,,,,,,,,,,,,,KHH,1700,2026/12/01,2026/12/14,1234567,AT7,321,,,,,
B7,B78922,,KNH,1600,,,,,,,,,,,,,,,,KHH,1700,2026/12/15,2026/12/21,1230567,AT7,321,,,,,
B7,B78922,,KNH,1600,,,,,,,,,,,,,,,,KHH,1700,2026/12/22,2026/12/31,1234567,AT7,321,,,,,
B7,B78925,,KHH,1930,,,,,,,,,,,,,,,,KNH,2020,2026/10/01,2026/10/05,1004007,321,AT7,,,,,
B7,B78925,,KHH,1930,,,,,,,,,,,,,,,,KNH,2020,2026/10/12,2026/10/26,1000007,321,AT7,,,,,
B7,B78925,,KHH,1930,,,,,,,,,,,,,,,,KNH,2020,2026/10/15,2026/10/29,0004000,321,AT7,,,,,
B7,B78925,,KHH,1630,,,,,,,,,,,,,,,,KNH,1735,2026/11/01,2026/11/30,1234567,AT7,321,,,,,
B7,B78925,,KHH,1630,,,,,,,,,,,,,,,,KNH,1735,2026/12/01,2026/12/31,1234567,AT7,321,,,,,
B7,B78926,,KNH,1745,,,,,,,,,,,,,,,,KHH,1835,2026/10/01,2026/10/05,1004007,321,AT7,,,,,
B7,B78926,,KNH,1745,,,,,,,,,,,,,,,,KHH,1835,2026/10/12,2026/10/26,1000007,321,AT7,,,,,
B7,B78926,,KNH,1745,,,,,,,,,,,,,,,,KHH,1835,2026/10/15,2026/10/29,0004000,321,AT7,,,,,
B7,B78926,,KNH,1455,,,,,,,,,,,,,,,,KHH,1555,2026/11/01,2026/11/30,1234567,AT7,321,,,,,
B7,B78926,,KNH,1455,,,,,,,,,,,,,,,,KHH,1555,2026/12/01,2026/12/31,1234567,AT7,321,,,,,
B7,B78927,,KHH,1745,,,,,,,,,,,,,,,,KNH,1850,2026/10/01,2026/10/12,1234567,AT7,321,,,,,
B7,B78927,,KHH,1745,,,,,,,,,,,,,,,,KNH,1850,2026/10/15,2026/10/31,1004567,AT7,321,,,,,
B7,B78927,,KHH,1745,,,,,,,,,,,,,,,,KNH,1850,2026/10/13,2026/10/28,0230000,AT7,,,,,,
B7,B78927,,KHH,1740,,,,,,,,,,,,,,,,KNH,1845,2026/11/01,2026/11/30,1234567,AT7,321,,,,,
B7,B78927,,KHH,1740,,,,,,,,,,,,,,,,KNH,1845,2026/12/01,2026/12/31,1234567,AT7,321,,,,,
B7,B78928,,KNH,1940,,,,,,,,,,,,,,,,KHH,2040,2026/10/01,2026/10/12,1234567,AT7,321,,,,,
B7,B78928,,KNH,1940,,,,,,,,,,,,,,,,KHH,2040,2026/10/15,2026/10/31,1004567,AT7,321,,,,,
B7,B78928,,KNH,1940,,,,,,,,,,,,,,,,KHH,2040,2026/10/13,2026/10/28,0230000,AT7,321,,,,,
B7,B78928,,KNH,1925,,,,,,,,,,,,,,,,KHH,2025,2026/11/01,2026/11/30,1234567,AT7,321,,,,,
B7,B78928,,KNH,1925,,,,,,,,,,,,,,,,KHH,2025,2026/12/01,2026/12/31,1234567,AT7,321,,,,,
B7,B78951,,RMQ,0710,,,,,,,,,,,,,,,,KNH,0815,2026/10/01,2026/10/07,1234567,AT7,321,,,,,
B7,B78951,,RMQ,0710,,,,,,,,,,,,,,,,KNH,0815,2026/10/08,2026/10/12,1004000,AT7,321,,,,,
B7,B78951,,RMQ,0710,,,,,,,,,,,,,,,,KNH,0815,2026/10/16,2026/10/19,1000567,AT7,321,,,,,
B7,B78951,,RMQ,0710,,,,,,,,,,,,,,,,KNH,0815,2026/10/23,2026/10/31,1200560,AT7,321,,,,,
B7,B78951,,RMQ,0710,,,,,,,,,,,,,,,,KNH,0815,2026/10/10,2026/10/15,0234060,AT7,321,,,,,
B7,B78951,,RMQ,0710,,,,,,,,,,,,,,,,KNH,0815,2026/10/20,2026/10/25,0234007,AT7,321,,,,,
B7,B78951,,RMQ,0710,,,,,,,,,,,,,,,,KNH,0815,2026/10/28,2026/10/29,0034000,AT7,321,,,,,
B7,B78951,,RMQ,0710,,,,,,,,,,,,,,,,KNH,0815,2026/11/01,2026/11/20,1000567,AT7,321,,,,,
B7,B78951,,RMQ,0710,,,,,,,,,,,,,,,,KNH,0815,2026/11/22,2026/11/30,1000567,AT7,321,,,,,
B7,B78951,,RMQ,0710,,,,,,,,,,,,,,,,KNH,0815,2026/11/03,2026/11/12,0234000,AT7,321,,,,,
B7,B78951,,RMQ,0710,,,,,,,,,,,,,,,,KNH,0815,2026/11/17,2026/11/26,0234060,AT7,321,,,,,
B7,B78951,,RMQ,0710,,,,,,,,,,,,,,,,KNH,0815,2026/12/04,2026/12/28,1000567,AT7,321,,,,,
B7,B78951,,RMQ,0710,,,,,,,,,,,,,,,,KNH,0815,2026/12/01,2026/12/31,0234000,AT7,321,,,,,
B7,B78952,,KNH,0850,,,,,,,,,,,,,,,,RMQ,0950,2026/10/01,2026/10/07,1234567,AT7,321,,,,,
B7,B78952,,KNH,0850,,,,,,,,,,,,,,,,RMQ,0950,2026/10/08,2026/10/12,1004000,AT7,321,,,,,
B7,B78952,,KNH,0850,,,,,,,,,,,,,,,,RMQ,0950,2026/10/16,2026/10/19,1000567,AT7,321,,,,,
B7,B78952,,KNH,0850,,,,,,,,,,,,,,,,RMQ,0950,2026/10/23,2026/10/31,1200560,AT7,321,,,,,
B7,B78952,,KNH,0850,,,,,,,,,,,,,,,,RMQ,0950,2026/10/10,2026/10/15,0234060,AT7,321,,,,,
B7,B78952,,KNH,0850,,,,,,,,,,,,,,,,RMQ,0950,2026/10/20,2026/10/25,0234007,AT7,321,,,,,
B7,B78952,,KNH,0850,,,,,,,,,,,,,,,,RMQ,0950,2026/10/28,2026/10/29,0034000,AT7,321,,,,,
B7,B78952,,KNH,0850,,,,,,,,,,,,,,,,RMQ,0950,2026/11/01,2026/11/20,1000567,AT7,321,,,,,
B7,B78952,,KNH,0850,,,,,,,,,,,,,,,,RMQ,0950,2026/11/22,2026/11/30,1000567,AT7,321,,,,,
B7,B78952,,KNH,0850,,,,,,,,,,,,,,,,RMQ,0950,2026/11/03,2026/11/12,0234000,AT7,321,,,,,
B7,B78952,,KNH,0850,,,,,,,,,,,,,,,,RMQ,0950,2026/11/17,2026/11/26,0234060,AT7,321,,,,,
B7,B78952,,KNH,0850,,,,,,,,,,,,,,,,RMQ,0950,2026/12/04,2026/12/28,1000567,AT7,321,,,,,
B7,B78952,,KNH,0850,,,,,,,,,,,,,,,,RMQ,0950,2026/12/01,2026/12/31,0234000,AT7,321,,,,,
B7,B78955,,RMQ,0750,,,,,,,,,,,,,,,,KNH,0855,2026/10/01,2026/10/31,1234567,AT7,321,,,,,
B7,B78955,,RMQ,0750,,,,,,,,,,,,,,,,KNH,0855,2026/11/01,2026/11/30,1234567,AT7,321,,,,,
B7,B78955,,RMQ,0750,,,,,,,,,,,,,,,,KNH,0855,2026/12/01,2026/12/31,1234567,AT7,321,,,,,
B7,B78956,,KNH,0930,,,,,,,,,,,,,,,,RMQ,1030,2026/10/01,2026/10/31,1234567,AT7,321,,,,,
B7,B78956,,KNH,0945,,,,,,,,,,,,,,,,RMQ,1045,2026/11/01,2026/11/30,1234567,AT7,321,,,,,
B7,B78956,,KNH,0945,,,,,,,,,,,,,,,,RMQ,1045,2026/12/01,2026/12/31,1234567,AT7,321,,,,,
B7,B78957,,RMQ,1110,,,,,,,,,,,,,,,,KNH,1215,2026/10/01,2026/10/31,1234567,AT7,321,,,,,
B7,B78957,,RMQ,1125,,,,,,,,,,,,,,,,KNH,1230,2026/11/01,2026/11/30,1234567,AT7,321,,,,,
B7,B78957,,RMQ,1125,,,,,,,,,,,,,,,,KNH,1230,2026/12/01,2026/12/31,1234567,AT7,321,,,,,
B7,B78958,,KNH,1255,,,,,,,,,,,,,,,,RMQ,1355,2026/10/01,2026/10/31,1234567,AT7,321,,,,,
B7,B78958,,KNH,1315,,,,,,,,,,,,,,,,RMQ,1415,2026/11/01,2026/11/30,1234567,AT7,321,,,,,
B7,B78958,,KNH,1315,,,,,,,,,,,,,,,,RMQ,1415,2026/12/01,2026/12/31,1234567,AT7,321,,,,,
B7,B78959,,RMQ,1310,,,,,,,,,,,,,,,,KNH,1415,2026/11/01,2026/11/30,1234567,AT7,321,,,,,
B7,B78959,,RMQ,1310,,,,,,,,,,,,,,,,KNH,1415,2026/12/01,2026/12/31,1234567,AT7,321,,,,,
B7,B78960,,KNH,1820,,,,,,,,,,,,,,,,RMQ,1920,2026/11/01,2026/11/30,1234567,AT7,321,,,,,
B7,B78960,,KNH,1820,,,,,,,,,,,,,,,,RMQ,1920,2026/12/01,2026/12/31,1234567,AT7,321,,,,,
B7,B78961,,RMQ,1310,,,,,,,,,,,,,,,,KNH,1415,2026/10/01,2026/10/31,1234567,AT7,321,,,,,
B7,B78961,,RMQ,1425,,,,,,,,,,,,,,,,KNH,1530,2026/11/01,2026/11/30,1234567,AT7,321,,,,,
B7,B78961,,RMQ,1425,,,,,,,,,,,,,,,,KNH,1530,2026/12/01,2026/12/31,1234567,AT7,321,,,,,
B7,B78962,,KNH,1455,,,,,,,,,,,,,,,,RMQ,1555,2026/10/01,2026/10/31,1234567,AT7,321,,,,,
B7,B78962,,KNH,1605,,,,,,,,,,,,,,,,RMQ,1705,2026/11/01,2026/11/30,1234567,AT7,321,,,,,
B7,B78962,,KNH,1605,,,,,,,,,,,,,,,,RMQ,1705,2026/12/01,2026/12/31,1234567,AT7,321,,,,,
B7,B78965,,RMQ,1750,,,,,,,,,,,,,,,,KNH,1855,2026/10/15,2026/10/31,1234567,AT7,321,,,,,
B7,B78965,,RMQ,1730,,,,,,,,,,,,,,,,KNH,1820,2026/10/09,2026/10/09,0000500,321,AT7,,,,,
B7,B78965,,RMQ,1750,,,,,,,,,,,,,,,,KNH,1855,2026/10/01,2026/10/07,1234567,AT7,321,,,,,
B7,B78965,,RMQ,1750,,,,,,,,,,,,,,,,KNH,1855,2026/10/08,2026/10/14,1234067,AT7,321,,,,,
B7,B78965,,RMQ,1725,,,,,,,,,,,,,,,,KNH,1830,2026/11/01,2026/11/30,1234567,AT7,321,,,,,
B7,B78965,,RMQ,1725,,,,,,,,,,,,,,,,KNH,1830,2026/12/01,2026/12/31,1234567,AT7,321,,,,,
B7,B78966,,KNH,1930,,,,,,,,,,,,,,,,RMQ,2030,2026/10/01,2026/10/07,1234567,AT7,321,,,,,
B7,B78966,,KNH,1930,,,,,,,,,,,,,,,,RMQ,2030,2026/10/08,2026/10/14,1234067,AT7,321,,,,,
B7,B78966,,KNH,1930,,,,,,,,,,,,,,,,RMQ,2030,2026/10/15,2026/10/31,1234567,AT7,321,,,,,
B7,B78966,,KNH,1535,,,,,,,,,,,,,,,,RMQ,1625,2026/10/09,2026/10/09,0000500,321,AT7,,,,,
B7,B78966,,KNH,1945,,,,,,,,,,,,,,,,RMQ,2045,2026/11/01,2026/11/30,1234567,AT7,321,,,,,
B7,B78966,,KNH,1945,,,,,,,,,,,,,,,,RMQ,2045,2026/12/01,2026/12/31,1234567,AT7,321,,,,,
B7,B78967,,RMQ,1630,,,,,,,,,,,,,,,,KNH,1735,2026/10/01,2026/10/31,1234567,AT7,321,,,,,
B7,B78968,,KNH,1820,,,,,,,,,,,,,,,,RMQ,1920,2026/10/01,2026/10/31,1234567,AT7,321,,,,,
B7,B78977,,TSA,1900,,,,,,,,,,,,,,,,HUN,1950,2026/10/01,2026/10/31,1030507,AT7,,,,,,
B7,B78977,,TSA,1900,,,,,,,,,,,,,,,,HUN,1950,2026/11/01,2026/11/30,1030507,AT7,,,,,,
B7,B78977,,TSA,1900,,,,,,,,,,,,,,,,HUN,1950,2026/12/02,2026/12/30,1030507,AT7,,,,,,
B7,B78977,,TSA,1900,,,,,,,,,,,,,,,,HUN,1950,2026/10/05,2026/10/07,1030000,AT7,,,,,,
B7,B78977,,TSA,1900,,,,,,,,,,,,,,,,HUN,1950,2026/10/02,2026/10/02,0000500,AT7,,,,,,
B7,B78978,,HUN,2020,,,,,,,,,,,,,,,,TSA,2100,2026/10/01,2026/10/31,1030507,AT7,,,,,,
B7,B78978,,HUN,2020,,,,,,,,,,,,,,,,TSA,2100,2026/11/01,2026/11/30,1030507,AT7,,,,,,
B7,B78978,,HUN,2020,,,,,,,,,,,,,,,,TSA,2100,2026/12/02,2026/12/30,1030507,AT7,,,,,,
B7,B78978,,HUN,2020,,,,,,,,,,,,,,,,TSA,2100,2026/10/05,2026/10/07,1030000,AT7,,,,,,
B7,B78978,,HUN,2020,,,,,,,,,,,,,,,,TSA,2100,2026/10/02,2026/10/02,0000500,AT7,,,,,,
B7,B78981,,TNN,0940,,,,,,,,,,,,,,,,KNH,1030,2026/10/01,2026/10/31,1234567,AT7,,,,,,
B7,B78981,,TNN,0940,,,,,,,,,,,,,,,,KNH,1030,2026/11/01,2026/11/30,1234567,AT7,321,,,,,
B7,B78981,,TNN,0940,,,,,,,,,,,,,,,,KNH,1030,2026/12/01,2026/12/31,1234567,AT7,,,,,,
B7,B78982,,KNH,1120,,,,,,,,,,,,,,,,TNN,1215,2026/10/01,2026/10/31,1234567,AT7,,,,,,
B7,B78982,,KNH,1120,,,,,,,,,,,,,,,,TNN,1215,2026/11/01,2026/11/30,1234567,AT7,,,,,,
B7,B78982,,KNH,1120,,,,,,,,,,,,,,,,TNN,1215,2026/12/01,2026/12/31,1234567,AT7,,,,,,
B7,B78985,,TNN,1300,,,,,,,,,,,,,,,,KNH,1350,2026/10/01,2026/10/12,1234567,AT7,,,,,,
B7,B78985,,TNN,1300,,,,,,,,,,,,,,,,KNH,1350,2026/10/15,2026/10/19,1004567,AT7,,,,,,
B7,B78985,,TNN,1300,,,,,,,,,,,,,,,,KNH,1350,2026/10/22,2026/10/28,1234567,AT7,,,,,,
B7,B78985,,TNN,1300,,,,,,,,,,,,,,,,KNH,1350,2026/10/30,2026/10/31,0000560,AT7,,,,,,
B7,B78985,,TNN,1300,,,,,,,,,,,,,,,,KNH,1350,2026/10/13,2026/10/21,0230000,AT7,,,,,,
B7,B78985,,TNN,1300,,,,,,,,,,,,,,,,KNH,1350,2026/10/29,2026/10/29,0004000,AT7,,,,,,
B7,B78985,,TNN,1300,,,,,,,,,,,,,,,,KNH,1350,2026/11/01,2026/11/07,1004567,AT7,321,,,,,
B7,B78985,,TNN,1300,,,,,,,,,,,,,,,,KNH,1350,2026/11/08,2026/11/30,1204567,AT7,321,,,,,
B7,B78985,,TNN,1300,,,,,,,,,,,,,,,,KNH,1350,2026/11/03,2026/11/04,0230000,AT7,,,,,,
B7,B78985,,TNN,1300,,,,,,,,,,,,,,,,KNH,1350,2026/11/11,2026/11/25,0030000,AT7,,,,,,
B7,B78985,,TNN,1300,,,,,,,,,,,,,,,,KNH,1350,2026/12/01,2026/12/31,1204567,AT7,,,,,,
B7,B78985,,TNN,1300,,,,,,,,,,,,,,,,KNH,1350,2026/12/02,2026/12/30,0030000,AT7,,,,,,
B7,B78986,,KNH,1430,,,,,,,,,,,,,,,,TNN,1525,2026/10/01,2026/10/12,1234567,AT7,,,,,,
B7,B78986,,KNH,1430,,,,,,,,,,,,,,,,TNN,1525,2026/10/15,2026/10/19,1004567,AT7,,,,,,
B7,B78986,,KNH,1430,,,,,,,,,,,,,,,,TNN,1525,2026/10/22,2026/10/28,1234567,AT7,,,,,,
B7,B78986,,KNH,1430,,,,,,,,,,,,,,,,TNN,1525,2026/10/30,2026/10/31,0000560,AT7,,,,,,
B7,B78986,,KNH,1430,,,,,,,,,,,,,,,,TNN,1525,2026/10/13,2026/10/21,0230000,AT7,,,,,,
B7,B78986,,KNH,1430,,,,,,,,,,,,,,,,TNN,1525,2026/10/29,2026/10/29,0004000,AT7,,,,,,
B7,B78986,,KNH,1425,,,,,,,,,,,,,,,,TNN,1520,2026/11/01,2026/11/07,1004567,AT7,,,,,,
B7,B78986,,KNH,1425,,,,,,,,,,,,,,,,TNN,1520,2026/11/08,2026/11/30,1204567,AT7,,,,,,
B7,B78986,,KNH,1425,,,,,,,,,,,,,,,,TNN,1520,2026/11/03,2026/11/04,0230000,AT7,,,,,,
B7,B78986,,KNH,1425,,,,,,,,,,,,,,,,TNN,1520,2026/11/11,2026/11/25,0030000,AT7,,,,,,
B7,B78986,,KNH,1425,,,,,,,,,,,,,,,,TNN,1520,2026/12/01,2026/12/31,1204567,AT7,,,,,,
B7,B78986,,KNH,1425,,,,,,,,,,,,,,,,TNN,1520,2026/12/02,2026/12/30,0030000,AT7,,,,,,
B7,B78991,,TNN,1605,,,,,,,,,,,,,,,,KNH,1655,2026/10/01,2026/10/31,1234567,AT7,,,,,,
B7,B78991,,TNN,1600,,,,,,,,,,,,,,,,KNH,1650,2026/11/01,2026/11/30,1234567,AT7,321,,,,,
B7,B78991,,TNN,1600,,,,,,,,,,,,,,,,KNH,1650,2026/12/01,2026/12/31,1234567,AT7,,,,,,
B7,B78992,,KNH,1735,,,,,,,,,,,,,,,,TNN,1830,2026/10/01,2026/10/31,1234567,AT7,,,,,,
B7,B78992,,KNH,1735,,,,,,,,,,,,,,,,TNN,1830,2026/11/01,2026/11/30,1234567,AT7,,,,,,
B7,B78992,,KNH,1735,,,,,,,,,,,,,,,,TNN,1830,2026/12/01,2026/12/31,1234567,AT7,,,,,,
B7,B78995,,MZG,1000,,,,,,,,,,,,,,,,KNH,1045,2026/10/17,2026/10/20,0200060,AT7,321,,,,,
B7,B78995,,MZG,0950,,,,,,,,,,,,,,,,KNH,1035,2026/11/14,2026/11/17,0200060,AT7,,,,,,
B7,B78995,,MZG,0950,,,,,,,,,,,,,,,,KNH,1035,2026/12/12,2026/12/15,0200060,AT7,,,,,,
B7,B78996,,KNH,1130,,,,,,,,,,,,,,,,MZG,1215,2026/10/17,2026/10/20,0200060,AT7,321,,,,,
B7,B78996,,KNH,1110,,,,,,,,,,,,,,,,MZG,1155,2026/11/14,2026/11/17,0200060,AT7,,,,,,
B7,B78996,,KNH,1110,,,,,,,,,,,,,,,,MZG,1155,2026/12/12,2026/12/15,0200060,AT7,,,,,,
B7,B79091,,TSA,0725,,,,,,,,,,,,,,,,LZN,0820,2026/10/24,2026/10/31,1234560,AT7,,,,,,
B7,B79091,,TSA,0725,,,,,,,,,,,,,,,,LZN,0820,2026/10/03,2026/10/09,1234560,AT7,,,,,,
B7,B79091,,TSA,0725,,,,,,,,,,,,,,,,LZN,0820,2026/10/10,2026/10/16,1034560,AT7,,,,,,
B7,B79091,,TSA,0725,,,,,,,,,,,,,,,,LZN,0820,2026/10/17,2026/10/23,1204560,AT7,,,,,,
B7,B79091,,TSA,0725,,,,,,,,,,,,,,,,LZN,0820,2026/10/13,2026/10/13,0200000,AT7,,,,,,
B7,B79091,,TSA,0725,,,,,,,,,,,,,,,,LZN,0820,2026/10/04,2026/10/11,0000007,AT7,,,,,,
B7,B79091,,TSA,0725,,,,,,,,,,,,,,,,LZN,0820,2026/10/18,2026/10/25,0030007,AT7,,,,,,
B7,B79091,,TSA,0800,,,,,,,,,,,,,,,,LZN,0855,2026/11/06,2026/11/06,0000500,AT7,,,,,,
B7,B79092,,LZN,0855,,,,,,,,,,,,,,,,TSA,0945,2026/10/03,2026/10/09,1234560,AT7,,,,,,
B7,B79092,,LZN,0855,,,,,,,,,,,,,,,,TSA,0945,2026/10/10,2026/10/16,1034560,AT7,,,,,,
B7,B79092,,LZN,0855,,,,,,,,,,,,,,,,TSA,0945,2026/10/17,2026/10/23,1204560,AT7,,,,,,
B7,B79092,,LZN,0855,,,,,,,,,,,,,,,,TSA,0945,2026/10/24,2026/10/31,1234560,AT7,,,,,,
B7,B79092,,LZN,0855,,,,,,,,,,,,,,,,TSA,0945,2026/10/13,2026/10/13,0200000,AT7,,,,,,
B7,B79092,,LZN,0855,,,,,,,,,,,,,,,,TSA,0945,2026/10/04,2026/10/11,0000007,AT7,,,,,,
B7,B79092,,LZN,0855,,,,,,,,,,,,,,,,TSA,0945,2026/10/18,2026/10/25,0030007,AT7,,,,,,
B7,B79092,,LZN,0925,,,,,,,,,,,,,,,,TSA,1015,2026/11/06,2026/11/06,0000500,AT7,,,,,,
B7,B79095,,TSA,1325,,,,,,,,,,,,,,,,LZN,1420,2026/10/04,2026/10/04,0000007,AT7,,,,,,
B7,B79095,,TSA,1020,,,,,,,,,,,,,,,,LZN,1115,2026/11/06,2026/11/08,0000507,AT7,,,,,,
B7,B79096,,LZN,1145,,,,,,,,,,,,,,,,TSA,1235,2026/10/01,2026/10/01,0004000,AT7,,,,,,
B7,B79096,,LZN,1150,,,,,,,,,,,,,,,,TSA,1240,2026/11/06,2026/11/08,0000507,AT7,,,,,,
B7,B79101,,TSA,0715,,,,,,,,,,,,,,,,MZG,0805,2026/10/09,2026/10/09,0000500,321,AT7,,,,,
B7,B79101,,TSA,0750,,,,,,,,,,,,,,,,MZG,0840,2026/10/30,2026/10/30,0000500,321,AT7,,,,,
B7,B79102,,MZG,1200,,,,,,,,,,,,,,,,TSA,1250,2026/10/09,2026/10/09,0000500,321,AT7,,,,,
B7,B79102,,MZG,0930,,,,,,,,,,,,,,,,TSA,1020,2026/10/30,2026/10/30,0000500,321,AT7,,,,,
B7,B79105,,TSA,1045,,,,,,,,,,,,,,,,MZG,1135,2026/10/31,2026/10/31,0000060,321,AT7,,,,,
B7,B79105,,TSA,1145,,,,,,,,,,,,,,,,MZG,1235,2026/11/01,2026/11/01,0000007,321,AT7,,,,,
B7,B79106,,MZG,1225,,,,,,,,,,,,,,,,TSA,1315,2026/10/31,2026/10/31,0000060,321,AT7,,,,,
B7,B79106,,MZG,1325,,,,,,,,,,,,,,,,TSA,1415,2026/11/01,2026/11/01,0000007,321,AT7,,,,,
B7,B79107,,TSA,1445,,,,,,,,,,,,,,,,MZG,1535,2026/10/08,2026/10/11,0004007,321,AT7,,,,,
B7,B79107,,TSA,1505,,,,,,,,,,,,,,,,MZG,1555,2026/11/01,2026/11/01,0000007,321,AT7,,,,,
B7,B79108,,MZG,2010,,,,,,,,,,,,,,,,TSA,2100,2026/10/08,2026/10/11,0004007,321,AT7,,,,,
B7,B79108,,MZG,1655,,,,,,,,,,,,,,,,TSA,1745,2026/11/01,2026/11/01,0000007,321,AT7,,,,,
B7,B79109,,TSA,1845,,,,,,,,,,,,,,,,MZG,1945,2026/11/04,2026/11/11,0030000,AT7,321,,,,,
B7,B79109,,TSA,1845,,,,,,,,,,,,,,,,MZG,1945,2026/11/25,2026/11/25,0030000,AT7,321,,,,,
B7,B79109,,TSA,1845,,,,,,,,,,,,,,,,MZG,1945,2026/12/14,2026/12/16,1030000,AT7,321,,,,,
B7,B79110,,MZG,2025,,,,,,,,,,,,,,,,TSA,2120,2026/11/04,2026/11/11,0030000,AT7,321,,,,,
B7,B79110,,MZG,2025,,,,,,,,,,,,,,,,TSA,2120,2026/11/25,2026/11/25,0030000,AT7,321,,,,,
B7,B79110,,MZG,2025,,,,,,,,,,,,,,,,TSA,2120,2026/12/14,2026/12/16,1030000,AT7,321,,,,,
B7,B79115,,TSA,1555,,,,,,,,,,,,,,,,MZG,1645,2026/11/02,2026/11/02,1000000,321,AT7,,,,,
B7,B79116,,MZG,1600,,,,,,,,,,,,,,,,TSA,1655,2026/10/04,2026/10/04,0000007,AT7,321,,,,,
B7,B79116,,MZG,1735,,,,,,,,,,,,,,,,TSA,1825,2026/11/02,2026/11/02,1000000,321,AT7,,,,,
B7,B79117,,TSA,1930,,,,,,,,,,,,,,,,MZG,2020,2026/11/01,2026/11/01,0000007,321,AT7,,,,,
B7,B79117,,TSA,1915,,,,,,,,,,,,,,,,MZG,2005,2026/11/08,2026/11/29,0000007,321,AT7,,,,,
B7,B79117,,TSA,1915,,,,,,,,,,,,,,,,MZG,2005,2026/12/06,2026/12/27,0000007,321,AT7,,,,,
B7,B79118,,MZG,2110,,,,,,,,,,,,,,,,TSA,2200,2026/11/01,2026/11/01,0000007,321,AT7,,,,,
B7,B79118,,MZG,2055,,,,,,,,,,,,,,,,TSA,2145,2026/11/08,2026/11/29,0000007,321,AT7,,,,,
B7,B79118,,MZG,2055,,,,,,,,,,,,,,,,TSA,2145,2026/12/06,2026/12/27,0000007,321,AT7,,,,,
B7,B79151,,RMQ,0710,,,,,,,,,,,,,,,,MZG,0755,2026/10/09,2026/10/11,0000507,AT7,321,,,,,
B7,B79152,,MZG,0900,,,,,,,,,,,,,,,,RMQ,0940,2026/10/09,2026/10/11,0000507,AT7,321,,,,,
B7,B79157,,RMQ,1750,,,,,,,,,,,,,,,,MZG,1835,2026/10/09,2026/10/09,0000500,AT7,321,,,,,
B7,B79158,,MZG,1910,,,,,,,,,,,,,,,,RMQ,1950,2026/10/09,2026/10/09,0000500,AT7,321,,,,,
B7,B79161,,KHH,0720,,,,,,,,,,,,,,,,MZG,0800,2026/10/02,2026/10/31,1200567,AT7,321,,,,,
B7,B79161,,KHH,0720,,,,,,,,,,,,,,,,MZG,0800,2026/10/07,2026/10/29,0034000,AT7,,,,,,
B7,B79161,,KHH,0720,,,,,,,,,,,,,,,,MZG,0800,2026/10/01,2026/10/01,0004000,AT7,,,,,,
B7,B79165,,KHH,1820,,,,,,,,,,,,,,,,MZG,1900,2026/10/08,2026/10/11,0004007,321,AT7,,,,,
B7,B79166,,MZG,1640,,,,,,,,,,,,,,,,KHH,1720,2026/10/08,2026/10/11,0004007,321,AT7,,,,,
B7,B79177,,MZG,2000,,,,,,,,,,,,,,,,KHH,2040,2026/10/02,2026/10/08,0004507,AT7,321,,,,,
B7,B79177,,MZG,2000,,,,,,,,,,,,,,,,KHH,2040,2026/10/11,2026/10/23,0000507,AT7,321,,,,,
B7,B79177,,MZG,2000,,,,,,,,,,,,,,,,KHH,2040,2026/10/26,2026/10/30,1000500,AT7,321,,,,,
B7,B79178,,KHH,1845,,,,,,,,,,,,,,,,MZG,1925,2026/10/02,2026/10/08,0004507,AT7,321,,,,,
B7,B79178,,KHH,1845,,,,,,,,,,,,,,,,MZG,1925,2026/10/11,2026/10/23,0000507,AT7,321,,,,,
B7,B79178,,KHH,1845,,,,,,,,,,,,,,,,MZG,1925,2026/10/26,2026/10/30,1000500,AT7,321,,,,,
B7,B79191,,TSA,0740,,,,,,,,,,,,,,,,KNH,0900,2026/10/01,2026/10/02,0004500,AT7,321,,,,,
B7,B79191,,TSA,0800,,,,,,,,,,,,,,,,KNH,0905,2026/11/01,2026/11/01,0000007,321,AT7,,,,,
B7,B79191,,TSA,0750,,,,,,,,,,,,,,,,KNH,0855,2026/11/03,2026/11/03,0200000,321,AT7,,,,,
B7,B79192,,KNH,1750,,,,,,,,,,,,,,,,TSA,1905,2026/10/04,2026/10/04,0000007,AT7,321,,,,,
B7,B79192,,KNH,0955,,,,,,,,,,,,,,,,TSA,1055,2026/11/01,2026/11/01,0000007,321,AT7,,,,,
B7,B79192,,KNH,1335,,,,,,,,,,,,,,,,TSA,1435,2026/11/03,2026/11/03,0200000,321,AT7,,,,,
B7,B79195,,TSA,1910,,,,,,,,,,,,,,,,KNH,2030,2026/10/05,2026/10/07,1030000,AT7,321,,,,,
B7,B79196,,KNH,2105,,,,,,,,,,,,,,,,TSA,2220,2026/10/05,2026/10/07,1030000,AT7,321,,,,,
B7,B79197,,TSA,1640,,,,,,,,,,,,,,,,KNH,1745,2026/10/24,2026/10/24,0000060,321,AT7,,,,,
B7,B79197,,TSA,1715,,,,,,,,,,,,,,,,KNH,1835,2026/10/31,2026/10/31,0000060,AT7,321,,,,,
B7,B79198,,KNH,1835,,,,,,,,,,,,,,,,TSA,1935,2026/10/24,2026/10/24,0000060,321,AT7,,,,,
B7,B79198,,KNH,1910,,,,,,,,,,,,,,,,TSA,2025,2026/10/31,2026/10/31,0000060,AT7,321,,,,,
B7,B79205,,TSA,1550,,,,,,,,,,,,,,,,KNH,1655,2026/10/01,2026/10/05,1004007,321,AT7,,,,,
B7,B79205,,TSA,1550,,,,,,,,,,,,,,,,KNH,1655,2026/10/12,2026/10/26,1000007,321,AT7,,,,,
B7,B79205,,TSA,1340,,,,,,,,,,,,,,,,KNH,1445,2026/10/09,2026/10/09,0000500,321,AT7,,,,,
B7,B79205,,TSA,1550,,,,,,,,,,,,,,,,KNH,1655,2026/10/15,2026/10/29,0004000,321,AT7,,,,,
B7,B79205,,TSA,1530,,,,,,,,,,,,,,,,KNH,1635,2026/11/01,2026/11/29,0000007,321,AT7,,,,,
B7,B79205,,TSA,1530,,,,,,,,,,,,,,,,KNH,1635,2026/12/06,2026/12/13,0000007,321,AT7,,,,,
B7,B79205,,TSA,1530,,,,,,,,,,,,,,,,KNH,1635,2026/12/20,2026/12/27,0004007,321,AT7,,,,,
B7,B79206,,KNH,2040,,,,,,,,,,,,,,,,TSA,2155,2026/10/01,2026/10/07,1034067,AT7,321,,,,,
B7,B79206,,KNH,2040,,,,,,,,,,,,,,,,TSA,2155,2026/10/18,2026/10/24,1004067,AT7,321,,,,,
B7,B79206,,KNH,2040,,,,,,,,,,,,,,,,TSA,2155,2026/10/25,2026/10/29,1204007,AT7,321,,,,,
B7,B79206,,KNH,2040,,,,,,,,,,,,,,,,TSA,2155,2026/10/09,2026/10/15,1004567,AT7,321,,,,,
B7,B79206,,KNH,2040,,,,,,,,,,,,,,,,TSA,2155,2026/10/06,2026/10/13,0200000,AT7,321,,,,,
B7,B79206,,KNH,2040,,,,,,,,,,,,,,,,TSA,2155,2026/10/14,2026/10/21,0230060,AT7,321,,,,,
B7,B79206,,KNH,2040,,,,,,,,,,,,,,,,TSA,2155,2026/10/28,2026/10/31,0030060,AT7,321,,,,,
B7,B79206,,KNH,1725,,,,,,,,,,,,,,,,TSA,1825,2026/11/01,2026/11/29,0000007,321,AT7,,,,,
B7,B79206,,KNH,1725,,,,,,,,,,,,,,,,TSA,1825,2026/12/06,2026/12/13,0000007,321,AT7,,,,,
B7,B79206,,KNH,1725,,,,,,,,,,,,,,,,TSA,1825,2026/12/20,2026/12/27,0004007,321,AT7,,,,,
B7,B79206,,KNH,2100,,,,,,,,,,,,,,,,TSA,2215,2026/10/01,2026/10/01,0004000,AT7,321,,,,,
B7,B79207,,TSA,1845,,,,,,,,,,,,,,,,KNH,2005,2026/10/01,2026/10/07,1034067,AT7,321,,,,,
B7,B79207,,TSA,1845,,,,,,,,,,,,,,,,KNH,2005,2026/10/09,2026/10/15,1004567,AT7,321,,,,,
B7,B79207,,TSA,1845,,,,,,,,,,,,,,,,KNH,2005,2026/10/18,2026/10/24,1004067,AT7,321,,,,,
B7,B79207,,TSA,1845,,,,,,,,,,,,,,,,KNH,2005,2026/10/25,2026/10/29,1204007,AT7,321,,,,,
B7,B79207,,TSA,1845,,,,,,,,,,,,,,,,KNH,2005,2026/10/14,2026/10/21,0230060,AT7,321,,,,,
B7,B79207,,TSA,1845,,,,,,,,,,,,,,,,KNH,2005,2026/10/28,2026/10/31,0030060,AT7,321,,,,,
B7,B79207,,TSA,1845,,,,,,,,,,,,,,,,KNH,2005,2026/10/06,2026/10/13,0200000,AT7,321,,,,,
B7,B79207,,TSA,1915,,,,,,,,,,,,,,,,KNH,2020,2026/11/01,2026/11/01,0000007,321,AT7,,,,,
B7,B79207,,TSA,1915,,,,,,,,,,,,,,,,KNH,2020,2026/12/24,2026/12/24,0004000,321,AT7,,,,,
B7,B79207,,TSA,1905,,,,,,,,,,,,,,,,KNH,2025,2026/10/01,2026/10/01,0004000,AT7,321,,,,,
B7,B79208,,KNH,2110,,,,,,,,,,,,,,,,TSA,2210,2026/10/01,2026/10/04,0004007,321,AT7,,,,,
B7,B79208,,KNH,2110,,,,,,,,,,,,,,,,TSA,2210,2026/10/18,2026/10/25,0000007,321,AT7,,,,,
B7,B79208,,KNH,2130,,,,,,,,,,,,,,,,TSA,2230,2026/10/05,2026/10/26,1000000,321,AT7,,,,,
B7,B79208,,KNH,1910,,,,,,,,,,,,,,,,TSA,2010,2026/10/09,2026/10/09,0000500,321,AT7,,,,,
B7,B79208,,KNH,2110,,,,,,,,,,,,,,,,TSA,2210,2026/10/15,2026/10/29,0004000,321,AT7,,,,,
B7,B79208,,KNH,2110,,,,,,,,,,,,,,,,TSA,2210,2026/11/01,2026/11/01,0000007,321,AT7,,,,,
B7,B79208,,KNH,2110,,,,,,,,,,,,,,,,TSA,2210,2026/12/24,2026/12/24,0004000,321,AT7,,,,,
B7,B79208,,KNH,2130,,,,,,,,,,,,,,,,TSA,2230,2026/10/05,2026/10/05,1000000,321,AT7,,,,,
B7,B79225,,KHH,1035,,,,,,,,,,,,,,,,KNH,1140,2026/10/09,2026/10/09,0000500,AT7,,,,,,
B7,B79225,,KHH,1155,,,,,,,,,,,,,,,,KNH,1245,2026/11/03,2026/11/03,0200000,321,AT7,,,,,
B7,B79226,,KNH,1220,,,,,,,,,,,,,,,,KHH,1320,2026/10/09,2026/10/09,0000500,AT7,321,,,,,
B7,B79226,,KNH,0950,,,,,,,,,,,,,,,,KHH,1040,2026/11/03,2026/11/03,0200000,321,AT7,,,,,
B7,B79227,,KHH,1210,,,,,,,,,,,,,,,,KNH,1315,2026/10/01,2026/10/31,1234567,AT7,321,,,,,
B7,B79227,,KHH,1210,,,,,,,,,,,,,,,,KNH,1315,2026/11/01,2026/11/30,1234567,AT7,321,,,,,
B7,B79227,,KHH,1210,,,,,,,,,,,,,,,,KNH,1315,2026/12/01,2026/12/31,1234567,AT7,321,,,,,
B7,B79228,,KNH,1350,,,,,,,,,,,,,,,,KHH,1450,2026/10/01,2026/10/31,1234567,AT7,321,,,,,
B7,B79228,,KNH,1350,,,,,,,,,,,,,,,,KHH,1450,2026/11/01,2026/11/30,1234567,AT7,321,,,,,
B7,B79228,,KNH,1350,,,,,,,,,,,,,,,,KHH,1450,2026/12/01,2026/12/31,1234567,AT7,321,,,,,
AE,AE1261,,TSA,0640,,,,,,,,,,,,,,,,KNH,0800,2026/10/01,2026/10/31,0230007,AT7,73K,32Q,,,,
AE,AE1261,,TSA,0640,,,,,,,,,,,,,,,,KNH,0800,2026/10/01,2026/10/31,1004560,AT7,73K,32Q,,,,
AE,AE1261,,TSA,0640,,,,,,,,,,,,,,,,KNH,0800,2026/11/01,2026/11/30,0230007,AT7,73K,32Q,,,,
AE,AE1261,,TSA,0640,,,,,,,,,,,,,,,,KNH,0800,2026/11/01,2026/11/30,1004560,AT7,73K,32Q,,,,
AE,AE1261,,TSA,0640,,,,,,,,,,,,,,,,KNH,0800,2026/12/01,2026/12/31,1004560,AT7,73K,32Q,,,,
AE,AE1261,,TSA,0640,,,,,,,,,,,,,,,,KNH,0800,2026/12/01,2026/12/31,0230007,AT7,73K,32Q,,,,
AE,AE1262,,KNH,0835,,,,,,,,,,,,,,,,TSA,0945,2026/10/01,2026/10/31,0230007,AT7,73K,32Q,,,,
AE,AE1262,,KNH,0835,,,,,,,,,,,,,,,,TSA,0945,2026/10/01,2026/10/31,1004560,AT7,73K,32Q,,,,
AE,AE1262,,KNH,0835,,,,,,,,,,,,,,,,TSA,0945,2026/11/01,2026/11/30,0230007,AT7,73K,32Q,,,,
AE,AE1262,,KNH,0835,,,,,,,,,,,,,,,,TSA,0945,2026/11/01,2026/11/30,1004560,AT7,73K,32Q,,,,
AE,AE1262,,KNH,0835,,,,,,,,,,,,,,,,TSA,0945,2026/12/01,2026/12/31,1004560,AT7,73K,32Q,,,,
AE,AE1262,,KNH,0835,,,,,,,,,,,,,,,,TSA,0945,2026/12/01,2026/12/31,0230007,AT7,73K,32Q,,,,
AE,AE1263,,TSA,0810,,,,,,,,,,,,,,,,KNH,0915,2026/10/01,2026/10/24,1234567,73K,AT7,32Q,,,,
AE,AE1263,,TSA,0810,,,,,,,,,,,,,,,,KNH,0930,2026/10/25,2026/10/31,1034567,AT7,73K,32Q,,,,
AE,AE1263,,TSA,0810,,,,,,,,,,,,,,,,KNH,0915,2026/10/27,2026/10/27,0200000,73K,AT7,32Q,,,,
AE,AE1263,,TSA,0810,,,,,,,,,,,,,,,,KNH,0930,2026/11/01,2026/11/30,1234567,AT7,73K,32Q,,,,
AE,AE1263,,TSA,0810,,,,,,,,,,,,,,,,KNH,0930,2026/12/01,2026/12/31,1234567,AT7,73K,32Q,,,,
AE,AE1264,,KNH,1005,,,,,,,,,,,,,,,,TSA,1105,2026/10/01,2026/10/24,1234567,73K,AT7,32Q,,,,
AE,AE1264,,KNH,1005,,,,,,,,,,,,,,,,TSA,1115,2026/10/25,2026/10/31,1034567,AT7,73K,32Q,,,,
AE,AE1264,,KNH,1005,,,,,,,,,,,,,,,,TSA,1105,2026/10/27,2026/10/27,0200000,73K,AT7,32Q,,,,
AE,AE1264,,KNH,1005,,,,,,,,,,,,,,,,TSA,1115,2026/11/01,2026/11/30,1234567,AT7,73K,32Q,,,,
AE,AE1264,,KNH,1005,,,,,,,,,,,,,,,,TSA,1115,2026/12/01,2026/12/31,1234567,AT7,73K,32Q,,,,
AE,AE1265,,TSA,1020,,,,,,,,,,,,,,,,KNH,1140,2026/10/01,2026/10/31,1234567,AT7,73K,32Q,,,,
AE,AE1265,,TSA,1020,,,,,,,,,,,,,,,,KNH,1140,2026/11/01,2026/11/30,1234567,AT7,73K,32Q,,,,
AE,AE1265,,TSA,1020,,,,,,,,,,,,,,,,KNH,1140,2026/12/01,2026/12/31,1234567,AT7,73K,32Q,,,,
AE,AE1266,,KNH,1215,,,,,,,,,,,,,,,,TSA,1325,2026/10/01,2026/10/31,1234567,AT7,73K,32Q,,,,
AE,AE1266,,KNH,1215,,,,,,,,,,,,,,,,TSA,1325,2026/11/01,2026/11/30,1234567,AT7,73K,32Q,,,,
AE,AE1266,,KNH,1215,,,,,,,,,,,,,,,,TSA,1325,2026/12/01,2026/12/31,1234567,AT7,73K,32Q,,,,
AE,AE1269,,TSA,1155,,,,,,,,,,,,,,,,KNH,1300,2026/10/01,2026/10/24,1234567,73K,AT7,32Q,,,,
AE,AE1269,,TSA,1150,,,,,,,,,,,,,,,,KNH,1310,2026/10/25,2026/10/31,1034567,AT7,73K,32Q,,,,
AE,AE1269,,TSA,1155,,,,,,,,,,,,,,,,KNH,1300,2026/10/27,2026/10/27,0200000,73K,AT7,32Q,,,,
AE,AE1269,,TSA,1150,,,,,,,,,,,,,,,,KNH,1310,2026/11/01,2026/11/30,1234567,AT7,73K,32Q,,,,
AE,AE1269,,TSA,1150,,,,,,,,,,,,,,,,KNH,1310,2026/12/01,2026/12/31,1234567,AT7,73K,32Q,,,,
AE,AE1270,,KNH,1350,,,,,,,,,,,,,,,,TSA,1450,2026/10/01,2026/10/24,1234567,73K,AT7,32Q,,,,
AE,AE1270,,KNH,1350,,,,,,,,,,,,,,,,TSA,1500,2026/10/25,2026/10/31,1034567,AT7,73K,32Q,,,,
AE,AE1270,,KNH,1350,,,,,,,,,,,,,,,,TSA,1450,2026/10/27,2026/10/27,0200000,73K,AT7,32Q,,,,
AE,AE1270,,KNH,1350,,,,,,,,,,,,,,,,TSA,1500,2026/11/01,2026/11/30,1234567,AT7,73K,32Q,,,,
AE,AE1270,,KNH,1350,,,,,,,,,,,,,,,,TSA,1500,2026/12/01,2026/12/31,1234567,AT7,73K,32Q,,,,
AE,AE1271,,TSA,1355,,,,,,,,,,,,,,,,KNH,1515,2026/10/01,2026/10/31,1234567,AT7,73K,32Q,,,,
AE,AE1271,,TSA,1355,,,,,,,,,,,,,,,,KNH,1515,2026/11/01,2026/11/30,1234567,AT7,73K,32Q,,,,
AE,AE1271,,TSA,1355,,,,,,,,,,,,,,,,KNH,1515,2026/12/01,2026/12/31,1234567,AT7,73K,32Q,,,,
AE,AE1272,,KNH,1550,,,,,,,,,,,,,,,,TSA,1700,2026/10/01,2026/10/31,1234567,AT7,73K,32Q,,,,
AE,AE1272,,KNH,1550,,,,,,,,,,,,,,,,TSA,1700,2026/11/01,2026/11/30,1234567,AT7,73K,32Q,,,,
AE,AE1272,,KNH,1550,,,,,,,,,,,,,,,,TSA,1700,2026/12/01,2026/12/31,1234567,AT7,73K,32Q,,,,
AE,AE1273,,TSA,1440,,,,,,,,,,,,,,,,KNH,1600,2026/10/01,2026/10/31,1234567,AT7,73K,32Q,,,,
AE,AE1273,,TSA,1440,,,,,,,,,,,,,,,,KNH,1600,2026/11/01,2026/11/30,1234567,AT7,73K,32Q,,,,
AE,AE1273,,TSA,1440,,,,,,,,,,,,,,,,KNH,1600,2026/12/01,2026/12/31,1234567,AT7,73K,32Q,,,,
AE,AE1274,,KNH,1640,,,,,,,,,,,,,,,,TSA,1750,2026/10/01,2026/10/31,1234567,AT7,73K,32Q,,,,
AE,AE1274,,KNH,1640,,,,,,,,,,,,,,,,TSA,1750,2026/11/01,2026/11/30,1234567,AT7,73K,32Q,,,,
AE,AE1274,,KNH,1640,,,,,,,,,,,,,,,,TSA,1750,2026/12/01,2026/12/31,1234567,AT7,73K,32Q,,,,
AE,AE1275,,TSA,1650,,,,,,,,,,,,,,,,KNH,1755,2026/10/01,2026/10/31,0200500,73K,AT7,32Q,,,,
AE,AE1275,,TSA,0850,,,,,,,,,,,,,,,,KNH,0955,2026/10/01,2026/10/31,0000060,73K,AT7,32Q,,,,
AE,AE1275,,TSA,1805,,,,,,,,,,,,,,,,KNH,1910,2026/10/01,2026/10/31,1004007,73K,AT7,32Q,,,,
AE,AE1275,,TSA,1650,,,,,,,,,,,,,,,,KNH,1755,2026/11/01,2026/11/30,0200500,73K,AT7,32Q,,,,
AE,AE1275,,TSA,0850,,,,,,,,,,,,,,,,KNH,0955,2026/11/01,2026/11/30,0000060,73K,AT7,32Q,,,,
AE,AE1275,,TSA,1805,,,,,,,,,,,,,,,,KNH,1910,2026/11/01,2026/11/30,1004007,73K,AT7,32Q,,,,
AE,AE1275,,TSA,1650,,,,,,,,,,,,,,,,KNH,1755,2026/12/01,2026/12/31,0200500,73K,AT7,32Q,,,,
AE,AE1275,,TSA,0850,,,,,,,,,,,,,,,,KNH,0955,2026/12/01,2026/12/31,0000060,73K,AT7,32Q,,,,
AE,AE1275,,TSA,1805,,,,,,,,,,,,,,,,KNH,1910,2026/12/01,2026/12/31,1004007,73K,AT7,32Q,,,,
AE,AE1276,,KNH,1855,,,,,,,,,,,,,,,,TSA,1955,2026/10/01,2026/10/31,0200500,73K,AT7,32Q,,,,
AE,AE1276,,KNH,1050,,,,,,,,,,,,,,,,TSA,1150,2026/10/01,2026/10/31,0000060,73K,AT7,32Q,,,,
AE,AE1276,,KNH,2000,,,,,,,,,,,,,,,,TSA,2100,2026/10/01,2026/10/31,1004007,73K,AT7,32Q,,,,
AE,AE1276,,KNH,1855,,,,,,,,,,,,,,,,TSA,1955,2026/11/01,2026/11/30,0200500,73K,AT7,32Q,,,,
AE,AE1276,,KNH,1050,,,,,,,,,,,,,,,,TSA,1150,2026/11/01,2026/11/30,0000060,73K,AT7,32Q,,,,
AE,AE1276,,KNH,2000,,,,,,,,,,,,,,,,TSA,2100,2026/11/01,2026/11/30,1004007,73K,AT7,32Q,,,,
AE,AE1276,,KNH,1855,,,,,,,,,,,,,,,,TSA,1955,2026/12/01,2026/12/31,0200500,73K,AT7,32Q,,,,
AE,AE1276,,KNH,1050,,,,,,,,,,,,,,,,TSA,1150,2026/12/01,2026/12/31,0000060,73K,AT7,32Q,,,,
AE,AE1276,,KNH,2000,,,,,,,,,,,,,,,,TSA,2100,2026/12/01,2026/12/31,1004007,73K,AT7,32Q,,,,
AE,AE1277,,TSA,1730,,,,,,,,,,,,,,,,KNH,1850,2026/10/01,2026/10/31,1234567,AT7,73K,32Q,,,,
AE,AE1277,,TSA,1730,,,,,,,,,,,,,,,,KNH,1850,2026/11/01,2026/11/30,1234567,AT7,73K,32Q,,,,
AE,AE1277,,TSA,1730,,,,,,,,,,,,,,,,KNH,1850,2026/12/01,2026/12/31,0230567,AT7,73K,32Q,,,,
AE,AE1277,,TSA,1730,,,,,,,,,,,,,,,,KNH,1850,2026/12/01,2026/12/31,1004000,AT7,73K,32Q,,,,
AE,AE1278,,KNH,1930,,,,,,,,,,,,,,,,TSA,2040,2026/10/01,2026/10/31,1234567,AT7,73K,32Q,,,,
AE,AE1278,,KNH,1930,,,,,,,,,,,,,,,,TSA,2040,2026/11/01,2026/11/30,1234567,AT7,73K,32Q,,,,
AE,AE1278,,KNH,1930,,,,,,,,,,,,,,,,TSA,2040,2026/12/01,2026/12/31,0230567,AT7,73K,32Q,,,,
AE,AE1278,,KNH,1930,,,,,,,,,,,,,,,,TSA,2040,2026/12/01,2026/12/31,1004000,AT7,73K,32Q,,,,
AE,AE1279,,TSA,1825,,,,,,,,,,,,,,,,KNH,1945,2026/10/01,2026/10/31,1234567,AT7,73K,32Q,,,,
AE,AE1279,,TSA,1825,,,,,,,,,,,,,,,,KNH,1945,2026/11/02,2026/11/02,1000000,AT7,73K,32Q,,,,
AE,AE1280,,KNH,2020,,,,,,,,,,,,,,,,TSA,2130,2026/10/01,2026/10/31,1234567,AT7,73K,32Q,,,,
AE,AE1280,,KNH,2020,,,,,,,,,,,,,,,,TSA,2130,2026/11/02,2026/11/02,1000000,AT7,73K,32Q,,,,
AE,AE1281,,TSA,1610,,,,,,,,,,,,,,,,KNH,1715,2026/10/01,2026/10/05,1004567,73K,AT7,32Q,,,,
AE,AE1281,,TSA,1610,,,,,,,,,,,,,,,,KNH,1715,2026/10/08,2026/10/13,1204567,73K,AT7,32Q,,,,
AE,AE1281,,TSA,1610,,,,,,,,,,,,,,,,KNH,1715,2026/10/15,2026/10/15,0004000,73K,AT7,32Q,,,,
AE,AE1281,,TSA,1610,,,,,,,,,,,,,,,,KNH,1715,2026/10/21,2026/10/24,0034560,73K,AT7,32Q,,,,
AE,AE1282,,KNH,1815,,,,,,,,,,,,,,,,TSA,1915,2026/10/01,2026/10/05,1004567,73K,AT7,32Q,,,,
AE,AE1282,,KNH,1815,,,,,,,,,,,,,,,,TSA,1915,2026/10/08,2026/10/13,1204567,73K,AT7,32Q,,,,
AE,AE1282,,KNH,1815,,,,,,,,,,,,,,,,TSA,1915,2026/10/15,2026/10/15,0004000,73K,AT7,32Q,,,,
AE,AE1282,,KNH,1815,,,,,,,,,,,,,,,,TSA,1915,2026/10/21,2026/10/24,0034560,73K,AT7,32Q,,,,
AE,AE2063,,TSA,0910,,,,,,,,,,,,,,,,KNH,1030,2026/10/01,2026/10/31,1234567,AT7,73K,32Q,,,,
AE,AE2063,,TSA,0910,,,,,,,,,,,,,,,,KNH,1030,2026/11/01,2026/11/06,1234507,AT7,73K,32Q,,,,
AE,AE2063,,TSA,0910,,,,,,,,,,,,,,,,KNH,1030,2026/11/08,2026/11/19,1234567,AT7,73K,32Q,,,,
AE,AE2063,,TSA,0910,,,,,,,,,,,,,,,,KNH,1030,2026/12/24,2026/12/31,1234567,AT7,73K,32Q,,,,
AE,AE2064,,KNH,1515,,,,,,,,,,,,,,,,TSA,1625,2026/10/01,2026/10/31,1234567,AT7,73K,32Q,,,,
AE,AE2064,,KNH,1515,,,,,,,,,,,,,,,,TSA,1625,2026/11/01,2026/11/06,1234507,AT7,73K,32Q,,,,
AE,AE2064,,KNH,1515,,,,,,,,,,,,,,,,TSA,1625,2026/11/08,2026/11/19,1234567,AT7,73K,32Q,,,,
AE,AE2064,,KNH,1520,,,,,,,,,,,,,,,,TSA,1630,2026/12/24,2026/12/31,1234567,AT7,73K,32Q,,,,
AE,AE2065,,TSA,1110,,,,,,,,,,,,,,,,KNH,1230,2026/10/01,2026/10/31,1234567,AT7,73K,32Q,,,,
AE,AE2065,,TSA,1110,,,,,,,,,,,,,,,,KNH,1230,2026/11/01,2026/11/30,1234567,AT7,73K,32Q,,,,
AE,AE2065,,TSA,1110,,,,,,,,,,,,,,,,KNH,1230,2026/12/01,2026/12/31,1234567,AT7,73K,32Q,,,,
AE,AE2066,,KNH,1320,,,,,,,,,,,,,,,,TSA,1430,2026/10/01,2026/10/31,1234567,AT7,73K,32Q,,,,
AE,AE2066,,KNH,1320,,,,,,,,,,,,,,,,TSA,1430,2026/11/01,2026/11/30,1234567,AT7,73K,32Q,,,,
AE,AE2066,,KNH,1320,,,,,,,,,,,,,,,,TSA,1430,2026/12/01,2026/12/31,1234567,AT7,73K,32Q,,,,
AE,AE2069,,TSA,1300,,,,,,,,,,,,,,,,KNH,1405,2026/10/01,2026/10/31,0200500,73K,AT7,32Q,,,,
AE,AE2069,,TSA,1300,,,,,,,,,,,,,,,,KNH,1405,2026/11/01,2026/11/30,0200500,73K,AT7,32Q,,,,
AE,AE2069,,TSA,1300,,,,,,,,,,,,,,,,KNH,1405,2026/12/01,2026/12/31,0200500,73K,AT7,32Q,,,,
AE,AE2070,,KNH,1455,,,,,,,,,,,,,,,,TSA,1555,2026/10/01,2026/10/31,0200500,73K,AT7,32Q,,,,
AE,AE2070,,KNH,1455,,,,,,,,,,,,,,,,TSA,1555,2026/11/01,2026/11/30,0200500,73K,AT7,32Q,,,,
AE,AE2070,,KNH,1455,,,,,,,,,,,,,,,,TSA,1555,2026/12/01,2026/12/31,0200500,73K,AT7,32Q,,,,
AE,AE2073,,TSA,1540,,,,,,,,,,,,,,,,KNH,1645,2026/10/06,2026/10/07,0230000,73K,AT7,32Q,,,,
AE,AE2073,,TSA,1540,,,,,,,,,,,,,,,,KNH,1700,2026/10/08,2026/10/15,1204567,AT7,73K,32Q,,,,
AE,AE2073,,TSA,1540,,,,,,,,,,,,,,,,KNH,1645,2026/10/14,2026/10/14,0030000,73K,AT7,32Q,,,,
AE,AE2073,,TSA,1540,,,,,,,,,,,,,,,,KNH,1645,2026/10/16,2026/10/20,1200567,73K,AT7,32Q,,,,
AE,AE2073,,TSA,1540,,,,,,,,,,,,,,,,KNH,1700,2026/10/21,2026/10/31,1034567,AT7,73K,32Q,,,,
AE,AE2073,,TSA,1540,,,,,,,,,,,,,,,,KNH,1645,2026/10/27,2026/10/27,0200000,73K,AT7,32Q,,,,
AE,AE2073,,TSA,1540,,,,,,,,,,,,,,,,KNH,1700,2026/10/01,2026/10/05,1004567,AT7,73K,32Q,,,,
AE,AE2073,,TSA,1540,,,,,,,,,,,,,,,,KNH,1700,2026/11/01,2026/11/30,1234567,AT7,73K,32Q,,,,
AE,AE2073,,TSA,1540,,,,,,,,,,,,,,,,KNH,1700,2026/12/01,2026/12/31,1234567,AT7,73K,32Q,,,,
AE,AE2074,,KNH,1740,,,,,,,,,,,,,,,,TSA,1850,2026/10/01,2026/10/05,1004567,AT7,73K,32Q,,,,
AE,AE2074,,KNH,1735,,,,,,,,,,,,,,,,TSA,1835,2026/10/06,2026/10/07,0230000,73K,AT7,32Q,,,,
AE,AE2074,,KNH,1740,,,,,,,,,,,,,,,,TSA,1850,2026/10/08,2026/10/15,1204567,AT7,73K,32Q,,,,
AE,AE2074,,KNH,1735,,,,,,,,,,,,,,,,TSA,1835,2026/10/14,2026/10/14,0030000,73K,AT7,32Q,,,,
AE,AE2074,,KNH,1735,,,,,,,,,,,,,,,,TSA,1835,2026/10/16,2026/10/20,1200567,73K,AT7,32Q,,,,
AE,AE2074,,KNH,1740,,,,,,,,,,,,,,,,TSA,1850,2026/10/21,2026/10/31,1034567,AT7,73K,32Q,,,,
AE,AE2074,,KNH,1735,,,,,,,,,,,,,,,,TSA,1835,2026/10/27,2026/10/27,0200000,73K,AT7,32Q,,,,
AE,AE2074,,KNH,1740,,,,,,,,,,,,,,,,TSA,1850,2026/11/01,2026/11/30,1234567,AT7,73K,32Q,,,,
AE,AE2074,,KNH,1740,,,,,,,,,,,,,,,,TSA,1850,2026/12/01,2026/12/31,1234567,AT7,73K,32Q,,,,
AE,AE2375,,TSA,1720,,,,,,,,,,,,,,,,MZG,1820,2026/10/01,2026/10/31,0234060,AT7,73K,32Q,,,,
AE,AE2375,,TSA,1720,,,,,,,,,,,,,,,,MZG,1820,2026/10/01,2026/10/31,1000507,AT7,73K,32Q,,,,
AE,AE2375,,TSA,1720,,,,,,,,,,,,,,,,MZG,1820,2026/11/01,2026/11/19,1234567,AT7,73K,32Q,,,,
AE,AE2375,,TSA,1720,,,,,,,,,,,,,,,,MZG,1820,2026/12/24,2026/12/31,1234567,AT7,73K,32Q,,,,
AE,AE2376,,MZG,1900,,,,,,,,,,,,,,,,TSA,1955,2026/10/01,2026/10/31,0234060,AT7,73K,32Q,,,,
AE,AE2376,,MZG,1900,,,,,,,,,,,,,,,,TSA,1955,2026/10/01,2026/10/31,1000507,AT7,73K,32Q,,,,
AE,AE2376,,MZG,1900,,,,,,,,,,,,,,,,TSA,1955,2026/11/01,2026/11/19,1234567,AT7,73K,32Q,,,,
AE,AE2376,,MZG,1900,,,,,,,,,,,,,,,,TSA,1955,2026/12/24,2026/12/31,1234567,AT7,73K,32Q,,,,
AE,AE301,,KHH,0720,,,,,,,,,,,,,,,,KNH,0825,2026/10/01,2026/10/31,0230000,AT7,73K,,,,,
AE,AE301,,KHH,0720,,,,,,,,,,,,,,,,KNH,0825,2026/10/01,2026/10/31,1004567,AT7,73K,,,,,
AE,AE301,,KHH,0720,,,,,,,,,,,,,,,,KNH,0825,2026/11/01,2026/11/30,1234567,AT7,73K,,,,,
AE,AE301,,KHH,0720,,,,,,,,,,,,,,,,KNH,0825,2026/12/01,2026/12/31,1004567,AT7,73K,,,,,
AE,AE301,,KHH,0720,,,,,,,,,,,,,,,,KNH,0825,2026/12/01,2026/12/31,0230000,AT7,73K,,,,,
AE,AE302,,KNH,0900,,,,,,,,,,,,,,,,KHH,1000,2026/10/01,2026/10/31,0230000,AT7,73K,,,,,
AE,AE302,,KNH,0900,,,,,,,,,,,,,,,,KHH,1000,2026/10/01,2026/10/31,1004567,AT7,73K,,,,,
AE,AE302,,KNH,0900,,,,,,,,,,,,,,,,KHH,1000,2026/11/01,2026/11/30,1234567,AT7,73K,,,,,
AE,AE302,,KNH,0900,,,,,,,,,,,,,,,,KHH,1000,2026/12/01,2026/12/31,1004567,AT7,73K,,,,,
AE,AE302,,KNH,0900,,,,,,,,,,,,,,,,KHH,1000,2026/12/01,2026/12/31,0230000,AT7,73K,,,,,
AE,AE303,,KHH,1015,,,,,,,,,,,,,,,,KNH,1120,2026/10/01,2026/10/31,1234567,AT7,73K,,,,,
AE,AE303,,KHH,1015,,,,,,,,,,,,,,,,KNH,1120,2026/11/01,2026/11/30,1234567,AT7,73K,,,,,
AE,AE303,,KHH,1015,,,,,,,,,,,,,,,,KNH,1120,2026/12/01,2026/12/31,1234567,AT7,73K,,,,,
AE,AE304,,KNH,1205,,,,,,,,,,,,,,,,KHH,1305,2026/10/01,2026/10/31,1234567,AT7,73K,,,,,
AE,AE304,,KNH,1205,,,,,,,,,,,,,,,,KHH,1305,2026/11/01,2026/11/30,1234567,AT7,73K,,,,,
AE,AE304,,KNH,1205,,,,,,,,,,,,,,,,KHH,1305,2026/12/01,2026/12/31,1234567,AT7,73K,,,,,
AE,AE305,,KHH,1300,,,,,,,,,,,,,,,,KNH,1405,2026/10/01,2026/10/31,1234567,AT7,73K,,,,,
AE,AE305,,KHH,1300,,,,,,,,,,,,,,,,KNH,1405,2026/11/01,2026/11/06,1234507,AT7,73K,,,,,
AE,AE305,,KHH,1300,,,,,,,,,,,,,,,,KNH,1405,2026/11/08,2026/11/19,1234567,AT7,73K,,,,,
AE,AE305,,KHH,1300,,,,,,,,,,,,,,,,KNH,1405,2026/12/24,2026/12/31,1234567,AT7,73K,,,,,
AE,AE306,,KNH,1120,,,,,,,,,,,,,,,,KHH,1220,2026/10/01,2026/10/31,1234567,AT7,73K,,,,,
AE,AE306,,KNH,1120,,,,,,,,,,,,,,,,KHH,1220,2026/11/01,2026/11/06,1234507,AT7,73K,,,,,
AE,AE306,,KNH,1120,,,,,,,,,,,,,,,,KHH,1220,2026/11/08,2026/11/19,1234567,AT7,73K,,,,,
AE,AE306,,KNH,1120,,,,,,,,,,,,,,,,KHH,1220,2026/12/24,2026/12/31,1234567,AT7,73K,,,,,
AE,AE307,,KHH,1330,,,,,,,,,,,,,,,,KNH,1435,2026/10/01,2026/10/31,1234567,AT7,73K,,,,,
AE,AE307,,KHH,1330,,,,,,,,,,,,,,,,KNH,1435,2026/11/01,2026/11/30,1234567,AT7,73K,,,,,
AE,AE307,,KHH,1330,,,,,,,,,,,,,,,,KNH,1435,2026/12/01,2026/12/31,1234567,AT7,73K,,,,,
AE,AE308,,KNH,1510,,,,,,,,,,,,,,,,KHH,1610,2026/10/01,2026/10/31,1234567,AT7,73K,,,,,
AE,AE308,,KNH,1510,,,,,,,,,,,,,,,,KHH,1610,2026/11/01,2026/11/30,1234567,AT7,73K,,,,,
AE,AE308,,KNH,1510,,,,,,,,,,,,,,,,KHH,1610,2026/12/01,2026/12/31,1234567,AT7,73K,,,,,
AE,AE309,,KHH,1715,,,,,,,,,,,,,,,,KNH,1820,2026/10/01,2026/10/31,1234567,AT7,73K,,,,,
AE,AE309,,KHH,1715,,,,,,,,,,,,,,,,KNH,1820,2026/11/01,2026/11/30,1234567,AT7,73K,,,,,
AE,AE309,,KHH,1715,,,,,,,,,,,,,,,,KNH,1820,2026/12/01,2026/12/31,1234567,AT7,73K,,,,,
AE,AE310,,KNH,1915,,,,,,,,,,,,,,,,KHH,2015,2026/10/01,2026/10/31,1234567,AT7,73K,,,,,
AE,AE310,,KNH,1915,,,,,,,,,,,,,,,,KHH,2015,2026/11/01,2026/11/30,1234567,AT7,73K,,,,,
AE,AE310,,KNH,1915,,,,,,,,,,,,,,,,KHH,2015,2026/12/01,2026/12/31,1234567,AT7,73K,,,,,
AE,AE331,,KHH,0735,,,,,,,,,,,,,,,,MZG,0820,2026/10/01,2026/10/31,0030067,AT7,73K,32Q,,,,
AE,AE331,,KHH,0735,,,,,,,,,,,,,,,,MZG,0820,2026/10/01,2026/10/31,1204500,AT7,73K,32Q,,,,
AE,AE331,,KHH,0735,,,,,,,,,,,,,,,,MZG,0820,2026/11/01,2026/11/30,0030067,AT7,73K,32Q,,,,
AE,AE331,,KHH,0735,,,,,,,,,,,,,,,,MZG,0820,2026/11/01,2026/11/30,1204500,AT7,73K,32Q,,,,
AE,AE331,,KHH,0735,,,,,,,,,,,,,,,,MZG,0820,2026/12/01,2026/12/31,1204500,AT7,73K,32Q,,,,
AE,AE331,,KHH,0735,,,,,,,,,,,,,,,,MZG,0820,2026/12/01,2026/12/31,0030067,AT7,73K,32Q,,,,
AE,AE332,,MZG,0900,,,,,,,,,,,,,,,,KHH,0940,2026/10/01,2026/10/31,0030067,AT7,73K,32Q,,,,
AE,AE332,,MZG,0900,,,,,,,,,,,,,,,,KHH,0940,2026/10/01,2026/10/31,1204500,AT7,73K,32Q,,,,
AE,AE332,,MZG,0900,,,,,,,,,,,,,,,,KHH,0940,2026/11/01,2026/11/30,0030067,AT7,73K,32Q,,,,
AE,AE332,,MZG,0900,,,,,,,,,,,,,,,,KHH,0940,2026/11/01,2026/11/30,1204500,AT7,73K,32Q,,,,
AE,AE332,,MZG,0900,,,,,,,,,,,,,,,,KHH,0940,2026/12/01,2026/12/31,1204500,AT7,73K,32Q,,,,
AE,AE332,,MZG,0900,,,,,,,,,,,,,,,,KHH,0940,2026/12/01,2026/12/31,0030067,AT7,73K,32Q,,,,
AE,AE333,,KHH,0845,,,,,,,,,,,,,,,,MZG,0930,2026/10/01,2026/10/31,1234567,AT7,73K,32Q,,,,
AE,AE333,,KHH,0845,,,,,,,,,,,,,,,,MZG,0930,2026/11/01,2026/11/30,1234567,AT7,73K,32Q,,,,
AE,AE333,,KHH,0845,,,,,,,,,,,,,,,,MZG,0930,2026/12/01,2026/12/31,1234567,AT7,73K,32Q,,,,
AE,AE334,,MZG,1000,,,,,,,,,,,,,,,,KHH,1040,2026/10/01,2026/10/31,1234567,AT7,73K,32Q,,,,
AE,AE334,,MZG,1000,,,,,,,,,,,,,,,,KHH,1040,2026/11/01,2026/11/30,1234567,AT7,73K,32Q,,,,
AE,AE334,,MZG,1000,,,,,,,,,,,,,,,,KHH,1040,2026/12/01,2026/12/31,1234567,AT7,73K,32Q,,,,
AE,AE335,,KHH,1035,,,,,,,,,,,,,,,,MZG,1120,2026/10/01,2026/10/31,1234567,AT7,73K,32Q,,,,
AE,AE335,,KHH,1035,,,,,,,,,,,,,,,,MZG,1120,2026/11/01,2026/11/30,1234567,AT7,73K,32Q,,,,
AE,AE335,,KHH,1035,,,,,,,,,,,,,,,,MZG,1120,2026/12/01,2026/12/31,1234567,AT7,73K,32Q,,,,
AE,AE336,,MZG,1200,,,,,,,,,,,,,,,,KHH,1240,2026/10/01,2026/10/31,1234567,AT7,73K,32Q,,,,
AE,AE336,,MZG,1200,,,,,,,,,,,,,,,,KHH,1240,2026/11/01,2026/11/30,1234567,AT7,73K,32Q,,,,
AE,AE336,,MZG,1200,,,,,,,,,,,,,,,,KHH,1240,2026/12/01,2026/12/31,1234567,AT7,73K,32Q,,,,
AE,AE337,,KHH,1130,,,,,,,,,,,,,,,,MZG,1215,2026/10/01,2026/10/31,0234067,AT7,73K,32Q,,,,
AE,AE337,,KHH,1130,,,,,,,,,,,,,,,,MZG,1215,2026/11/01,2026/11/30,0234067,AT7,73K,32Q,,,,
AE,AE337,,KHH,1130,,,,,,,,,,,,,,,,MZG,1215,2026/12/01,2026/12/31,0234067,AT7,73K,32Q,,,,
AE,AE338,,MZG,1310,,,,,,,,,,,,,,,,KHH,1350,2026/10/01,2026/10/31,0234067,AT7,73K,32Q,,,,
AE,AE338,,MZG,1310,,,,,,,,,,,,,,,,KHH,1350,2026/11/01,2026/11/30,0234067,AT7,73K,32Q,,,,
AE,AE338,,MZG,1310,,,,,,,,,,,,,,,,KHH,1350,2026/12/01,2026/12/31,0234067,AT7,73K,32Q,,,,
AE,AE339,,KHH,1340,,,,,,,,,,,,,,,,MZG,1425,2026/10/01,2026/10/31,1234567,AT7,73K,32Q,,,,
AE,AE339,,KHH,1340,,,,,,,,,,,,,,,,MZG,1425,2026/11/01,2026/11/30,1234567,AT7,73K,32Q,,,,
AE,AE339,,KHH,1340,,,,,,,,,,,,,,,,MZG,1425,2026/12/01,2026/12/31,1234567,AT7,73K,32Q,,,,
AE,AE340,,MZG,1500,,,,,,,,,,,,,,,,KHH,1540,2026/10/01,2026/10/31,1234567,AT7,73K,32Q,,,,
AE,AE340,,MZG,1500,,,,,,,,,,,,,,,,KHH,1540,2026/11/01,2026/11/30,1234567,AT7,73K,32Q,,,,
AE,AE340,,MZG,1500,,,,,,,,,,,,,,,,KHH,1540,2026/12/01,2026/12/31,1234567,AT7,73K,32Q,,,,
AE,AE341,,KHH,1445,,,,,,,,,,,,,,,,MZG,1530,2026/10/01,2026/10/31,0234067,AT7,73K,32Q,,,,
AE,AE341,,KHH,1445,,,,,,,,,,,,,,,,MZG,1530,2026/11/01,2026/11/30,0234067,AT7,73K,32Q,,,,
AE,AE341,,KHH,1445,,,,,,,,,,,,,,,,MZG,1530,2026/12/01,2026/12/31,0234067,AT7,73K,32Q,,,,
AE,AE342,,MZG,1600,,,,,,,,,,,,,,,,KHH,1640,2026/10/01,2026/10/31,0234067,AT7,73K,32Q,,,,
AE,AE342,,MZG,1600,,,,,,,,,,,,,,,,KHH,1640,2026/11/01,2026/11/30,0234067,AT7,73K,32Q,,,,
AE,AE342,,MZG,1600,,,,,,,,,,,,,,,,KHH,1640,2026/12/01,2026/12/31,0234067,AT7,73K,32Q,,,,
AE,AE343,,KHH,1610,,,,,,,,,,,,,,,,MZG,1655,2026/10/01,2026/10/31,1234567,AT7,73K,32Q,,,,
AE,AE343,,KHH,1610,,,,,,,,,,,,,,,,MZG,1655,2026/11/01,2026/11/30,1234567,AT7,73K,32Q,,,,
AE,AE343,,KHH,1610,,,,,,,,,,,,,,,,MZG,1655,2026/12/01,2026/12/31,1234567,AT7,73K,32Q,,,,
AE,AE344,,MZG,1730,,,,,,,,,,,,,,,,KHH,1810,2026/10/01,2026/10/31,1234567,AT7,73K,32Q,,,,
AE,AE344,,MZG,1730,,,,,,,,,,,,,,,,KHH,1810,2026/11/01,2026/11/30,1234567,AT7,73K,32Q,,,,
AE,AE344,,MZG,1730,,,,,,,,,,,,,,,,KHH,1810,2026/12/01,2026/12/31,1234567,AT7,73K,32Q,,,,
AE,AE345,,KHH,1710,,,,,,,,,,,,,,,,MZG,1755,2026/10/01,2026/10/31,1234567,AT7,73K,32Q,,,,
AE,AE345,,KHH,1710,,,,,,,,,,,,,,,,MZG,1755,2026/11/01,2026/11/30,1234567,AT7,73K,32Q,,,,
AE,AE345,,KHH,1710,,,,,,,,,,,,,,,,MZG,1755,2026/12/01,2026/12/31,1234567,AT7,73K,32Q,,,,
AE,AE346,,MZG,1850,,,,,,,,,,,,,,,,KHH,1930,2026/10/01,2026/10/31,1234567,AT7,73K,32Q,,,,
AE,AE346,,MZG,1850,,,,,,,,,,,,,,,,KHH,1930,2026/11/01,2026/11/30,1234567,AT7,73K,32Q,,,,
AE,AE346,,MZG,1850,,,,,,,,,,,,,,,,KHH,1930,2026/12/01,2026/12/31,1234567,AT7,73K,32Q,,,,
AE,AE351,,KHH,1200,,,,,,,,,,,,,,,,MZG,1245,2026/10/08,2026/10/12,1004567,AT7,73K,32Q,,,,
AE,AE352,,MZG,1030,,,,,,,,,,,,,,,,KHH,1110,2026/10/08,2026/10/12,1004567,AT7,73K,32Q,,,,
AE,AE353,,KHH,1640,,,,,,,,,,,,,,,,MZG,1725,2026/10/02,2026/10/30,0000500,AT7,73K,32Q,,,,
AE,AE354,,MZG,1810,,,,,,,,,,,,,,,,KHH,1850,2026/10/02,2026/10/30,0000500,AT7,73K,32Q,,,,
AE,AE355,,KHH,2025,,,,,,,,,,,,,,,,MZG,2110,2026/10/02,2026/10/30,0000500,AT7,73K,32Q,,,,
AE,AE356,,MZG,2145,,,,,,,,,,,,,,,,KHH,2225,2026/10/02,2026/10/30,0000500,AT7,73K,32Q,,,,
AE,AE357,,KHH,1850,,,,,,,,,,,,,,,,MZG,1935,2026/10/02,2026/10/04,0000507,AT7,73K,,,,,
AE,AE358,,MZG,2010,,,,,,,,,,,,,,,,KHH,2050,2026/10/02,2026/10/04,0000507,AT7,73K,,,,,
AE,AE361,,TSA,0700,,,,,,,,,,,,,,,,MZG,0800,2026/10/01,2026/10/31,1234567,AT7,73K,32Q,,,,
AE,AE361,,TSA,0700,,,,,,,,,,,,,,,,MZG,0800,2026/11/01,2026/11/30,1234567,AT7,73K,32Q,,,,
AE,AE361,,TSA,0700,,,,,,,,,,,,,,,,MZG,0800,2026/12/01,2026/12/31,1234567,AT7,73K,32Q,,,,
AE,AE362,,MZG,0840,,,,,,,,,,,,,,,,TSA,0935,2026/10/01,2026/10/31,1234567,AT7,73K,32Q,,,,
AE,AE362,,MZG,0840,,,,,,,,,,,,,,,,TSA,0935,2026/11/01,2026/11/30,1234567,AT7,73K,32Q,,,,
AE,AE362,,MZG,0840,,,,,,,,,,,,,,,,TSA,0935,2026/12/01,2026/12/31,1234567,AT7,73K,32Q,,,,
AE,AE363,,TSA,0830,,,,,,,,,,,,,,,,MZG,0930,2026/10/08,2026/10/12,1004567,AT7,73K,32Q,,,,
AE,AE364,,MZG,1330,,,,,,,,,,,,,,,,TSA,1425,2026/10/08,2026/10/12,1004567,AT7,73K,32Q,,,,
AE,AE365,,TSA,0800,,,,,,,,,,,,,,,,MZG,0900,2026/10/01,2026/10/31,1234567,AT7,73K,32Q,,,,
AE,AE365,,TSA,0800,,,,,,,,,,,,,,,,MZG,0900,2026/11/01,2026/11/30,1234567,AT7,73K,32Q,,,,
AE,AE365,,TSA,0800,,,,,,,,,,,,,,,,MZG,0900,2026/12/01,2026/12/31,1234567,AT7,73K,32Q,,,,
AE,AE366,,MZG,0940,,,,,,,,,,,,,,,,TSA,1035,2026/10/01,2026/10/31,1234567,AT7,73K,32Q,,,,
AE,AE366,,MZG,0940,,,,,,,,,,,,,,,,TSA,1035,2026/11/01,2026/11/06,1234507,AT7,73K,32Q,,,,
AE,AE366,,MZG,1540,,,,,,,,,,,,,,,,TSA,1635,2026/11/07,2026/11/07,0000060,AT7,73K,32Q,,,,
AE,AE366,,MZG,0940,,,,,,,,,,,,,,,,TSA,1035,2026/11/08,2026/11/30,1234567,AT7,73K,32Q,,,,
AE,AE366,,MZG,0940,,,,,,,,,,,,,,,,TSA,1035,2026/12/01,2026/12/31,1234567,AT7,73K,32Q,,,,
AE,AE367,,TSA,1055,,,,,,,,,,,,,,,,MZG,1155,2026/10/01,2026/10/31,1234567,AT7,73K,32Q,,,,
AE,AE367,,TSA,1055,,,,,,,,,,,,,,,,MZG,1155,2026/11/01,2026/11/30,1234567,AT7,73K,32Q,,,,
AE,AE367,,TSA,1055,,,,,,,,,,,,,,,,MZG,1155,2026/12/01,2026/12/31,1234567,AT7,73K,32Q,,,,
AE,AE368,,MZG,1250,,,,,,,,,,,,,,,,TSA,1345,2026/10/01,2026/10/31,1234567,AT7,73K,32Q,,,,
AE,AE368,,MZG,1250,,,,,,,,,,,,,,,,TSA,1345,2026/11/01,2026/11/30,1234567,AT7,73K,32Q,,,,
AE,AE368,,MZG,1250,,,,,,,,,,,,,,,,TSA,1345,2026/12/01,2026/12/31,1234567,AT7,73K,32Q,,,,
AE,AE371,,TSA,1345,,,,,,,,,,,,,,,,MZG,1445,2026/10/01,2026/10/31,1234567,AT7,73K,32Q,,,,
AE,AE371,,TSA,1345,,,,,,,,,,,,,,,,MZG,1445,2026/11/01,2026/11/30,1234567,AT7,73K,32Q,,,,
AE,AE371,,TSA,1345,,,,,,,,,,,,,,,,MZG,1445,2026/12/01,2026/12/31,1234567,AT7,73K,32Q,,,,
AE,AE372,,MZG,1520,,,,,,,,,,,,,,,,TSA,1615,2026/10/01,2026/10/31,1234567,AT7,73K,32Q,,,,
AE,AE372,,MZG,1520,,,,,,,,,,,,,,,,TSA,1615,2026/11/01,2026/11/30,1234567,AT7,73K,32Q,,,,
AE,AE372,,MZG,1520,,,,,,,,,,,,,,,,TSA,1615,2026/12/01,2026/12/31,1234567,AT7,73K,32Q,,,,
AE,AE373,,TSA,1510,,,,,,,,,,,,,,,,MZG,1610,2026/10/01,2026/10/31,1234567,AT7,73K,32Q,,,,
AE,AE373,,TSA,1510,,,,,,,,,,,,,,,,MZG,1610,2026/11/01,2026/11/30,1234567,AT7,73K,32Q,,,,
AE,AE373,,TSA,1510,,,,,,,,,,,,,,,,MZG,1610,2026/12/01,2026/12/31,1234567,AT7,73K,32Q,,,,
AE,AE374,,MZG,1650,,,,,,,,,,,,,,,,TSA,1745,2026/10/01,2026/10/31,1234567,AT7,73K,32Q,,,,
AE,AE374,,MZG,1650,,,,,,,,,,,,,,,,TSA,1745,2026/11/01,2026/11/30,1234567,AT7,73K,32Q,,,,
AE,AE374,,MZG,1650,,,,,,,,,,,,,,,,TSA,1745,2026/12/01,2026/12/31,1234567,AT7,73K,32Q,,,,
AE,AE377,,TSA,1840,,,,,,,,,,,,,,,,MZG,1940,2026/10/21,2026/10/31,1034567,AT7,73K,32Q,,,,
AE,AE377,,TSA,1925,,,,,,,,,,,,,,,,MZG,2015,2026/10/27,2026/10/27,0200000,73K,AT7,32Q,,,,
AE,AE377,,TSA,1840,,,,,,,,,,,,,,,,MZG,1940,2026/10/01,2026/10/05,1004567,AT7,73K,32Q,,,,
AE,AE377,,TSA,1925,,,,,,,,,,,,,,,,MZG,2015,2026/10/06,2026/10/07,0230000,73K,AT7,32Q,,,,
AE,AE377,,TSA,1840,,,,,,,,,,,,,,,,MZG,1940,2026/10/08,2026/10/15,1204567,AT7,73K,32Q,,,,
AE,AE377,,TSA,1925,,,,,,,,,,,,,,,,MZG,2015,2026/10/14,2026/10/14,0030000,73K,AT7,32Q,,,,
AE,AE377,,TSA,1925,,,,,,,,,,,,,,,,MZG,2015,2026/10/16,2026/10/20,1200567,73K,AT7,32Q,,,,
AE,AE377,,TSA,1840,,,,,,,,,,,,,,,,MZG,1940,2026/11/01,2026/11/30,1234567,AT7,73K,32Q,,,,
AE,AE377,,TSA,1840,,,,,,,,,,,,,,,,MZG,1940,2026/12/01,2026/12/31,1234567,AT7,73K,32Q,,,,
AE,AE378,,MZG,2020,,,,,,,,,,,,,,,,TSA,2115,2026/10/21,2026/10/31,1034567,AT7,73K,32Q,,,,
AE,AE378,,MZG,2105,,,,,,,,,,,,,,,,TSA,2155,2026/10/27,2026/10/27,0200000,73K,AT7,32Q,,,,
AE,AE378,,MZG,2020,,,,,,,,,,,,,,,,TSA,2115,2026/10/01,2026/10/05,1004567,AT7,73K,32Q,,,,
AE,AE378,,MZG,2105,,,,,,,,,,,,,,,,TSA,2155,2026/10/06,2026/10/07,0230000,73K,AT7,32Q,,,,
AE,AE378,,MZG,2020,,,,,,,,,,,,,,,,TSA,2115,2026/10/08,2026/10/15,1204567,AT7,73K,32Q,,,,
AE,AE378,,MZG,2105,,,,,,,,,,,,,,,,TSA,2155,2026/10/14,2026/10/14,0030000,73K,AT7,32Q,,,,
AE,AE378,,MZG,2105,,,,,,,,,,,,,,,,TSA,2155,2026/10/16,2026/10/20,1200567,73K,AT7,32Q,,,,
AE,AE378,,MZG,2020,,,,,,,,,,,,,,,,TSA,2115,2026/11/01,2026/11/30,1234567,AT7,73K,32Q,,,,
AE,AE378,,MZG,2020,,,,,,,,,,,,,,,,TSA,2115,2026/12/01,2026/12/31,1234567,AT7,73K,32Q,,,,
AE,AE385,,TSA,1950,,,,,,,,,,,,,,,,MZG,2050,2026/10/30,2026/10/31,0000560,AT7,73K,32Q,,,,
AE,AE385,,TSA,1950,,,,,,,,,,,,,,,,MZG,2050,2026/10/04,2026/10/04,0000007,AT7,73K,32Q,,,,
AE,AE385,,TSA,1950,,,,,,,,,,,,,,,,MZG,2050,2026/11/01,2026/11/02,1000007,AT7,73K,32Q,,,,
AE,AE386,,MZG,2120,,,,,,,,,,,,,,,,TSA,2215,2026/10/04,2026/10/04,0000007,AT7,73K,32Q,,,,
AE,AE386,,MZG,2120,,,,,,,,,,,,,,,,TSA,2215,2026/10/30,2026/10/31,0000560,AT7,73K,32Q,,,,
AE,AE386,,MZG,2120,,,,,,,,,,,,,,,,TSA,2215,2026/11/01,2026/11/02,1000007,AT7,73K,32Q,,,,
AE,AE391,,TSA,0735,,,,,,,,,,,,,,,,TTT,0840,2026/10/01,2026/10/31,1234567,AT7,,,,,,
AE,AE391,,TSA,0735,,,,,,,,,,,,,,,,TTT,0840,2026/11/01,2026/11/30,1234567,AT7,,,,,,
AE,AE391,,TSA,0735,,,,,,,,,,,,,,,,TTT,0840,2026/12/01,2026/12/31,1234567,AT7,,,,,,
AE,AE392,,TTT,0915,,,,,,,,,,,,,,,,TSA,1015,2026/10/01,2026/10/31,1234567,AT7,,,,,,
AE,AE392,,TTT,0915,,,,,,,,,,,,,,,,TSA,1015,2026/11/01,2026/11/30,1234567,AT7,,,,,,
AE,AE392,,TTT,0915,,,,,,,,,,,,,,,,TSA,1015,2026/12/01,2026/12/31,1234567,AT7,,,,,,
AE,AE395,,TSA,1745,,,,,,,,,,,,,,,,TTT,1850,2026/10/01,2026/10/31,1234567,AT7,,,,,,
AE,AE395,,TSA,1745,,,,,,,,,,,,,,,,TTT,1850,2026/11/01,2026/11/30,1234567,AT7,,,,,,
AE,AE395,,TSA,1745,,,,,,,,,,,,,,,,TTT,1850,2026/12/01,2026/12/31,1234567,AT7,,,,,,
AE,AE396,,TTT,1940,,,,,,,,,,,,,,,,TSA,2040,2026/10/01,2026/10/09,1234567,AT7,,,,,,
AE,AE396,,TTT,2200,,,,,,,,,,,,,,,,TSA,2300,2026/10/10,2026/10/10,0000060,AT7,,,,,,
AE,AE396,,TTT,1940,,,,,,,,,,,,,,,,TSA,2040,2026/10/11,2026/10/31,1234567,AT7,,,,,,
AE,AE396,,TTT,1940,,,,,,,,,,,,,,,,TSA,2040,2026/11/01,2026/11/30,1234567,AT7,,,,,,
AE,AE396,,TTT,1940,,,,,,,,,,,,,,,,TSA,2040,2026/12/01,2026/12/31,1234567,AT7,,,,,,
AE,AE731,,RMQ,1800,,,,,,,,,,,,,,,,HUN,1900,2026/10/01,2026/10/31,0030507,AT7,,,,,,
AE,AE731,,RMQ,1800,,,,,,,,,,,,,,,,HUN,1900,2026/11/01,2026/11/30,0030507,AT7,,,,,,
AE,AE731,,RMQ,1800,,,,,,,,,,,,,,,,HUN,1900,2026/12/01,2026/12/31,0030507,AT7,,,,,,
AE,AE732,,HUN,1940,,,,,,,,,,,,,,,,RMQ,2040,2026/10/01,2026/10/31,0030507,AT7,,,,,,
AE,AE732,,HUN,1940,,,,,,,,,,,,,,,,RMQ,2040,2026/11/01,2026/11/30,0030507,AT7,,,,,,
AE,AE732,,HUN,1940,,,,,,,,,,,,,,,,RMQ,2040,2026/12/01,2026/12/31,0030507,AT7,,,,,,
AE,AE761,,RMQ,0700,,,,,,,,,,,,,,,,KNH,0805,2026/10/01,2026/10/31,1234567,AT7,73K,32Q,,,,
AE,AE761,,RMQ,0700,,,,,,,,,,,,,,,,KNH,0805,2026/11/01,2026/11/30,1234567,AT7,73K,32Q,,,,
AE,AE761,,RMQ,0700,,,,,,,,,,,,,,,,KNH,0805,2026/12/01,2026/12/31,1234567,AT7,73K,32Q,,,,
AE,AE762,,KNH,0910,,,,,,,,,,,,,,,,RMQ,1010,2026/10/01,2026/10/31,1234567,AT7,73K,32Q,,,,
AE,AE762,,KNH,0910,,,,,,,,,,,,,,,,RMQ,1010,2026/11/01,2026/11/30,1234567,AT7,73K,32Q,,,,
AE,AE762,,KNH,0910,,,,,,,,,,,,,,,,RMQ,1010,2026/12/01,2026/12/31,1234567,AT7,73K,32Q,,,,
AE,AE763,,RMQ,1010,,,,,,,,,,,,,,,,KNH,1115,2026/10/01,2026/10/31,1234567,AT7,73K,32Q,,,,
AE,AE763,,RMQ,1010,,,,,,,,,,,,,,,,KNH,1115,2026/11/01,2026/11/30,1234567,AT7,73K,32Q,,,,
AE,AE763,,RMQ,1010,,,,,,,,,,,,,,,,KNH,1115,2026/12/01,2026/12/31,1234567,AT7,73K,32Q,,,,
AE,AE764,,KNH,1200,,,,,,,,,,,,,,,,RMQ,1300,2026/10/01,2026/10/31,1234567,AT7,73K,32Q,,,,
AE,AE764,,KNH,1200,,,,,,,,,,,,,,,,RMQ,1300,2026/11/01,2026/11/30,1234567,AT7,73K,32Q,,,,
AE,AE764,,KNH,1200,,,,,,,,,,,,,,,,RMQ,1300,2026/12/01,2026/12/31,1234567,AT7,73K,32Q,,,,
AE,AE765,,RMQ,1145,,,,,,,,,,,,,,,,KNH,1250,2026/10/01,2026/10/31,1234567,AT7,73K,32Q,,,,
AE,AE765,,RMQ,1145,,,,,,,,,,,,,,,,KNH,1250,2026/11/01,2026/11/30,1234567,AT7,73K,32Q,,,,
AE,AE765,,RMQ,1145,,,,,,,,,,,,,,,,KNH,1250,2026/12/01,2026/12/31,1004567,AT7,73K,32Q,,,,
AE,AE765,,RMQ,1145,,,,,,,,,,,,,,,,KNH,1250,2026/12/01,2026/12/31,0230000,AT7,73K,32Q,,,,
AE,AE766,,KNH,1330,,,,,,,,,,,,,,,,RMQ,1430,2026/10/01,2026/10/31,1234567,AT7,73K,32Q,,,,
AE,AE766,,KNH,1330,,,,,,,,,,,,,,,,RMQ,1430,2026/11/01,2026/11/30,1234567,AT7,73K,32Q,,,,
AE,AE766,,KNH,1330,,,,,,,,,,,,,,,,RMQ,1430,2026/12/01,2026/12/31,1004567,AT7,73K,32Q,,,,
AE,AE766,,KNH,1330,,,,,,,,,,,,,,,,RMQ,1430,2026/12/01,2026/12/31,0230000,AT7,73K,32Q,,,,
AE,AE767,,RMQ,1335,,,,,,,,,,,,,,,,KNH,1440,2026/10/01,2026/10/31,1234567,AT7,73K,32Q,,,,
AE,AE767,,RMQ,1335,,,,,,,,,,,,,,,,KNH,1440,2026/11/01,2026/11/30,1234567,AT7,73K,32Q,,,,
AE,AE767,,RMQ,1335,,,,,,,,,,,,,,,,KNH,1440,2026/12/01,2026/12/31,1234567,AT7,73K,32Q,,,,
AE,AE768,,KNH,1520,,,,,,,,,,,,,,,,RMQ,1620,2026/10/01,2026/10/31,1234567,AT7,73K,32Q,,,,
AE,AE768,,KNH,1520,,,,,,,,,,,,,,,,RMQ,1620,2026/11/01,2026/11/30,1234567,AT7,73K,32Q,,,,
AE,AE768,,KNH,1520,,,,,,,,,,,,,,,,RMQ,1620,2026/12/01,2026/12/31,1234567,AT7,73K,32Q,,,,
AE,AE769,,RMQ,1650,,,,,,,,,,,,,,,,KNH,1745,2026/10/01,2026/10/31,1234567,73K,AT7,32Q,,,,
AE,AE769,,RMQ,1650,,,,,,,,,,,,,,,,KNH,1745,2026/11/01,2026/11/30,1234567,32Q,73K,AT7,,,,
AE,AE769,,RMQ,1650,,,,,,,,,,,,,,,,KNH,1745,2026/12/01,2026/12/31,1234567,73K,AT7,32Q,,,,
AE,AE770,,KNH,1845,,,,,,,,,,,,,,,,RMQ,1940,2026/10/01,2026/10/31,1234567,73K,AT7,32Q,,,,
AE,AE770,,KNH,1845,,,,,,,,,,,,,,,,RMQ,1940,2026/11/01,2026/11/30,1234567,32Q,73K,AT7,,,,
AE,AE770,,KNH,1845,,,,,,,,,,,,,,,,RMQ,1940,2026/12/01,2026/12/31,1234567,73K,AT7,32Q,,,,
AE,AE771,,RMQ,0830,,,,,,,,,,,,,,,,KNH,0935,2026/10/01,2026/10/31,1234567,AT7,73K,32Q,,,,
AE,AE771,,RMQ,0830,,,,,,,,,,,,,,,,KNH,0935,2026/11/01,2026/11/30,1234567,AT7,73K,32Q,,,,
AE,AE771,,RMQ,0830,,,,,,,,,,,,,,,,KNH,0935,2026/12/01,2026/12/31,1234567,AT7,73K,32Q,,,,
AE,AE772,,KNH,1010,,,,,,,,,,,,,,,,RMQ,1110,2026/10/01,2026/10/31,1234567,AT7,73K,32Q,,,,
AE,AE772,,KNH,1010,,,,,,,,,,,,,,,,RMQ,1110,2026/11/01,2026/11/30,1234567,AT7,73K,32Q,,,,
AE,AE772,,KNH,1010,,,,,,,,,,,,,,,,RMQ,1110,2026/12/01,2026/12/31,1234567,AT7,73K,32Q,,,,
AE,AE775,,RMQ,1510,,,,,,,,,,,,,,,,KNH,1615,2026/10/01,2026/10/31,0234000,AT7,73K,32Q,,,,
AE,AE775,,RMQ,1510,,,,,,,,,,,,,,,,KNH,1615,2026/10/01,2026/10/31,1000567,AT7,73K,32Q,,,,
AE,AE775,,RMQ,1510,,,,,,,,,,,,,,,,KNH,1615,2026/11/01,2026/11/30,0234000,AT7,73K,32Q,,,,
AE,AE775,,RMQ,1510,,,,,,,,,,,,,,,,KNH,1615,2026/11/01,2026/11/30,1000567,AT7,73K,32Q,,,,
AE,AE776,,KNH,1650,,,,,,,,,,,,,,,,RMQ,1750,2026/10/01,2026/10/31,0234000,AT7,73K,32Q,,,,
AE,AE776,,KNH,1650,,,,,,,,,,,,,,,,RMQ,1750,2026/10/01,2026/10/31,1000567,AT7,73K,32Q,,,,
AE,AE776,,KNH,1650,,,,,,,,,,,,,,,,RMQ,1750,2026/11/01,2026/11/30,0234000,AT7,73K,32Q,,,,
AE,AE776,,KNH,1650,,,,,,,,,,,,,,,,RMQ,1750,2026/11/01,2026/11/30,1000567,AT7,73K,32Q,,,,
AE,AE781,,RMQ,0730,,,,,,,,,,,,,,,,MZG,0815,2026/10/01,2026/10/31,1234567,AT7,73K,32Q,,,,
AE,AE781,,RMQ,0730,,,,,,,,,,,,,,,,MZG,0815,2026/11/01,2026/11/30,1234567,AT7,73K,32Q,,,,
AE,AE781,,RMQ,0730,,,,,,,,,,,,,,,,MZG,0815,2026/12/01,2026/12/31,1234567,AT7,73K,32Q,,,,
AE,AE782,,MZG,0850,,,,,,,,,,,,,,,,RMQ,0930,2026/10/01,2026/10/31,1234567,AT7,73K,32Q,,,,
AE,AE782,,MZG,0850,,,,,,,,,,,,,,,,RMQ,0930,2026/11/01,2026/11/30,1234567,AT7,73K,32Q,,,,
AE,AE782,,MZG,0850,,,,,,,,,,,,,,,,RMQ,0930,2026/12/01,2026/12/31,1234567,AT7,73K,32Q,,,,
AE,AE785,,RMQ,1045,,,,,,,,,,,,,,,,MZG,1130,2026/10/01,2026/10/31,1234567,AT7,73K,32Q,,,,
AE,AE785,,RMQ,1045,,,,,,,,,,,,,,,,MZG,1130,2026/11/01,2026/11/30,1234567,AT7,73K,32Q,,,,
AE,AE785,,RMQ,1045,,,,,,,,,,,,,,,,MZG,1130,2026/12/01,2026/12/31,1234567,AT7,73K,32Q,,,,
AE,AE786,,MZG,1215,,,,,,,,,,,,,,,,RMQ,1255,2026/10/01,2026/10/31,1234567,AT7,73K,32Q,,,,
AE,AE786,,MZG,1215,,,,,,,,,,,,,,,,RMQ,1255,2026/11/01,2026/11/30,1234567,AT7,73K,32Q,,,,
AE,AE786,,MZG,1215,,,,,,,,,,,,,,,,RMQ,1255,2026/12/01,2026/12/31,1234567,AT7,73K,32Q,,,,
AE,AE787,,RMQ,1330,,,,,,,,,,,,,,,,MZG,1415,2026/10/01,2026/10/31,0230000,AT7,73K,32Q,,,,
AE,AE787,,RMQ,1330,,,,,,,,,,,,,,,,MZG,1415,2026/10/01,2026/10/31,1004567,AT7,73K,32Q,,,,
AE,AE787,,RMQ,1330,,,,,,,,,,,,,,,,MZG,1415,2026/11/01,2026/11/30,1234567,AT7,73K,32Q,,,,
AE,AE787,,RMQ,1330,,,,,,,,,,,,,,,,MZG,1415,2026/12/01,2026/12/31,1234567,AT7,73K,32Q,,,,
AE,AE788,,MZG,1450,,,,,,,,,,,,,,,,RMQ,1530,2026/10/01,2026/10/31,0230000,AT7,73K,32Q,,,,
AE,AE788,,MZG,1450,,,,,,,,,,,,,,,,RMQ,1530,2026/10/01,2026/10/31,1004567,AT7,73K,32Q,,,,
AE,AE788,,MZG,1450,,,,,,,,,,,,,,,,RMQ,1530,2026/11/01,2026/11/30,1234567,AT7,73K,32Q,,,,
AE,AE788,,MZG,1450,,,,,,,,,,,,,,,,RMQ,1530,2026/12/01,2026/12/31,1234567,AT7,73K,32Q,,,,
AE,AE7901,,TSA,1030,,,,,,,,,,,,,,,,LZN,1125,2026/10/01,2026/10/31,1234567,AT7,,,,,,
AE,AE7901,,TSA,1030,,,,,,,,,,,,,,,,LZN,1125,2026/11/01,2026/11/30,1234567,AT7,,,,,,
AE,AE7901,,TSA,1030,,,,,,,,,,,,,,,,LZN,1125,2026/12/01,2026/12/31,1234567,AT7,,,,,,
AE,AE7902,,LZN,1220,,,,,,,,,,,,,,,,TSA,1310,2026/10/01,2026/10/31,1234567,AT7,,,,,,
AE,AE7902,,LZN,1220,,,,,,,,,,,,,,,,TSA,1310,2026/11/01,2026/11/30,1234567,AT7,,,,,,
AE,AE7902,,LZN,1220,,,,,,,,,,,,,,,,TSA,1310,2026/12/01,2026/12/31,1234567,AT7,,,,,,
AE,AE791,,RMQ,1605,,,,,,,,,,,,,,,,MZG,1650,2026/10/01,2026/10/31,1234567,AT7,73K,32Q,,,,
AE,AE791,,RMQ,1605,,,,,,,,,,,,,,,,MZG,1650,2026/11/01,2026/11/30,0230000,AT7,73K,32Q,,,,
AE,AE791,,RMQ,1605,,,,,,,,,,,,,,,,MZG,1650,2026/11/01,2026/11/30,1004567,AT7,73K,32Q,,,,
AE,AE791,,RMQ,1605,,,,,,,,,,,,,,,,MZG,1650,2026/12/01,2026/12/31,1004567,AT7,73K,32Q,,,,
AE,AE791,,RMQ,1605,,,,,,,,,,,,,,,,MZG,1650,2026/12/01,2026/12/31,0230000,AT7,73K,32Q,,,,
AE,AE792,,MZG,1735,,,,,,,,,,,,,,,,RMQ,1815,2026/10/01,2026/10/31,1234567,AT7,73K,32Q,,,,
AE,AE792,,MZG,1735,,,,,,,,,,,,,,,,RMQ,1815,2026/11/01,2026/11/30,0230000,AT7,73K,32Q,,,,
AE,AE792,,MZG,1735,,,,,,,,,,,,,,,,RMQ,1815,2026/11/01,2026/11/30,1004567,AT7,73K,32Q,,,,
AE,AE792,,MZG,1735,,,,,,,,,,,,,,,,RMQ,1815,2026/12/01,2026/12/31,1004567,AT7,73K,32Q,,,,
AE,AE792,,MZG,1735,,,,,,,,,,,,,,,,RMQ,1815,2026/12/01,2026/12/31,0230000,AT7,73K,32Q,,,,
AE,AE7925,,KHH,1130,,,,,,,,,,,,,,,,LZN,1310,2026/10/01,2026/10/07,1000500,AT7,,,,,,
AE,AE7925,,KHH,1240,,,,,,,,,,,,,,,,LZN,1420,2026/10/08,2026/10/12,1000500,AT7,,,,,,
AE,AE7925,,KHH,1130,,,,,,,,,,,,,,,,LZN,1310,2026/10/13,2026/10/22,1000500,AT7,,,,,,
AE,AE7925,,KHH,1240,,,,,,,,,,,,,,,,LZN,1420,2026/10/23,2026/10/27,1000500,AT7,,,,,,
AE,AE7925,,KHH,1130,,,,,,,,,,,,,,,,LZN,1310,2026/10/28,2026/10/31,0000500,AT7,,,,,,
AE,AE7925,,KHH,1130,,,,,,,,,,,,,,,,LZN,1310,2026/11/01,2026/11/30,1000500,AT7,,,,,,
AE,AE7925,,KHH,1130,,,,,,,,,,,,,,,,LZN,1310,2026/12/01,2026/12/31,1000500,AT7,,,,,,
AE,AE7926,,LZN,1355,,,,,,,,,,,,,,,,KHH,1535,2026/10/01,2026/10/07,1000500,AT7,,,,,,
AE,AE7926,,LZN,1500,,,,,,,,,,,,,,,,KHH,1640,2026/10/08,2026/10/12,1000500,AT7,,,,,,
AE,AE7926,,LZN,1355,,,,,,,,,,,,,,,,KHH,1535,2026/10/13,2026/10/22,1000500,AT7,,,,,,
AE,AE7926,,LZN,1500,,,,,,,,,,,,,,,,KHH,1640,2026/10/23,2026/10/27,1000500,AT7,,,,,,
AE,AE7926,,LZN,1355,,,,,,,,,,,,,,,,KHH,1535,2026/10/28,2026/10/31,0000500,AT7,,,,,,
AE,AE7926,,LZN,1355,,,,,,,,,,,,,,,,KHH,1535,2026/11/01,2026/11/30,1000500,AT7,,,,,,
AE,AE7926,,LZN,1355,,,,,,,,,,,,,,,,KHH,1535,2026/12/01,2026/12/31,1000500,AT7,,,,,,
AE,AE7931,,KHH,1850,,,,,,,,,,,,,,,,HUN,1955,2026/10/23,2026/10/27,1200567,AT7,,,,,,
AE,AE7931,,KHH,1850,,,,,,,,,,,,,,,,HUN,1955,2026/10/28,2026/10/31,0030560,AT7,,,,,,
AE,AE7931,,KHH,1850,,,,,,,,,,,,,,,,HUN,1955,2026/10/01,2026/10/07,1230560,AT7,,,,,,
AE,AE7931,,KHH,1850,,,,,,,,,,,,,,,,HUN,1955,2026/10/08,2026/10/12,1004567,AT7,,,,,,
AE,AE7931,,KHH,1850,,,,,,,,,,,,,,,,HUN,1955,2026/10/13,2026/10/22,1230560,AT7,,,,,,
AE,AE7931,,KHH,1850,,,,,,,,,,,,,,,,HUN,1955,2026/11/01,2026/11/30,1230560,AT7,,,,,,
AE,AE7931,,KHH,1850,,,,,,,,,,,,,,,,HUN,1955,2026/12/01,2026/12/31,1230560,AT7,,,,,,
AE,AE7931,,KHH,1850,,,,,,,,,,,,,,,,HUN,1955,2026/10/02,2026/10/02,0000500,AT7,,,,,,
AE,AE7932,,HUN,2030,,,,,,,,,,,,,,,,KHH,2135,2026/10/23,2026/10/27,1200567,AT7,,,,,,
AE,AE7932,,HUN,2030,,,,,,,,,,,,,,,,KHH,2135,2026/10/28,2026/10/31,0030560,AT7,,,,,,
AE,AE7932,,HUN,2030,,,,,,,,,,,,,,,,KHH,2135,2026/10/01,2026/10/07,1230560,AT7,,,,,,
AE,AE7932,,HUN,2030,,,,,,,,,,,,,,,,KHH,2135,2026/10/08,2026/10/12,1004567,AT7,,,,,,
AE,AE7932,,HUN,2030,,,,,,,,,,,,,,,,KHH,2135,2026/10/13,2026/10/22,1230560,AT7,,,,,,
AE,AE7932,,HUN,2030,,,,,,,,,,,,,,,,KHH,2135,2026/11/01,2026/11/30,1230560,AT7,,,,,,
AE,AE7932,,HUN,2030,,,,,,,,,,,,,,,,KHH,2135,2026/12/01,2026/12/31,1230560,AT7,,,,,,
AE,AE7932,,HUN,2030,,,,,,,,,,,,,,,,KHH,2130,2026/10/02,2026/10/02,0000500,AT7,,,,,,
AE,AE795,,RMQ,1830,,,,,,,,,,,,,,,,MZG,1915,2026/10/08,2026/10/12,1004567,AT7,73K,32Q,,,,
AE,AE796,,MZG,1950,,,,,,,,,,,,,,,,RMQ,2030,2026/10/08,2026/10/12,1004567,AT7,73K,32Q,,,,
AE,AE797,,RMQ,1900,,,,,,,,,,,,,,,,MZG,1945,2026/10/01,2026/10/31,1234567,AT7,73K,32Q,,,,
AE,AE797,,RMQ,1900,,,,,,,,,,,,,,,,MZG,1945,2026/11/01,2026/11/30,1234567,AT7,73K,32Q,,,,
AE,AE797,,RMQ,1900,,,,,,,,,,,,,,,,MZG,1945,2026/12/01,2026/12/31,1234567,AT7,73K,32Q,,,,
AE,AE798,,MZG,2025,,,,,,,,,,,,,,,,RMQ,2105,2026/10/01,2026/10/31,1234567,AT7,73K,32Q,,,,
AE,AE798,,MZG,2025,,,,,,,,,,,,,,,,RMQ,2105,2026/11/01,2026/11/30,1234567,AT7,73K,32Q,,,,
AE,AE798,,MZG,2025,,,,,,,,,,,,,,,,RMQ,2105,2026/12/01,2026/12/31,1234567,AT7,73K,32Q,,,,
DA,DA7001,,KHH,0800,,,,,,,,,,,,,,,,CMJ,0840,2026/10/01,2026/10/31,0000500,DHT,,,,,,
DA,DA7001,,KHH,0800,,,,,,,,,,,,,,,,CMJ,0840,2026/11/01,2026/11/30,0000500,DHT,,,,,,
DA,DA7001,,KHH,0800,,,,,,,,,,,,,,,,CMJ,0840,2026/12/01,2026/12/31,0000500,DHT,,,,,,
DA,DA7002,,CMJ,0910,,,,,,,,,,,,,,,,KHH,0950,2026/10/01,2026/10/31,0000500,DHT,,,,,,
DA,DA7002,,CMJ,0910,,,,,,,,,,,,,,,,KHH,0950,2026/11/01,2026/11/30,0000500,DHT,,,,,,
DA,DA7002,,CMJ,0910,,,,,,,,,,,,,,,,KHH,0950,2026/12/01,2026/12/31,0000500,DHT,,,,,,
DA,DA7005,,KHH,1020,,,,,,,,,,,,,,,,WOT,1105,2026/10/01,2026/10/31,0000500,DHT,,,,,,
DA,DA7005,,KHH,1020,,,,,,,,,,,,,,,,WOT,1105,2026/11/01,2026/11/30,0000500,DHT,,,,,,
DA,DA7005,,KHH,1020,,,,,,,,,,,,,,,,WOT,1105,2026/12/01,2026/12/31,0000500,DHT,,,,,,
DA,DA7006,,WOT,1135,,,,,,,,,,,,,,,,KHH,1220,2026/10/01,2026/10/31,0000500,DHT,,,,,,
DA,DA7006,,WOT,1135,,,,,,,,,,,,,,,,KHH,1220,2026/11/01,2026/11/30,0000500,DHT,,,,,,
DA,DA7006,,WOT,1135,,,,,,,,,,,,,,,,KHH,1220,2026/12/01,2026/12/31,0000500,DHT,,,,,,
DA,DA7009,,KHH,1030,,,,,,,,,,,,,,,,CMJ,1110,2026/10/01,2026/10/31,1234067,DHT,,,,,,
DA,DA7009,,KHH,1030,,,,,,,,,,,,,,,,CMJ,1110,2026/11/01,2026/11/30,1234067,DHT,,,,,,
DA,DA7009,,KHH,1030,,,,,,,,,,,,,,,,CMJ,1110,2026/12/01,2026/12/31,1234067,DHT,,,,,,
DA,DA7010,,CMJ,1140,,,,,,,,,,,,,,,,KHH,1220,2026/10/01,2026/10/31,1234067,DHT,,,,,,
DA,DA7010,,CMJ,1140,,,,,,,,,,,,,,,,KHH,1220,2026/11/01,2026/11/30,1234067,DHT,,,,,,
DA,DA7010,,CMJ,1140,,,,,,,,,,,,,,,,KHH,1220,2026/12/01,2026/12/31,1234067,DHT,,,,,,
DA,DA7011,,KHH,1310,,,,,,,,,,,,,,,,CMJ,1350,2026/10/01,2026/10/31,1234567,DHT,,,,,,
DA,DA7011,,KHH,1310,,,,,,,,,,,,,,,,CMJ,1350,2026/11/01,2026/11/30,1234567,DHT,,,,,,
DA,DA7011,,KHH,1310,,,,,,,,,,,,,,,,CMJ,1350,2026/12/01,2026/12/31,1234567,DHT,,,,,,
DA,DA7012,,CMJ,1615,,,,,,,,,,,,,,,,KHH,1655,2026/10/01,2026/10/31,1234567,DHT,,,,,,
DA,DA7012,,CMJ,1615,,,,,,,,,,,,,,,,KHH,1655,2026/11/01,2026/11/30,1234567,DHT,,,,,,
DA,DA7012,,CMJ,1615,,,,,,,,,,,,,,,,KHH,1655,2026/12/01,2026/12/31,1234567,DHT,,,,,,
DA,DA7016,,CMJ,1425,,,,,,,,,,,,,,,,MZG,1445,2026/10/01,2026/10/31,1234567,DHT,,,,,,
DA,DA7016,,CMJ,1425,,,,,,,,,,,,,,,,MZG,1445,2026/11/01,2026/11/30,1234567,DHT,,,,,,
DA,DA7016,,CMJ,1425,,,,,,,,,,,,,,,,MZG,1445,2026/12/01,2026/12/31,1234567,DHT,,,,,,
DA,DA7017,,MZG,1520,,,,,,,,,,,,,,,,CMJ,1540,2026/10/01,2026/10/31,1234567,DHT,,,,,,
DA,DA7017,,MZG,1520,,,,,,,,,,,,,,,,CMJ,1540,2026/11/01,2026/11/30,1234567,DHT,,,,,,
DA,DA7017,,MZG,1520,,,,,,,,,,,,,,,,CMJ,1540,2026/12/01,2026/12/31,1234567,DHT,,,,,,
DA,DA7019,,KHH,0800,,,,,,,,,,,,,,,,WOT,0845,2026/10/01,2026/10/31,1000000,DHT,,,,,,
DA,DA7019,,KHH,0800,,,,,,,,,,,,,,,,WOT,0845,2026/11/01,2026/11/30,1000000,DHT,,,,,,
DA,DA7019,,KHH,0800,,,,,,,,,,,,,,,,WOT,0845,2026/12/01,2026/12/31,1000000,DHT,,,,,,
DA,DA7020,,WOT,0915,,,,,,,,,,,,,,,,KHH,1000,2026/10/01,2026/10/31,1000000,DHT,,,,,,
DA,DA7020,,WOT,0915,,,,,,,,,,,,,,,,KHH,1000,2026/11/01,2026/11/30,1000000,DHT,,,,,,
DA,DA7020,,WOT,0915,,,,,,,,,,,,,,,,KHH,1000,2026/12/01,2026/12/31,1000000,DHT,,,,,,
DA,DA7301,,TTT,0730,,,,,,,,,,,,,,,,GNI,0750,2026/10/01,2026/10/31,1234567,DHT,,,,,,
DA,DA7301,,TTT,0750,,,,,,,,,,,,,,,,GNI,0810,2026/11/01,2026/11/30,1234567,DHT,,,,,,
DA,DA7301,,TTT,0750,,,,,,,,,,,,,,,,GNI,0810,2026/12/01,2026/12/31,1234567,DHT,,,,,,
DA,DA7301,,TTT,0800,,,,,,,,,,,,,,,,GNI,0820,2026/10/13,2026/10/16,0234500,DHT,,,,,,
DA,DA7301,,TTT,0800,,,,,,,,,,,,,,,,GNI,0820,2026/10/19,2026/10/23,1234500,DHT,,,,,,
DA,DA7302,,GNI,0815,,,,,,,,,,,,,,,,TTT,0835,2026/10/01,2026/10/31,1234567,DHT,,,,,,
DA,DA7302,,GNI,0835,,,,,,,,,,,,,,,,TTT,0855,2026/11/01,2026/11/30,1234567,DHT,,,,,,
DA,DA7302,,GNI,0835,,,,,,,,,,,,,,,,TTT,0855,2026/12/01,2026/12/31,1234567,DHT,,,,,,
DA,DA7302,,GNI,0845,,,,,,,,,,,,,,,,TTT,0915,2026/10/13,2026/10/16,0234500,DHT,,,,,,
DA,DA7302,,GNI,0845,,,,,,,,,,,,,,,,TTT,0915,2026/10/19,2026/10/23,1234500,DHT,,,,,,
DA,DA7303,,TTT,1250,,,,,,,,,,,,,,,,GNI,1310,2026/10/01,2026/10/31,1234567,DHT,,,,,,
DA,DA7303,,TTT,1155,,,,,,,,,,,,,,,,GNI,1215,2026/11/01,2026/11/30,1234567,DHT,,,,,,
DA,DA7303,,TTT,1155,,,,,,,,,,,,,,,,GNI,1215,2026/12/01,2026/12/31,1234567,DHT,,,,,,
DA,DA7304,,GNI,1335,,,,,,,,,,,,,,,,TTT,1355,2026/10/01,2026/10/31,1234567,DHT,,,,,,
DA,DA7304,,GNI,1240,,,,,,,,,,,,,,,,TTT,1300,2026/11/01,2026/11/30,1234567,DHT,,,,,,
DA,DA7304,,GNI,1240,,,,,,,,,,,,,,,,TTT,1300,2026/12/01,2026/12/31,1234567,DHT,,,,,,
DA,DA7311,,TTT,1615,,,,,,,,,,,,,,,,GNI,1635,2026/10/01,2026/10/31,1234567,DHT,,,,,,
DA,DA7311,,TTT,1600,,,,,,,,,,,,,,,,GNI,1620,2026/11/01,2026/11/30,1234567,DHT,,,,,,
DA,DA7311,,TTT,1600,,,,,,,,,,,,,,,,GNI,1620,2026/12/01,2026/12/31,1234567,DHT,,,,,,
DA,DA7312,,GNI,1700,,,,,,,,,,,,,,,,TTT,1720,2026/10/01,2026/10/31,1234567,DHT,,,,,,
DA,DA7312,,GNI,1645,,,,,,,,,,,,,,,,TTT,1705,2026/11/01,2026/11/30,1234567,DHT,,,,,,
DA,DA7312,,GNI,1645,,,,,,,,,,,,,,,,TTT,1705,2026/12/01,2026/12/31,1234567,DHT,,,,,,
DA,DA7501,,TTT,0750,,,,,,,,,,,,,,,,KYD,0820,2026/10/01,2026/10/31,1234567,DHT,,,,,,
DA,DA7501,,TTT,0810,,,,,,,,,,,,,,,,KYD,0840,2026/11/01,2026/11/30,1234567,DHT,,,,,,
DA,DA7501,,TTT,0810,,,,,,,,,,,,,,,,KYD,0840,2026/12/01,2026/12/31,1234567,DHT,,,,,,
DA,DA7501,,TTT,0810,,,,,,,,,,,,,,,,KYD,0840,2026/10/13,2026/10/16,0234500,DHT,,,,,,
DA,DA7501,,TTT,0810,,,,,,,,,,,,,,,,KYD,0840,2026/10/19,2026/10/23,1234500,DHT,,,,,,
DA,DA7502,,KYD,0850,,,,,,,,,,,,,,,,TTT,0920,2026/10/01,2026/10/31,1234567,DHT,,,,,,
DA,DA7502,,KYD,0910,,,,,,,,,,,,,,,,TTT,0940,2026/11/01,2026/11/30,1234567,DHT,,,,,,
DA,DA7502,,KYD,0910,,,,,,,,,,,,,,,,TTT,0940,2026/12/01,2026/12/31,1234567,DHT,,,,,,
DA,DA7502,,KYD,0910,,,,,,,,,,,,,,,,TTT,0940,2026/10/13,2026/10/16,0234500,DHT,,,,,,
DA,DA7502,,KYD,0910,,,,,,,,,,,,,,,,TTT,0940,2026/10/19,2026/10/23,1234500,DHT,,,,,,
DA,DA7503,,TTT,0900,,,,,,,,,,,,,,,,KYD,0930,2026/10/01,2026/10/31,1234567,DHT,,,,,,
DA,DA7503,,TTT,0925,,,,,,,,,,,,,,,,KYD,0955,2026/11/01,2026/11/30,1234567,DHT,,,,,,
DA,DA7503,,TTT,0925,,,,,,,,,,,,,,,,KYD,0955,2026/12/01,2026/12/31,1234567,DHT,,,,,,
DA,DA7503,,TTT,0900,,,,,,,,,,,,,,,,KYD,0930,2026/10/13,2026/10/16,0234500,DHT,,,,,,
DA,DA7503,,TTT,0900,,,,,,,,,,,,,,,,KYD,0930,2026/10/19,2026/10/23,1234500,DHT,,,,,,
DA,DA7504,,KYD,0955,,,,,,,,,,,,,,,,TTT,1025,2026/10/01,2026/10/31,1234567,DHT,,,,,,
DA,DA7504,,KYD,1025,,,,,,,,,,,,,,,,TTT,1055,2026/11/01,2026/11/30,1234567,DHT,,,,,,
DA,DA7504,,KYD,1025,,,,,,,,,,,,,,,,TTT,1055,2026/12/01,2026/12/31,1234567,DHT,,,,,,
DA,DA7504,,KYD,0955,,,,,,,,,,,,,,,,TTT,1025,2026/10/13,2026/10/16,0234500,DHT,,,,,,
DA,DA7504,,KYD,0955,,,,,,,,,,,,,,,,TTT,1025,2026/10/19,2026/10/23,1234500,DHT,,,,,,
DA,DA7505,,TTT,0950,,,,,,,,,,,,,,,,KYD,1020,2026/10/01,2026/10/31,1234567,DHT,,,,,,
DA,DA7505,,TTT,1010,,,,,,,,,,,,,,,,KYD,1040,2026/11/01,2026/11/30,1234567,DHT,,,,,,
DA,DA7505,,TTT,1010,,,,,,,,,,,,,,,,KYD,1040,2026/12/01,2026/12/31,1234567,DHT,,,,,,
DA,DA7506,,KYD,1050,,,,,,,,,,,,,,,,TTT,1120,2026/10/01,2026/10/31,1234567,DHT,,,,,,
DA,DA7506,,KYD,1110,,,,,,,,,,,,,,,,TTT,1140,2026/11/01,2026/11/30,1234567,DHT,,,,,,
DA,DA7506,,KYD,1110,,,,,,,,,,,,,,,,TTT,1140,2026/12/01,2026/12/31,1234567,DHT,,,,,,
DA,DA7507,,TTT,1150,,,,,,,,,,,,,,,,KYD,1220,2026/10/01,2026/10/31,1234567,DHT,,,,,,
DA,DA7507,,TTT,1225,,,,,,,,,,,,,,,,KYD,1255,2026/11/01,2026/11/30,1234567,DHT,,,,,,
DA,DA7507,,TTT,1225,,,,,,,,,,,,,,,,KYD,1255,2026/12/01,2026/12/31,1234567,DHT,,,,,,
DA,DA7508,,KYD,1250,,,,,,,,,,,,,,,,TTT,1320,2026/10/01,2026/10/31,1234567,DHT,,,,,,
DA,DA7508,,KYD,1325,,,,,,,,,,,,,,,,TTT,1355,2026/11/01,2026/11/30,1234567,DHT,,,,,,
DA,DA7508,,KYD,1325,,,,,,,,,,,,,,,,TTT,1355,2026/12/01,2026/12/31,1234567,DHT,,,,,,
DA,DA7509,,TTT,1425,,,,,,,,,,,,,,,,KYD,1455,2026/10/01,2026/10/31,1234567,DHT,,,,,,
DA,DA7509,,TTT,1330,,,,,,,,,,,,,,,,KYD,1400,2026/11/01,2026/11/30,1234567,DHT,,,,,,
DA,DA7509,,TTT,1330,,,,,,,,,,,,,,,,KYD,1400,2026/12/01,2026/12/31,1234567,DHT,,,,,,
DA,DA7509,,TTT,1425,,,,,,,,,,,,,,,,KYD,1455,2026/10/01,2026/10/02,0004500,DHT,,,,,,
DA,DA7510,,KYD,1520,,,,,,,,,,,,,,,,TTT,1550,2026/10/01,2026/10/31,1234567,DHT,,,,,,
DA,DA7510,,KYD,1430,,,,,,,,,,,,,,,,TTT,1500,2026/11/01,2026/11/30,1234567,DHT,,,,,,
DA,DA7510,,KYD,1430,,,,,,,,,,,,,,,,TTT,1500,2026/12/01,2026/12/31,1234567,DHT,,,,,,
DA,DA7510,,KYD,1520,,,,,,,,,,,,,,,,TTT,1550,2026/10/01,2026/10/02,0004500,DHT,,,,,,
DA,DA7511,,TTT,1550,,,,,,,,,,,,,,,,KYD,1620,2026/10/01,2026/10/31,1234567,DHT,,,,,,
DA,DA7511,,TTT,1530,,,,,,,,,,,,,,,,KYD,1600,2026/11/01,2026/11/30,1234567,DHT,,,,,,
DA,DA7511,,TTT,1530,,,,,,,,,,,,,,,,KYD,1600,2026/12/01,2026/12/31,1234567,DHT,,,,,,
DA,DA7512,,KYD,1645,,,,,,,,,,,,,,,,TTT,1715,2026/10/01,2026/10/31,1234567,DHT,,,,,,
DA,DA7512,,KYD,1630,,,,,,,,,,,,,,,,TTT,1700,2026/11/01,2026/11/30,1234567,DHT,,,,,,
DA,DA7512,,KYD,1630,,,,,,,,,,,,,,,,TTT,1700,2026/12/01,2026/12/31,1234567,DHT,,,,,,
DA,DA7515,,TTT,1055,,,,,,,,,,,,,,,,KYD,1125,2026/10/01,2026/10/31,1234567,DHT,,,,,,
DA,DA7516,,KYD,1150,,,,,,,,,,,,,,,,TTT,1220,2026/10/01,2026/10/31,1234567,DHT,,,,,,
DA,DA7517,,TTT,1350,,,,,,,,,,,,,,,,KYD,1420,2026/10/01,2026/10/31,1234567,DHT,,,,,,
DA,DA7517,,TTT,1350,,,,,,,,,,,,,,,,KYD,1420,2026/10/01,2026/10/02,0004500,DHT,,,,,,
DA,DA7518,,KYD,1450,,,,,,,,,,,,,,,,TTT,1520,2026/10/01,2026/10/31,1234567,DHT,,,,,,
DA,DA7518,,KYD,1450,,,,,,,,,,,,,,,,TTT,1520,2026/10/01,2026/10/02,0004500,DHT,,,,,,
