Airline,FlightNumber,CodeShareInfo,DepartureAirport,DepartureDateTime,TransitAirport_1,TransitAirportArrival_1,TransitAirportDeparture_1,TransitAirport_2,TransitAirportArrival_2,TransitAirportDeparture_2,TransitAirport_3,TransitAirportArrival_3,TransitAirportDeparture_3,TransitAirport_4,TransitAirportArrival_4,TransitAirportDeparture_4,TransitAirport_5,TransitAirportArrival_5,TransitAirportDeparture_5,ArrivalAirport,ArrivalDateTime,ScheduleStartDate,ScheduleEndDate,WeekDay,AircraftType,AircraftTypeSecondary_1,AircraftTypeSecondary_2,AircraftTypeSecondary_3,AircraftTypeSecondary_4,AircraftTypeSecondary_5,Flag
B7,B7501,BR2399,PVG,1120,,,,,,,,,,,,,,,,TSA,1310,2026/09/29,2026/10/04,0204007,321,,,,,,
B7,B7502,BR2400,TSA,0800,,,,,,,,,,,,,,,,PVG,1000,2026/09/29,2026/10/04,0204007,321,,,,,,
B7,B7511,,TSA,1700,,,,,,,,,,,,,,,,XMN,1840,2026/10/02,2026/10/02,0000500,321,,,,,,
B7,B7512,,XMN,1940,,,,,,,,,,,,,,,,TSA,2125,2026/10/02,2026/10/02,0000500,321,,,,,,
BR,BR107,AC6544;NH5831,NRT,1245,,,,,,,,,,,,,,,,KHH,1540,2026/09/28,2026/10/04,1234567,321,333,,,,,
BR,BR108,AC6547;NH5832,KHH,0700,,,,,,,,,,,,,,,,NRT,1145,2026/09/28,2026/10/04,1234567,321,333,,,,,
BR,BR119,NH5843,FUK,2020,,,,,,,,,,,,,,,,KHH,2210,2026/09/28,2026/10/04,1234567,321,333,,,,,
BR,BR120,NH5844,KHH,1530,,,,,,,,,,,,,,,,FUK,1920,2026/09/28,2026/10/04,1234567,321,333,,,,,
BR,BR145,AC6540;OZ6877,ICN,1205,,,,,,,,,,,,,,,,KHH,1400,2026/09/29,2026/10/03,0230560,321,333,,,,,
BR,BR146,AC6541;OZ6878,KHH,0655,,,,,,,,,,,,,,,,ICN,1045,2026/09/29,2026/10/03,0230560,321,333,,,,,
BR,BR147,NH6612,KIX,2035,,,,,,,,,,,,,,,,KHH,2255,2026/09/29,2026/10/03,0230560,321,333,,,,,
BR,BR148,NH6613,KHH,1525,,,,,,,,,,,,,,,,KIX,1935,2026/09/29,2026/10/03,0230560,321,333,,,,,
BR,BR155,,GMP,1350,,,,,,,,,,,,,,,,TSA,1525,2026/10/02,2026/10/03,0000560,321,,,,,,
BR,BR156,,TSA,0920,,,,,,,,,,,,,,,,GMP,1250,2026/10/02,2026/10/03,0000560,321,,,,,,
BR,BR171,AC6538;OZ6875,ICN,2045,,,,,,,,,,,,,,,,KHH,2240,2026/09/28,2026/10/04,1004007,321,333,,,,,
BR,BR172,AC6539;OZ6876,KHH,1550,,,,,,,,,,,,,,,,ICN,1945,2026/09/28,2026/10/04,1004007,321,333,,,,,
BR,BR181,NH5839,KIX,1210,,,,,,,,,,,,,,,,KHH,1430,2026/09/28,2026/10/04,1234567,321,333,,,,,
BR,BR182,NH5840,KHH,0705,,,,,,,,,,,,,,,,KIX,1110,2026/09/28,2026/10/04,1234567,321,333,,,,,
BR,BR189,NH5823,HND,1050,,,,,,,,,,,,,,,,TSA,1330,2026/09/28,2026/10/04,1234567,781,,,,,,
BR,BR190,NH5824,TSA,1620,,,,,,,,,,,,,,,,HND,2020,2026/09/28,2026/10/04,1234567,781,,,,,,
BR,BR191,NH5825,HND,1240,,,,,,,,,,,,,,,,TSA,1505,2026/09/28,2026/10/04,1234567,781,,,,,,
BR,BR192,NH5826,TSA,0720,,,,,,,,,,,,,,,,HND,1130,2026/09/28,2026/10/04,1234567,781,,,,,,
BR,BR705,HO3189,PVG,2005,,,,,,,,,,,,,,,,KHH,2220,2026/09/28,2026/10/04,1204507,321,333,,,,,
BR,BR706,HO3190,KHH,1650,,,,,,,,,,,,,,,,PVG,1905,2026/09/28,2026/10/04,1204507,321,333,,,,,
BR,BR771,CA5513,SHA,1940,,,,,,,,,,,,,,,,TSA,2145,2026/09/28,2026/10/04,1034567,781,789,333,,,,
BR,BR772,CA5514,TSA,1455,,,,,,,,,,,,,,,,SHA,1630,2026/09/28,2026/10/04,1034567,781,789,333,,,,
BR,BR829,NX3029,KHH,0900,,,,,,,,,,,,,,,,MFM,1035,2026/09/28,2026/10/04,1004007,321,333,,,,,
BR,BR830,NX3030,MFM,1145,,,,,,,,,,,,,,,,KHH,1315,2026/09/28,2026/10/04,1004007,321,333,,,,,
BR,BR833,NX3031,KHH,1650,,,,,,,,,,,,,,,,MFM,1825,2026/09/30,2026/10/03,0030060,321,333,,,,,
BR,BR834,NX3032,MFM,2000,,,,,,,,,,,,,,,,KHH,2130,2026/09/30,2026/10/03,0030060,321,333,,,,,
BR,BR845,HX1845,KHH,0915,,,,,,,,,,,,,,,,HKG,1055,2026/09/28,2026/10/04,1234567,321,,,,,,
BR,BR846,HX1846,HKG,1205,,,,,,,,,,,,,,,,KHH,1340,2026/09/28,2026/10/04,1234567,321,,,,,,
BR,BR849,HX1849,KHH,1645,,,,,,,,,,,,,,,,HKG,1825,2026/09/28,2026/10/04,1234567,321,,,,,,
BR,BR850,HX1850,HKG,1925,,,,,,,,,,,,,,,,KHH,2100,2026/09/28,2026/10/04,1234567,321,,,,,,
AE,AE1857,,RMQ,0800,,,,,,,,,,,,,,,,SGN,1020,2026/09/28,2026/10/04,1234567,738,,,,,,
AE,AE1858,,SGN,1120,,,,,,,,,,,,,,,,RMQ,1550,2026/09/28,2026/10/04,1234567,738,,,,,,
AE,AE211,MF9029,TSA,0705,,,,,,,,,,,,,,,,FOC,0840,2026/09/29,2026/10/02,0230500,738,,,,,,
AE,AE212,MF9030,FOC,0945,,,,,,,,,,,,,,,,TSA,1125,2026/09/29,2026/10/02,0230500,738,,,,,,
AE,AE217,,TSA,1320,,,,,,,,,,,,,,,,WUH,1600,2026/09/30,2026/10/03,0030060,738,,,,,,
AE,AE218,,WUH,1725,,,,,,,,,,,,,,,,TSA,2000,2026/09/30,2026/10/03,0030060,738,,,,,,
AE,AE967,MF9026,KHH,0730,,,,,,,,,,,,,,,,XMN,0900,2026/09/28,2026/10/03,1004060,32Q,333;738,,,,,
AE,AE968,MF9025,XMN,1005,,,,,,,,,,,,,,,,KHH,1135,2026/09/28,2026/10/03,1004060,32Q,333;738,,,,,
AE,AE983,CI9501,KHH,0725,,,,,,,,,,,,,,,,HKG,0910,2026/09/28,2026/10/03,1004060,738,32Q;333,,,,,
AE,AE984,CI9502,HKG,1010,,,,,,,,,,,,,,,,KHH,1145,2026/09/28,2026/10/03,1004060,738,32Q;333,,,,,
CI,CI102,JL5130,KHH,0655,,,,,,,,,,,,,,,,NRT,1135,2026/10/01,2026/10/01,0004000,32Q,738,333,,,,
CI,CI102,JL5130,KHH,0800,,,,,,,,,,,,,,,,NRT,1235,2026/09/28,2026/10/04,1230567,32Q,738,333,,,,
CI,CI103,JL5139,NRT,1235,,,,,,,,,,,,,,,,KHH,1540,2026/10/01,2026/10/01,0004000,32Q,738,333,,,,
CI,CI103,JL5139,NRT,1335,,,,,,,,,,,,,,,,KHH,1640,2026/09/28,2026/10/04,1230567,32Q,738,333,,,,
CI,CI126,JL5178,KHH,1255,,,,,,,,,,,,,,,,NRT,1735,2026/09/28,2026/10/04,1030507,32Q,738,333,,,,
CI,CI126,JL5178,KHH,1410,,,,,,,,,,,,,,,,NRT,1850,2026/09/29,2026/10/01,0204000,32Q,738,333,,,,
CI,CI126,JL5178,KHH,1415,,,,,,,,,,,,,,,,NRT,1850,2026/10/03,2026/10/03,0000060,32Q,738,333,,,,
CI,CI127,JL5177,NRT,1835,,,,,,,,,,,,,,,,KHH,2140,2026/09/28,2026/10/04,1030507,32Q,738,333,,,,
CI,CI127,JL5177,NRT,1950,,,,,,,,,,,,,,,,KHH,2255,2026/09/29,2026/10/03,0204060,32Q,738,333,,,,
CI,CI132,JL5140,KHH,1555,,,,,,,,,,,,,,,,OKA,1845,2026/10/01,2026/10/01,0004000,32Q,738,333,,,,
CI,CI132,JL5140,KHH,1555,,,,,,,,,,,,,,,,OKA,1845,2026/09/28,2026/10/04,1230567,738,32Q,333,,,,
CI,CI133,JL5149,OKA,1945,,,,,,,,,,,,,,,,KHH,2030,2026/10/01,2026/10/01,0004000,32Q,738,333,,,,
CI,CI133,JL5149,OKA,1945,,,,,,,,,,,,,,,,KHH,2030,2026/09/28,2026/10/04,1230567,738,32Q,333,,,,
CI,CI138,JL5146,KHH,0655,,,,,,,,,,,,,,,,FUK,1050,2026/09/29,2026/10/02,0204500,738,32Q,,,,,
CI,CI139,JL5145,FUK,1150,,,,,,,,,,,,,,,,KHH,1340,2026/09/29,2026/10/02,0204500,738,32Q,,,,,
CI,CI164,KE5700,KHH,0715,,,,,,,,,,,,,,,,ICN,1100,2026/09/28,2026/10/04,1230507,32Q,738,333,,,,
CI,CI165,KE5699,ICN,1205,,,,,,,,,,,,,,,,KHH,1405,2026/09/28,2026/10/04,1230507,32Q,738,333,,,,
CI,CI166,JL5142,KHH,0655,,,,,,,,,,,,,,,,KIX,1100,2026/09/28,2026/10/02,1030500,738,32Q,333,,,,
CI,CI167,JL5141,KIX,1200,,,,,,,,,,,,,,,,KHH,1425,2026/09/28,2026/10/02,1030500,738,32Q,333,,,,
CI,CI176,JL5144,KHH,1535,,,,,,,,,,,,,,,,KIX,1935,2026/09/28,2026/10/04,1234567,32Q,738,333,,,,
CI,CI177,JL5143,KIX,2035,,,,,,,,,,,,,,,,KHH,2250,2026/09/28,2026/10/04,1234567,32Q,738,333,,,,
CI,CI184,,KHH,0715,,,,,,,,,,,,,,,,GMP,1100,2026/10/01,2026/10/03,0004060,32Q,738,,,,,
CI,CI185,,GMP,1205,,,,,,,,,,,,,,,,KHH,1405,2026/10/01,2026/10/03,0004060,32Q,738,,,,,
CI,CI198,JL5170,KHH,0715,,,,,,,,,,,,,,,,KMJ,1035,2026/10/03,2026/10/03,0000060,738,32Q,,,,,
CI,CI198,JL5170,KHH,0915,,,,,,,,,,,,,,,,KMJ,1230,2026/10/04,2026/10/04,0000007,738,32Q,,,,,
CI,CI199,JL5179,KMJ,1150,,,,,,,,,,,,,,,,KHH,1330,2026/09/28,2026/10/03,1030060,738,32Q,,,,,
CI,CI199,JL5179,KMJ,1330,,,,,,,,,,,,,,,,KHH,1510,2026/10/04,2026/10/04,0000007,738,32Q,,,,,
CI,CI201,MU8905;FM8201,TSA,1230,,,,,,,,,,,,,,,,SHA,1415,2026/09/28,2026/10/04,1234067,333,738,,,,,
CI,CI202,MU8906;FM8202,SHA,1615,,,,,,,,,,,,,,,,TSA,1815,2026/09/28,2026/10/04,1234067,333,738,,,,,
CI,CI220,JL5042,TSA,0900,,,,,,,,,,,,,,,,HND,1310,2026/09/28,2026/10/04,1234567,333,32Q,738,,,,
CI,CI221,JL5043,HND,1430,,,,,,,,,,,,,,,,TSA,1655,2026/09/28,2026/10/04,1234567,333,32Q,738,,,,
CI,CI222,JL5044,TSA,1805,,,,,,,,,,,,,,,,HND,2215,2026/09/28,2026/10/04,1234567,333,32Q,738,,,,
CI,CI223,JL5041,HND,0755,,,,,,,,,,,,,,,,TSA,1030,2026/09/28,2026/10/04,1234567,333,32Q,738,,,,
CI,CI260,,TSA,0925,,,,,,,,,,,,,,,,GMP,1255,2026/09/28,2026/10/04,1004007,738,32Q,,,,,
CI,CI261,,GMP,1355,,,,,,,,,,,,,,,,TSA,1535,2026/09/28,2026/10/04,1004007,738,32Q,,,,,
CI,CI310,,RMQ,1000,,,,,,,,,,,,,,,,OKA,1240,2026/09/28,2026/10/04,1234567,32Q,738,,,,,
CI,CI311,,OKA,1340,,,,,,,,,,,,,,,,RMQ,1410,2026/09/28,2026/10/04,1234567,32Q,738,,,,,
CI,CI312,,RMQ,1520,,,,,,,,,,,,,,,,OKA,1800,2026/09/28,2026/10/03,1034060,32Q,738,,,,,
CI,CI313,,OKA,1900,,,,,,,,,,,,,,,,RMQ,1930,2026/09/28,2026/10/03,1034060,32Q,738,,,,,
CI,CI581,,KHH,0705,,,,,,,,,,,,,,,,PVG,0930,2026/09/29,2026/10/03,0200060,738,32Q,333,,,,
CI,CI582,,PVG,1045,,,,,,,,,,,,,,,,KHH,1310,2026/09/29,2026/10/03,0200060,738,32Q,333,,,,
CI,CI583,,KHH,1650,,,,,,,,,,,,,,,,PVG,1910,2026/09/28,2026/10/04,1004007,738,32Q,333,,,,
CI,CI584,,PVG,2025,,,,,,,,,,,,,,,,KHH,2240,2026/09/28,2026/10/04,1004007,738,32Q,333,,,,
CI,CI585,,KHH,0835,,,,,,,,,,,,,,,,SZX,1010,2026/10/01,2026/10/04,0004007,738,32Q,333,,,,
CI,CI586,,SZX,1130,,,,,,,,,,,,,,,,KHH,1310,2026/10/01,2026/10/04,0004007,738,32Q,333,,,,
CI,CI711,AE5321;PR3301,KHH,0715,,,,,,,,,,,,,,,,MNL,0900,2026/09/29,2026/10/04,0230507,738,32Q,333,,,,
CI,CI712,AE5322;PR3300,MNL,1000,,,,,,,,,,,,,,,,KHH,1155,2026/09/29,2026/10/04,0230507,738,32Q,333,,,,
CI,CI757,KL4992;AE5307,KHH,1255,,,,,,,,,,,,,,,,SIN,1715,2026/09/29,2026/10/03,0204060,738,32Q,333,,,,
CI,CI758,KL4993;AE5308,SIN,1815,,,,,,,,,,,,,,,,KHH,2245,2026/09/29,2026/10/03,0204060,738,32Q,333,,,,
CI,CI839,PG4904;AE5319,KHH,1440,,,,,,,,,,,,,,,,BKK,1720,2026/09/28,2026/10/04,1234567,738,32Q,333,,,,
CI,CI840,PG4905;AE5320,BKK,1820,,,,,,,,,,,,,,,,KHH,2250,2026/09/28,2026/10/04,1234567,738,32Q,333,,,,
CI,CI933,AE5213,KHH,0725,,,,,,,,,,,,,,,,HKG,0910,2026/09/29,2026/10/04,0230507,738,32Q,333,,,,
CI,CI934,AE5214,HKG,1010,,,,,,,,,,,,,,,,KHH,1145,2026/09/29,2026/10/04,0230507,738,32Q,333,,,,
CI,CI935,AE5215,KHH,1800,,,,,,,,,,,,,,,,HKG,1940,2026/09/28,2026/10/04,1234567,32Q,738,333,,,,
CI,CI936,AE5216,HKG,2040,,,,,,,,,,,,,,,,KHH,2210,2026/09/28,2026/10/04,1234567,32Q,738,333,,,,
BX,BX795,OZ9745,PUS,1125,,,,,,,,,,,,,,,,KHH,1320,2026/09/28,2026/10/04,1234567,321,320,,,,,
BX,BX796,OZ9746,KHH,1415,,,,,,,,,,,,,,,,PUS,1755,2026/09/28,2026/10/04,1234567,321,320,,,,,
CA,CA197,BR2795,SHA,1210,,,,,,,,,,,,,,,,TSA,1415,2026/09/29,2026/10/03,0204560,333,738,73G,321,319,,
CA,CA198,BR2796,TSA,1530,,,,,,,,,,,,,,,,SHA,1725,2026/09/29,2026/10/03,0204560,333,738,73G,321,319,,
CA,CA469,BR2756,CKG,1520,,,,,,,,,,,,,,,,TSA,1830,2026/10/01,2026/10/01,0004000,738,,,,,,
CA,CA470,BR2755,TSA,1930,,,,,,,,,,,,,,,,CKG,2250,2026/10/01,2026/10/01,0004000,738,,,,,,
CX,CX423,,KHH,1340,,,,,,,,,,,,,,,,HKG,1525,2026/09/28,2026/10/04,1234567,77W,351,359,773,333,32Q,
CX,CX424,,HKG,1105,,,,,,,,,,,,,,,,KHH,1240,2026/09/28,2026/10/04,1234567,77W,351,359,773,333,32Q,
CX,CX431,,KHH,1110,,,,,,,,,,,,,,,,HKG,1250,2026/09/28,2026/10/04,1234567,77W,351,359,773,333,32Q,
CX,CX432,,HKG,0835,,,,,,,,,,,,,,,,KHH,1010,2026/09/28,2026/10/04,1234567,77W,351,359,773,333,32Q,
CX,CX448,,HKG,2140,,,,,,,,,,,,,,,,KHH,2310,2026/09/28,2026/10/04,1234567,77W,351,359,773,333,32Q,
CX,CX449,,KHH,0730,,,,,,,,,,,,,,,,HKG,0905,2026/09/28,2026/10/04,1234567,77W,351,359,773,333,32Q,
CX,CX458,,HKG,1635,,,,,,,,,,,,,,,,KHH,1810,2026/09/28,2026/10/04,1234567,77W,351,359,773,333,32Q,
CX,CX459,,KHH,1910,,,,,,,,,,,,,,,,HKG,2050,2026/09/28,2026/10/04,1234567,77W,351,359,773,333,32Q,
CZ,CZ3093,,WUH,0800,,,,,,,,,,,,,,,,KHH,1040,2026/09/29,2026/10/04,0204007,738,73G,,,,,
CZ,CZ3094,,KHH,1200,,,,,,,,,,,,,,,,WUH,1445,2026/09/29,2026/10/04,0204007,738,73G,,,,,
FM,FM801,,PVG,0910,,,,,,,,,,,,,,,,TSA,1100,2026/09/28,2026/10/04,1234567,738,789,7M8,763,752,,
FM,FM802,,TSA,1220,,,,,,,,,,,,,,,,PVG,1435,2026/09/28,2026/10/04,1234567,738,789,7M8,763,752,,
FM,FM819,,PVG,1050,,,,,,,,,,,,,,,,TSA,1240,2026/09/28,2026/10/03,1030060,738,789,7M8,763,752,,
FM,FM820,,TSA,1340,,,,,,,,,,,,,,,,PVG,1535,2026/09/28,2026/10/03,1030060,738,789,7M8,763,752,,
FM,FM851,MU8627;CI8022,SHA,0815,,,,,,,,,,,,,,,,TSA,1015,2026/09/29,2026/10/04,0200507,789,738,332,738,752,,
FM,FM852,MU8628;CI8021,TSA,1130,,,,,,,,,,,,,,,,SHA,1330,2026/09/29,2026/10/04,0200507,789,738,332,738,752,,
LJ,LJ735,,ICN,0755,,,,,,,,,,,,,,,,RMQ,0940,2026/09/28,2026/10/04,1234567,738,739,7M8,,,,
LJ,LJ736,,RMQ,1040,,,,,,,,,,,,,,,,ICN,1415,2026/09/28,2026/10/04,1234567,738,739,7M8,,,,
LJ,LJ737,,ICN,1450,,,,,,,,,,,,,,,,RMQ,1630,2026/09/28,2026/10/04,1234567,738,739,7M8,,,,
LJ,LJ738,,RMQ,1730,,,,,,,,,,,,,,,,ICN,2115,2026/09/28,2026/10/04,1234567,738,739,7M8,,,,
LJ,LJ741,,PUS,1335,,,,,,,,,,,,,,,,RMQ,1500,2026/09/28,2026/10/03,1230560,739,738,7M8,,,,
LJ,LJ742,,RMQ,1600,,,,,,,,,,,,,,,,PUS,1920,2026/09/29,2026/10/03,0230560,739,738,7M8,,,,
MU,MU2561,,WUH,0810,,,,,,,,,,,,,,,,KHH,1040,2026/10/02,2026/10/04,0000507,738,332,333,,,,
MU,MU2562,,KHH,1150,,,,,,,,,,,,,,,,WUH,1430,2026/10/02,2026/10/04,0000507,738,332,333,,,,
MU,MU2941,,NKG,0755,,,,,,,,,,,,,,,,RMQ,1010,2026/10/03,2026/10/03,0000060,320,32N,32Q,321;319,,,
MU,MU2942,,RMQ,1110,,,,,,,,,,,,,,,,NKG,1315,2026/10/03,2026/10/03,0000060,320,32N,32Q,321;319,,,
MU,MU2945,,NKG,0755,,,,,,,,,,,,,,,,KHH,1010,2026/09/30,2026/10/04,0030507,319,32N,32Q,333;332;320;321,738,,
MU,MU2946,,KHH,1140,,,,,,,,,,,,,,,,NKG,1400,2026/09/30,2026/10/04,0030507,319,32N,32Q,333;332;320;321,738,,
MU,MU5097,FM3001;CI8006,SHA,1415,,,,,,,,,,,,,,,,TSA,1615,2026/09/28,2026/10/04,1234567,333,332,321,320;319,789,,
MU,MU5098,FM3002;CI8005,TSA,1715,,,,,,,,,,,,,,,,SHA,1905,2026/09/28,2026/10/04,1234567,333,332,321,320;319,789,,
MU,MU827,,TFU,1345,,,,,,,,,,,,,,,,RMQ,1700,2026/09/30,2026/10/04,0030007,32N,320,32Q,321;319,,,
MU,MU828,,RMQ,1800,,,,,,,,,,,,,,,,TFU,2105,2026/09/30,2026/10/04,0030007,32N,320,32Q,321;319,,,
NH,NH851,BR2175,HND,0940,,,,,,,,,,,,,,,,TSA,1205,2026/09/28,2026/10/04,1234567,789,788,763,320,,,
NH,NH852,BR2176,TSA,1330,,,,,,,,,,,,,,,,HND,1745,2026/09/28,2026/10/04,1234567,789,788,763,320,,,
NH,NH853,BR2177,HND,1320,,,,,,,,,,,,,,,,TSA,1550,2026/09/28,2026/10/04,1234567,788,789,763,320,,,
NH,NH854,BR2178,TSA,1650,,,,,,,,,,,,,,,,HND,2050,2026/09/28,2026/10/04,1234567,788,789,763,320,,,
NX,NX657,BR2913,KHH,0900,,,,,,,,,,,,,,,,MFM,1025,2026/09/28,2026/10/03,1234560,321,320,,,,,
NX,NX658,BR2914,MFM,2135,,,,,,,,,,,,,,,,KHH,2300,2026/09/28,2026/10/02,1234500,321,320,,,,,
NX,NX659,BR2917,KHH,1905,,,,,,,,,,,,,,,,MFM,2040,2026/09/28,2026/10/04,1004007,321,320,,,,,
NX,NX660,BR2918,MFM,1635,,,,,,,,,,,,,,,,KHH,1805,2026/09/28,2026/10/04,1004007,321,320,,,,,
NX,NX667,BR2915,KHH,1450,,,,,,,,,,,,,,,,MFM,1615,2026/09/28,2026/10/04,1230067,321,320,,,,,
NX,NX668,BR2916,MFM,1225,,,,,,,,,,,,,,,,KHH,1350,2026/09/28,2026/10/04,1230067,321,320,,,,,
NX,NX671,BR3499,RMQ,1225,,,,,,,,,,,,,,,,MFM,1415,2026/09/30,2026/10/04,0034567,321,320,,,,,
NX,NX672,BR3500,MFM,0950,,,,,,,,,,,,,,,,RMQ,1135,2026/09/30,2026/10/04,0034567,321,320,,,,,
TG,TG630,TK8496,BKK,1145,,,,,,,,,,,,,,,,KHH,1615,2026/09/28,2026/10/04,1234567,320,32Q,,,,,
TG,TG631,TK8497,KHH,1715,,,,,,,,,,,,,,,,BKK,1955,2026/09/28,2026/10/04,1234567,320,32Q,,,,,
UA,UA837,NH6464,NRT,1740,,,,,,,,,,,,,,,,KHH,2100,2026/09/28,2026/10/04,1234567,738,7M8,77W,772,,,
UA,UA838,NH6465,KHH,0955,,,,,,,,,,,,,,,,NRT,0400,2026/09/28,2026/10/04,1234567,738,7M8,77W,772,,,
UO,UO130,,HKG,0800,,,,,,,,,,,,,,,,KHH,0930,2026/09/28,2026/10/04,1234567,320,321,,,,,
UO,UO131,CX5131,KHH,1015,,,,,,,,,,,,,,,,HKG,1145,2026/09/28,2026/10/04,1234567,320,321,,,,,
UO,UO133,CX5133,KHH,1500,,,,,,,,,,,,,,,,HKG,1635,2026/09/28,2026/10/04,1234567,320,321,,,,,
UO,UO134,CX5134,HKG,1850,,,,,,,,,,,,,,,,KHH,2020,2026/09/28,2026/10/04,1030567,320,321,,,,,
UO,UO135,CX5135,KHH,2115,,,,,,,,,,,,,,,,HKG,2250,2026/09/28,2026/10/04,1030567,320,321,,,,,
UO,UO136,CX5136,HKG,1245,,,,,,,,,,,,,,,,KHH,1415,2026/09/28,2026/10/04,1234567,320,321,,,,,
UO,UO172,CX5172,HKG,1105,,,,,,,,,,,,,,,,RMQ,1245,2026/09/28,2026/10/04,1234567,320,321,,,,,
UO,UO173,CX5173,RMQ,1335,,,,,,,,,,,,,,,,HKG,1520,2026/09/28,2026/10/04,1234567,320,321,,,,,
UO,UO182,CX5182,HKG,1815,,,,,,,,,,,,,,,,RMQ,1955,2026/09/28,2026/10/04,1234567,320,321,,,,,
UO,UO183,CX5183,RMQ,2040,,,,,,,,,,,,,,,,HKG,2225,2026/09/28,2026/10/04,1234567,320,321,,,,,
UO,UO192,CX5192,HKG,0755,,,,,,,,,,,,,,,,RMQ,0935,2026/09/28,2026/10/04,1230507,320,321,,,,,
UO,UO192,CX5192,HKG,0755,,,,,,,,,,,,,,,,RMQ,0935,2026/10/01,2026/10/03,0004060,320,321,,,,,
UO,UO193,CX5193,RMQ,1025,,,,,,,,,,,,,,,,HKG,1210,2026/09/28,2026/10/04,1234567,320,321,,,,,
SC,SC4633,,TAO,0750,,,,,,,,,,,,,,,,RMQ,1020,2026/10/01,2026/10/01,0004000,738,73G,7M8,,,,
SC,SC4634,,RMQ,1120,,,,,,,,,,,,,,,,TAO,1350,2026/10/01,2026/10/01,0004000,738,73G,7M8,,,,
3U,3U3783,,CKG,1500,,,,,,,,,,,,,,,,TSA,1755,2026/09/30,2026/10/04,0030507,321,320,319,32N,32Q,,
3U,3U3784,,TSA,1905,,,,,,,,,,,,,,,,CKG,2220,2026/09/30,2026/10/04,0030507,321,320,319,32N,32Q,,
3U,3U3981,,CTU,1355,,,,,,,,,,,,,,,,TSA,1720,2026/09/28,2026/10/04,1030507,333,332,321,32Q,320,32N,
3U,3U3982,,TSA,1835,,,,,,,,,,,,,,,,CTU,2155,2026/09/28,2026/10/04,1030507,333,332,321,32Q,320,32N,
MF,MF8665,AE5102,XMN,1805,,,,,,,,,,,,,,,,KHH,1925,2026/10/04,2026/10/04,0000007,738,32Q,788,789,73G,,
MF,MF8666,AE5103,KHH,2025,,,,,,,,,,,,,,,,XMN,2150,2026/10/04,2026/10/04,0000007,738,32Q,788,789,73G,,
MF,MF8679,,FOC,1715,,,,,,,,,,,,,,,,KHH,1850,2026/10/02,2026/10/02,0000500,738,32Q,788,789,73G,,
MF,MF8680,,KHH,1950,,,,,,,,,,,,,,,,FOC,2125,2026/10/02,2026/10/02,0000500,738,32Q,788,789,73G,,
MF,MF881,,XMN,1710,,,,,,,,,,,,,,,,TSA,1845,2026/09/28,2026/10/04,1234567,738,32Q,788,789,73G,,
MF,MF882,,TSA,1945,,,,,,,,,,,,,,,,XMN,2130,2026/09/28,2026/10/04,1234567,738,32Q,788,789,73G,,
MF,MF883,AE5106,FOC,1810,,,,,,,,,,,,,,,,TSA,1945,2026/09/28,2026/10/04,1234067,738,32Q,788,789,73G,,
MF,MF884,AE5107,TSA,2045,,,,,,,,,,,,,,,,FOC,2215,2026/09/28,2026/10/04,1234067,738,32Q,788,789,73G,,
VN,VN580,CI9026,SGN,1750,,,,,,,,,,,,,,,,KHH,2150,2026/09/28,2026/10/04,1234567,321,359,789,,,,
VN,VN581,CI9027,KHH,0730,,,,,,,,,,,,,,,,SGN,0930,2026/09/28,2026/10/04,1234567,321,359,789,,,,
VN,VN582,,SGN,0745,,,,,,,,,,,,,,,,KHH,1145,2026/09/28,2026/10/04,1030507,321,359,789,,,,
VN,VN583,,KHH,1300,,,,,,,,,,,,,,,,SGN,1500,2026/09/28,2026/10/04,1030507,321,359,789,,,,
VN,VN584,,HAN,0720,,,,,,,,,,,,,,,,KHH,1050,2026/09/29,2026/10/03,0204060,321,359,789,,,,
VN,VN585,,KHH,1205,,,,,,,,,,,,,,,,HAN,1345,2026/09/29,2026/10/03,0204060,321,359,789,,,,
VN,VN586,CI9586,HAN,1815,,,,,,,,,,,,,,,,KHH,2145,2026/09/28,2026/10/04,1234567,321,359,789,,,,
VN,VN587,CI9587,KHH,0840,,,,,,,,,,,,,,,,HAN,1020,2026/09/28,2026/10/04,1234567,321,359,789,,,,
JL,JL096,CI9220,TSA,0940,,,,,,,,,,,,,,,,HND,1350,2026/09/28,2026/10/04,1234567,788,789,77E,738,763,,
JL,JL097,CI9221,HND,0855,,,,,,,,,,,,,,,,TSA,1115,2026/09/28,2026/10/04,1234567,789,788,77E,738,763,,
JL,JL098,CI9222,TSA,1420,,,,,,,,,,,,,,,,HND,1830,2026/09/28,2026/10/04,1234567,789,788,77E,738,763,,
JL,JL099,CI9223,HND,1825,,,,,,,,,,,,,,,,TSA,2050,2026/09/28,2026/10/04,1234567,788,789,77E,738,763,,
MM,MM031,,KIX,1045,,,,,,,,,,,,,,,,KHH,1310,2026/10/01,2026/10/04,0004567,32Q,32N,320,,,,
MM,MM032,,KHH,1410,,,,,,,,,,,,,,,,KIX,1815,2026/09/28,2026/10/04,1234567,32Q,32N,320,,,,
TW,TW651,,GMP,1050,,,,,,,,,,,,,,,,KHH,1245,2026/09/28,2026/10/04,1030507,738,7M8,,,,,
TW,TW652,,KHH,1345,,,,,,,,,,,,,,,,GMP,1740,2026/09/28,2026/10/04,1030507,738,7M8,,,,,
TW,TW667,,GMP,1120,,,,,,,,,,,,,,,,TSA,1300,2026/09/28,2026/10/04,1030507,738,7M8,,,,,
TW,TW668,,TSA,1400,,,,,,,,,,,,,,,,GMP,1725,2026/09/28,2026/10/04,1030507,738,7M8,,,,,
TW,TW669,,ICN,1355,,,,,,,,,,,,,,,,RMQ,1600,2026/09/28,2026/10/04,1234567,738,7M8,,,,,
TW,TW670,,RMQ,1700,,,,,,,,,,,,,,,,ICN,2045,2026/09/28,2026/10/04,1234567,738,7M8,,,,,
TW,TW671,,ICN,1305,,,,,,,,,,,,,,,,KHH,1510,2026/09/28,2026/10/04,1234567,738,7M8,,,,,
TW,TW672,,KHH,1610,,,,,,,,,,,,,,,,ICN,2000,2026/09/28,2026/10/04,1234567,738,7M8,,,,,
TW,TW675,,PUS,1500,,,,,,,,,,,,,,,,KHH,1650,2026/09/28,2026/10/04,1230567,738,7M8,,,,,
TW,TW675,,PUS,1500,,,,,,,,,,,,,,,,KHH,1650,2026/10/01,2026/10/01,0004000,738,7M8,,,,,
TW,TW676,,KHH,1755,,,,,,,,,,,,,,,,PUS,2205,2026/09/28,2026/10/04,1234567,738,7M8,,,,,
TW,TW689,,CJU,1115,,,,,,,,,,,,,,,,KHH,1245,2026/09/29,2026/10/04,0204067,738,7M8,,,,,
TW,TW690,,KHH,1345,,,,,,,,,,,,,,,,CJU,1710,2026/09/29,2026/10/04,0204067,738,7M8,,,,,
5J,5J344,,MNL,1700,,,,,,,,,,,,,,,,KHH,1900,2026/09/28,2026/10/04,1030567,32Q,321,32N,320,,,
5J,5J345,,KHH,2000,,,,,,,,,,,,,,,,MNL,2155,2026/09/28,2026/10/04,1030567,32Q,321,32N,320,,,
ZE,ZE887,,GMP,1115,,,,,,,,,,,,,,,,TSA,1255,2026/09/29,2026/10/03,0204060,738,7M8,,,,,
ZE,ZE888,,TSA,1400,,,,,,,,,,,,,,,,GMP,1725,2026/09/29,2026/10/03,0204060,738,7M8,,,,,
Z2,Z2132,,MNL,1540,,,,,,,,,,,,,,,,KHH,1725,2026/09/28,2026/10/04,1034567,320,,,,,,
Z2,Z2133,,KHH,1825,,,,,,,,,,,,,,,,MNL,2015,2026/09/28,2026/10/04,1034567,320,,,,,,
AK,AK170,,KHH,0830,,,,,,,,,,,,,,,,KIX,1240,2026/09/28,2026/10/04,1234567,32Q,320,32N,,,,
AK,AK170,,KUL,0255,,,,,,,,,,,,,,,,KHH,0730,2026/09/28,2026/10/04,1234567,32Q,320,32N,,,,
AK,AK171,,KHH,1700,,,,,,,,,,,,,,,,KUL,2125,2026/09/28,2026/10/04,1234567,32Q,320,32N,,,,
AK,AK171,,KIX,1345,,,,,,,,,,,,,,,,KHH,1600,2026/09/28,2026/10/04,1234567,32Q,320,32N,,,,
HO,HO1311,BR2733,PVG,0925,,,,,,,,,,,,,,,,KHH,1145,2026/09/30,2026/10/04,0030067,321,320,789,,,,
HO,HO1312,BR2734,KHH,1245,,,,,,,,,,,,,,,,PVG,1505,2026/09/30,2026/10/04,0030067,321,320,789,,,,
9C,9C8685,,NGB,1530,,,,,,,,,,,,,,,,KHH,1735,2026/09/29,2026/10/03,0200060,320,32Q,,,,,
9C,9C8686,,KHH,1835,,,,,,,,,,,,,,,,NGB,2035,2026/09/29,2026/10/03,0200060,320,32Q,,,,,
9C,9C8877,,PVG,1455,,,,,,,,,,,,,,,,KHH,1715,2026/09/30,2026/10/04,0030507,320,32Q,,,,,
9C,9C8878,,KHH,1815,,,,,,,,,,,,,,,,PVG,2035,2026/09/30,2026/10/04,0030507,320,32Q,,,,,
IT,IT260,,KHH,0655,,,,,,,,,,,,,,,,CTS,1205,2026/10/01,2026/10/01,0004000,320,,,,,,
IT,IT260,,KHH,0800,,,,,,,,,,,,,,,,CTS,1305,2026/09/29,2026/10/03,0200060,320,,,,,,
IT,IT261,,CTS,1255,,,,,,,,,,,,,,,,KHH,1630,2026/10/01,2026/10/01,0004000,320,,,,,,
IT,IT261,,CTS,1355,,,,,,,,,,,,,,,,KHH,1715,2026/09/29,2026/10/03,0200060,320,,,,,,
IT,IT262,,KHH,1240,,,,,,,,,,,,,,,,OKJ,1630,2026/09/28,2026/10/02,1030500,320,,,,,,
IT,IT263,,OKJ,1755,,,,,,,,,,,,,,,,KHH,2015,2026/09/28,2026/10/02,1030500,320,,,,,,
IT,IT268,,KHH,1500,,,,,,,,,,,,,,,,NGO,1915,2026/09/28,2026/10/03,1030060,320,,,,,,
IT,IT269,,NGO,2005,,,,,,,,,,,,,,,,KHH,2230,2026/09/28,2026/10/03,1030060,320,,,,,,
IT,IT270,,KHH,1410,,,,,,,,,,,,,,,,FUK,1750,2026/10/04,2026/10/04,0000007,320,,,,,,
IT,IT270,,KHH,1425,,,,,,,,,,,,,,,,FUK,1755,2026/10/02,2026/10/02,0000500,320,,,,,,
IT,IT271,,FUK,1855,,,,,,,,,,,,,,,,KHH,2035,2026/10/02,2026/10/04,0000507,320,,,,,,
IT,IT280,,KHH,0805,,,,,,,,,,,,,,,,NRT,1240,2026/09/28,2026/10/04,1034567,320,,,,,,
IT,IT281,,NRT,1150,,,,,,,,,,,,,,,,KHH,1500,2026/09/28,2026/10/03,1030560,320,,,,,,
IT,IT281,,NRT,1330,,,,,,,,,,,,,,,,KHH,1640,2026/09/29,2026/10/04,0204007,320,,,,,,
IT,IT284,,KHH,0640,,,,,,,,,,,,,,,,KIX,1035,2026/10/02,2026/10/02,0000500,320,,,,,,
IT,IT284,,KHH,0655,,,,,,,,,,,,,,,,KIX,1055,2026/09/28,2026/10/03,1230060,320,,,,,,
IT,IT284,,KHH,0700,,,,,,,,,,,,,,,,KIX,1055,2026/10/01,2026/10/04,0004007,320,,,,,,
IT,IT285,,KIX,1115,,,,,,,,,,,,,,,,KHH,1340,2026/09/29,2026/10/04,0204007,320,,,,,,
IT,IT285,,KIX,1125,,,,,,,,,,,,,,,,KHH,1335,2026/10/02,2026/10/02,0000500,320,,,,,,
IT,IT285,,KIX,1155,,,,,,,,,,,,,,,,KHH,1400,2026/10/03,2026/10/03,0000060,320,,,,,,
IT,IT288,,KHH,0930,,,,,,,,,,,,,,,,OKA,1225,2026/10/01,2026/10/04,0004007,320,,,,,,
IT,IT288,,KHH,1010,,,,,,,,,,,,,,,,OKA,1300,2026/09/28,2026/10/03,1230560,320,,,,,,
IT,IT289,,OKA,1400,,,,,,,,,,,,,,,,KHH,1455,2026/09/28,2026/10/03,1230560,320,,,,,,
IT,IT289,,OKA,2140,,,,,,,,,,,,,,,,KHH,2230,2026/10/01,2026/10/04,0004007,320,,,,,,
IT,IT294,,KHH,0800,,,,,,,,,,,,,,,,KMQ,1205,2026/10/01,2026/10/01,0004000,320,,,,,,
IT,IT294,,KHH,0815,,,,,,,,,,,,,,,,KMQ,1215,2026/10/04,2026/10/04,0000007,320,,,,,,
IT,IT295,,KMQ,1255,,,,,,,,,,,,,,,,KHH,1525,2026/10/01,2026/10/01,0004000,320,,,,,,
IT,IT295,,KMQ,1305,,,,,,,,,,,,,,,,KHH,1525,2026/10/04,2026/10/04,0000007,320,,,,,,
IT,IT585,,KHH,1600,,,,,,,,,,,,,,,,DAD,1735,2026/09/30,2026/10/04,0030007,320,,,,,,
IT,IT585,,KHH,1630,,,,,,,,,,,,,,,,DAD,1810,2026/09/29,2026/10/01,0204000,320,,,,,,
IT,IT585,,KHH,1630,,,,,,,,,,,,,,,,DAD,1810,2026/10/03,2026/10/03,0000060,320,,,,,,
IT,IT586,,DAD,1825,,,,,,,,,,,,,,,,KHH,2145,2026/09/30,2026/10/04,0030007,320,,,,,,
IT,IT586,,DAD,1900,,,,,,,,,,,,,,,,KHH,2220,2026/09/29,2026/10/03,0204060,320,,,,,,
IT,IT632,,RMQ,0700,,,,,,,,,,,,,,,,CJU,1000,2026/09/30,2026/10/03,0030060,320,,,,,,
IT,IT633,,CJU,1955,,,,,,,,,,,,,,,,RMQ,2100,2026/10/02,2026/10/02,0000500,320,,,,,,
IT,IT633,,CJU,2015,,,,,,,,,,,,,,,,RMQ,2130,2026/10/04,2026/10/04,0000007,320,,,,,,
IT,IT662,,KHH,1555,,,,,,,,,,,,,,,,GMP,1945,2026/10/03,2026/10/03,0000060,320,,,,,,
IT,IT662,,KHH,1600,,,,,,,,,,,,,,,,GMP,1945,2026/09/28,2026/10/02,1004500,320,,,,,,
IT,IT663,,GMP,2035,,,,,,,,,,,,,,,,KHH,2240,2026/09/28,2026/10/03,1004560,320,,,,,,
IT,IT670,,KHH,1545,,,,,,,,,,,,,,,,CJU,1900,2026/10/02,2026/10/02,0000500,320,,,,,,
IT,IT670,,KHH,1615,,,,,,,,,,,,,,,,CJU,1925,2026/10/04,2026/10/04,0000007,320,,,,,,
IT,IT675,,CJU,1050,,,,,,,,,,,,,,,,KHH,1215,2026/09/30,2026/10/03,0030060,320,,,,,,
IT,IT728,,KHH,1615,,,,,,,,,,,,,,,,OKA,1840,2026/10/01,2026/10/01,0004000,320,,,,,,
IT,IT729,,OKA,1030,,,,,,,,,,,,,,,,KHH,1120,2026/09/28,2026/10/02,1000500,320,,,,,,
IT,IT762,,KHH,0815,,,,,,,,,,,,,,,,ISG,1010,2026/09/30,2026/10/04,0030007,320,,,,,,
IT,IT763,,ISG,1100,,,,,,,,,,,,,,,,KHH,1110,2026/09/30,2026/10/04,0030007,320,,,,,,
IT,IT766,,KHH,0845,,,,,,,,,,,,,,,,KMJ,1150,2026/09/29,2026/10/02,0200500,320,,,,,,
IT,IT767,,KMJ,1950,,,,,,,,,,,,,,,,KHH,2140,2026/09/29,2026/10/02,0200500,320,,,,,,
IT,IT772,,KHH,1325,,,,,,,,,,,,,,,,SDJ,1810,2026/09/28,2026/10/03,1030060,320,,,,,,
IT,IT773,,SDJ,1900,,,,,,,,,,,,,,,,KHH,2210,2026/09/28,2026/10/03,1030060,320,,,,,,
IT,IT778,,RMQ,1705,,,,,,,,,,,,,,,,NGO,2055,2026/09/28,2026/10/02,1030500,320,,,,,,
IT,IT779,,NGO,1345,,,,,,,,,,,,,,,,RMQ,1605,2026/09/28,2026/10/02,1030500,320,,,,,,
IT,IT792,,RMQ,0710,,,,,,,,,,,,,,,,OKA,0940,2026/09/28,2026/10/02,1000500,320,,,,,,
IT,IT793,,OKA,1930,,,,,,,,,,,,,,,,RMQ,2000,2026/10/01,2026/10/01,0004000,320,,,,,,
IT,IT794,,TNN,1555,,,,,,,,,,,,,,,,KMJ,1900,2026/09/29,2026/10/02,0200500,320,,,,,,
IT,IT795,,KMJ,1240,,,,,,,,,,,,,,,,TNN,1425,2026/09/29,2026/10/02,0200500,320,,,,,,
IT,IT796,,TNN,1505,,,,,,,,,,,,,,,,OKA,1750,2026/10/01,2026/10/04,0004007,320,,,,,,
IT,IT797,,OKA,1325,,,,,,,,,,,,,,,,TNN,1405,2026/10/01,2026/10/04,0004007,320,,,,,,
VJ,VJ1934,,HAN,0700,,,,,,,,,,,,,,,,RMQ,1030,2026/10/02,2026/10/04,0000507,321,320,,,,,
VJ,VJ1935,,RMQ,1130,,,,,,,,,,,,,,,,HAN,1320,2026/10/02,2026/10/04,0000507,321,320,,,,,
VJ,VJ8510,,DAD,1430,,,,,,,,,,,,,,,,RMQ,1800,2026/09/30,2026/10/04,0030007,321,320,,,,,
VJ,VJ8511,,RMQ,1900,,,,,,,,,,,,,,,,DAD,2035,2026/09/30,2026/10/04,0030007,321,320,,,,,
VJ,VJ852,,SGN,1010,,,,,,,,,,,,,,,,RMQ,1430,2026/09/28,2026/10/04,1234567,321,320,,,,,
VJ,VJ8520,,DAD,1200,,,,,,,,,,,,,,,,KHH,1515,2026/10/03,2026/10/03,0000060,321,320,,,,,
VJ,VJ8521,,KHH,1615,,,,,,,,,,,,,,,,DAD,1740,2026/10/03,2026/10/03,0000060,321,320,,,,,
VJ,VJ853,,RMQ,1530,,,,,,,,,,,,,,,,SGN,1800,2026/09/28,2026/10/04,1234567,321,320,,,,,
VJ,VJ885,,KHH,1240,,,,,,,,,,,,,,,,SGN,1450,2026/09/28,2026/10/04,1234567,321,320,,,,,
VJ,VJ886,,SGN,0730,,,,,,,,,,,,,,,,KHH,1140,2026/09/28,2026/10/04,1234567,321,320,,,,,
VJ,VJ946,,HAN,1435,,,,,,,,,,,,,,,,KHH,1750,2026/09/28,2026/10/04,1234567,321,320,,,,,
VJ,VJ947,,KHH,1850,,,,,,,,,,,,,,,,HAN,2035,2026/09/28,2026/10/04,1234567,321,320,,,,,
VJ,VJ948,,HAN,1330,,,,,,,,,,,,,,,,RMQ,1700,2026/09/28,2026/10/04,1234567,321,320,,,,,
VJ,VJ949,,RMQ,1800,,,,,,,,,,,,,,,,HAN,1950,2026/09/28,2026/10/04,1234567,321,320,,,,,
7C,7C6123,,GMP,0945,,,,,,,,,,,,,,,,KHH,1200,2026/09/29,2026/10/03,0204060,738,7M8,,,,,
7C,7C6124,,KHH,1300,,,,,,,,,,,,,,,,GMP,1655,2026/09/29,2026/10/03,0204060,738,7M8,,,,,
7C,7C6255,,PUS,1415,,,,,,,,,,,,,,,,KHH,1600,2026/09/28,2026/10/04,1234567,738,7M8,,,,,
7C,7C6256,,KHH,1700,,,,,,,,,,,,,,,,PUS,2030,2026/09/28,2026/10/04,1234567,738,7M8,,,,,
GK,GK017,,NRT,0955,,,,,,,,,,,,,,,,KHH,1300,2026/09/28,2026/10/04,1234567,320,32Q,,,,,
GK,GK018,,KHH,1400,,,,,,,,,,,,,,,,NRT,1830,2026/09/28,2026/10/04,1234567,320,32Q,,,,,
SL,SL390,,KHH,0815,,,,,,,,,,,,,,,,OKA,1100,2026/09/29,2026/10/04,0200067,738,73J,,,,,
SL,SL390,,DMK,0245,,,,,,,,,,,,,,,,KHH,0715,2026/09/29,2026/10/04,0200067,738,73J,,,,,
SL,SL391,,KHH,1340,,,,,,,,,,,,,,,,DMK,1605,2026/09/29,2026/10/04,0200067,738,73J,,,,,
SL,SL391,,OKA,1200,,,,,,,,,,,,,,,,KHH,1240,2026/09/29,2026/10/04,0200067,738,73J,,,,,
SL,SL392,,KHH,1050,,,,,,,,,,,,,,,,CTS,1600,2026/09/28,2026/10/02,1030500,73J,738,,,,,
SL,SL392,,DMK,0510,,,,,,,,,,,,,,,,KHH,0940,2026/09/28,2026/10/02,1030500,73J,738,,,,,
SL,SL393,,KHH,2155,,,,,,,,,,,,,,,,DMK,0020+1,2026/09/28,2026/10/02,1030500,73J,738,,,,,
SL,SL393,,CTS,1700,,,,,,,,,,,,,,,,KHH,2030,2026/09/28,2026/10/02,1030500,73J,738,,,,,
FD,FD234,,KHH,0805,,,,,,,,,,,,,,,,NRT,1255,2026/09/30,2026/10/04,0030507,32N,320,,,,,
FD,FD234,,DMK,0235,,,,,,,,,,,,,,,,KHH,0705,2026/09/30,2026/10/04,0030507,32N,320,,,,,
FD,FD235,,KHH,1805,,,,,,,,,,,,,,,,DMK,2030,2026/09/30,2026/10/04,0030507,32N,320,,,,,
FD,FD235,,NRT,1355,,,,,,,,,,,,,,,,KHH,1705,2026/09/30,2026/10/04,0030507,32N,320,,,,,
JX,JX1310,,RMQ,0810,,,,,,,,,,,,,,,,PUS,1130,2026/10/03,2026/10/03,0000060,32Q,,,,,,
JX,JX1311,,PUS,1230,,,,,,,,,,,,,,,,RMQ,1400,2026/10/03,2026/10/03,0000060,32Q,,,,,,
JX,JX300,,RMQ,0840,,,,,,,,,,,,,,,,TAK,1220,2026/09/28,2026/10/04,1034507,32Q,,,,,,
JX,JX301,,TAK,1320,,,,,,,,,,,,,,,,RMQ,1515,2026/09/28,2026/10/04,1034507,32Q,,,,,,
JX,JX302,,RMQ,1310,,,,,,,,,,,,,,,,OKA,1545,2026/09/28,2026/10/04,1234567,32Q,,,,,,
JX,JX303,,OKA,1645,,,,,,,,,,,,,,,,RMQ,1725,2026/09/28,2026/10/04,1234567,32Q,,,,,,
JX,JX306,,RMQ,0845,,,,,,,,,,,,,,,,UKB,1230,2026/09/28,2026/10/04,1234567,32Q,,,,,,
JX,JX307,,UKB,1330,,,,,,,,,,,,,,,,RMQ,1535,2026/09/28,2026/10/04,1234567,32Q,,,,,,
JX,JX308,,RMQ,0720,,,,,,,,,,,,,,,,SHI,0940,2026/09/28,2026/10/04,1030507,32Q,,,,,,
JX,JX309,,SHI,1040,,,,,,,,,,,,,,,,RMQ,1100,2026/09/28,2026/10/04,1030507,32Q,,,,,,
JX,JX310,,RMQ,0735,,,,,,,,,,,,,,,,PUS,1055,2026/10/01,2026/10/01,0004000,32Q,,,,,,
JX,JX310,,RMQ,0810,,,,,,,,,,,,,,,,PUS,1130,2026/09/29,2026/10/04,0200507,32Q,,,,,,
JX,JX311,,PUS,1155,,,,,,,,,,,,,,,,RMQ,1325,2026/10/01,2026/10/01,0004000,32Q,,,,,,
JX,JX311,,PUS,1230,,,,,,,,,,,,,,,,RMQ,1400,2026/09/29,2026/10/04,0200507,32Q,,,,,,
JX,JX312,,RMQ,1640,,,,,,,,,,,,,,,,OKA,1910,2026/09/28,2026/10/04,1234567,32Q,,,,,,
JX,JX313,,OKA,2010,,,,,,,,,,,,,,,,RMQ,2050,2026/09/28,2026/10/04,1234567,32Q,,,,,,
JX,JX314,,RMQ,0930,,,,,,,,,,,,,,,,NRT,1400,2026/09/28,2026/10/03,1034060,32Q,,,,,,
JX,JX314,,RMQ,0930,,,,,,,,,,,,,,,,NRT,1400,2026/10/02,2026/10/02,0000500,32Q,,,,,,
JX,JX314,,RMQ,0930,,,,,,,,,,,,,,,,NRT,1400,2026/10/04,2026/10/04,0000007,32Q,,,,,,
JX,JX315,,NRT,1600,,,,,,,,,,,,,,,,RMQ,1840,2026/09/30,2026/10/01,0034000,32Q,,,,,,
JX,JX315,,NRT,1600,,,,,,,,,,,,,,,,RMQ,1840,2026/10/04,2026/10/04,0000007,32Q,,,,,,
JX,JX315,,NRT,1630,,,,,,,,,,,,,,,,RMQ,1910,2026/10/03,2026/10/03,0000060,32Q,,,,,,
JX,JX315,,NRT,1630,,,,,,,,,,,,,,,,RMQ,1910,2026/10/02,2026/10/02,0000500,32Q,,,,,,
JX,JX316,,RMQ,1500,,,,,,,,,,,,,,,,KMJ,1815,2026/09/29,2026/10/04,0200507,32Q,,,,,,
JX,JX317,,KMJ,1915,,,,,,,,,,,,,,,,RMQ,2045,2026/09/29,2026/10/04,0200507,32Q,,,,,,
JX,JX318,,RMQ,0900,,,,,,,,,,,,,,,,CTS,1355,2026/10/02,2026/10/03,0000560,32Q,,,,,,
JX,JX318,,RMQ,0900,,,,,,,,,,,,,,,,CTS,1355,2026/10/04,2026/10/04,0000007,32Q,,,,,,
JX,JX319,,CTS,1500,,,,,,,,,,,,,,,,RMQ,1825,2026/10/02,2026/10/03,0000560,32Q,,,,,,
JX,JX319,,CTS,1500,,,,,,,,,,,,,,,,RMQ,1825,2026/10/04,2026/10/04,0000007,32Q,,,,,,
JX,JX331,,RMQ,1625,,,,,,,,,,,,,,,,MFM,1805,2026/09/28,2026/10/04,1234567,32Q,,,,,,
JX,JX332,,MFM,1915,,,,,,,,,,,,,,,,RMQ,2110,2026/09/28,2026/10/04,1234567,32Q,,,,,,
JX,JX333,,RMQ,0705,,,,,,,,,,,,,,,,PQC,0940,2026/09/29,2026/10/03,0200060,32Q,,,,,,
JX,JX334,,PQC,1040,,,,,,,,,,,,,,,,RMQ,1525,2026/09/29,2026/10/03,0200060,32Q,,,,,,
GJ,GJ8301,,TFU,1115,,,,,,,,,,,,,,,,RMQ,1425,2026/09/29,2026/10/03,0200060,320,32N,32Q,319,,,
GJ,GJ8302,,RMQ,1525,,,,,,,,,,,,,,,,TFU,1835,2026/09/29,2026/10/03,0200060,320,32N,32Q,319,,,
B7,B7501,BR2399,PVG,1120,,,,,,,,,,,,,,,,TSA,1310,2026/10/06,2026/10/11,0204007,321,,,,,,
B7,B7502,BR2400,TSA,0800,,,,,,,,,,,,,,,,PVG,1000,2026/10/06,2026/10/11,0204007,321,,,,,,
B7,B7511,,TSA,0955,,,,,,,,,,,,,,,,XMN,1135,2026/10/05,2026/10/07,1030000,321,,,,,,
B7,B7511,,TSA,1700,,,,,,,,,,,,,,,,XMN,1840,2026/10/09,2026/10/09,0000500,321,,,,,,
B7,B7512,,XMN,1235,,,,,,,,,,,,,,,,TSA,1420,2026/10/05,2026/10/07,1030000,321,,,,,,
B7,B7512,,XMN,1940,,,,,,,,,,,,,,,,TSA,2125,2026/10/09,2026/10/09,0000500,321,,,,,,
BR,BR107,AC6544;NH5831,NRT,1245,,,,,,,,,,,,,,,,KHH,1540,2026/10/05,2026/10/11,1234567,321,333,,,,,
BR,BR108,AC6547;NH5832,KHH,0700,,,,,,,,,,,,,,,,NRT,1145,2026/10/05,2026/10/11,1234567,321,333,,,,,
BR,BR119,NH5843,FUK,2020,,,,,,,,,,,,,,,,KHH,2210,2026/10/05,2026/10/11,1234567,321,333,,,,,
BR,BR120,NH5844,KHH,1530,,,,,,,,,,,,,,,,FUK,1920,2026/10/05,2026/10/11,1234567,321,333,,,,,
BR,BR145,AC6540;OZ6877,ICN,1205,,,,,,,,,,,,,,,,KHH,1400,2026/10/06,2026/10/10,0230560,321,333,,,,,
BR,BR146,AC6541;OZ6878,KHH,0655,,,,,,,,,,,,,,,,ICN,1045,2026/10/06,2026/10/10,0230560,321,333,,,,,
BR,BR147,NH6612,KIX,2035,,,,,,,,,,,,,,,,KHH,2255,2026/10/06,2026/10/10,0230560,321,333,,,,,
BR,BR148,NH6613,KHH,1525,,,,,,,,,,,,,,,,KIX,1935,2026/10/06,2026/10/10,0230560,321,333,,,,,
BR,BR155,,GMP,1350,,,,,,,,,,,,,,,,TSA,1525,2026/10/09,2026/10/10,0000560,321,,,,,,
BR,BR155,,GMP,1915,,,,,,,,,,,,,,,,TSA,2055,2026/10/06,2026/10/06,0200000,321,,,,,,
BR,BR155,,GMP,2020,,,,,,,,,,,,,,,,TSA,2155,2026/10/07,2026/10/07,0030000,321,,,,,,
BR,BR156,,TSA,0920,,,,,,,,,,,,,,,,GMP,1250,2026/10/09,2026/10/10,0000560,321,,,,,,
BR,BR156,,TSA,1440,,,,,,,,,,,,,,,,GMP,1810,2026/10/06,2026/10/06,0200000,321,,,,,,
BR,BR156,,TSA,1545,,,,,,,,,,,,,,,,GMP,1915,2026/10/07,2026/10/07,0030000,321,,,,,,
BR,BR171,AC6538;OZ6875,ICN,2045,,,,,,,,,,,,,,,,KHH,2240,2026/10/05,2026/10/11,1004007,321,333,,,,,
BR,BR172,AC6539;OZ6876,KHH,1550,,,,,,,,,,,,,,,,ICN,1945,2026/10/05,2026/10/11,1004007,321,333,,,,,
BR,BR181,NH5839,KIX,1210,,,,,,,,,,,,,,,,KHH,1430,2026/10/05,2026/10/11,1234567,321,333,,,,,
BR,BR182,NH5840,KHH,0705,,,,,,,,,,,,,,,,KIX,1110,2026/10/05,2026/10/11,1234567,321,333,,,,,
BR,BR189,NH5823,HND,1050,,,,,,,,,,,,,,,,TSA,1330,2026/10/05,2026/10/11,1234567,781,,,,,,
BR,BR190,NH5824,TSA,1620,,,,,,,,,,,,,,,,HND,2020,2026/10/05,2026/10/11,1234567,781,,,,,,
BR,BR191,NH5825,HND,1240,,,,,,,,,,,,,,,,TSA,1505,2026/10/05,2026/10/11,1234567,781,,,,,,
BR,BR192,NH5826,TSA,0720,,,,,,,,,,,,,,,,HND,1130,2026/10/05,2026/10/11,1234567,781,,,,,,
BR,BR705,HO3189,PVG,2005,,,,,,,,,,,,,,,,KHH,2220,2026/10/05,2026/10/11,1204507,321,333,,,,,
BR,BR706,HO3190,KHH,1650,,,,,,,,,,,,,,,,PVG,1905,2026/10/05,2026/10/11,1204507,321,333,,,,,
BR,BR771,CA5513,SHA,1940,,,,,,,,,,,,,,,,TSA,2145,2026/10/05,2026/10/11,1034567,781,789,333,,,,
BR,BR772,CA5514,TSA,1455,,,,,,,,,,,,,,,,SHA,1630,2026/10/05,2026/10/11,1034567,781,789,333,,,,
BR,BR829,NX3029,KHH,0900,,,,,,,,,,,,,,,,MFM,1035,2026/10/05,2026/10/11,1004007,321,333,,,,,
BR,BR830,NX3030,MFM,1145,,,,,,,,,,,,,,,,KHH,1315,2026/10/05,2026/10/11,1004007,321,333,,,,,
BR,BR833,NX3031,KHH,1650,,,,,,,,,,,,,,,,MFM,1825,2026/10/07,2026/10/10,0030060,321,333,,,,,
BR,BR834,NX3032,MFM,2000,,,,,,,,,,,,,,,,KHH,2130,2026/10/07,2026/10/10,0030060,321,333,,,,,
BR,BR845,HX1845,KHH,0915,,,,,,,,,,,,,,,,HKG,1055,2026/10/05,2026/10/11,1234567,321,,,,,,
BR,BR846,HX1846,HKG,1205,,,,,,,,,,,,,,,,KHH,1340,2026/10/05,2026/10/11,1234567,321,,,,,,
BR,BR849,HX1849,KHH,1645,,,,,,,,,,,,,,,,HKG,1825,2026/10/05,2026/10/11,1234567,321,,,,,,
BR,BR850,HX1850,HKG,1925,,,,,,,,,,,,,,,,KHH,2100,2026/10/05,2026/10/11,1234567,321,,,,,,
AE,AE1857,,RMQ,0800,,,,,,,,,,,,,,,,SGN,1020,2026/10/05,2026/10/11,1234567,738,,,,,,
AE,AE1858,,SGN,1120,,,,,,,,,,,,,,,,RMQ,1550,2026/10/05,2026/10/11,1234567,738,,,,,,
AE,AE211,MF9029,TSA,0705,,,,,,,,,,,,,,,,FOC,0840,2026/10/06,2026/10/09,0230500,738,,,,,,
AE,AE212,MF9030,FOC,0945,,,,,,,,,,,,,,,,TSA,1125,2026/10/06,2026/10/09,0230500,738,,,,,,
AE,AE217,,TSA,1320,,,,,,,,,,,,,,,,WUH,1600,2026/10/07,2026/10/10,0030060,738,,,,,,
AE,AE218,,WUH,1725,,,,,,,,,,,,,,,,TSA,2000,2026/10/07,2026/10/10,0030060,738,,,,,,
AE,AE967,MF9026,KHH,0730,,,,,,,,,,,,,,,,XMN,0900,2026/10/05,2026/10/10,1004060,32Q,333;738,,,,,
AE,AE968,MF9025,XMN,1005,,,,,,,,,,,,,,,,KHH,1135,2026/10/05,2026/10/10,1004060,32Q,333;738,,,,,
AE,AE983,CI9501,KHH,0725,,,,,,,,,,,,,,,,HKG,0910,2026/10/05,2026/10/10,1004060,738,32Q;333,,,,,
AE,AE984,CI9502,HKG,1010,,,,,,,,,,,,,,,,KHH,1145,2026/10/05,2026/10/10,1004060,738,32Q;333,,,,,
CI,CI102,JL5130,KHH,0655,,,,,,,,,,,,,,,,NRT,1135,2026/10/08,2026/10/08,0004000,32Q,738,333,,,,
CI,CI102,JL5130,KHH,0800,,,,,,,,,,,,,,,,NRT,1235,2026/10/05,2026/10/11,1230567,32Q,738,333,,,,
CI,CI103,JL5139,NRT,1235,,,,,,,,,,,,,,,,KHH,1540,2026/10/08,2026/10/08,0004000,32Q,738,333,,,,
CI,CI103,JL5139,NRT,1335,,,,,,,,,,,,,,,,KHH,1640,2026/10/05,2026/10/11,1230567,32Q,738,333,,,,
CI,CI126,JL5178,KHH,1255,,,,,,,,,,,,,,,,NRT,1735,2026/10/05,2026/10/11,1030507,32Q,738,333,,,,
CI,CI126,JL5178,KHH,1410,,,,,,,,,,,,,,,,NRT,1850,2026/10/06,2026/10/08,0204000,32Q,738,333,,,,
CI,CI126,JL5178,KHH,1415,,,,,,,,,,,,,,,,NRT,1850,2026/10/10,2026/10/10,0000060,32Q,738,333,,,,
CI,CI127,JL5177,NRT,1835,,,,,,,,,,,,,,,,KHH,2140,2026/10/05,2026/10/11,1030507,32Q,738,333,,,,
CI,CI127,JL5177,NRT,1950,,,,,,,,,,,,,,,,KHH,2255,2026/10/06,2026/10/10,0204060,32Q,738,333,,,,
CI,CI132,JL5140,KHH,1555,,,,,,,,,,,,,,,,OKA,1845,2026/10/08,2026/10/08,0004000,32Q,738,333,,,,
CI,CI132,JL5140,KHH,1555,,,,,,,,,,,,,,,,OKA,1845,2026/10/05,2026/10/11,1230567,738,32Q,333,,,,
CI,CI133,JL5149,OKA,1945,,,,,,,,,,,,,,,,KHH,2030,2026/10/08,2026/10/08,0004000,32Q,738,333,,,,
CI,CI133,JL5149,OKA,1945,,,,,,,,,,,,,,,,KHH,2030,2026/10/05,2026/10/11,1230567,738,32Q,333,,,,
CI,CI138,JL5146,KHH,0655,,,,,,,,,,,,,,,,FUK,1050,2026/10/06,2026/10/09,0204500,738,32Q,,,,,
CI,CI139,JL5145,FUK,1150,,,,,,,,,,,,,,,,KHH,1340,2026/10/06,2026/10/09,0204500,738,32Q,,,,,
CI,CI164,KE5700,KHH,0715,,,,,,,,,,,,,,,,ICN,1100,2026/10/05,2026/10/11,1030507,32Q,738,333,,,,
CI,CI165,KE5699,ICN,1205,,,,,,,,,,,,,,,,KHH,1405,2026/10/05,2026/10/11,1030507,32Q,738,333,,,,
CI,CI166,JL5142,KHH,0655,,,,,,,,,,,,,,,,KIX,1100,2026/10/05,2026/10/09,1030500,738,32Q,333,,,,
CI,CI167,JL5141,KIX,1200,,,,,,,,,,,,,,,,KHH,1425,2026/10/05,2026/10/09,1030500,738,32Q,333,,,,
CI,CI176,JL5144,KHH,1535,,,,,,,,,,,,,,,,KIX,1935,2026/10/05,2026/10/11,1234567,32Q,738,333,,,,
CI,CI177,JL5143,KIX,2035,,,,,,,,,,,,,,,,KHH,2250,2026/10/05,2026/10/11,1234567,32Q,738,333,,,,
CI,CI184,,KHH,0715,,,,,,,,,,,,,,,,GMP,1100,2026/10/06,2026/10/10,0204060,32Q,738,,,,,
CI,CI185,,GMP,1205,,,,,,,,,,,,,,,,KHH,1405,2026/10/06,2026/10/10,0204060,32Q,738,,,,,
CI,CI198,JL5170,KHH,0710,,,,,,,,,,,,,,,,KMJ,1035,2026/10/05,2026/10/07,1030000,738,32Q,,,,,
CI,CI198,JL5170,KHH,0715,,,,,,,,,,,,,,,,KMJ,1035,2026/10/10,2026/10/10,0000060,738,32Q,,,,,
CI,CI198,JL5170,KHH,0915,,,,,,,,,,,,,,,,KMJ,1230,2026/10/11,2026/10/11,0000007,738,32Q,,,,,
CI,CI199,JL5179,KMJ,1150,,,,,,,,,,,,,,,,KHH,1330,2026/10/05,2026/10/10,1030060,738,32Q,,,,,
CI,CI199,JL5179,KMJ,1330,,,,,,,,,,,,,,,,KHH,1510,2026/10/11,2026/10/11,0000007,738,32Q,,,,,
CI,CI201,MU8905;FM8201,TSA,1230,,,,,,,,,,,,,,,,SHA,1415,2026/10/05,2026/10/11,1234067,333,738,,,,,
CI,CI202,MU8906;FM8202,SHA,1615,,,,,,,,,,,,,,,,TSA,1815,2026/10/05,2026/10/11,1234067,333,738,,,,,
CI,CI220,JL5042,TSA,0900,,,,,,,,,,,,,,,,HND,1310,2026/10/05,2026/10/11,1234567,333,32Q,738,,,,
CI,CI221,JL5043,HND,1430,,,,,,,,,,,,,,,,TSA,1655,2026/10/05,2026/10/11,1234567,333,32Q,738,,,,
CI,CI222,JL5044,TSA,1805,,,,,,,,,,,,,,,,HND,2215,2026/10/05,2026/10/11,1234567,333,32Q,738,,,,
CI,CI223,JL5041,HND,0755,,,,,,,,,,,,,,,,TSA,1030,2026/10/05,2026/10/11,1234567,333,32Q,738,,,,
CI,CI260,,TSA,0925,,,,,,,,,,,,,,,,GMP,1255,2026/10/05,2026/10/11,1004007,738,32Q,,,,,
CI,CI261,,GMP,1355,,,,,,,,,,,,,,,,TSA,1535,2026/10/05,2026/10/11,1004007,738,32Q,,,,,
CI,CI310,,RMQ,1000,,,,,,,,,,,,,,,,OKA,1240,2026/10/05,2026/10/11,1234567,32Q,738,,,,,
CI,CI311,,OKA,1340,,,,,,,,,,,,,,,,RMQ,1410,2026/10/05,2026/10/11,1234567,32Q,738,,,,,
CI,CI312,,RMQ,1520,,,,,,,,,,,,,,,,OKA,1800,2026/10/05,2026/10/10,1034060,32Q,738,,,,,
CI,CI313,,OKA,1900,,,,,,,,,,,,,,,,RMQ,1930,2026/10/05,2026/10/10,1034060,32Q,738,,,,,
CI,CI581,,KHH,0705,,,,,,,,,,,,,,,,PVG,0930,2026/10/06,2026/10/10,0200060,738,32Q,333,,,,
CI,CI582,,PVG,1045,,,,,,,,,,,,,,,,KHH,1310,2026/10/06,2026/10/10,0200060,738,32Q,333,,,,
CI,CI583,,KHH,1650,,,,,,,,,,,,,,,,PVG,1910,2026/10/05,2026/10/11,1004007,738,32Q,333,,,,
CI,CI584,,PVG,2025,,,,,,,,,,,,,,,,KHH,2240,2026/10/05,2026/10/11,1004007,738,32Q,333,,,,
CI,CI585,,KHH,0835,,,,,,,,,,,,,,,,SZX,1010,2026/10/08,2026/10/11,0004007,738,32Q,333,,,,
CI,CI586,,SZX,1130,,,,,,,,,,,,,,,,KHH,1310,2026/10/08,2026/10/11,0004007,738,32Q,333,,,,
CI,CI593,,KHH,1600,,,,,,,,,,,,,,,,CKG,1905,2026/10/07,2026/10/07,0030000,738,32Q,,,,,
CI,CI594,,CKG,2005,,,,,,,,,,,,,,,,KHH,2255,2026/10/07,2026/10/07,0030000,738,32Q,,,,,
CI,CI711,AE5321;PR3301,KHH,0715,,,,,,,,,,,,,,,,MNL,0900,2026/10/06,2026/10/11,0230507,738,32Q,333,,,,
CI,CI712,AE5322;PR3300,MNL,1000,,,,,,,,,,,,,,,,KHH,1155,2026/10/06,2026/10/11,0230507,738,32Q,333,,,,
CI,CI757,KL4992;AE5307,KHH,1255,,,,,,,,,,,,,,,,SIN,1715,2026/10/06,2026/10/10,0204060,738,32Q,333,,,,
CI,CI758,KL4993;AE5308,SIN,1815,,,,,,,,,,,,,,,,KHH,2245,2026/10/06,2026/10/10,0204060,738,32Q,333,,,,
CI,CI839,PG4904;AE5319,KHH,1440,,,,,,,,,,,,,,,,BKK,1720,2026/10/05,2026/10/11,1234567,738,32Q,333,,,,
CI,CI840,PG4905;AE5320,BKK,1820,,,,,,,,,,,,,,,,KHH,2250,2026/10/05,2026/10/11,1234567,738,32Q,333,,,,
CI,CI933,AE5213,KHH,0725,,,,,,,,,,,,,,,,HKG,0910,2026/10/06,2026/10/11,0230507,738,32Q,333,,,,
CI,CI934,AE5214,HKG,1010,,,,,,,,,,,,,,,,KHH,1145,2026/10/06,2026/10/11,0230507,738,32Q,333,,,,
CI,CI935,AE5215,KHH,1800,,,,,,,,,,,,,,,,HKG,1940,2026/10/05,2026/10/11,1234567,32Q,738,333,,,,
CI,CI936,AE5216,HKG,2040,,,,,,,,,,,,,,,,KHH,2210,2026/10/05,2026/10/11,1234567,32Q,738,333,,,,
BX,BX795,OZ9745,PUS,1125,,,,,,,,,,,,,,,,KHH,1320,2026/10/05,2026/10/11,1234567,321,320,,,,,
BX,BX796,OZ9746,KHH,1415,,,,,,,,,,,,,,,,PUS,1755,2026/10/05,2026/10/11,1234567,321,320,,,,,
CA,CA197,BR2795,SHA,1210,,,,,,,,,,,,,,,,TSA,1415,2026/10/06,2026/10/10,0204560,333,738,73G,321,319,,
CA,CA198,BR2796,TSA,1530,,,,,,,,,,,,,,,,SHA,1725,2026/10/06,2026/10/10,0204560,333,738,73G,321,319,,
CA,CA469,BR2756,CKG,1520,,,,,,,,,,,,,,,,TSA,1830,2026/10/08,2026/10/08,0004000,738,,,,,,
CA,CA470,BR2755,TSA,1930,,,,,,,,,,,,,,,,CKG,2250,2026/10/08,2026/10/08,0004000,738,,,,,,
CX,CX423,,KHH,1340,,,,,,,,,,,,,,,,HKG,1525,2026/10/05,2026/10/11,1234567,77W,351,359,773,333,32Q,
CX,CX424,,HKG,1105,,,,,,,,,,,,,,,,KHH,1240,2026/10/05,2026/10/11,1234567,77W,351,359,773,333,32Q,
CX,CX431,,KHH,1110,,,,,,,,,,,,,,,,HKG,1250,2026/10/05,2026/10/11,1234567,77W,351,359,773,333,32Q,
CX,CX432,,HKG,0835,,,,,,,,,,,,,,,,KHH,1010,2026/10/05,2026/10/11,1234567,77W,351,359,773,333,32Q,
CX,CX448,,HKG,2140,,,,,,,,,,,,,,,,KHH,2310,2026/10/05,2026/10/11,1234567,77W,351,359,773,333,32Q,
CX,CX449,,KHH,0730,,,,,,,,,,,,,,,,HKG,0905,2026/10/05,2026/10/11,1234567,77W,351,359,773,333,32Q,
CX,CX458,,HKG,1635,,,,,,,,,,,,,,,,KHH,1810,2026/10/05,2026/10/11,1234567,77W,351,359,773,333,32Q,
CX,CX459,,KHH,1910,,,,,,,,,,,,,,,,HKG,2050,2026/10/05,2026/10/11,1234567,77W,351,359,773,333,32Q,
CZ,CZ3093,,WUH,0800,,,,,,,,,,,,,,,,KHH,1040,2026/10/06,2026/10/11,0204007,738,73G,,,,,
CZ,CZ3094,,KHH,1200,,,,,,,,,,,,,,,,WUH,1445,2026/10/06,2026/10/11,0204007,738,73G,,,,,
FM,FM801,,PVG,0910,,,,,,,,,,,,,,,,TSA,1100,2026/10/05,2026/10/11,1234507,738,789,7M8,763,752,,
FM,FM802,,TSA,1220,,,,,,,,,,,,,,,,PVG,1435,2026/10/05,2026/10/11,1234507,738,789,7M8,763,752,,
FM,FM819,,PVG,1050,,,,,,,,,,,,,,,,TSA,1240,2026/10/05,2026/10/10,1030060,738,789,7M8,763,752,,
FM,FM820,,TSA,1340,,,,,,,,,,,,,,,,PVG,1535,2026/10/05,2026/10/10,1030060,738,789,7M8,763,752,,
FM,FM851,MU8627;CI8022,SHA,0815,,,,,,,,,,,,,,,,TSA,1015,2026/10/06,2026/10/11,0200507,789,738,332,738,752,,
FM,FM852,MU8628;CI8021,TSA,1130,,,,,,,,,,,,,,,,SHA,1330,2026/10/06,2026/10/11,0200507,789,738,332,738,752,,
LJ,LJ735,,ICN,0755,,,,,,,,,,,,,,,,RMQ,0940,2026/10/05,2026/10/11,1234567,738,739,7M8,,,,
LJ,LJ736,,RMQ,1040,,,,,,,,,,,,,,,,ICN,1415,2026/10/05,2026/10/11,1234567,738,739,7M8,,,,
LJ,LJ737,,ICN,1450,,,,,,,,,,,,,,,,RMQ,1630,2026/10/05,2026/10/11,1234567,738,739,7M8,,,,
LJ,LJ738,,RMQ,1730,,,,,,,,,,,,,,,,ICN,2115,2026/10/05,2026/10/11,1234567,738,739,7M8,,,,
LJ,LJ741,,PUS,1335,,,,,,,,,,,,,,,,RMQ,1500,2026/10/05,2026/10/10,1230560,739,738,7M8,,,,
LJ,LJ742,,RMQ,1600,,,,,,,,,,,,,,,,PUS,1920,2026/10/06,2026/10/10,0230560,739,738,7M8,,,,
LJ,LJ742,,RMQ,1600,,,,,,,,,,,,,,,,PUS,1925,2026/10/05,2026/10/05,1000000,739,738,7M8,,,,
MU,MU2561,,WUH,0810,,,,,,,,,,,,,,,,KHH,1040,2026/10/09,2026/10/11,0000507,738,332,333,,,,
MU,MU2562,,KHH,1150,,,,,,,,,,,,,,,,WUH,1430,2026/10/09,2026/10/11,0000507,738,332,333,,,,
MU,MU2941,,NKG,0755,,,,,,,,,,,,,,,,RMQ,1010,2026/10/10,2026/10/10,0000060,320,32N,32Q,321;319,,,
MU,MU2942,,RMQ,1110,,,,,,,,,,,,,,,,NKG,1315,2026/10/10,2026/10/10,0000060,320,32N,32Q,321;319,,,
MU,MU2945,,NKG,0755,,,,,,,,,,,,,,,,KHH,1010,2026/10/07,2026/10/11,0030507,319,32N,32Q,333;332;320;321,738,,
MU,MU2946,,KHH,1140,,,,,,,,,,,,,,,,NKG,1400,2026/10/07,2026/10/11,0030507,319,32N,32Q,333;332;320;321,738,,
MU,MU5097,FM3001;CI8006,SHA,1415,,,,,,,,,,,,,,,,TSA,1615,2026/10/05,2026/10/11,1234567,333,332,321,320;319,789,,
MU,MU5098,FM3002;CI8005,TSA,1715,,,,,,,,,,,,,,,,SHA,1905,2026/10/05,2026/10/11,1234567,333,332,321,320;319,789,,
MU,MU827,,TFU,1345,,,,,,,,,,,,,,,,RMQ,1700,2026/10/07,2026/10/11,0030007,32N,320,32Q,321;319,,,
MU,MU828,,RMQ,1800,,,,,,,,,,,,,,,,TFU,2105,2026/10/07,2026/10/11,0030007,32N,320,32Q,321;319,,,
NH,NH851,BR2175,HND,0940,,,,,,,,,,,,,,,,TSA,1205,2026/10/05,2026/10/11,1234567,789,788,763,320,,,
NH,NH852,BR2176,TSA,1330,,,,,,,,,,,,,,,,HND,1745,2026/10/05,2026/10/11,1234567,789,788,763,320,,,
NH,NH853,BR2177,HND,1320,,,,,,,,,,,,,,,,TSA,1550,2026/10/05,2026/10/11,1234567,788,789,763,320,,,
NH,NH854,BR2178,TSA,1650,,,,,,,,,,,,,,,,HND,2050,2026/10/05,2026/10/11,1234567,788,789,763,320,,,
NX,NX657,BR2913,KHH,0900,,,,,,,,,,,,,,,,MFM,1025,2026/10/06,2026/10/11,0234567,321,320,,,,,
NX,NX658,BR2914,MFM,2135,,,,,,,,,,,,,,,,KHH,2300,2026/10/05,2026/10/11,1234567,321,320,,,,,
NX,NX659,BR2917,KHH,1905,,,,,,,,,,,,,,,,MFM,2040,2026/10/05,2026/10/11,1034567,321,320,,,,,
NX,NX660,BR2918,MFM,1635,,,,,,,,,,,,,,,,KHH,1805,2026/10/05,2026/10/11,1034567,321,320,,,,,
NX,NX667,BR2915,KHH,1450,,,,,,,,,,,,,,,,MFM,1615,2026/10/06,2026/10/11,0234567,321,320,,,,,
NX,NX668,BR2916,MFM,1225,,,,,,,,,,,,,,,,KHH,1350,2026/10/06,2026/10/11,0234567,321,320,,,,,
NX,NX671,BR3499,RMQ,1225,,,,,,,,,,,,,,,,MFM,1415,2026/10/05,2026/10/10,1034560,321,320,,,,,
NX,NX672,BR3500,MFM,0950,,,,,,,,,,,,,,,,RMQ,1135,2026/10/05,2026/10/10,1034560,321,320,,,,,
NX,NX673,BR3497,RMQ,0910,,,,,,,,,,,,,,,,MFM,1045,2026/10/06,2026/10/11,0230567,321,320,,,,,
NX,NX674,BR3498,MFM,1835,,,,,,,,,,,,,,,,RMQ,2010,2026/10/05,2026/10/11,1204567,321,320,,,,,
TG,TG630,TK8496,BKK,1145,,,,,,,,,,,,,,,,KHH,1615,2026/10/05,2026/10/11,1234567,320,32Q,,,,,
TG,TG631,TK8497,KHH,1715,,,,,,,,,,,,,,,,BKK,1955,2026/10/05,2026/10/11,1234567,320,32Q,,,,,
UA,UA837,NH6464,NRT,1740,,,,,,,,,,,,,,,,KHH,2100,2026/10/05,2026/10/11,1234567,738,7M8,77W,772,,,
UA,UA838,NH6465,KHH,0955,,,,,,,,,,,,,,,,NRT,0400,2026/10/05,2026/10/11,1234567,738,7M8,77W,772,,,
UO,UO130,,HKG,0800,,,,,,,,,,,,,,,,KHH,0930,2026/10/05,2026/10/11,1234567,320,321,,,,,
UO,UO131,CX5131,KHH,1015,,,,,,,,,,,,,,,,HKG,1145,2026/10/05,2026/10/11,1234567,320,321,,,,,
UO,UO133,CX5133,KHH,1500,,,,,,,,,,,,,,,,HKG,1635,2026/10/05,2026/10/11,1234567,320,321,,,,,
UO,UO134,CX5134,HKG,1850,,,,,,,,,,,,,,,,KHH,2020,2026/10/05,2026/10/11,1030567,320,321,,,,,
UO,UO135,CX5135,KHH,2115,,,,,,,,,,,,,,,,HKG,2250,2026/10/05,2026/10/11,1030567,320,321,,,,,
UO,UO136,CX5136,HKG,1245,,,,,,,,,,,,,,,,KHH,1415,2026/10/05,2026/10/11,1234567,320,321,,,,,
UO,UO172,CX5172,HKG,1105,,,,,,,,,,,,,,,,RMQ,1245,2026/10/05,2026/10/11,1234567,320,321,,,,,
UO,UO173,CX5173,RMQ,1335,,,,,,,,,,,,,,,,HKG,1520,2026/10/05,2026/10/11,1234567,320,321,,,,,
UO,UO182,CX5182,HKG,1815,,,,,,,,,,,,,,,,RMQ,1955,2026/10/05,2026/10/11,1234567,320,321,,,,,
UO,UO183,CX5183,RMQ,2040,,,,,,,,,,,,,,,,HKG,2225,2026/10/05,2026/10/11,1234567,320,321,,,,,
UO,UO192,CX5192,HKG,0755,,,,,,,,,,,,,,,,RMQ,0935,2026/10/05,2026/10/11,1230507,320,321,,,,,
UO,UO192,CX5192,HKG,0755,,,,,,,,,,,,,,,,RMQ,0935,2026/10/08,2026/10/10,0004060,320,321,,,,,
UO,UO193,CX5193,RMQ,1025,,,,,,,,,,,,,,,,HKG,1210,2026/10/05,2026/10/11,1234567,320,321,,,,,
SC,SC4633,,TAO,0750,,,,,,,,,,,,,,,,RMQ,1020,2026/10/08,2026/10/08,0004000,738,73G,7M8,,,,
SC,SC4634,,RMQ,1120,,,,,,,,,,,,,,,,TAO,1350,2026/10/08,2026/10/08,0004000,738,73G,7M8,,,,
3U,3U3783,,CKG,1500,,,,,,,,,,,,,,,,TSA,1755,2026/10/07,2026/10/11,0030507,321,320,319,32N,32Q,,
3U,3U3784,,TSA,1905,,,,,,,,,,,,,,,,CKG,2220,2026/10/07,2026/10/11,0030507,321,320,319,32N,32Q,,
3U,3U3981,,CTU,1355,,,,,,,,,,,,,,,,TSA,1720,2026/10/05,2026/10/11,1030507,333,332,321,32Q,320,32N,
3U,3U3982,,TSA,1835,,,,,,,,,,,,,,,,CTU,2155,2026/10/05,2026/10/11,1030507,333,332,321,32Q,320,32N,
MF,MF8665,AE5102,XMN,1805,,,,,,,,,,,,,,,,KHH,1925,2026/10/11,2026/10/11,0000007,738,32Q,788,789,73G,,
MF,MF8666,AE5103,KHH,2025,,,,,,,,,,,,,,,,XMN,2150,2026/10/11,2026/10/11,0000007,738,32Q,788,789,73G,,
MF,MF8679,,FOC,1715,,,,,,,,,,,,,,,,KHH,1850,2026/10/09,2026/10/09,0000500,738,32Q,788,789,73G,,
MF,MF8680,,KHH,1950,,,,,,,,,,,,,,,,FOC,2125,2026/10/09,2026/10/09,0000500,738,32Q,788,789,73G,,
MF,MF881,,XMN,1710,,,,,,,,,,,,,,,,TSA,1845,2026/10/05,2026/10/11,1234567,738,32Q,788,789,73G,,
MF,MF882,,TSA,1945,,,,,,,,,,,,,,,,XMN,2130,2026/10/05,2026/10/11,1234567,738,32Q,788,789,73G,,
MF,MF883,AE5106,FOC,1810,,,,,,,,,,,,,,,,TSA,1945,2026/10/05,2026/10/11,1234067,738,32Q,788,789,73G,,
MF,MF884,AE5107,TSA,2045,,,,,,,,,,,,,,,,FOC,2215,2026/10/05,2026/10/11,1234067,738,32Q,788,789,73G,,
VN,VN580,CI9026,SGN,1750,,,,,,,,,,,,,,,,KHH,2150,2026/10/05,2026/10/11,1234567,321,359,789,,,,
VN,VN581,CI9027,KHH,0730,,,,,,,,,,,,,,,,SGN,0930,2026/10/05,2026/10/11,1234567,321,359,789,,,,
VN,VN582,,SGN,0745,,,,,,,,,,,,,,,,KHH,1145,2026/10/05,2026/10/11,1030507,321,359,789,,,,
VN,VN583,,KHH,1300,,,,,,,,,,,,,,,,SGN,1500,2026/10/05,2026/10/11,1030507,321,359,789,,,,
VN,VN584,,HAN,0720,,,,,,,,,,,,,,,,KHH,1050,2026/10/06,2026/10/10,0204060,321,359,789,,,,
VN,VN585,,KHH,1205,,,,,,,,,,,,,,,,HAN,1345,2026/10/06,2026/10/10,0204060,321,359,789,,,,
VN,VN586,CI9586,HAN,1815,,,,,,,,,,,,,,,,KHH,2145,2026/10/05,2026/10/11,1234567,321,359,789,,,,
VN,VN587,CI9587,KHH,0840,,,,,,,,,,,,,,,,HAN,1020,2026/10/05,2026/10/11,1234567,321,359,789,,,,
JL,JL096,CI9220,TSA,0940,,,,,,,,,,,,,,,,HND,1350,2026/10/05,2026/10/11,1234567,788,789,77E,738,763,,
JL,JL097,CI9221,HND,0855,,,,,,,,,,,,,,,,TSA,1115,2026/10/05,2026/10/11,1234567,789,788,77E,738,763,,
JL,JL098,CI9222,TSA,1420,,,,,,,,,,,,,,,,HND,1830,2026/10/05,2026/10/11,1234567,789,788,77E,738,763,,
JL,JL099,CI9223,HND,1825,,,,,,,,,,,,,,,,TSA,2050,2026/10/05,2026/10/11,1234567,788,789,77E,738,763,,
MM,MM031,,KIX,1045,,,,,,,,,,,,,,,,KHH,1310,2026/10/05,2026/10/11,1234567,32Q,32N,320,,,,
MM,MM032,,KHH,1410,,,,,,,,,,,,,,,,KIX,1815,2026/10/05,2026/10/11,1234567,32Q,32N,320,,,,
MM,MM6033,,KIX,0745,,,,,,,,,,,,,,,,KHH,1010,2026/10/09,2026/10/09,0000500,32N,320,32Q,,,,
MM,MM6034,,KHH,1110,,,,,,,,,,,,,,,,KIX,1515,2026/10/09,2026/10/09,0000500,32N,320,32Q,,,,
MM,MM6035,,KIX,1430,,,,,,,,,,,,,,,,KHH,1655,2026/10/11,2026/10/11,0000007,32N,320,32Q,,,,
MM,MM6036,,KHH,1755,,,,,,,,,,,,,,,,KIX,2200,2026/10/11,2026/10/11,0000007,32N,320,32Q,,,,
TW,TW651,,GMP,1050,,,,,,,,,,,,,,,,KHH,1245,2026/10/05,2026/10/11,1030507,738,7M8,,,,,
TW,TW652,,KHH,1345,,,,,,,,,,,,,,,,GMP,1740,2026/10/05,2026/10/11,1030507,738,7M8,,,,,
TW,TW667,,GMP,1120,,,,,,,,,,,,,,,,TSA,1300,2026/10/05,2026/10/11,1030507,738,7M8,,,,,
TW,TW668,,TSA,1400,,,,,,,,,,,,,,,,GMP,1725,2026/10/05,2026/10/11,1030507,738,7M8,,,,,
TW,TW669,,ICN,1355,,,,,,,,,,,,,,,,RMQ,1600,2026/10/05,2026/10/11,1234567,738,7M8,,,,,
TW,TW670,,RMQ,1700,,,,,,,,,,,,,,,,ICN,2045,2026/10/05,2026/10/11,1234567,738,7M8,,,,,
TW,TW671,,ICN,1305,,,,,,,,,,,,,,,,KHH,1510,2026/10/05,2026/10/11,1234567,738,7M8,,,,,
TW,TW672,,KHH,1610,,,,,,,,,,,,,,,,ICN,2000,2026/10/05,2026/10/11,1234567,738,7M8,,,,,
TW,TW675,,PUS,1500,,,,,,,,,,,,,,,,KHH,1650,2026/10/05,2026/10/11,1230567,738,7M8,,,,,
TW,TW675,,PUS,1500,,,,,,,,,,,,,,,,KHH,1650,2026/10/08,2026/10/08,0004000,738,7M8,,,,,
TW,TW676,,KHH,1755,,,,,,,,,,,,,,,,PUS,2205,2026/10/05,2026/10/11,1234567,738,7M8,,,,,
TW,TW689,,CJU,1115,,,,,,,,,,,,,,,,KHH,1245,2026/10/06,2026/10/11,0204067,738,7M8,,,,,
TW,TW690,,KHH,1345,,,,,,,,,,,,,,,,CJU,1710,2026/10/06,2026/10/11,0204067,738,7M8,,,,,
5J,5J344,,MNL,1700,,,,,,,,,,,,,,,,KHH,1900,2026/10/05,2026/10/11,1030567,32Q,321,32N,320,,,
5J,5J345,,KHH,2000,,,,,,,,,,,,,,,,MNL,2155,2026/10/05,2026/10/11,1030567,32Q,321,32N,320,,,
ZE,ZE887,,GMP,1115,,,,,,,,,,,,,,,,TSA,1255,2026/10/06,2026/10/10,0204060,738,7M8,,,,,
ZE,ZE888,,TSA,1400,,,,,,,,,,,,,,,,GMP,1725,2026/10/06,2026/10/10,0204060,738,7M8,,,,,
Z2,Z2132,,MNL,1540,,,,,,,,,,,,,,,,KHH,1725,2026/10/05,2026/10/11,1234567,320,,,,,,
Z2,Z2133,,KHH,1825,,,,,,,,,,,,,,,,MNL,2015,2026/10/05,2026/10/11,1234567,320,,,,,,
AK,AK170,,KHH,0830,,,,,,,,,,,,,,,,KIX,1240,2026/10/05,2026/10/11,1234567,32Q,320,32N,,,,
AK,AK170,,KUL,0255,,,,,,,,,,,,,,,,KHH,0730,2026/10/05,2026/10/11,1234567,32Q,320,32N,,,,
AK,AK171,,KHH,1700,,,,,,,,,,,,,,,,KUL,2125,2026/10/05,2026/10/11,1234567,32Q,320,32N,,,,
AK,AK171,,KIX,1345,,,,,,,,,,,,,,,,KHH,1600,2026/10/05,2026/10/11,1234567,32Q,320,32N,,,,
HO,HO1311,BR2733,PVG,0925,,,,,,,,,,,,,,,,KHH,1145,2026/10/07,2026/10/11,0030007,321,320,789,,,,
HO,HO1312,BR2734,KHH,1245,,,,,,,,,,,,,,,,PVG,1505,2026/10/07,2026/10/11,0030007,321,320,789,,,,
9C,9C8685,,NGB,1530,,,,,,,,,,,,,,,,KHH,1735,2026/10/06,2026/10/10,0200060,320,32Q,,,,,
9C,9C8686,,KHH,1835,,,,,,,,,,,,,,,,NGB,2035,2026/10/06,2026/10/10,0200060,320,32Q,,,,,
9C,9C8877,,PVG,1455,,,,,,,,,,,,,,,,KHH,1715,2026/10/07,2026/10/11,0030507,320,32Q,,,,,
9C,9C8878,,KHH,1815,,,,,,,,,,,,,,,,PVG,2035,2026/10/07,2026/10/11,0030507,320,32Q,,,,,
IT,IT260,,KHH,0655,,,,,,,,,,,,,,,,CTS,1205,2026/10/08,2026/10/08,0004000,320,,,,,,
IT,IT260,,KHH,0800,,,,,,,,,,,,,,,,CTS,1305,2026/10/06,2026/10/10,0200060,320,,,,,,
IT,IT261,,CTS,1255,,,,,,,,,,,,,,,,KHH,1630,2026/10/08,2026/10/08,0004000,320,,,,,,
IT,IT261,,CTS,1355,,,,,,,,,,,,,,,,KHH,1715,2026/10/06,2026/10/10,0200060,320,,,,,,
IT,IT262,,KHH,1240,,,,,,,,,,,,,,,,OKJ,1630,2026/10/05,2026/10/09,1030500,320,,,,,,
IT,IT263,,OKJ,1755,,,,,,,,,,,,,,,,KHH,2015,2026/10/05,2026/10/09,1030500,320,,,,,,
IT,IT268,,KHH,1500,,,,,,,,,,,,,,,,NGO,1915,2026/10/05,2026/10/10,1030060,320,,,,,,
IT,IT269,,NGO,2005,,,,,,,,,,,,,,,,KHH,2230,2026/10/05,2026/10/10,1030060,320,,,,,,
IT,IT270,,KHH,1410,,,,,,,,,,,,,,,,FUK,1750,2026/10/11,2026/10/11,0000007,320,,,,,,
IT,IT270,,KHH,1425,,,,,,,,,,,,,,,,FUK,1755,2026/10/09,2026/10/09,0000500,320,,,,,,
IT,IT270,,KHH,1430,,,,,,,,,,,,,,,,FUK,1755,2026/10/06,2026/10/06,0200000,320,,,,,,
IT,IT271,,FUK,1855,,,,,,,,,,,,,,,,KHH,2035,2026/10/09,2026/10/11,0000507,320,,,,,,
IT,IT271,,FUK,1900,,,,,,,,,,,,,,,,KHH,2040,2026/10/06,2026/10/06,0200000,320,,,,,,
IT,IT280,,KHH,0805,,,,,,,,,,,,,,,,NRT,1240,2026/10/05,2026/10/11,1034567,320,,,,,,
IT,IT280,,KHH,0815,,,,,,,,,,,,,,,,NRT,1240,2026/10/06,2026/10/06,0200000,320,,,,,,
IT,IT281,,NRT,1150,,,,,,,,,,,,,,,,KHH,1500,2026/10/05,2026/10/10,1030560,320,,,,,,
IT,IT281,,NRT,1330,,,,,,,,,,,,,,,,KHH,1640,2026/10/06,2026/10/11,0204007,320,,,,,,
IT,IT284,,KHH,0640,,,,,,,,,,,,,,,,KIX,1035,2026/10/09,2026/10/09,0000500,320,,,,,,
IT,IT284,,KHH,0655,,,,,,,,,,,,,,,,KIX,1055,2026/10/05,2026/10/10,1230060,320,,,,,,
IT,IT284,,KHH,0700,,,,,,,,,,,,,,,,KIX,1055,2026/10/08,2026/10/11,0004007,320,,,,,,
IT,IT285,,KIX,1115,,,,,,,,,,,,,,,,KHH,1340,2026/10/06,2026/10/11,0204007,320,,,,,,
IT,IT285,,KIX,1125,,,,,,,,,,,,,,,,KHH,1335,2026/10/09,2026/10/09,0000500,320,,,,,,
IT,IT285,,KIX,1155,,,,,,,,,,,,,,,,KHH,1400,2026/10/10,2026/10/10,0000060,320,,,,,,
IT,IT285,,KIX,1200,,,,,,,,,,,,,,,,KHH,1400,2026/10/05,2026/10/07,1030000,320,,,,,,
IT,IT288,,KHH,0930,,,,,,,,,,,,,,,,OKA,1225,2026/10/08,2026/10/11,0004007,320,,,,,,
IT,IT288,,KHH,1010,,,,,,,,,,,,,,,,OKA,1300,2026/10/05,2026/10/10,1230560,320,,,,,,
IT,IT289,,OKA,1400,,,,,,,,,,,,,,,,KHH,1455,2026/10/05,2026/10/10,1230560,320,,,,,,
IT,IT289,,OKA,2140,,,,,,,,,,,,,,,,KHH,2230,2026/10/08,2026/10/11,0004007,320,,,,,,
IT,IT294,,KHH,0800,,,,,,,,,,,,,,,,KMQ,1205,2026/10/08,2026/10/08,0004000,320,,,,,,
IT,IT294,,KHH,0815,,,,,,,,,,,,,,,,KMQ,1215,2026/10/11,2026/10/11,0000007,320,,,,,,
IT,IT295,,KMQ,1255,,,,,,,,,,,,,,,,KHH,1525,2026/10/08,2026/10/08,0004000,320,,,,,,
IT,IT295,,KMQ,1305,,,,,,,,,,,,,,,,KHH,1525,2026/10/11,2026/10/11,0000007,320,,,,,,
IT,IT585,,KHH,1600,,,,,,,,,,,,,,,,DAD,1735,2026/10/07,2026/10/11,0030007,320,,,,,,
IT,IT585,,KHH,1630,,,,,,,,,,,,,,,,DAD,1810,2026/10/06,2026/10/08,0204000,320,,,,,,
IT,IT585,,KHH,1630,,,,,,,,,,,,,,,,DAD,1810,2026/10/10,2026/10/10,0000060,320,,,,,,
IT,IT586,,DAD,1825,,,,,,,,,,,,,,,,KHH,2145,2026/10/07,2026/10/11,0030007,320,,,,,,
IT,IT586,,DAD,1900,,,,,,,,,,,,,,,,KHH,2220,2026/10/06,2026/10/10,0204060,320,,,,,,
IT,IT632,,RMQ,0700,,,,,,,,,,,,,,,,CJU,1000,2026/10/07,2026/10/10,0030060,320,,,,,,
IT,IT633,,CJU,1955,,,,,,,,,,,,,,,,RMQ,2100,2026/10/09,2026/10/09,0000500,320,,,,,,
IT,IT633,,CJU,2015,,,,,,,,,,,,,,,,RMQ,2130,2026/10/11,2026/10/11,0000007,320,,,,,,
IT,IT662,,KHH,1555,,,,,,,,,,,,,,,,GMP,1945,2026/10/10,2026/10/10,0000060,320,,,,,,
IT,IT662,,KHH,1600,,,,,,,,,,,,,,,,GMP,1945,2026/10/05,2026/10/09,1004500,320,,,,,,
IT,IT663,,GMP,2035,,,,,,,,,,,,,,,,KHH,2240,2026/10/05,2026/10/10,1004560,320,,,,,,
IT,IT670,,KHH,1545,,,,,,,,,,,,,,,,CJU,1900,2026/10/09,2026/10/09,0000500,320,,,,,,
IT,IT670,,KHH,1550,,,,,,,,,,,,,,,,CJU,1850,2026/10/05,2026/10/05,1000000,320,,,,,,
IT,IT670,,KHH,1555,,,,,,,,,,,,,,,,CJU,1915,2026/10/07,2026/10/07,0030000,320,,,,,,
IT,IT670,,KHH,1615,,,,,,,,,,,,,,,,CJU,1925,2026/10/11,2026/10/11,0000007,320,,,,,,
IT,IT671,,CJU,1950,,,,,,,,,,,,,,,,KHH,2115,2026/10/05,2026/10/05,1000000,320,,,,,,
IT,IT671,,CJU,2005,,,,,,,,,,,,,,,,KHH,2130,2026/10/07,2026/10/07,0030000,320,,,,,,
IT,IT675,,CJU,1050,,,,,,,,,,,,,,,,KHH,1215,2026/10/07,2026/10/10,0030060,320,,,,,,
IT,IT728,,KHH,1545,,,,,,,,,,,,,,,,OKA,1810,2026/10/06,2026/10/06,0200000,320,,,,,,
IT,IT728,,KHH,1615,,,,,,,,,,,,,,,,OKA,1840,2026/10/08,2026/10/08,0004000,320,,,,,,
IT,IT729,,OKA,1030,,,,,,,,,,,,,,,,KHH,1120,2026/10/05,2026/10/09,1000500,320,,,,,,
IT,IT762,,KHH,0815,,,,,,,,,,,,,,,,ISG,1010,2026/10/07,2026/10/11,0030007,320,,,,,,
IT,IT763,,ISG,1100,,,,,,,,,,,,,,,,KHH,1110,2026/10/07,2026/10/11,0030007,320,,,,,,
IT,IT766,,KHH,0845,,,,,,,,,,,,,,,,KMJ,1150,2026/10/06,2026/10/09,0200500,320,,,,,,
IT,IT767,,KMJ,1950,,,,,,,,,,,,,,,,KHH,2140,2026/10/06,2026/10/09,0200500,320,,,,,,
IT,IT772,,KHH,1325,,,,,,,,,,,,,,,,SDJ,1810,2026/10/05,2026/10/10,1030060,320,,,,,,
IT,IT773,,SDJ,1900,,,,,,,,,,,,,,,,KHH,2210,2026/10/05,2026/10/10,1030060,320,,,,,,
IT,IT778,,RMQ,1705,,,,,,,,,,,,,,,,NGO,2055,2026/10/05,2026/10/09,1030500,320,,,,,,
IT,IT779,,NGO,1345,,,,,,,,,,,,,,,,RMQ,1605,2026/10/05,2026/10/09,1030500,320,,,,,,
IT,IT792,,RMQ,0710,,,,,,,,,,,,,,,,OKA,0940,2026/10/05,2026/10/09,1000500,320,,,,,,
IT,IT793,,OKA,1900,,,,,,,,,,,,,,,,RMQ,1930,2026/10/06,2026/10/06,0200000,320,,,,,,
IT,IT793,,OKA,1930,,,,,,,,,,,,,,,,RMQ,2000,2026/10/08,2026/10/08,0004000,320,,,,,,
IT,IT794,,TNN,1555,,,,,,,,,,,,,,,,KMJ,1900,2026/10/06,2026/10/09,0200500,320,,,,,,
IT,IT795,,KMJ,1240,,,,,,,,,,,,,,,,TNN,1425,2026/10/06,2026/10/09,0200500,320,,,,,,
IT,IT796,,TNN,1505,,,,,,,,,,,,,,,,OKA,1750,2026/10/08,2026/10/11,0004007,320,,,,,,
IT,IT797,,OKA,1325,,,,,,,,,,,,,,,,TNN,1405,2026/10/08,2026/10/11,0004007,320,,,,,,
VJ,VJ8510,,DAD,1430,,,,,,,,,,,,,,,,RMQ,1800,2026/10/09,2026/10/09,0000500,321,320,,,,,
VJ,VJ8511,,RMQ,1900,,,,,,,,,,,,,,,,DAD,2035,2026/10/09,2026/10/09,0000500,321,320,,,,,
VJ,VJ852,,SGN,1010,,,,,,,,,,,,,,,,RMQ,1430,2026/10/05,2026/10/11,1234567,321,320,,,,,
VJ,VJ8520,,DAD,1200,,,,,,,,,,,,,,,,KHH,1515,2026/10/08,2026/10/08,0004000,321,320,,,,,
VJ,VJ8521,,KHH,1615,,,,,,,,,,,,,,,,DAD,1740,2026/10/08,2026/10/08,0004000,321,320,,,,,
VJ,VJ853,,RMQ,1530,,,,,,,,,,,,,,,,SGN,1800,2026/10/05,2026/10/11,1234567,321,320,,,,,
VJ,VJ885,,KHH,1240,,,,,,,,,,,,,,,,SGN,1450,2026/10/05,2026/10/11,1234567,321,320,,,,,
VJ,VJ886,,SGN,0730,,,,,,,,,,,,,,,,KHH,1140,2026/10/05,2026/10/11,1234567,321,320,,,,,
VJ,VJ946,,HAN,1435,,,,,,,,,,,,,,,,KHH,1750,2026/10/05,2026/10/11,1234567,321,320,,,,,
VJ,VJ947,,KHH,1850,,,,,,,,,,,,,,,,HAN,2035,2026/10/05,2026/10/11,1234567,321,320,,,,,
VJ,VJ948,,HAN,1330,,,,,,,,,,,,,,,,RMQ,1700,2026/10/05,2026/10/11,1234567,321,320,,,,,
VJ,VJ949,,RMQ,1800,,,,,,,,,,,,,,,,HAN,1950,2026/10/05,2026/10/11,1234567,321,320,,,,,
7C,7C6123,,GMP,0945,,,,,,,,,,,,,,,,KHH,1200,2026/10/06,2026/10/10,0204060,738,7M8,,,,,
7C,7C6124,,KHH,1300,,,,,,,,,,,,,,,,GMP,1655,2026/10/06,2026/10/10,0204060,738,7M8,,,,,
7C,7C6255,,PUS,1415,,,,,,,,,,,,,,,,KHH,1600,2026/10/05,2026/10/11,1234567,738,7M8,,,,,
7C,7C6256,,KHH,1700,,,,,,,,,,,,,,,,PUS,2030,2026/10/05,2026/10/11,1234567,738,7M8,,,,,
GK,GK017,,NRT,0955,,,,,,,,,,,,,,,,KHH,1300,2026/10/05,2026/10/11,1234567,320,32Q,,,,,
GK,GK018,,KHH,1400,,,,,,,,,,,,,,,,NRT,1830,2026/10/05,2026/10/11,1234567,320,32Q,,,,,
SL,SL390,,KHH,0815,,,,,,,,,,,,,,,,OKA,1100,2026/10/06,2026/10/11,0204067,738,73J,,,,,
SL,SL390,,DMK,0245,,,,,,,,,,,,,,,,KHH,0715,2026/10/06,2026/10/11,0204067,738,73J,,,,,
SL,SL391,,KHH,1340,,,,,,,,,,,,,,,,DMK,1605,2026/10/06,2026/10/11,0204067,738,73J,,,,,
SL,SL391,,OKA,1200,,,,,,,,,,,,,,,,KHH,1240,2026/10/06,2026/10/11,0204067,738,73J,,,,,
SL,SL392,,KHH,1050,,,,,,,,,,,,,,,,CTS,1600,2026/10/05,2026/10/09,1030500,73J,738,,,,,
SL,SL392,,DMK,0510,,,,,,,,,,,,,,,,KHH,0940,2026/10/05,2026/10/09,1030500,73J,738,,,,,
SL,SL393,,KHH,2155,,,,,,,,,,,,,,,,DMK,0020+1,2026/10/05,2026/10/09,1030500,73J,738,,,,,
SL,SL393,,CTS,1700,,,,,,,,,,,,,,,,KHH,2030,2026/10/05,2026/10/09,1030500,73J,738,,,,,
FD,FD234,,KHH,0805,,,,,,,,,,,,,,,,NRT,1255,2026/10/05,2026/10/11,1030507,32N,320,,,,,
FD,FD234,,DMK,0235,,,,,,,,,,,,,,,,KHH,0705,2026/10/05,2026/10/11,1030507,32N,320,,,,,
FD,FD235,,KHH,1805,,,,,,,,,,,,,,,,DMK,2030,2026/10/05,2026/10/11,1030507,32N,320,,,,,
FD,FD235,,NRT,1355,,,,,,,,,,,,,,,,KHH,1705,2026/10/05,2026/10/11,1030507,32N,320,,,,,
JX,JX1310,,RMQ,0810,,,,,,,,,,,,,,,,PUS,1130,2026/10/10,2026/10/10,0000060,32Q,,,,,,
JX,JX1310,,RMQ,1500,,,,,,,,,,,,,,,,PUS,1815,2026/10/07,2026/10/07,0030000,32Q,,,,,,
JX,JX1311,,PUS,1230,,,,,,,,,,,,,,,,RMQ,1400,2026/10/10,2026/10/10,0000060,32Q,,,,,,
JX,JX1311,,PUS,1915,,,,,,,,,,,,,,,,RMQ,2045,2026/10/07,2026/10/07,0030000,32Q,,,,,,
JX,JX300,,RMQ,0840,,,,,,,,,,,,,,,,TAK,1220,2026/10/05,2026/10/11,1034507,32Q,,,,,,
JX,JX301,,TAK,1320,,,,,,,,,,,,,,,,RMQ,1515,2026/10/05,2026/10/11,1034507,32Q,,,,,,
JX,JX302,,RMQ,1310,,,,,,,,,,,,,,,,OKA,1545,2026/10/05,2026/10/11,1234567,32Q,,,,,,
JX,JX303,,OKA,1645,,,,,,,,,,,,,,,,RMQ,1725,2026/10/05,2026/10/11,1234567,32Q,,,,,,
JX,JX306,,RMQ,0845,,,,,,,,,,,,,,,,UKB,1230,2026/10/05,2026/10/11,1234567,32Q,,,,,,
JX,JX307,,UKB,1330,,,,,,,,,,,,,,,,RMQ,1535,2026/10/05,2026/10/11,1234567,32Q,,,,,,
JX,JX308,,RMQ,0720,,,,,,,,,,,,,,,,SHI,0940,2026/10/05,2026/10/11,1030507,32Q,,,,,,
JX,JX309,,SHI,1040,,,,,,,,,,,,,,,,RMQ,1100,2026/10/05,2026/10/11,1030507,32Q,,,,,,
JX,JX310,,RMQ,0735,,,,,,,,,,,,,,,,PUS,1055,2026/10/08,2026/10/08,0004000,32Q,,,,,,
JX,JX310,,RMQ,0810,,,,,,,,,,,,,,,,PUS,1130,2026/10/06,2026/10/11,0200507,32Q,,,,,,
JX,JX311,,PUS,1155,,,,,,,,,,,,,,,,RMQ,1325,2026/10/08,2026/10/08,0004000,32Q,,,,,,
JX,JX311,,PUS,1230,,,,,,,,,,,,,,,,RMQ,1400,2026/10/06,2026/10/11,0200507,32Q,,,,,,
JX,JX312,,RMQ,1640,,,,,,,,,,,,,,,,OKA,1910,2026/10/05,2026/10/11,1234567,32Q,,,,,,
JX,JX313,,OKA,2010,,,,,,,,,,,,,,,,RMQ,2050,2026/10/05,2026/10/11,1234567,32Q,,,,,,
JX,JX314,,RMQ,0930,,,,,,,,,,,,,,,,NRT,1400,2026/10/05,2026/10/10,1034060,32Q,,,,,,
JX,JX314,,RMQ,0930,,,,,,,,,,,,,,,,NRT,1400,2026/10/06,2026/10/09,0200500,32Q,,,,,,
JX,JX314,,RMQ,0930,,,,,,,,,,,,,,,,NRT,1400,2026/10/11,2026/10/11,0000007,32Q,,,,,,
JX,JX315,,NRT,1530,,,,,,,,,,,,,,,,RMQ,1810,2026/10/05,2026/10/05,1000000,32Q,,,,,,
JX,JX315,,NRT,1600,,,,,,,,,,,,,,,,RMQ,1840,2026/10/07,2026/10/08,0034000,32Q,,,,,,
JX,JX315,,NRT,1600,,,,,,,,,,,,,,,,RMQ,1840,2026/10/11,2026/10/11,0000007,32Q,,,,,,
JX,JX315,,NRT,1600,,,,,,,,,,,,,,,,RMQ,1840,2026/10/06,2026/10/06,0200000,32Q,,,,,,
JX,JX315,,NRT,1630,,,,,,,,,,,,,,,,RMQ,1910,2026/10/10,2026/10/10,0000060,32Q,,,,,,
JX,JX315,,NRT,1630,,,,,,,,,,,,,,,,RMQ,1910,2026/10/09,2026/10/09,0000500,32Q,,,,,,
JX,JX316,,RMQ,1500,,,,,,,,,,,,,,,,KMJ,1815,2026/10/06,2026/10/11,0200507,32Q,,,,,,
JX,JX317,,KMJ,1915,,,,,,,,,,,,,,,,RMQ,2045,2026/10/06,2026/10/11,0200507,32Q,,,,,,
JX,JX318,,RMQ,0900,,,,,,,,,,,,,,,,CTS,1355,2026/10/05,2026/10/10,1230560,32Q,,,,,,
JX,JX318,,RMQ,0900,,,,,,,,,,,,,,,,CTS,1355,2026/10/08,2026/10/11,0004007,32Q,,,,,,
JX,JX319,,CTS,1500,,,,,,,,,,,,,,,,RMQ,1825,2026/10/05,2026/10/10,1230560,32Q,,,,,,
JX,JX319,,CTS,1500,,,,,,,,,,,,,,,,RMQ,1825,2026/10/08,2026/10/11,0004007,32Q,,,,,,
JX,JX329,,RMQ,0835,,,,,,,,,,,,,,,,MFM,1020,2026/10/07,2026/10/07,0030000,32Q,,,,,,
JX,JX330,,MFM,1125,,,,,,,,,,,,,,,,RMQ,1310,2026/10/07,2026/10/07,0030000,32Q,,,,,,
JX,JX331,,RMQ,1625,,,,,,,,,,,,,,,,MFM,1805,2026/10/05,2026/10/11,1234567,32Q,,,,,,
JX,JX332,,MFM,1915,,,,,,,,,,,,,,,,RMQ,2110,2026/10/05,2026/10/11,1234567,32Q,,,,,,
JX,JX333,,RMQ,0705,,,,,,,,,,,,,,,,PQC,0940,2026/10/06,2026/10/10,0200060,32Q,,,,,,
JX,JX334,,PQC,1040,,,,,,,,,,,,,,,,RMQ,1525,2026/10/06,2026/10/10,0200060,32Q,,,,,,
GJ,GJ8301,,TFU,1115,,,,,,,,,,,,,,,,RMQ,1425,2026/10/06,2026/10/10,0200060,320,32N,32Q,319,,,
GJ,GJ8302,,RMQ,1525,,,,,,,,,,,,,,,,TFU,1835,2026/10/06,2026/10/10,0200060,320,32N,32Q,319,,,
B7,B7501,BR2399,PVG,1120,,,,,,,,,,,,,,,,TSA,1310,2026/10/13,2026/10/18,0204007,321,,,,,,
B7,B7502,BR2400,TSA,0800,,,,,,,,,,,,,,,,PVG,1000,2026/10/13,2026/10/18,0204007,321,,,,,,
B7,B7511,,TSA,0955,,,,,,,,,,,,,,,,XMN,1135,2026/10/12,2026/10/14,1030000,321,,,,,,
B7,B7511,,TSA,1700,,,,,,,,,,,,,,,,XMN,1840,2026/10/16,2026/10/16,0000500,321,,,,,,
B7,B7512,,XMN,1235,,,,,,,,,,,,,,,,TSA,1420,2026/10/12,2026/10/14,1030000,321,,,,,,
B7,B7512,,XMN,1940,,,,,,,,,,,,,,,,TSA,2125,2026/10/16,2026/10/16,0000500,321,,,,,,
BR,BR107,AC6544;NH5831,NRT,1245,,,,,,,,,,,,,,,,KHH,1540,2026/10/12,2026/10/18,1234567,321,333,,,,,
BR,BR108,AC6547;NH5832,KHH,0700,,,,,,,,,,,,,,,,NRT,1145,2026/10/12,2026/10/18,1234567,321,333,,,,,
BR,BR119,NH5843,FUK,2020,,,,,,,,,,,,,,,,KHH,2210,2026/10/12,2026/10/18,1234567,321,333,,,,,
BR,BR120,NH5844,KHH,1530,,,,,,,,,,,,,,,,FUK,1920,2026/10/12,2026/10/18,1234567,321,333,,,,,
BR,BR145,AC6540;OZ6877,ICN,1205,,,,,,,,,,,,,,,,KHH,1400,2026/10/13,2026/10/17,0230560,321,333,,,,,
BR,BR146,AC6541;OZ6878,KHH,0655,,,,,,,,,,,,,,,,ICN,1045,2026/10/13,2026/10/17,0230560,321,333,,,,,
BR,BR147,NH6612,KIX,2035,,,,,,,,,,,,,,,,KHH,2255,2026/10/13,2026/10/17,0230560,321,333,,,,,
BR,BR148,NH6613,KHH,1525,,,,,,,,,,,,,,,,KIX,1935,2026/10/13,2026/10/17,0230560,321,333,,,,,
BR,BR155,,GMP,1350,,,,,,,,,,,,,,,,TSA,1525,2026/10/16,2026/10/17,0000560,321,,,,,,
BR,BR155,,GMP,1915,,,,,,,,,,,,,,,,TSA,2055,2026/10/13,2026/10/13,0200000,321,,,,,,
BR,BR155,,GMP,2020,,,,,,,,,,,,,,,,TSA,2155,2026/10/14,2026/10/14,0030000,321,,,,,,
BR,BR156,,TSA,0920,,,,,,,,,,,,,,,,GMP,1250,2026/10/16,2026/10/17,0000560,321,,,,,,
BR,BR156,,TSA,1440,,,,,,,,,,,,,,,,GMP,1810,2026/10/13,2026/10/13,0200000,321,,,,,,
BR,BR156,,TSA,1545,,,,,,,,,,,,,,,,GMP,1915,2026/10/14,2026/10/14,0030000,321,,,,,,
BR,BR171,AC6538;OZ6875,ICN,2045,,,,,,,,,,,,,,,,KHH,2240,2026/10/12,2026/10/18,1004007,321,333,,,,,
BR,BR172,AC6539;OZ6876,KHH,1550,,,,,,,,,,,,,,,,ICN,1945,2026/10/12,2026/10/18,1004007,321,333,,,,,
BR,BR181,NH5839,KIX,1210,,,,,,,,,,,,,,,,KHH,1430,2026/10/12,2026/10/18,1234567,321,333,,,,,
BR,BR182,NH5840,KHH,0705,,,,,,,,,,,,,,,,KIX,1110,2026/10/12,2026/10/18,1234567,321,333,,,,,
BR,BR189,NH5823,HND,1050,,,,,,,,,,,,,,,,TSA,1330,2026/10/12,2026/10/18,1234567,781,,,,,,
BR,BR190,NH5824,TSA,1620,,,,,,,,,,,,,,,,HND,2020,2026/10/12,2026/10/18,1234567,781,,,,,,
BR,BR191,NH5825,HND,1240,,,,,,,,,,,,,,,,TSA,1505,2026/10/12,2026/10/18,1234567,781,,,,,,
BR,BR192,NH5826,TSA,0720,,,,,,,,,,,,,,,,HND,1130,2026/10/12,2026/10/18,1234567,781,,,,,,
BR,BR705,HO3189,PVG,2005,,,,,,,,,,,,,,,,KHH,2220,2026/10/12,2026/10/18,1204507,321,333,,,,,
BR,BR706,HO3190,KHH,1650,,,,,,,,,,,,,,,,PVG,1905,2026/10/12,2026/10/18,1204507,321,333,,,,,
BR,BR771,CA5513,SHA,1940,,,,,,,,,,,,,,,,TSA,2145,2026/10/12,2026/10/18,1034567,781,789,333,,,,
BR,BR772,CA5514,TSA,1455,,,,,,,,,,,,,,,,SHA,1630,2026/10/12,2026/10/18,1034567,781,789,333,,,,
BR,BR829,NX3029,KHH,0900,,,,,,,,,,,,,,,,MFM,1035,2026/10/12,2026/10/18,1004007,321,333,,,,,
BR,BR830,NX3030,MFM,1145,,,,,,,,,,,,,,,,KHH,1315,2026/10/12,2026/10/18,1004007,321,333,,,,,
BR,BR833,NX3031,KHH,1650,,,,,,,,,,,,,,,,MFM,1825,2026/10/14,2026/10/17,0030060,321,333,,,,,
BR,BR834,NX3032,MFM,2000,,,,,,,,,,,,,,,,KHH,2130,2026/10/14,2026/10/17,0030060,321,333,,,,,
BR,BR845,HX1845,KHH,0915,,,,,,,,,,,,,,,,HKG,1055,2026/10/12,2026/10/18,1234567,321,,,,,,
BR,BR846,HX1846,HKG,1205,,,,,,,,,,,,,,,,KHH,1340,2026/10/12,2026/10/18,1234567,321,,,,,,
BR,BR849,HX1849,KHH,1645,,,,,,,,,,,,,,,,HKG,1825,2026/10/12,2026/10/18,1234567,321,,,,,,
BR,BR850,HX1850,HKG,1925,,,,,,,,,,,,,,,,KHH,2100,2026/10/12,2026/10/18,1234567,321,,,,,,
AE,AE1857,,RMQ,0800,,,,,,,,,,,,,,,,SGN,1020,2026/10/12,2026/10/18,1234567,738,,,,,,
AE,AE1858,,SGN,1120,,,,,,,,,,,,,,,,RMQ,1550,2026/10/12,2026/10/18,1234567,738,,,,,,
AE,AE211,MF9029,TSA,0705,,,,,,,,,,,,,,,,FOC,0840,2026/10/13,2026/10/16,0230500,738,,,,,,
AE,AE212,MF9030,FOC,0945,,,,,,,,,,,,,,,,TSA,1125,2026/10/13,2026/10/16,0230500,738,,,,,,
AE,AE217,,TSA,1320,,,,,,,,,,,,,,,,WUH,1600,2026/10/14,2026/10/17,0030060,738,,,,,,
AE,AE218,,WUH,1725,,,,,,,,,,,,,,,,TSA,2000,2026/10/14,2026/10/17,0030060,738,,,,,,
AE,AE967,MF9026,KHH,0730,,,,,,,,,,,,,,,,XMN,0900,2026/10/12,2026/10/17,1004060,32Q,333;738,,,,,
AE,AE968,MF9025,XMN,1005,,,,,,,,,,,,,,,,KHH,1135,2026/10/12,2026/10/17,1004060,32Q,333;738,,,,,
AE,AE983,CI9501,KHH,0725,,,,,,,,,,,,,,,,HKG,0910,2026/10/12,2026/10/17,1004060,738,32Q;333,,,,,
AE,AE984,CI9502,HKG,1010,,,,,,,,,,,,,,,,KHH,1145,2026/10/12,2026/10/17,1004060,738,32Q;333,,,,,
CI,CI102,JL5130,KHH,0655,,,,,,,,,,,,,,,,NRT,1135,2026/10/15,2026/10/15,0004000,32Q,738,333,,,,
CI,CI102,JL5130,KHH,0800,,,,,,,,,,,,,,,,NRT,1235,2026/10/12,2026/10/18,1230567,32Q,738,333,,,,
CI,CI103,JL5139,NRT,1235,,,,,,,,,,,,,,,,KHH,1540,2026/10/15,2026/10/15,0004000,32Q,738,333,,,,
CI,CI103,JL5139,NRT,1335,,,,,,,,,,,,,,,,KHH,1640,2026/10/12,2026/10/18,1230567,32Q,738,333,,,,
CI,CI126,JL5178,KHH,1255,,,,,,,,,,,,,,,,NRT,1735,2026/10/12,2026/10/18,1030507,32Q,738,333,,,,
CI,CI126,JL5178,KHH,1410,,,,,,,,,,,,,,,,NRT,1850,2026/10/13,2026/10/15,0204000,32Q,738,333,,,,
CI,CI126,JL5178,KHH,1415,,,,,,,,,,,,,,,,NRT,1850,2026/10/17,2026/10/17,0000060,32Q,738,333,,,,
CI,CI127,JL5177,NRT,1835,,,,,,,,,,,,,,,,KHH,2140,2026/10/12,2026/10/18,1030507,32Q,738,333,,,,
CI,CI127,JL5177,NRT,1950,,,,,,,,,,,,,,,,KHH,2255,2026/10/13,2026/10/17,0204060,32Q,738,333,,,,
CI,CI132,JL5140,KHH,1555,,,,,,,,,,,,,,,,OKA,1845,2026/10/15,2026/10/15,0004000,32Q,738,333,,,,
CI,CI132,JL5140,KHH,1555,,,,,,,,,,,,,,,,OKA,1845,2026/10/12,2026/10/18,1230567,738,32Q,333,,,,
CI,CI133,JL5149,OKA,1945,,,,,,,,,,,,,,,,KHH,2030,2026/10/15,2026/10/15,0004000,32Q,738,333,,,,
CI,CI133,JL5149,OKA,1945,,,,,,,,,,,,,,,,KHH,2030,2026/10/12,2026/10/18,1230567,738,32Q,333,,,,
CI,CI138,JL5146,KHH,0655,,,,,,,,,,,,,,,,FUK,1050,2026/10/13,2026/10/16,0204500,738,32Q,,,,,
CI,CI139,JL5145,FUK,1150,,,,,,,,,,,,,,,,KHH,1340,2026/10/13,2026/10/16,0204500,738,32Q,,,,,
CI,CI164,KE5700,KHH,0715,,,,,,,,,,,,,,,,ICN,1100,2026/10/12,2026/10/18,1030507,32Q,738,333,,,,
CI,CI165,KE5699,ICN,1205,,,,,,,,,,,,,,,,KHH,1405,2026/10/12,2026/10/18,1030507,32Q,738,333,,,,
CI,CI166,JL5142,KHH,0655,,,,,,,,,,,,,,,,KIX,1100,2026/10/12,2026/10/16,1030500,738,32Q,333,,,,
CI,CI167,JL5141,KIX,1200,,,,,,,,,,,,,,,,KHH,1425,2026/10/12,2026/10/16,1030500,738,32Q,333,,,,
CI,CI176,JL5144,KHH,1535,,,,,,,,,,,,,,,,KIX,1935,2026/10/12,2026/10/18,1234567,32Q,738,333,,,,
CI,CI177,JL5143,KIX,2035,,,,,,,,,,,,,,,,KHH,2250,2026/10/12,2026/10/18,1234567,32Q,738,333,,,,
CI,CI184,,KHH,0715,,,,,,,,,,,,,,,,GMP,1100,2026/10/13,2026/10/17,0204060,32Q,738,,,,,
CI,CI185,,GMP,1205,,,,,,,,,,,,,,,,KHH,1405,2026/10/13,2026/10/17,0204060,32Q,738,,,,,
CI,CI198,JL5170,KHH,0710,,,,,,,,,,,,,,,,KMJ,1035,2026/10/12,2026/10/14,1030000,738,32Q,,,,,
CI,CI198,JL5170,KHH,0715,,,,,,,,,,,,,,,,KMJ,1035,2026/10/17,2026/10/17,0000060,738,32Q,,,,,
CI,CI198,JL5170,KHH,0915,,,,,,,,,,,,,,,,KMJ,1230,2026/10/18,2026/10/18,0000007,738,32Q,,,,,
CI,CI199,JL5179,KMJ,1150,,,,,,,,,,,,,,,,KHH,1330,2026/10/12,2026/10/17,1030060,738,32Q,,,,,
CI,CI199,JL5179,KMJ,1330,,,,,,,,,,,,,,,,KHH,1510,2026/10/18,2026/10/18,0000007,738,32Q,,,,,
CI,CI201,MU8905;FM8201,TSA,1230,,,,,,,,,,,,,,,,SHA,1415,2026/10/12,2026/10/18,1234067,333,738,,,,,
CI,CI202,MU8906;FM8202,SHA,1615,,,,,,,,,,,,,,,,TSA,1815,2026/10/12,2026/10/18,1234067,333,738,,,,,
CI,CI220,JL5042,TSA,0900,,,,,,,,,,,,,,,,HND,1310,2026/10/12,2026/10/18,1234567,333,32Q,738,,,,
CI,CI221,JL5043,HND,1430,,,,,,,,,,,,,,,,TSA,1655,2026/10/12,2026/10/18,1234567,333,32Q,738,,,,
CI,CI222,JL5044,TSA,1805,,,,,,,,,,,,,,,,HND,2215,2026/10/12,2026/10/18,1234567,333,32Q,738,,,,
CI,CI223,JL5041,HND,0755,,,,,,,,,,,,,,,,TSA,1030,2026/10/12,2026/10/18,1234567,333,32Q,738,,,,
CI,CI260,,TSA,0925,,,,,,,,,,,,,,,,GMP,1255,2026/10/12,2026/10/18,1004007,738,32Q,,,,,
CI,CI261,,GMP,1355,,,,,,,,,,,,,,,,TSA,1535,2026/10/12,2026/10/18,1004007,738,32Q,,,,,
CI,CI310,,RMQ,1000,,,,,,,,,,,,,,,,OKA,1240,2026/10/12,2026/10/18,1234567,32Q,738,,,,,
CI,CI311,,OKA,1340,,,,,,,,,,,,,,,,RMQ,1410,2026/10/12,2026/10/18,1234567,32Q,738,,,,,
CI,CI312,,RMQ,1520,,,,,,,,,,,,,,,,OKA,1800,2026/10/12,2026/10/17,1034060,32Q,738,,,,,
CI,CI313,,OKA,1900,,,,,,,,,,,,,,,,RMQ,1930,2026/10/12,2026/10/17,1034060,32Q,738,,,,,
CI,CI581,,KHH,0705,,,,,,,,,,,,,,,,PVG,0930,2026/10/13,2026/10/17,0200060,738,32Q,333,,,,
CI,CI582,,PVG,1045,,,,,,,,,,,,,,,,KHH,1310,2026/10/13,2026/10/17,0200060,738,32Q,333,,,,
CI,CI583,,KHH,1650,,,,,,,,,,,,,,,,PVG,1910,2026/10/12,2026/10/18,1004007,738,32Q,333,,,,
CI,CI584,,PVG,2025,,,,,,,,,,,,,,,,KHH,2240,2026/10/12,2026/10/18,1004007,738,32Q,333,,,,
CI,CI585,,KHH,0835,,,,,,,,,,,,,,,,SZX,1010,2026/10/15,2026/10/18,0004007,738,32Q,333,,,,
CI,CI586,,SZX,1130,,,,,,,,,,,,,,,,KHH,1310,2026/10/15,2026/10/18,0004007,738,32Q,333,,,,
CI,CI593,,KHH,1600,,,,,,,,,,,,,,,,CKG,1905,2026/10/14,2026/10/14,0030000,738,32Q,,,,,
CI,CI594,,CKG,2005,,,,,,,,,,,,,,,,KHH,2255,2026/10/14,2026/10/14,0030000,738,32Q,,,,,
CI,CI711,AE5321;PR3301,KHH,0715,,,,,,,,,,,,,,,,MNL,0900,2026/10/13,2026/10/18,0230507,738,32Q,333,,,,
CI,CI712,AE5322;PR3300,MNL,1000,,,,,,,,,,,,,,,,KHH,1155,2026/10/13,2026/10/18,0230507,738,32Q,333,,,,
CI,CI757,KL4992;AE5307,KHH,1255,,,,,,,,,,,,,,,,SIN,1715,2026/10/13,2026/10/17,0204060,738,32Q,333,,,,
CI,CI758,KL4993;AE5308,SIN,1815,,,,,,,,,,,,,,,,KHH,2245,2026/10/13,2026/10/17,0204060,738,32Q,333,,,,
CI,CI839,PG4904;AE5319,KHH,1440,,,,,,,,,,,,,,,,BKK,1720,2026/10/12,2026/10/18,1234567,738,32Q,333,,,,
CI,CI840,PG4905;AE5320,BKK,1820,,,,,,,,,,,,,,,,KHH,2250,2026/10/12,2026/10/18,1234567,738,32Q,333,,,,
CI,CI933,AE5213,KHH,0725,,,,,,,,,,,,,,,,HKG,0910,2026/10/13,2026/10/18,0230507,738,32Q,333,,,,
CI,CI934,AE5214,HKG,1010,,,,,,,,,,,,,,,,KHH,1145,2026/10/13,2026/10/18,0230507,738,32Q,333,,,,
CI,CI935,AE5215,KHH,1800,,,,,,,,,,,,,,,,HKG,1940,2026/10/12,2026/10/18,1234567,32Q,738,333,,,,
CI,CI936,AE5216,HKG,2040,,,,,,,,,,,,,,,,KHH,2210,2026/10/12,2026/10/18,1234567,32Q,738,333,,,,
BX,BX795,OZ9745,PUS,1125,,,,,,,,,,,,,,,,KHH,1320,2026/10/12,2026/10/18,1234567,321,320,,,,,
BX,BX796,OZ9746,KHH,1415,,,,,,,,,,,,,,,,PUS,1755,2026/10/12,2026/10/18,1234567,321,320,,,,,
CA,CA197,BR2795,SHA,1210,,,,,,,,,,,,,,,,TSA,1415,2026/10/13,2026/10/17,0204560,333,738,73G,321,319,,
CA,CA198,BR2796,TSA,1530,,,,,,,,,,,,,,,,SHA,1725,2026/10/13,2026/10/17,0204560,333,738,73G,321,319,,
CA,CA469,BR2756,CKG,1520,,,,,,,,,,,,,,,,TSA,1830,2026/10/15,2026/10/15,0004000,738,,,,,,
CA,CA470,BR2755,TSA,1930,,,,,,,,,,,,,,,,CKG,2250,2026/10/15,2026/10/15,0004000,738,,,,,,
CX,CX423,,KHH,1340,,,,,,,,,,,,,,,,HKG,1525,2026/10/12,2026/10/18,1234567,77W,351,359,773,333,32Q,
CX,CX424,,HKG,1105,,,,,,,,,,,,,,,,KHH,1240,2026/10/12,2026/10/18,1234567,77W,351,359,773,333,32Q,
CX,CX431,,KHH,1110,,,,,,,,,,,,,,,,HKG,1250,2026/10/12,2026/10/18,1234567,77W,351,359,773,333,32Q,
CX,CX432,,HKG,0835,,,,,,,,,,,,,,,,KHH,1010,2026/10/12,2026/10/18,1234567,77W,351,359,773,333,32Q,
CX,CX448,,HKG,2140,,,,,,,,,,,,,,,,KHH,2310,2026/10/12,2026/10/18,1234567,77W,351,359,773,333,32Q,
CX,CX449,,KHH,0730,,,,,,,,,,,,,,,,HKG,0905,2026/10/12,2026/10/18,1234567,77W,351,359,773,333,32Q,
CX,CX458,,HKG,1635,,,,,,,,,,,,,,,,KHH,1810,2026/10/12,2026/10/18,1234567,77W,351,359,773,333,32Q,
CX,CX459,,KHH,1910,,,,,,,,,,,,,,,,HKG,2050,2026/10/12,2026/10/18,1234567,77W,351,359,773,333,32Q,
CZ,CZ3093,,WUH,0800,,,,,,,,,,,,,,,,KHH,1040,2026/10/13,2026/10/18,0204007,738,73G,,,,,
CZ,CZ3094,,KHH,1200,,,,,,,,,,,,,,,,WUH,1445,2026/10/13,2026/10/18,0204007,738,73G,,,,,
FM,FM801,,PVG,0910,,,,,,,,,,,,,,,,TSA,1100,2026/10/12,2026/10/18,1234567,738,789,7M8,763,752,,
FM,FM802,,TSA,1220,,,,,,,,,,,,,,,,PVG,1435,2026/10/12,2026/10/18,1234567,738,789,7M8,763,752,,
FM,FM819,,PVG,1050,,,,,,,,,,,,,,,,TSA,1240,2026/10/12,2026/10/17,1030060,738,789,7M8,763,752,,
FM,FM820,,TSA,1340,,,,,,,,,,,,,,,,PVG,1535,2026/10/12,2026/10/17,1030060,738,789,7M8,763,752,,
FM,FM851,MU8627;CI8022,SHA,0815,,,,,,,,,,,,,,,,TSA,1015,2026/10/13,2026/10/18,0200507,789,738,332,738,752,,
FM,FM852,MU8628;CI8021,TSA,1130,,,,,,,,,,,,,,,,SHA,1330,2026/10/13,2026/10/18,0200507,789,738,332,738,752,,
LJ,LJ735,,ICN,0755,,,,,,,,,,,,,,,,RMQ,0940,2026/10/12,2026/10/18,1234567,738,739,7M8,,,,
LJ,LJ736,,RMQ,1040,,,,,,,,,,,,,,,,ICN,1415,2026/10/12,2026/10/18,1234567,738,739,7M8,,,,
LJ,LJ737,,ICN,1450,,,,,,,,,,,,,,,,RMQ,1630,2026/10/12,2026/10/18,1234567,738,739,7M8,,,,
LJ,LJ738,,RMQ,1730,,,,,,,,,,,,,,,,ICN,2115,2026/10/12,2026/10/18,1234567,738,739,7M8,,,,
LJ,LJ741,,PUS,1335,,,,,,,,,,,,,,,,RMQ,1500,2026/10/12,2026/10/17,1230560,739,738,7M8,,,,
LJ,LJ742,,RMQ,1600,,,,,,,,,,,,,,,,PUS,1920,2026/10/13,2026/10/17,0230560,739,738,7M8,,,,
LJ,LJ742,,RMQ,1600,,,,,,,,,,,,,,,,PUS,1925,2026/10/12,2026/10/12,1000000,739,738,7M8,,,,
MU,MU2561,,WUH,0810,,,,,,,,,,,,,,,,KHH,1040,2026/10/16,2026/10/18,0000507,738,332,333,,,,
MU,MU2562,,KHH,1150,,,,,,,,,,,,,,,,WUH,1430,2026/10/16,2026/10/18,0000507,738,332,333,,,,
MU,MU2941,,NKG,0755,,,,,,,,,,,,,,,,RMQ,1010,2026/10/17,2026/10/17,0000060,320,32N,32Q,321;319,,,
MU,MU2942,,RMQ,1110,,,,,,,,,,,,,,,,NKG,1315,2026/10/17,2026/10/17,0000060,320,32N,32Q,321;319,,,
MU,MU2945,,NKG,0755,,,,,,,,,,,,,,,,KHH,1010,2026/10/14,2026/10/18,0030507,319,32N,32Q,333;332;320;321,738,,
MU,MU2946,,KHH,1140,,,,,,,,,,,,,,,,NKG,1400,2026/10/14,2026/10/18,0030507,319,32N,32Q,333;332;320;321,738,,
MU,MU5097,FM3001;CI8006,SHA,1415,,,,,,,,,,,,,,,,TSA,1615,2026/10/12,2026/10/18,1234567,333,332,321,320;319,789,,
MU,MU5098,FM3002;CI8005,TSA,1715,,,,,,,,,,,,,,,,SHA,1905,2026/10/12,2026/10/18,1234567,333,332,321,320;319,789,,
MU,MU827,,TFU,1345,,,,,,,,,,,,,,,,RMQ,1700,2026/10/14,2026/10/18,0030007,32N,320,32Q,321;319,,,
MU,MU828,,RMQ,1800,,,,,,,,,,,,,,,,TFU,2105,2026/10/14,2026/10/18,0030007,32N,320,32Q,321;319,,,
NH,NH851,BR2175,HND,0940,,,,,,,,,,,,,,,,TSA,1205,2026/10/12,2026/10/18,1234567,789,788,763,320,,,
NH,NH852,BR2176,TSA,1330,,,,,,,,,,,,,,,,HND,1745,2026/10/12,2026/10/18,1234567,789,788,763,320,,,
NH,NH853,BR2177,HND,1320,,,,,,,,,,,,,,,,TSA,1550,2026/10/12,2026/10/18,1234567,788,789,763,320,,,
NH,NH854,BR2178,TSA,1650,,,,,,,,,,,,,,,,HND,2050,2026/10/12,2026/10/18,1234567,788,789,763,320,,,
NX,NX657,BR2913,KHH,0900,,,,,,,,,,,,,,,,MFM,1025,2026/10/12,2026/10/18,1234567,321,320,,,,,
NX,NX658,BR2914,MFM,2135,,,,,,,,,,,,,,,,KHH,2300,2026/10/12,2026/10/18,1234567,321,320,,,,,
NX,NX659,BR2917,KHH,1905,,,,,,,,,,,,,,,,MFM,2040,2026/10/12,2026/10/18,1234567,321,320,,,,,
NX,NX660,BR2918,MFM,1635,,,,,,,,,,,,,,,,KHH,1805,2026/10/12,2026/10/18,1234567,321,320,,,,,
NX,NX667,BR2915,KHH,1450,,,,,,,,,,,,,,,,MFM,1615,2026/10/12,2026/10/18,1234567,321,320,,,,,
NX,NX668,BR2916,MFM,1225,,,,,,,,,,,,,,,,KHH,1350,2026/10/12,2026/10/18,1234567,321,320,,,,,
NX,NX671,BR3499,RMQ,1225,,,,,,,,,,,,,,,,MFM,1415,2026/10/12,2026/10/18,1234567,321,320,,,,,
NX,NX672,BR3500,MFM,0950,,,,,,,,,,,,,,,,RMQ,1135,2026/10/12,2026/10/18,1234567,321,320,,,,,
NX,NX673,BR3497,RMQ,0910,,,,,,,,,,,,,,,,MFM,1045,2026/10/12,2026/10/18,1234567,321,320,,,,,
NX,NX674,BR3498,MFM,1835,,,,,,,,,,,,,,,,RMQ,2010,2026/10/12,2026/10/18,1234567,321,320,,,,,
TG,TG630,TK8496,BKK,1145,,,,,,,,,,,,,,,,KHH,1615,2026/10/12,2026/10/18,1234567,320,32Q,,,,,
TG,TG631,TK8497,KHH,1715,,,,,,,,,,,,,,,,BKK,1955,2026/10/12,2026/10/18,1234567,320,32Q,,,,,
UA,UA837,NH6464,NRT,1740,,,,,,,,,,,,,,,,KHH,2100,2026/10/12,2026/10/18,1234567,738,7M8,77W,772,,,
UA,UA838,NH6465,KHH,0955,,,,,,,,,,,,,,,,NRT,0400,2026/10/12,2026/10/18,1234567,738,7M8,77W,772,,,
UO,UO130,,HKG,0800,,,,,,,,,,,,,,,,KHH,0930,2026/10/12,2026/10/18,1234567,320,321,,,,,
UO,UO131,CX5131,KHH,1015,,,,,,,,,,,,,,,,HKG,1145,2026/10/12,2026/10/18,1234567,320,321,,,,,
UO,UO133,CX5133,KHH,1500,,,,,,,,,,,,,,,,HKG,1635,2026/10/12,2026/10/18,1234567,320,321,,,,,
UO,UO134,CX5134,HKG,1850,,,,,,,,,,,,,,,,KHH,2020,2026/10/12,2026/10/18,1030567,320,321,,,,,
UO,UO135,CX5135,KHH,2115,,,,,,,,,,,,,,,,HKG,2250,2026/10/12,2026/10/18,1030567,320,321,,,,,
UO,UO136,CX5136,HKG,1245,,,,,,,,,,,,,,,,KHH,1415,2026/10/12,2026/10/18,1234567,320,321,,,,,
UO,UO172,CX5172,HKG,1105,,,,,,,,,,,,,,,,RMQ,1245,2026/10/12,2026/10/18,1234567,320,321,,,,,
UO,UO173,CX5173,RMQ,1335,,,,,,,,,,,,,,,,HKG,1520,2026/10/12,2026/10/18,1234567,320,321,,,,,
UO,UO182,CX5182,HKG,1815,,,,,,,,,,,,,,,,RMQ,1955,2026/10/12,2026/10/18,1234567,320,321,,,,,
UO,UO183,CX5183,RMQ,2040,,,,,,,,,,,,,,,,HKG,2225,2026/10/12,2026/10/18,1234567,320,321,,,,,
UO,UO192,CX5192,HKG,0755,,,,,,,,,,,,,,,,RMQ,0935,2026/10/12,2026/10/18,1230507,320,321,,,,,
UO,UO192,CX5192,HKG,0755,,,,,,,,,,,,,,,,RMQ,0935,2026/10/15,2026/10/17,0004060,320,321,,,,,
UO,UO193,CX5193,RMQ,1025,,,,,,,,,,,,,,,,HKG,1210,2026/10/12,2026/10/18,1234567,320,321,,,,,
SC,SC4633,,TAO,0750,,,,,,,,,,,,,,,,RMQ,1020,2026/10/15,2026/10/15,0004000,738,73G,7M8,,,,
SC,SC4634,,RMQ,1120,,,,,,,,,,,,,,,,TAO,1350,2026/10/15,2026/10/15,0004000,738,73G,7M8,,,,
3U,3U3783,,CKG,1500,,,,,,,,,,,,,,,,TSA,1755,2026/10/14,2026/10/18,0030507,321,320,319,32N,32Q,,
3U,3U3784,,TSA,1905,,,,,,,,,,,,,,,,CKG,2220,2026/10/14,2026/10/18,0030507,321,320,319,32N,32Q,,
3U,3U3981,,CTU,1355,,,,,,,,,,,,,,,,TSA,1720,2026/10/12,2026/10/18,1030507,333,332,321,32Q,320,32N,
3U,3U3982,,TSA,1835,,,,,,,,,,,,,,,,CTU,2155,2026/10/12,2026/10/18,1030507,333,332,321,32Q,320,32N,
MF,MF8665,AE5102,XMN,1805,,,,,,,,,,,,,,,,KHH,1925,2026/10/18,2026/10/18,0000007,738,32Q,788,789,73G,,
MF,MF8666,AE5103,KHH,2025,,,,,,,,,,,,,,,,XMN,2150,2026/10/18,2026/10/18,0000007,738,32Q,788,789,73G,,
MF,MF8679,,FOC,1715,,,,,,,,,,,,,,,,KHH,1850,2026/10/16,2026/10/16,0000500,738,32Q,788,789,73G,,
MF,MF8680,,KHH,1950,,,,,,,,,,,,,,,,FOC,2125,2026/10/16,2026/10/16,0000500,738,32Q,788,789,73G,,
MF,MF881,,XMN,1710,,,,,,,,,,,,,,,,TSA,1845,2026/10/12,2026/10/18,1234567,738,32Q,788,789,73G,,
MF,MF882,,TSA,1945,,,,,,,,,,,,,,,,XMN,2130,2026/10/12,2026/10/18,1234567,738,32Q,788,789,73G,,
MF,MF883,AE5106,FOC,1810,,,,,,,,,,,,,,,,TSA,1945,2026/10/12,2026/10/18,1234067,738,32Q,788,789,73G,,
MF,MF884,AE5107,TSA,2045,,,,,,,,,,,,,,,,FOC,2215,2026/10/12,2026/10/18,1234067,738,32Q,788,789,73G,,
VN,VN580,CI9026,SGN,1750,,,,,,,,,,,,,,,,KHH,2150,2026/10/12,2026/10/18,1234567,321,359,789,,,,
VN,VN581,CI9027,KHH,0730,,,,,,,,,,,,,,,,SGN,0930,2026/10/12,2026/10/18,1234567,321,359,789,,,,
VN,VN582,,SGN,0745,,,,,,,,,,,,,,,,KHH,1145,2026/10/12,2026/10/18,1030507,321,359,789,,,,
VN,VN583,,KHH,1300,,,,,,,,,,,,,,,,SGN,1500,2026/10/12,2026/10/18,1030507,321,359,789,,,,
VN,VN584,,HAN,0720,,,,,,,,,,,,,,,,KHH,1050,2026/10/13,2026/10/17,0204060,321,359,789,,,,
VN,VN585,,KHH,1205,,,,,,,,,,,,,,,,HAN,1345,2026/10/13,2026/10/17,0204060,321,359,789,,,,
VN,VN586,CI9586,HAN,1815,,,,,,,,,,,,,,,,KHH,2145,2026/10/12,2026/10/18,1234567,321,359,789,,,,
VN,VN587,CI9587,KHH,0840,,,,,,,,,,,,,,,,HAN,1020,2026/10/12,2026/10/18,1234567,321,359,789,,,,
JL,JL096,CI9220,TSA,0940,,,,,,,,,,,,,,,,HND,1350,2026/10/12,2026/10/18,1234567,788,789,77E,738,763,,
JL,JL097,CI9221,HND,0855,,,,,,,,,,,,,,,,TSA,1115,2026/10/12,2026/10/18,1234567,789,788,77E,738,763,,
JL,JL098,CI9222,TSA,1420,,,,,,,,,,,,,,,,HND,1830,2026/10/12,2026/10/18,1234567,789,788,77E,738,763,,
JL,JL099,CI9223,HND,1825,,,,,,,,,,,,,,,,TSA,2050,2026/10/12,2026/10/18,1234567,788,789,77E,738,763,,
MM,MM031,,KIX,1045,,,,,,,,,,,,,,,,KHH,1310,2026/10/12,2026/10/18,1234567,32Q,32N,320,,,,
MM,MM032,,KHH,1410,,,,,,,,,,,,,,,,KIX,1815,2026/10/12,2026/10/18,1234567,32Q,32N,320,,,,
TW,TW651,,GMP,1050,,,,,,,,,,,,,,,,KHH,1245,2026/10/12,2026/10/18,1030507,738,7M8,,,,,
TW,TW652,,KHH,1345,,,,,,,,,,,,,,,,GMP,1740,2026/10/12,2026/10/18,1030507,738,7M8,,,,,
TW,TW667,,GMP,1120,,,,,,,,,,,,,,,,TSA,1300,2026/10/12,2026/10/18,1030507,738,7M8,,,,,
TW,TW668,,TSA,1400,,,,,,,,,,,,,,,,GMP,1725,2026/10/12,2026/10/18,1030507,738,7M8,,,,,
TW,TW669,,ICN,1355,,,,,,,,,,,,,,,,RMQ,1600,2026/10/12,2026/10/18,1234567,738,7M8,,,,,
TW,TW670,,RMQ,1700,,,,,,,,,,,,,,,,ICN,2045,2026/10/12,2026/10/18,1234567,738,7M8,,,,,
TW,TW671,,ICN,1305,,,,,,,,,,,,,,,,KHH,1510,2026/10/12,2026/10/18,1234567,738,7M8,,,,,
TW,TW672,,KHH,1610,,,,,,,,,,,,,,,,ICN,2000,2026/10/12,2026/10/18,1234567,738,7M8,,,,,
TW,TW675,,PUS,1500,,,,,,,,,,,,,,,,KHH,1650,2026/10/12,2026/10/18,1230567,738,7M8,,,,,
TW,TW675,,PUS,1500,,,,,,,,,,,,,,,,KHH,1650,2026/10/15,2026/10/15,0004000,738,7M8,,,,,
TW,TW676,,KHH,1755,,,,,,,,,,,,,,,,PUS,2205,2026/10/12,2026/10/18,1234567,738,7M8,,,,,
TW,TW689,,CJU,1115,,,,,,,,,,,,,,,,KHH,1245,2026/10/13,2026/10/18,0204067,738,7M8,,,,,
TW,TW690,,KHH,1345,,,,,,,,,,,,,,,,CJU,1710,2026/10/13,2026/10/18,0204067,738,7M8,,,,,
5J,5J344,,MNL,1700,,,,,,,,,,,,,,,,KHH,1900,2026/10/12,2026/10/18,1030567,32Q,321,32N,320,,,
5J,5J345,,KHH,2000,,,,,,,,,,,,,,,,MNL,2155,2026/10/12,2026/10/18,1030567,32Q,321,32N,320,,,
ZE,ZE887,,GMP,1115,,,,,,,,,,,,,,,,TSA,1255,2026/10/13,2026/10/17,0204060,738,7M8,,,,,
ZE,ZE888,,TSA,1400,,,,,,,,,,,,,,,,GMP,1725,2026/10/13,2026/10/17,0204060,738,7M8,,,,,
Z2,Z2132,,MNL,1540,,,,,,,,,,,,,,,,KHH,1725,2026/10/12,2026/10/18,1234567,320,,,,,,
Z2,Z2133,,KHH,1825,,,,,,,,,,,,,,,,MNL,2015,2026/10/12,2026/10/18,1234567,320,,,,,,
AK,AK170,,KHH,0830,,,,,,,,,,,,,,,,KIX,1240,2026/10/12,2026/10/18,1234567,32Q,320,32N,,,,
AK,AK170,,KUL,0255,,,,,,,,,,,,,,,,KHH,0730,2026/10/12,2026/10/18,1234567,32Q,320,32N,,,,
AK,AK171,,KHH,1700,,,,,,,,,,,,,,,,KUL,2125,2026/10/12,2026/10/18,1234567,32Q,320,32N,,,,
AK,AK171,,KIX,1345,,,,,,,,,,,,,,,,KHH,1600,2026/10/12,2026/10/18,1234567,32Q,320,32N,,,,
HO,HO1311,BR2733,PVG,0925,,,,,,,,,,,,,,,,KHH,1145,2026/10/14,2026/10/18,0030007,321,320,789,,,,
HO,HO1312,BR2734,KHH,1245,,,,,,,,,,,,,,,,PVG,1505,2026/10/14,2026/10/18,0030007,321,320,789,,,,
9C,9C8685,,NGB,1530,,,,,,,,,,,,,,,,KHH,1735,2026/10/13,2026/10/17,0200060,320,32Q,,,,,
9C,9C8686,,KHH,1835,,,,,,,,,,,,,,,,NGB,2035,2026/10/13,2026/10/17,0200060,320,32Q,,,,,
9C,9C8877,,PVG,1455,,,,,,,,,,,,,,,,KHH,1715,2026/10/14,2026/10/18,0030507,320,32Q,,,,,
9C,9C8878,,KHH,1815,,,,,,,,,,,,,,,,PVG,2035,2026/10/14,2026/10/18,0030507,320,32Q,,,,,
IT,IT260,,KHH,0655,,,,,,,,,,,,,,,,CTS,1205,2026/10/15,2026/10/15,0004000,320,,,,,,
IT,IT260,,KHH,0800,,,,,,,,,,,,,,,,CTS,1305,2026/10/13,2026/10/17,0200060,320,,,,,,
IT,IT261,,CTS,1255,,,,,,,,,,,,,,,,KHH,1630,2026/10/15,2026/10/15,0004000,320,,,,,,
IT,IT261,,CTS,1355,,,,,,,,,,,,,,,,KHH,1715,2026/10/13,2026/10/17,0200060,320,,,,,,
IT,IT262,,KHH,1240,,,,,,,,,,,,,,,,OKJ,1630,2026/10/12,2026/10/16,1030500,320,,,,,,
IT,IT263,,OKJ,1755,,,,,,,,,,,,,,,,KHH,2015,2026/10/12,2026/10/16,1030500,320,,,,,,
IT,IT268,,KHH,1500,,,,,,,,,,,,,,,,NGO,1915,2026/10/12,2026/10/17,1030060,320,,,,,,
IT,IT269,,NGO,2005,,,,,,,,,,,,,,,,KHH,2230,2026/10/12,2026/10/17,1030060,320,,,,,,
IT,IT270,,KHH,1410,,,,,,,,,,,,,,,,FUK,1750,2026/10/18,2026/10/18,0000007,320,,,,,,
IT,IT270,,KHH,1425,,,,,,,,,,,,,,,,FUK,1755,2026/10/16,2026/10/16,0000500,320,,,,,,
IT,IT270,,KHH,1430,,,,,,,,,,,,,,,,FUK,1755,2026/10/13,2026/10/13,0200000,320,,,,,,
IT,IT271,,FUK,1855,,,,,,,,,,,,,,,,KHH,2035,2026/10/16,2026/10/18,0000507,320,,,,,,
IT,IT271,,FUK,1900,,,,,,,,,,,,,,,,KHH,2040,2026/10/13,2026/10/13,0200000,320,,,,,,
IT,IT280,,KHH,0805,,,,,,,,,,,,,,,,NRT,1240,2026/10/12,2026/10/18,1034567,320,,,,,,
IT,IT280,,KHH,0815,,,,,,,,,,,,,,,,NRT,1240,2026/10/13,2026/10/13,0200000,320,,,,,,
IT,IT281,,NRT,1150,,,,,,,,,,,,,,,,KHH,1500,2026/10/12,2026/10/17,1030560,320,,,,,,
IT,IT281,,NRT,1330,,,,,,,,,,,,,,,,KHH,1640,2026/10/13,2026/10/18,0204007,320,,,,,,
IT,IT284,,KHH,0640,,,,,,,,,,,,,,,,KIX,1035,2026/10/16,2026/10/16,0000500,320,,,,,,
IT,IT284,,KHH,0655,,,,,,,,,,,,,,,,KIX,1055,2026/10/12,2026/10/17,1230060,320,,,,,,
IT,IT284,,KHH,0700,,,,,,,,,,,,,,,,KIX,1055,2026/10/15,2026/10/18,0004007,320,,,,,,
IT,IT285,,KIX,1115,,,,,,,,,,,,,,,,KHH,1340,2026/10/13,2026/10/18,0204007,320,,,,,,
IT,IT285,,KIX,1125,,,,,,,,,,,,,,,,KHH,1335,2026/10/16,2026/10/16,0000500,320,,,,,,
IT,IT285,,KIX,1155,,,,,,,,,,,,,,,,KHH,1400,2026/10/17,2026/10/17,0000060,320,,,,,,
IT,IT285,,KIX,1200,,,,,,,,,,,,,,,,KHH,1400,2026/10/12,2026/10/14,1030000,320,,,,,,
IT,IT288,,KHH,0930,,,,,,,,,,,,,,,,OKA,1225,2026/10/15,2026/10/18,0004007,320,,,,,,
IT,IT288,,KHH,1010,,,,,,,,,,,,,,,,OKA,1300,2026/10/12,2026/10/17,1230560,320,,,,,,
IT,IT289,,OKA,1400,,,,,,,,,,,,,,,,KHH,1455,2026/10/12,2026/10/17,1230560,320,,,,,,
IT,IT289,,OKA,2140,,,,,,,,,,,,,,,,KHH,2230,2026/10/15,2026/10/18,0004007,320,,,,,,
IT,IT294,,KHH,0800,,,,,,,,,,,,,,,,KMQ,1205,2026/10/15,2026/10/15,0004000,320,,,,,,
IT,IT294,,KHH,0815,,,,,,,,,,,,,,,,KMQ,1215,2026/10/18,2026/10/18,0000007,320,,,,,,
IT,IT295,,KMQ,1255,,,,,,,,,,,,,,,,KHH,1525,2026/10/15,2026/10/15,0004000,320,,,,,,
IT,IT295,,KMQ,1305,,,,,,,,,,,,,,,,KHH,1525,2026/10/18,2026/10/18,0000007,320,,,,,,
IT,IT585,,KHH,1600,,,,,,,,,,,,,,,,DAD,1735,2026/10/14,2026/10/18,0030007,320,,,,,,
IT,IT585,,KHH,1630,,,,,,,,,,,,,,,,DAD,1810,2026/10/13,2026/10/15,0204000,320,,,,,,
IT,IT585,,KHH,1630,,,,,,,,,,,,,,,,DAD,1810,2026/10/17,2026/10/17,0000060,320,,,,,,
IT,IT586,,DAD,1825,,,,,,,,,,,,,,,,KHH,2145,2026/10/14,2026/10/18,0030007,320,,,,,,
IT,IT586,,DAD,1900,,,,,,,,,,,,,,,,KHH,2220,2026/10/13,2026/10/17,0204060,320,,,,,,
IT,IT632,,RMQ,0700,,,,,,,,,,,,,,,,CJU,1000,2026/10/14,2026/10/17,0030060,320,,,,,,
IT,IT633,,CJU,1955,,,,,,,,,,,,,,,,RMQ,2100,2026/10/16,2026/10/16,0000500,320,,,,,,
IT,IT633,,CJU,2015,,,,,,,,,,,,,,,,RMQ,2130,2026/10/18,2026/10/18,0000007,320,,,,,,
IT,IT662,,KHH,1555,,,,,,,,,,,,,,,,GMP,1945,2026/10/17,2026/10/17,0000060,320,,,,,,
IT,IT662,,KHH,1600,,,,,,,,,,,,,,,,GMP,1945,2026/10/12,2026/10/16,1004500,320,,,,,,
IT,IT663,,GMP,2035,,,,,,,,,,,,,,,,KHH,2240,2026/10/12,2026/10/17,1004560,320,,,,,,
IT,IT670,,KHH,1545,,,,,,,,,,,,,,,,CJU,1900,2026/10/16,2026/10/16,0000500,320,,,,,,
IT,IT670,,KHH,1550,,,,,,,,,,,,,,,,CJU,1850,2026/10/12,2026/10/12,1000000,320,,,,,,
IT,IT670,,KHH,1555,,,,,,,,,,,,,,,,CJU,1915,2026/10/14,2026/10/14,0030000,320,,,,,,
IT,IT670,,KHH,1615,,,,,,,,,,,,,,,,CJU,1925,2026/10/18,2026/10/18,0000007,320,,,,,,
IT,IT671,,CJU,1950,,,,,,,,,,,,,,,,KHH,2115,2026/10/12,2026/10/12,1000000,320,,,,,,
IT,IT671,,CJU,2005,,,,,,,,,,,,,,,,KHH,2130,2026/10/14,2026/10/14,0030000,320,,,,,,
IT,IT675,,CJU,1050,,,,,,,,,,,,,,,,KHH,1215,2026/10/14,2026/10/17,0030060,320,,,,,,
IT,IT728,,KHH,1545,,,,,,,,,,,,,,,,OKA,1810,2026/10/13,2026/10/13,0200000,320,,,,,,
IT,IT728,,KHH,1615,,,,,,,,,,,,,,,,OKA,1840,2026/10/15,2026/10/15,0004000,320,,,,,,
IT,IT729,,OKA,1030,,,,,,,,,,,,,,,,KHH,1120,2026/10/12,2026/10/16,1000500,320,,,,,,
IT,IT762,,KHH,0815,,,,,,,,,,,,,,,,ISG,1010,2026/10/14,2026/10/18,0030007,320,,,,,,
IT,IT763,,ISG,1100,,,,,,,,,,,,,,,,KHH,1110,2026/10/14,2026/10/18,0030007,320,,,,,,
IT,IT766,,KHH,0845,,,,,,,,,,,,,,,,KMJ,1150,2026/10/13,2026/10/16,0200500,320,,,,,,
IT,IT767,,KMJ,1950,,,,,,,,,,,,,,,,KHH,2140,2026/10/13,2026/10/16,0200500,320,,,,,,
IT,IT772,,KHH,1325,,,,,,,,,,,,,,,,SDJ,1810,2026/10/12,2026/10/17,1030060,320,,,,,,
IT,IT773,,SDJ,1900,,,,,,,,,,,,,,,,KHH,2210,2026/10/12,2026/10/17,1030060,320,,,,,,
IT,IT778,,RMQ,1705,,,,,,,,,,,,,,,,NGO,2055,2026/10/12,2026/10/16,1030500,320,,,,,,
IT,IT779,,NGO,1345,,,,,,,,,,,,,,,,RMQ,1605,2026/10/12,2026/10/16,1030500,320,,,,,,
IT,IT792,,RMQ,0710,,,,,,,,,,,,,,,,OKA,0940,2026/10/12,2026/10/16,1000500,320,,,,,,
IT,IT793,,OKA,1900,,,,,,,,,,,,,,,,RMQ,1930,2026/10/13,2026/10/13,0200000,320,,,,,,
IT,IT793,,OKA,1930,,,,,,,,,,,,,,,,RMQ,2000,2026/10/15,2026/10/15,0004000,320,,,,,,
IT,IT794,,TNN,1555,,,,,,,,,,,,,,,,KMJ,1900,2026/10/13,2026/10/16,0200500,320,,,,,,
IT,IT795,,KMJ,1240,,,,,,,,,,,,,,,,TNN,1425,2026/10/13,2026/10/16,0200500,320,,,,,,
IT,IT796,,TNN,1505,,,,,,,,,,,,,,,,OKA,1750,2026/10/15,2026/10/18,0004007,320,,,,,,
IT,IT797,,OKA,1325,,,,,,,,,,,,,,,,TNN,1405,2026/10/15,2026/10/18,0004007,320,,,,,,
VJ,VJ8510,,DAD,0930,,,,,,,,,,,,,,,,RMQ,1300,2026/10/16,2026/10/16,0000500,321,320,,,,,
VJ,VJ8510,,DAD,1430,,,,,,,,,,,,,,,,RMQ,1800,2026/10/14,2026/10/18,0030007,321,320,,,,,
VJ,VJ8511,,RMQ,1400,,,,,,,,,,,,,,,,DAD,1535,2026/10/16,2026/10/16,0000500,321,320,,,,,
VJ,VJ8511,,RMQ,1900,,,,,,,,,,,,,,,,DAD,2035,2026/10/14,2026/10/18,0030007,321,320,,,,,
VJ,VJ852,,SGN,1010,,,,,,,,,,,,,,,,RMQ,1430,2026/10/12,2026/10/18,1234567,321,320,,,,,
VJ,VJ8520,,DAD,1200,,,,,,,,,,,,,,,,KHH,1515,2026/10/13,2026/10/17,0200060,321,320,,,,,
VJ,VJ8521,,KHH,1615,,,,,,,,,,,,,,,,DAD,1740,2026/10/13,2026/10/17,0200060,321,320,,,,,
VJ,VJ853,,RMQ,1530,,,,,,,,,,,,,,,,SGN,1800,2026/10/12,2026/10/18,1234567,321,320,,,,,
VJ,VJ885,,KHH,1240,,,,,,,,,,,,,,,,SGN,1450,2026/10/12,2026/10/18,1234567,321,320,,,,,
VJ,VJ886,,SGN,0730,,,,,,,,,,,,,,,,KHH,1140,2026/10/12,2026/10/18,1234567,321,320,,,,,
VJ,VJ946,,HAN,1435,,,,,,,,,,,,,,,,KHH,1750,2026/10/12,2026/10/18,1234567,321,320,,,,,
VJ,VJ947,,KHH,1850,,,,,,,,,,,,,,,,HAN,2035,2026/10/12,2026/10/18,1234567,321,320,,,,,
VJ,VJ948,,HAN,1330,,,,,,,,,,,,,,,,RMQ,1700,2026/10/12,2026/10/18,1234567,321,320,,,,,
VJ,VJ949,,RMQ,1800,,,,,,,,,,,,,,,,HAN,1950,2026/10/12,2026/10/18,1234567,321,320,,,,,
7C,7C6123,,GMP,0945,,,,,,,,,,,,,,,,KHH,1200,2026/10/13,2026/10/17,0204060,738,7M8,,,,,
7C,7C6124,,KHH,1300,,,,,,,,,,,,,,,,GMP,1655,2026/10/13,2026/10/17,0204060,738,7M8,,,,,
7C,7C6255,,PUS,1415,,,,,,,,,,,,,,,,KHH,1600,2026/10/12,2026/10/18,1234567,738,7M8,,,,,
7C,7C6256,,KHH,1700,,,,,,,,,,,,,,,,PUS,2030,2026/10/12,2026/10/18,1234567,738,7M8,,,,,
GK,GK017,,NRT,0955,,,,,,,,,,,,,,,,KHH,1300,2026/10/12,2026/10/18,1234567,320,32Q,,,,,
GK,GK018,,KHH,1400,,,,,,,,,,,,,,,,NRT,1830,2026/10/12,2026/10/18,1234567,320,32Q,,,,,
SL,SL390,,KHH,0815,,,,,,,,,,,,,,,,OKA,1100,2026/10/13,2026/10/18,0200067,738,73J,,,,,
SL,SL390,,DMK,0245,,,,,,,,,,,,,,,,KHH,0715,2026/10/13,2026/10/18,0200067,738,73J,,,,,
SL,SL391,,KHH,1340,,,,,,,,,,,,,,,,DMK,1605,2026/10/13,2026/10/18,0200067,738,73J,,,,,
SL,SL391,,OKA,1200,,,,,,,,,,,,,,,,KHH,1240,2026/10/13,2026/10/18,0200067,738,73J,,,,,
SL,SL392,,KHH,1050,,,,,,,,,,,,,,,,CTS,1600,2026/10/12,2026/10/16,1030500,73J,738,,,,,
SL,SL392,,DMK,0510,,,,,,,,,,,,,,,,KHH,0940,2026/10/12,2026/10/16,1030500,73J,738,,,,,
SL,SL393,,KHH,2155,,,,,,,,,,,,,,,,DMK,0020+1,2026/10/12,2026/10/16,1030500,73J,738,,,,,
SL,SL393,,CTS,1700,,,,,,,,,,,,,,,,KHH,2030,2026/10/12,2026/10/16,1030500,73J,738,,,,,
FD,FD234,,KHH,0805,,,,,,,,,,,,,,,,NRT,1255,2026/10/12,2026/10/18,1030507,32N,320,,,,,
FD,FD234,,DMK,0235,,,,,,,,,,,,,,,,KHH,0705,2026/10/12,2026/10/18,1030507,32N,320,,,,,
FD,FD235,,KHH,1805,,,,,,,,,,,,,,,,DMK,2030,2026/10/12,2026/10/18,1030507,32N,320,,,,,
FD,FD235,,NRT,1355,,,,,,,,,,,,,,,,KHH,1705,2026/10/12,2026/10/18,1030507,32N,320,,,,,
JX,JX1310,,RMQ,0810,,,,,,,,,,,,,,,,PUS,1130,2026/10/17,2026/10/17,0000060,32Q,,,,,,
JX,JX1310,,RMQ,1500,,,,,,,,,,,,,,,,PUS,1815,2026/10/14,2026/10/14,0030000,32Q,,,,,,
JX,JX1311,,PUS,1230,,,,,,,,,,,,,,,,RMQ,1400,2026/10/17,2026/10/17,0000060,32Q,,,,,,
JX,JX1311,,PUS,1915,,,,,,,,,,,,,,,,RMQ,2045,2026/10/14,2026/10/14,0030000,32Q,,,,,,
JX,JX300,,RMQ,0840,,,,,,,,,,,,,,,,TAK,1220,2026/10/12,2026/10/18,1034507,32Q,,,,,,
JX,JX301,,TAK,1320,,,,,,,,,,,,,,,,RMQ,1515,2026/10/12,2026/10/18,1034507,32Q,,,,,,
JX,JX302,,RMQ,1310,,,,,,,,,,,,,,,,OKA,1545,2026/10/12,2026/10/18,1234567,32Q,,,,,,
JX,JX303,,OKA,1645,,,,,,,,,,,,,,,,RMQ,1725,2026/10/12,2026/10/18,1234567,32Q,,,,,,
JX,JX306,,RMQ,0845,,,,,,,,,,,,,,,,UKB,1230,2026/10/12,2026/10/18,1234567,32Q,,,,,,
JX,JX307,,UKB,1330,,,,,,,,,,,,,,,,RMQ,1535,2026/10/12,2026/10/18,1234567,32Q,,,,,,
JX,JX308,,RMQ,0720,,,,,,,,,,,,,,,,SHI,0940,2026/10/12,2026/10/18,1030507,32Q,,,,,,
JX,JX309,,SHI,1040,,,,,,,,,,,,,,,,RMQ,1100,2026/10/12,2026/10/18,1030507,32Q,,,,,,
JX,JX310,,RMQ,0735,,,,,,,,,,,,,,,,PUS,1055,2026/10/15,2026/10/15,0004000,32Q,,,,,,
JX,JX310,,RMQ,0810,,,,,,,,,,,,,,,,PUS,1130,2026/10/13,2026/10/18,0200507,32Q,,,,,,
JX,JX311,,PUS,1155,,,,,,,,,,,,,,,,RMQ,1325,2026/10/15,2026/10/15,0004000,32Q,,,,,,
JX,JX311,,PUS,1230,,,,,,,,,,,,,,,,RMQ,1400,2026/10/13,2026/10/18,0200507,32Q,,,,,,
JX,JX312,,RMQ,1640,,,,,,,,,,,,,,,,OKA,1910,2026/10/12,2026/10/18,1234567,32Q,,,,,,
JX,JX313,,OKA,2010,,,,,,,,,,,,,,,,RMQ,2050,2026/10/12,2026/10/18,1234567,32Q,,,,,,
JX,JX314,,RMQ,0930,,,,,,,,,,,,,,,,NRT,1400,2026/10/12,2026/10/17,1034060,32Q,,,,,,
JX,JX314,,RMQ,0930,,,,,,,,,,,,,,,,NRT,1400,2026/10/13,2026/10/16,0200500,32Q,,,,,,
JX,JX314,,RMQ,0930,,,,,,,,,,,,,,,,NRT,1400,2026/10/18,2026/10/18,0000007,32Q,,,,,,
JX,JX315,,NRT,1530,,,,,,,,,,,,,,,,RMQ,1810,2026/10/12,2026/10/12,1000000,32Q,,,,,,
JX,JX315,,NRT,1600,,,,,,,,,,,,,,,,RMQ,1840,2026/10/14,2026/10/15,0034000,32Q,,,,,,
JX,JX315,,NRT,1600,,,,,,,,,,,,,,,,RMQ,1840,2026/10/18,2026/10/18,0000007,32Q,,,,,,
JX,JX315,,NRT,1600,,,,,,,,,,,,,,,,RMQ,1840,2026/10/13,2026/10/13,0200000,32Q,,,,,,
JX,JX315,,NRT,1630,,,,,,,,,,,,,,,,RMQ,1910,2026/10/17,2026/10/17,0000060,32Q,,,,,,
JX,JX315,,NRT,1630,,,,,,,,,,,,,,,,RMQ,1910,2026/10/16,2026/10/16,0000500,32Q,,,,,,
JX,JX316,,RMQ,1500,,,,,,,,,,,,,,,,KMJ,1815,2026/10/13,2026/10/18,0200507,32Q,,,,,,
JX,JX317,,KMJ,1915,,,,,,,,,,,,,,,,RMQ,2045,2026/10/13,2026/10/18,0200507,32Q,,,,,,
JX,JX318,,RMQ,0900,,,,,,,,,,,,,,,,CTS,1355,2026/10/12,2026/10/17,1230560,32Q,,,,,,
JX,JX318,,RMQ,0900,,,,,,,,,,,,,,,,CTS,1355,2026/10/15,2026/10/18,0004007,32Q,,,,,,
JX,JX319,,CTS,1500,,,,,,,,,,,,,,,,RMQ,1825,2026/10/12,2026/10/17,1230560,32Q,,,,,,
JX,JX319,,CTS,1500,,,,,,,,,,,,,,,,RMQ,1825,2026/10/15,2026/10/18,0004007,32Q,,,,,,
JX,JX329,,RMQ,0835,,,,,,,,,,,,,,,,MFM,1020,2026/10/12,2026/10/14,1030000,32Q,,,,,,
JX,JX330,,MFM,1125,,,,,,,,,,,,,,,,RMQ,1310,2026/10/12,2026/10/14,1030000,32Q,,,,,,
JX,JX331,,RMQ,1625,,,,,,,,,,,,,,,,MFM,1805,2026/10/12,2026/10/18,1234567,32Q,,,,,,
JX,JX332,,MFM,1915,,,,,,,,,,,,,,,,RMQ,2110,2026/10/12,2026/10/18,1234567,32Q,,,,,,
JX,JX333,,RMQ,0705,,,,,,,,,,,,,,,,PQC,0940,2026/10/13,2026/10/17,0200060,32Q,,,,,,
JX,JX334,,PQC,1040,,,,,,,,,,,,,,,,RMQ,1525,2026/10/13,2026/10/17,0200060,32Q,,,,,,
GJ,GJ8301,,TFU,1115,,,,,,,,,,,,,,,,RMQ,1425,2026/10/13,2026/10/17,0200060,320,32N,32Q,319,,,
GJ,GJ8302,,RMQ,1525,,,,,,,,,,,,,,,,TFU,1835,2026/10/13,2026/10/17,0200060,320,32N,32Q,319,,,
B7,B7501,BR2399,PVG,1120,,,,,,,,,,,,,,,,TSA,1310,2026/10/20,2026/10/22,0204000,321,,,,,,
B7,B7502,BR2400,TSA,0800,,,,,,,,,,,,,,,,PVG,1000,2026/10/20,2026/10/22,0204000,321,,,,,,
B7,B7511,,TSA,0955,,,,,,,,,,,,,,,,XMN,1135,2026/10/19,2026/10/21,1030000,321,,,,,,
B7,B7511,,TSA,1700,,,,,,,,,,,,,,,,XMN,1840,2026/10/23,2026/10/23,0000500,321,,,,,,
B7,B7512,,XMN,1235,,,,,,,,,,,,,,,,TSA,1420,2026/10/19,2026/10/21,1030000,321,,,,,,
B7,B7512,,XMN,1940,,,,,,,,,,,,,,,,TSA,2125,2026/10/23,2026/10/23,0000500,321,,,,,,
BR,BR107,AC6544;NH5831,NRT,1245,,,,,,,,,,,,,,,,KHH,1540,2026/10/19,2026/10/24,1234560,321,333,,,,,
BR,BR108,AC6547;NH5832,KHH,0700,,,,,,,,,,,,,,,,NRT,1145,2026/10/19,2026/10/24,1234560,321,333,,,,,
BR,BR119,NH5843,FUK,2020,,,,,,,,,,,,,,,,KHH,2210,2026/10/19,2026/10/24,1234560,321,333,,,,,
BR,BR120,NH5844,KHH,1530,,,,,,,,,,,,,,,,FUK,1920,2026/10/19,2026/10/24,1234560,321,333,,,,,
BR,BR145,AC6540;OZ6877,ICN,1205,,,,,,,,,,,,,,,,KHH,1400,2026/10/20,2026/10/24,0230560,321,333,,,,,
BR,BR146,AC6541;OZ6878,KHH,0655,,,,,,,,,,,,,,,,ICN,1045,2026/10/20,2026/10/24,0230560,321,333,,,,,
BR,BR147,NH6612,KIX,2035,,,,,,,,,,,,,,,,KHH,2255,2026/10/20,2026/10/24,0230560,321,333,,,,,
BR,BR148,NH6613,KHH,1525,,,,,,,,,,,,,,,,KIX,1935,2026/10/20,2026/10/24,0230560,321,333,,,,,
BR,BR155,,GMP,1350,,,,,,,,,,,,,,,,TSA,1525,2026/10/23,2026/10/24,0000560,321,,,,,,
BR,BR155,,GMP,1915,,,,,,,,,,,,,,,,TSA,2055,2026/10/20,2026/10/20,0200000,321,,,,,,
BR,BR155,,GMP,2020,,,,,,,,,,,,,,,,TSA,2155,2026/10/21,2026/10/21,0030000,321,,,,,,
BR,BR156,,TSA,0920,,,,,,,,,,,,,,,,GMP,1250,2026/10/23,2026/10/24,0000560,321,,,,,,
BR,BR156,,TSA,1440,,,,,,,,,,,,,,,,GMP,1810,2026/10/20,2026/10/20,0200000,321,,,,,,
BR,BR156,,TSA,1545,,,,,,,,,,,,,,,,GMP,1915,2026/10/21,2026/10/21,0030000,321,,,,,,
BR,BR171,AC6538;OZ6875,ICN,2045,,,,,,,,,,,,,,,,KHH,2240,2026/10/19,2026/10/22,1004000,321,333,,,,,
BR,BR172,AC6539;OZ6876,KHH,1550,,,,,,,,,,,,,,,,ICN,1945,2026/10/19,2026/10/22,1004000,321,333,,,,,
BR,BR181,NH5839,KIX,1210,,,,,,,,,,,,,,,,KHH,1430,2026/10/19,2026/10/24,1234560,321,333,,,,,
BR,BR182,NH5840,KHH,0705,,,,,,,,,,,,,,,,KIX,1110,2026/10/19,2026/10/24,1234560,321,333,,,,,
BR,BR189,NH5823,HND,1050,,,,,,,,,,,,,,,,TSA,1330,2026/10/19,2026/10/24,1234560,781,,,,,,
BR,BR190,NH5824,TSA,1620,,,,,,,,,,,,,,,,HND,2020,2026/10/19,2026/10/24,1234560,781,,,,,,
BR,BR191,NH5825,HND,1240,,,,,,,,,,,,,,,,TSA,1505,2026/10/19,2026/10/24,1234560,781,,,,,,
BR,BR192,NH5826,TSA,0720,,,,,,,,,,,,,,,,HND,1130,2026/10/19,2026/10/24,1234560,781,,,,,,
BR,BR705,HO3189,PVG,2005,,,,,,,,,,,,,,,,KHH,2220,2026/10/19,2026/10/23,1204500,321,333,,,,,
BR,BR706,HO3190,KHH,1650,,,,,,,,,,,,,,,,PVG,1905,2026/10/19,2026/10/23,1204500,321,333,,,,,
BR,BR771,CA5513,SHA,1940,,,,,,,,,,,,,,,,TSA,2145,2026/10/19,2026/10/24,1034560,781,789,333,,,,
BR,BR772,CA5514,TSA,1455,,,,,,,,,,,,,,,,SHA,1630,2026/10/19,2026/10/24,1034560,781,789,333,,,,
BR,BR829,NX3029,KHH,0900,,,,,,,,,,,,,,,,MFM,1035,2026/10/19,2026/10/22,1004000,321,333,,,,,
BR,BR830,NX3030,MFM,1145,,,,,,,,,,,,,,,,KHH,1315,2026/10/19,2026/10/22,1004000,321,333,,,,,
BR,BR833,NX3031,KHH,1650,,,,,,,,,,,,,,,,MFM,1825,2026/10/21,2026/10/24,0030060,321,333,,,,,
BR,BR834,NX3032,MFM,2000,,,,,,,,,,,,,,,,KHH,2130,2026/10/21,2026/10/24,0030060,321,333,,,,,
BR,BR845,HX1845,KHH,0915,,,,,,,,,,,,,,,,HKG,1055,2026/10/19,2026/10/24,1234560,321,,,,,,
BR,BR846,HX1846,HKG,1205,,,,,,,,,,,,,,,,KHH,1340,2026/10/19,2026/10/24,1234560,321,,,,,,
BR,BR849,HX1849,KHH,1645,,,,,,,,,,,,,,,,HKG,1825,2026/10/19,2026/10/24,1234560,321,,,,,,
BR,BR850,HX1850,HKG,1925,,,,,,,,,,,,,,,,KHH,2100,2026/10/19,2026/10/24,1234560,321,,,,,,
AE,AE1857,,RMQ,0800,,,,,,,,,,,,,,,,SGN,1020,2026/10/19,2026/10/24,1234560,738,,,,,,
AE,AE1858,,SGN,1120,,,,,,,,,,,,,,,,RMQ,1550,2026/10/19,2026/10/24,1234560,738,,,,,,
AE,AE211,MF9029,TSA,0705,,,,,,,,,,,,,,,,FOC,0840,2026/10/20,2026/10/23,0230500,738,,,,,,
AE,AE212,MF9030,FOC,0945,,,,,,,,,,,,,,,,TSA,1125,2026/10/20,2026/10/23,0230500,738,,,,,,
AE,AE217,,TSA,1320,,,,,,,,,,,,,,,,WUH,1600,2026/10/21,2026/10/24,0030060,738,,,,,,
AE,AE218,,WUH,1725,,,,,,,,,,,,,,,,TSA,2000,2026/10/21,2026/10/24,0030060,738,,,,,,
AE,AE967,MF9026,KHH,0730,,,,,,,,,,,,,,,,XMN,0900,2026/10/19,2026/10/24,1004060,32Q,333;738,,,,,
AE,AE968,MF9025,XMN,1005,,,,,,,,,,,,,,,,KHH,1135,2026/10/19,2026/10/24,1004060,32Q,333;738,,,,,
AE,AE983,CI9501,KHH,0725,,,,,,,,,,,,,,,,HKG,0910,2026/10/19,2026/10/24,1004060,738,32Q;333,,,,,
AE,AE984,CI9502,HKG,1010,,,,,,,,,,,,,,,,KHH,1145,2026/10/19,2026/10/24,1004060,738,32Q;333,,,,,
CI,CI102,JL5130,KHH,0655,,,,,,,,,,,,,,,,NRT,1135,2026/10/22,2026/10/22,0004000,32Q,738,333,,,,
CI,CI102,JL5130,KHH,0800,,,,,,,,,,,,,,,,NRT,1235,2026/10/19,2026/10/24,1230560,32Q,738,333,,,,
CI,CI103,JL5139,NRT,1235,,,,,,,,,,,,,,,,KHH,1540,2026/10/22,2026/10/22,0004000,32Q,738,333,,,,
CI,CI103,JL5139,NRT,1335,,,,,,,,,,,,,,,,KHH,1640,2026/10/19,2026/10/24,1230560,32Q,738,333,,,,
CI,CI126,JL5178,KHH,1255,,,,,,,,,,,,,,,,NRT,1735,2026/10/19,2026/10/23,1030500,32Q,738,333,,,,
CI,CI126,JL5178,KHH,1410,,,,,,,,,,,,,,,,NRT,1850,2026/10/20,2026/10/22,0204000,32Q,738,333,,,,
CI,CI126,JL5178,KHH,1415,,,,,,,,,,,,,,,,NRT,1850,2026/10/24,2026/10/24,0000060,32Q,738,333,,,,
CI,CI127,JL5177,NRT,1835,,,,,,,,,,,,,,,,KHH,2140,2026/10/19,2026/10/23,1030500,32Q,738,333,,,,
CI,CI127,JL5177,NRT,1950,,,,,,,,,,,,,,,,KHH,2255,2026/10/20,2026/10/24,0204060,32Q,738,333,,,,
CI,CI132,JL5140,KHH,1555,,,,,,,,,,,,,,,,OKA,1845,2026/10/22,2026/10/22,0004000,32Q,738,333,,,,
CI,CI132,JL5140,KHH,1555,,,,,,,,,,,,,,,,OKA,1845,2026/10/19,2026/10/24,1230560,738,32Q,333,,,,
CI,CI133,JL5149,OKA,1945,,,,,,,,,,,,,,,,KHH,2030,2026/10/22,2026/10/22,0004000,32Q,738,333,,,,
CI,CI133,JL5149,OKA,1945,,,,,,,,,,,,,,,,KHH,2030,2026/10/19,2026/10/24,1230560,738,32Q,333,,,,
CI,CI138,JL5146,KHH,0655,,,,,,,,,,,,,,,,FUK,1050,2026/10/20,2026/10/23,0204500,738,32Q,,,,,
CI,CI139,JL5145,FUK,1150,,,,,,,,,,,,,,,,KHH,1340,2026/10/20,2026/10/23,0204500,738,32Q,,,,,
CI,CI164,KE5700,KHH,0715,,,,,,,,,,,,,,,,ICN,1100,2026/10/19,2026/10/23,1030500,32Q,738,333,,,,
CI,CI165,KE5699,ICN,1205,,,,,,,,,,,,,,,,KHH,1405,2026/10/19,2026/10/23,1030500,32Q,738,333,,,,
CI,CI166,JL5142,KHH,0655,,,,,,,,,,,,,,,,KIX,1100,2026/10/19,2026/10/23,1030500,738,32Q,333,,,,
CI,CI167,JL5141,KIX,1200,,,,,,,,,,,,,,,,KHH,1425,2026/10/19,2026/10/23,1030500,738,32Q,333,,,,
CI,CI176,JL5144,KHH,1535,,,,,,,,,,,,,,,,KIX,1935,2026/10/19,2026/10/24,1234560,32Q,738,333,,,,
CI,CI177,JL5143,KIX,2035,,,,,,,,,,,,,,,,KHH,2250,2026/10/19,2026/10/24,1234560,32Q,738,333,,,,
CI,CI184,,KHH,0715,,,,,,,,,,,,,,,,GMP,1100,2026/10/20,2026/10/24,0204060,32Q,738,,,,,
CI,CI185,,GMP,1205,,,,,,,,,,,,,,,,KHH,1405,2026/10/20,2026/10/24,0204060,32Q,738,,,,,
CI,CI198,JL5170,KHH,0710,,,,,,,,,,,,,,,,KMJ,1035,2026/10/19,2026/10/21,1030000,738,32Q,,,,,
CI,CI198,JL5170,KHH,0715,,,,,,,,,,,,,,,,KMJ,1035,2026/10/24,2026/10/24,0000060,738,32Q,,,,,
CI,CI199,JL5179,KMJ,1150,,,,,,,,,,,,,,,,KHH,1330,2026/10/19,2026/10/24,1030060,738,32Q,,,,,
CI,CI201,MU8905;FM8201,TSA,1230,,,,,,,,,,,,,,,,SHA,1415,2026/10/19,2026/10/24,1234060,333,738,,,,,
CI,CI202,MU8906;FM8202,SHA,1615,,,,,,,,,,,,,,,,TSA,1815,2026/10/19,2026/10/24,1234060,333,738,,,,,
CI,CI220,JL5042,TSA,0900,,,,,,,,,,,,,,,,HND,1310,2026/10/19,2026/10/24,1234560,333,32Q,738,,,,
CI,CI221,JL5043,HND,1430,,,,,,,,,,,,,,,,TSA,1655,2026/10/19,2026/10/24,1234560,333,32Q,738,,,,
CI,CI222,JL5044,TSA,1805,,,,,,,,,,,,,,,,HND,2215,2026/10/19,2026/10/24,1234560,333,32Q,738,,,,
CI,CI223,JL5041,HND,0755,,,,,,,,,,,,,,,,TSA,1030,2026/10/19,2026/10/24,1234560,333,32Q,738,,,,
CI,CI260,,TSA,0925,,,,,,,,,,,,,,,,GMP,1255,2026/10/19,2026/10/22,1004000,738,32Q,,,,,
CI,CI261,,GMP,1355,,,,,,,,,,,,,,,,TSA,1535,2026/10/19,2026/10/22,1004000,738,32Q,,,,,
CI,CI310,,RMQ,1000,,,,,,,,,,,,,,,,OKA,1240,2026/10/19,2026/10/24,1234560,32Q,738,,,,,
CI,CI311,,OKA,1340,,,,,,,,,,,,,,,,RMQ,1410,2026/10/19,2026/10/24,1234560,32Q,738,,,,,
CI,CI312,,RMQ,1520,,,,,,,,,,,,,,,,OKA,1800,2026/10/19,2026/10/24,1034060,32Q,738,,,,,
CI,CI313,,OKA,1900,,,,,,,,,,,,,,,,RMQ,1930,2026/10/19,2026/10/24,1034060,32Q,738,,,,,
CI,CI581,,KHH,0705,,,,,,,,,,,,,,,,PVG,0930,2026/10/20,2026/10/24,0200060,738,32Q,333,,,,
CI,CI582,,PVG,1045,,,,,,,,,,,,,,,,KHH,1310,2026/10/20,2026/10/24,0200060,738,32Q,333,,,,
CI,CI583,,KHH,1650,,,,,,,,,,,,,,,,PVG,1910,2026/10/19,2026/10/22,1004000,738,32Q,333,,,,
CI,CI584,,PVG,2025,,,,,,,,,,,,,,,,KHH,2240,2026/10/19,2026/10/22,1004000,738,32Q,333,,,,
CI,CI585,,KHH,0835,,,,,,,,,,,,,,,,SZX,1010,2026/10/22,2026/10/22,0004000,738,32Q,333,,,,
CI,CI586,,SZX,1130,,,,,,,,,,,,,,,,KHH,1310,2026/10/22,2026/10/22,0004000,738,32Q,333,,,,
CI,CI593,,KHH,1600,,,,,,,,,,,,,,,,CKG,1905,2026/10/21,2026/10/21,0030000,738,32Q,,,,,
CI,CI594,,CKG,2005,,,,,,,,,,,,,,,,KHH,2255,2026/10/21,2026/10/21,0030000,738,32Q,,,,,
CI,CI711,AE5321;PR3301,KHH,0715,,,,,,,,,,,,,,,,MNL,0900,2026/10/20,2026/10/23,0230500,738,32Q,333,,,,
CI,CI712,AE5322;PR3300,MNL,1000,,,,,,,,,,,,,,,,KHH,1155,2026/10/20,2026/10/23,0230500,738,32Q,333,,,,
CI,CI757,KL4992;AE5307,KHH,1255,,,,,,,,,,,,,,,,SIN,1715,2026/10/20,2026/10/24,0204060,738,32Q,333,,,,
CI,CI758,KL4993;AE5308,SIN,1815,,,,,,,,,,,,,,,,KHH,2245,2026/10/20,2026/10/24,0204060,738,32Q,333,,,,
CI,CI839,PG4904;AE5319,KHH,1440,,,,,,,,,,,,,,,,BKK,1720,2026/10/19,2026/10/24,1234560,738,32Q,333,,,,
CI,CI840,PG4905;AE5320,BKK,1820,,,,,,,,,,,,,,,,KHH,2250,2026/10/19,2026/10/24,1234560,738,32Q,333,,,,
CI,CI933,AE5213,KHH,0725,,,,,,,,,,,,,,,,HKG,0910,2026/10/20,2026/10/23,0230500,738,32Q,333,,,,
CI,CI934,AE5214,HKG,1010,,,,,,,,,,,,,,,,KHH,1145,2026/10/20,2026/10/23,0230500,738,32Q,333,,,,
CI,CI935,AE5215,KHH,1800,,,,,,,,,,,,,,,,HKG,1940,2026/10/19,2026/10/24,1234560,32Q,738,333,,,,
CI,CI936,AE5216,HKG,2040,,,,,,,,,,,,,,,,KHH,2210,2026/10/19,2026/10/24,1234560,32Q,738,333,,,,
BX,BX795,OZ9745,PUS,1125,,,,,,,,,,,,,,,,KHH,1320,2026/10/19,2026/10/24,1234560,321,320,,,,,
BX,BX796,OZ9746,KHH,1415,,,,,,,,,,,,,,,,PUS,1755,2026/10/19,2026/10/24,1234560,321,320,,,,,
CA,CA197,BR2795,SHA,1210,,,,,,,,,,,,,,,,TSA,1415,2026/10/20,2026/10/24,0204560,333,738,73G,321,319,,
CA,CA198,BR2796,TSA,1530,,,,,,,,,,,,,,,,SHA,1725,2026/10/20,2026/10/24,0204560,333,738,73G,321,319,,
CA,CA469,BR2756,CKG,1520,,,,,,,,,,,,,,,,TSA,1830,2026/10/22,2026/10/22,0004000,738,,,,,,
CA,CA470,BR2755,TSA,1930,,,,,,,,,,,,,,,,CKG,2250,2026/10/22,2026/10/22,0004000,738,,,,,,
CX,CX423,,KHH,1340,,,,,,,,,,,,,,,,HKG,1525,2026/10/19,2026/10/24,1234560,77W,351,359,773,333,32Q,
CX,CX424,,HKG,1105,,,,,,,,,,,,,,,,KHH,1240,2026/10/19,2026/10/24,1234560,77W,351,359,773,333,32Q,
CX,CX431,,KHH,1110,,,,,,,,,,,,,,,,HKG,1250,2026/10/19,2026/10/24,1234560,77W,351,359,773,333,32Q,
CX,CX432,,HKG,0835,,,,,,,,,,,,,,,,KHH,1010,2026/10/19,2026/10/24,1234560,77W,351,359,773,333,32Q,
CX,CX448,,HKG,2140,,,,,,,,,,,,,,,,KHH,2310,2026/10/19,2026/10/24,1234560,77W,351,359,773,333,32Q,
CX,CX449,,KHH,0730,,,,,,,,,,,,,,,,HKG,0905,2026/10/19,2026/10/24,1234560,77W,351,359,773,333,32Q,
CX,CX458,,HKG,1635,,,,,,,,,,,,,,,,KHH,1810,2026/10/19,2026/10/24,1234560,77W,351,359,773,333,32Q,
CX,CX459,,KHH,1910,,,,,,,,,,,,,,,,HKG,2050,2026/10/19,2026/10/24,1234560,77W,351,359,773,333,32Q,
CZ,CZ3093,,WUH,0800,,,,,,,,,,,,,,,,KHH,1040,2026/10/20,2026/10/22,0204000,738,73G,,,,,
CZ,CZ3094,,KHH,1200,,,,,,,,,,,,,,,,WUH,1445,2026/10/20,2026/10/22,0204000,738,73G,,,,,
FM,FM801,,PVG,0910,,,,,,,,,,,,,,,,TSA,1100,2026/10/19,2026/10/24,1234560,738,789,7M8,763,752,,
FM,FM802,,TSA,1220,,,,,,,,,,,,,,,,PVG,1435,2026/10/19,2026/10/24,1234560,738,789,7M8,763,752,,
FM,FM819,,PVG,1050,,,,,,,,,,,,,,,,TSA,1240,2026/10/19,2026/10/24,1030060,738,789,7M8,763,752,,
FM,FM820,,TSA,1340,,,,,,,,,,,,,,,,PVG,1535,2026/10/19,2026/10/24,1030060,738,789,7M8,763,752,,
FM,FM851,MU8627;CI8022,SHA,0815,,,,,,,,,,,,,,,,TSA,1015,2026/10/20,2026/10/23,0200500,789,738,332,738,752,,
FM,FM852,MU8628;CI8021,TSA,1130,,,,,,,,,,,,,,,,SHA,1330,2026/10/20,2026/10/23,0200500,789,738,332,738,752,,
LJ,LJ735,,ICN,0755,,,,,,,,,,,,,,,,RMQ,0940,2026/10/19,2026/10/24,1234560,738,739,7M8,,,,
LJ,LJ736,,RMQ,1040,,,,,,,,,,,,,,,,ICN,1415,2026/10/19,2026/10/24,1234560,738,739,7M8,,,,
LJ,LJ737,,ICN,1450,,,,,,,,,,,,,,,,RMQ,1630,2026/10/19,2026/10/24,1234560,738,739,7M8,,,,
LJ,LJ738,,RMQ,1730,,,,,,,,,,,,,,,,ICN,2115,2026/10/19,2026/10/24,1234560,738,739,7M8,,,,
LJ,LJ741,,PUS,1335,,,,,,,,,,,,,,,,RMQ,1500,2026/10/19,2026/10/24,1230560,739,738,7M8,,,,
LJ,LJ742,,RMQ,1600,,,,,,,,,,,,,,,,PUS,1920,2026/10/20,2026/10/24,0230560,739,738,7M8,,,,
LJ,LJ742,,RMQ,1600,,,,,,,,,,,,,,,,PUS,1925,2026/10/19,2026/10/19,1000000,739,738,7M8,,,,
MU,MU2561,,WUH,0810,,,,,,,,,,,,,,,,KHH,1040,2026/10/23,2026/10/23,0000500,738,332,333,,,,
MU,MU2562,,KHH,1150,,,,,,,,,,,,,,,,WUH,1430,2026/10/23,2026/10/23,0000500,738,332,333,,,,
MU,MU2941,,NKG,0755,,,,,,,,,,,,,,,,RMQ,1010,2026/10/24,2026/10/24,0000060,320,32N,32Q,321;319,,,
MU,MU2942,,RMQ,1110,,,,,,,,,,,,,,,,NKG,1315,2026/10/24,2026/10/24,0000060,320,32N,32Q,321;319,,,
MU,MU2945,,NKG,0755,,,,,,,,,,,,,,,,KHH,1010,2026/10/21,2026/10/23,0030500,319,32N,32Q,333;332;320;321,738,,
MU,MU2946,,KHH,1140,,,,,,,,,,,,,,,,NKG,1400,2026/10/21,2026/10/23,0030500,319,32N,32Q,333;332;320;321,738,,
MU,MU5097,FM3001;CI8006,SHA,1415,,,,,,,,,,,,,,,,TSA,1615,2026/10/19,2026/10/24,1234560,333,332,321,320;319,789,,
MU,MU5098,FM3002;CI8005,TSA,1715,,,,,,,,,,,,,,,,SHA,1905,2026/10/19,2026/10/24,1234560,333,332,321,320;319,789,,
MU,MU827,,TFU,1345,,,,,,,,,,,,,,,,RMQ,1700,2026/10/21,2026/10/21,0030000,32N,320,32Q,321;319,,,
MU,MU828,,RMQ,1800,,,,,,,,,,,,,,,,TFU,2105,2026/10/21,2026/10/21,0030000,32N,320,32Q,321;319,,,
NH,NH851,BR2175,HND,0940,,,,,,,,,,,,,,,,TSA,1205,2026/10/19,2026/10/24,1234560,789,788,763,320,,,
NH,NH852,BR2176,TSA,1330,,,,,,,,,,,,,,,,HND,1745,2026/10/19,2026/10/24,1234560,789,788,763,320,,,
NH,NH853,BR2177,HND,1320,,,,,,,,,,,,,,,,TSA,1550,2026/10/19,2026/10/24,1234560,788,789,763,320,,,
NH,NH854,BR2178,TSA,1650,,,,,,,,,,,,,,,,HND,2050,2026/10/19,2026/10/24,1234560,788,789,763,320,,,
NX,NX657,BR2913,KHH,0900,,,,,,,,,,,,,,,,MFM,1025,2026/10/19,2026/10/24,1234560,321,320,,,,,
NX,NX658,BR2914,MFM,2135,,,,,,,,,,,,,,,,KHH,2300,2026/10/19,2026/10/24,1234560,321,320,,,,,
NX,NX659,BR2917,KHH,1905,,,,,,,,,,,,,,,,MFM,2040,2026/10/19,2026/10/24,1234560,321,320,,,,,
NX,NX660,BR2918,MFM,1635,,,,,,,,,,,,,,,,KHH,1805,2026/10/19,2026/10/24,1234560,321,320,,,,,
NX,NX667,BR2915,KHH,1450,,,,,,,,,,,,,,,,MFM,1615,2026/10/19,2026/10/24,1234560,321,320,,,,,
NX,NX668,BR2916,MFM,1225,,,,,,,,,,,,,,,,KHH,1350,2026/10/19,2026/10/24,1234560,321,320,,,,,
NX,NX671,BR3499,RMQ,1225,,,,,,,,,,,,,,,,MFM,1415,2026/10/19,2026/10/24,1234560,321,320,,,,,
NX,NX672,BR3500,MFM,0950,,,,,,,,,,,,,,,,RMQ,1135,2026/10/19,2026/10/24,1234560,321,320,,,,,
NX,NX673,BR3497,RMQ,0910,,,,,,,,,,,,,,,,MFM,1045,2026/10/19,2026/10/24,1234560,321,320,,,,,
NX,NX674,BR3498,MFM,1835,,,,,,,,,,,,,,,,RMQ,2010,2026/10/19,2026/10/24,1234560,321,320,,,,,
TG,TG630,TK8496,BKK,1145,,,,,,,,,,,,,,,,KHH,1615,2026/10/19,2026/10/24,1234560,320,32Q,,,,,
TG,TG631,TK8497,KHH,1715,,,,,,,,,,,,,,,,BKK,1955,2026/10/19,2026/10/24,1234560,320,32Q,,,,,
UA,UA837,NH6464,NRT,1740,,,,,,,,,,,,,,,,KHH,2100,2026/10/19,2026/10/24,1234560,738,7M8,77W,772,,,
UA,UA838,NH6465,KHH,0955,,,,,,,,,,,,,,,,NRT,0400,2026/10/19,2026/10/24,1234560,738,7M8,77W,772,,,
UO,UO130,,HKG,0800,,,,,,,,,,,,,,,,KHH,0930,2026/10/19,2026/10/24,1234560,320,321,,,,,
UO,UO131,CX5131,KHH,1015,,,,,,,,,,,,,,,,HKG,1145,2026/10/19,2026/10/24,1234560,320,321,,,,,
UO,UO133,CX5133,KHH,1500,,,,,,,,,,,,,,,,HKG,1635,2026/10/19,2026/10/24,1234560,320,321,,,,,
UO,UO134,CX5134,HKG,1850,,,,,,,,,,,,,,,,KHH,2020,2026/10/19,2026/10/24,1030560,320,321,,,,,
UO,UO135,CX5135,KHH,2115,,,,,,,,,,,,,,,,HKG,2250,2026/10/19,2026/10/24,1030560,320,321,,,,,
UO,UO136,CX5136,HKG,1245,,,,,,,,,,,,,,,,KHH,1415,2026/10/19,2026/10/24,1234560,320,321,,,,,
UO,UO172,CX5172,HKG,1105,,,,,,,,,,,,,,,,RMQ,1245,2026/10/19,2026/10/24,1234560,320,321,,,,,
UO,UO173,CX5173,RMQ,1335,,,,,,,,,,,,,,,,HKG,1520,2026/10/19,2026/10/24,1234560,320,321,,,,,
UO,UO182,CX5182,HKG,1815,,,,,,,,,,,,,,,,RMQ,1955,2026/10/19,2026/10/24,1234560,320,321,,,,,
UO,UO183,CX5183,RMQ,2040,,,,,,,,,,,,,,,,HKG,2225,2026/10/19,2026/10/24,1234560,320,321,,,,,
UO,UO192,CX5192,HKG,0755,,,,,,,,,,,,,,,,RMQ,0935,2026/10/19,2026/10/23,1230500,320,321,,,,,
UO,UO192,CX5192,HKG,0755,,,,,,,,,,,,,,,,RMQ,0935,2026/10/22,2026/10/24,0004060,320,321,,,,,
UO,UO193,CX5193,RMQ,1025,,,,,,,,,,,,,,,,HKG,1210,2026/10/19,2026/10/24,1234560,320,321,,,,,
SC,SC4633,,TAO,0750,,,,,,,,,,,,,,,,RMQ,1020,2026/10/22,2026/10/22,0004000,738,73G,7M8,,,,
SC,SC4634,,RMQ,1120,,,,,,,,,,,,,,,,TAO,1350,2026/10/22,2026/10/22,0004000,738,73G,7M8,,,,
3U,3U3783,,CKG,1500,,,,,,,,,,,,,,,,TSA,1755,2026/10/21,2026/10/23,0030500,321,320,319,32N,32Q,,
3U,3U3784,,TSA,1905,,,,,,,,,,,,,,,,CKG,2220,2026/10/21,2026/10/23,0030500,321,320,319,32N,32Q,,
3U,3U3981,,CTU,1355,,,,,,,,,,,,,,,,TSA,1720,2026/10/19,2026/10/23,1030500,333,332,321,32Q,320,32N,
3U,3U3982,,TSA,1835,,,,,,,,,,,,,,,,CTU,2155,2026/10/19,2026/10/23,1030500,333,332,321,32Q,320,32N,
MF,MF8679,,FOC,1715,,,,,,,,,,,,,,,,KHH,1850,2026/10/23,2026/10/23,0000500,738,32Q,788,789,73G,,
MF,MF8680,,KHH,1950,,,,,,,,,,,,,,,,FOC,2125,2026/10/23,2026/10/23,0000500,738,32Q,788,789,73G,,
MF,MF881,,XMN,1710,,,,,,,,,,,,,,,,TSA,1845,2026/10/19,2026/10/24,1234560,738,32Q,788,789,73G,,
MF,MF882,,TSA,1945,,,,,,,,,,,,,,,,XMN,2130,2026/10/19,2026/10/24,1234560,738,32Q,788,789,73G,,
MF,MF883,AE5106,FOC,1810,,,,,,,,,,,,,,,,TSA,1945,2026/10/19,2026/10/24,1234060,738,32Q,788,789,73G,,
MF,MF884,AE5107,TSA,2045,,,,,,,,,,,,,,,,FOC,2215,2026/10/19,2026/10/24,1234060,738,32Q,788,789,73G,,
VN,VN580,CI9026,SGN,1750,,,,,,,,,,,,,,,,KHH,2150,2026/10/19,2026/10/24,1234560,321,359,789,,,,
VN,VN581,CI9027,KHH,0730,,,,,,,,,,,,,,,,SGN,0930,2026/10/19,2026/10/25,1234567,321,359,789,,,,
VN,VN582,,SGN,0745,,,,,,,,,,,,,,,,KHH,1145,2026/10/19,2026/10/23,1030500,321,359,789,,,,
VN,VN583,,KHH,1300,,,,,,,,,,,,,,,,SGN,1500,2026/10/19,2026/10/23,1030500,321,359,789,,,,
VN,VN584,,HAN,0720,,,,,,,,,,,,,,,,KHH,1050,2026/10/20,2026/10/24,0204060,321,359,789,,,,
VN,VN585,,KHH,1205,,,,,,,,,,,,,,,,HAN,1345,2026/10/20,2026/10/24,0204060,321,359,789,,,,
VN,VN586,CI9586,HAN,1815,,,,,,,,,,,,,,,,KHH,2145,2026/10/19,2026/10/24,1234560,321,359,789,,,,
VN,VN587,CI9587,KHH,0840,,,,,,,,,,,,,,,,HAN,1020,2026/10/19,2026/10/24,1234560,321,359,789,,,,
JL,JL096,CI9220,TSA,0940,,,,,,,,,,,,,,,,HND,1350,2026/10/19,2026/10/24,1234560,788,789,77E,738,763,,
JL,JL097,CI9221,HND,0855,,,,,,,,,,,,,,,,TSA,1115,2026/10/19,2026/10/24,1234560,789,788,77E,738,763,,
JL,JL098,CI9222,TSA,1420,,,,,,,,,,,,,,,,HND,1830,2026/10/19,2026/10/24,1234560,789,788,77E,738,763,,
JL,JL099,CI9223,HND,1825,,,,,,,,,,,,,,,,TSA,2050,2026/10/19,2026/10/24,1234560,788,789,77E,738,763,,
MM,MM031,,KIX,1045,,,,,,,,,,,,,,,,KHH,1310,2026/10/19,2026/10/24,1234560,32Q,32N,320,,,,
MM,MM032,,KHH,1410,,,,,,,,,,,,,,,,KIX,1815,2026/10/19,2026/10/24,1234560,32Q,32N,320,,,,
TW,TW651,,GMP,1050,,,,,,,,,,,,,,,,KHH,1245,2026/10/19,2026/10/23,1030500,738,7M8,,,,,
TW,TW652,,KHH,1345,,,,,,,,,,,,,,,,GMP,1740,2026/10/19,2026/10/23,1030500,738,7M8,,,,,
TW,TW667,,GMP,1120,,,,,,,,,,,,,,,,TSA,1300,2026/10/19,2026/10/23,1030500,738,7M8,,,,,
TW,TW668,,TSA,1400,,,,,,,,,,,,,,,,GMP,1725,2026/10/19,2026/10/23,1030500,738,7M8,,,,,
TW,TW669,,ICN,1355,,,,,,,,,,,,,,,,RMQ,1600,2026/10/19,2026/10/24,1234560,738,7M8,,,,,
TW,TW670,,RMQ,1700,,,,,,,,,,,,,,,,ICN,2045,2026/10/19,2026/10/24,1234560,738,7M8,,,,,
TW,TW671,,ICN,1305,,,,,,,,,,,,,,,,KHH,1510,2026/10/19,2026/10/24,1234560,738,7M8,,,,,
TW,TW672,,KHH,1610,,,,,,,,,,,,,,,,ICN,2000,2026/10/19,2026/10/24,1234560,738,7M8,,,,,
TW,TW675,,PUS,1500,,,,,,,,,,,,,,,,KHH,1650,2026/10/19,2026/10/24,1230560,738,7M8,,,,,
TW,TW675,,PUS,1500,,,,,,,,,,,,,,,,KHH,1650,2026/10/22,2026/10/22,0004000,738,7M8,,,,,
TW,TW676,,KHH,1755,,,,,,,,,,,,,,,,PUS,2205,2026/10/19,2026/10/24,1234560,738,7M8,,,,,
TW,TW689,,CJU,1115,,,,,,,,,,,,,,,,KHH,1245,2026/10/20,2026/10/24,0204060,738,7M8,,,,,
TW,TW690,,KHH,1345,,,,,,,,,,,,,,,,CJU,1710,2026/10/20,2026/10/24,0204060,738,7M8,,,,,
5J,5J344,,MNL,1700,,,,,,,,,,,,,,,,KHH,1900,2026/10/19,2026/10/24,1030560,32Q,321,32N,320,,,
5J,5J345,,KHH,2000,,,,,,,,,,,,,,,,MNL,2155,2026/10/19,2026/10/24,1030560,32Q,321,32N,320,,,
ZE,ZE887,,GMP,1115,,,,,,,,,,,,,,,,TSA,1255,2026/10/20,2026/10/24,0204060,738,7M8,,,,,
ZE,ZE888,,TSA,1400,,,,,,,,,,,,,,,,GMP,1725,2026/10/20,2026/10/24,0204060,738,7M8,,,,,
Z2,Z2132,,MNL,1540,,,,,,,,,,,,,,,,KHH,1725,2026/10/19,2026/10/24,1234560,320,,,,,,
Z2,Z2133,,KHH,1825,,,,,,,,,,,,,,,,MNL,2015,2026/10/19,2026/10/24,1234560,320,,,,,,
AK,AK170,,KHH,0830,,,,,,,,,,,,,,,,KIX,1240,2026/10/19,2026/10/24,1234560,32Q,320,32N,,,,
AK,AK170,,KUL,0255,,,,,,,,,,,,,,,,KHH,0730,2026/10/19,2026/10/24,1234560,32Q,320,32N,,,,
AK,AK171,,KHH,1700,,,,,,,,,,,,,,,,KUL,2125,2026/10/19,2026/10/24,1234560,32Q,320,32N,,,,
AK,AK171,,KIX,1345,,,,,,,,,,,,,,,,KHH,1600,2026/10/19,2026/10/24,1234560,32Q,320,32N,,,,
HO,HO1311,BR2733,PVG,0925,,,,,,,,,,,,,,,,KHH,1145,2026/10/21,2026/10/21,0030000,321,320,789,,,,
HO,HO1312,BR2734,KHH,1245,,,,,,,,,,,,,,,,PVG,1505,2026/10/21,2026/10/21,0030000,321,320,789,,,,
9C,9C8685,,NGB,1530,,,,,,,,,,,,,,,,KHH,1735,2026/10/20,2026/10/24,0200060,320,32Q,,,,,
9C,9C8686,,KHH,1835,,,,,,,,,,,,,,,,NGB,2035,2026/10/20,2026/10/24,0200060,320,32Q,,,,,
9C,9C8877,,PVG,1455,,,,,,,,,,,,,,,,KHH,1715,2026/10/21,2026/10/23,0030500,320,32Q,,,,,
9C,9C8878,,KHH,1815,,,,,,,,,,,,,,,,PVG,2035,2026/10/21,2026/10/23,0030500,320,32Q,,,,,
IT,IT260,,KHH,0655,,,,,,,,,,,,,,,,CTS,1205,2026/10/22,2026/10/22,0004000,320,,,,,,
IT,IT260,,KHH,0800,,,,,,,,,,,,,,,,CTS,1305,2026/10/20,2026/10/24,0200060,320,,,,,,
IT,IT261,,CTS,1255,,,,,,,,,,,,,,,,KHH,1630,2026/10/22,2026/10/22,0004000,320,,,,,,
IT,IT261,,CTS,1355,,,,,,,,,,,,,,,,KHH,1715,2026/10/20,2026/10/24,0200060,320,,,,,,
IT,IT262,,KHH,1240,,,,,,,,,,,,,,,,OKJ,1630,2026/10/19,2026/10/23,1030500,320,,,,,,
IT,IT263,,OKJ,1755,,,,,,,,,,,,,,,,KHH,2015,2026/10/19,2026/10/23,1030500,320,,,,,,
IT,IT268,,KHH,1500,,,,,,,,,,,,,,,,NGO,1915,2026/10/19,2026/10/24,1030060,320,,,,,,
IT,IT269,,NGO,2005,,,,,,,,,,,,,,,,KHH,2230,2026/10/19,2026/10/24,1030060,320,,,,,,
IT,IT270,,KHH,1425,,,,,,,,,,,,,,,,FUK,1755,2026/10/23,2026/10/23,0000500,320,,,,,,
IT,IT270,,KHH,1430,,,,,,,,,,,,,,,,FUK,1755,2026/10/20,2026/10/20,0200000,320,,,,,,
IT,IT271,,FUK,1855,,,,,,,,,,,,,,,,KHH,2035,2026/10/23,2026/10/23,0000500,320,,,,,,
IT,IT271,,FUK,1900,,,,,,,,,,,,,,,,KHH,2040,2026/10/20,2026/10/20,0200000,320,,,,,,
IT,IT280,,KHH,0805,,,,,,,,,,,,,,,,NRT,1240,2026/10/19,2026/10/24,1034560,320,,,,,,
IT,IT280,,KHH,0815,,,,,,,,,,,,,,,,NRT,1240,2026/10/20,2026/10/20,0200000,320,,,,,,
IT,IT281,,NRT,1150,,,,,,,,,,,,,,,,KHH,1500,2026/10/19,2026/10/24,1030560,320,,,,,,
IT,IT281,,NRT,1330,,,,,,,,,,,,,,,,KHH,1640,2026/10/20,2026/10/22,0204000,320,,,,,,
IT,IT284,,KHH,0640,,,,,,,,,,,,,,,,KIX,1035,2026/10/23,2026/10/23,0000500,320,,,,,,
IT,IT284,,KHH,0655,,,,,,,,,,,,,,,,KIX,1055,2026/10/19,2026/10/24,1230060,320,,,,,,
IT,IT284,,KHH,0700,,,,,,,,,,,,,,,,KIX,1055,2026/10/22,2026/10/22,0004000,320,,,,,,
IT,IT285,,KIX,1115,,,,,,,,,,,,,,,,KHH,1340,2026/10/20,2026/10/22,0204000,320,,,,,,
IT,IT285,,KIX,1125,,,,,,,,,,,,,,,,KHH,1335,2026/10/23,2026/10/23,0000500,320,,,,,,
IT,IT285,,KIX,1155,,,,,,,,,,,,,,,,KHH,1400,2026/10/24,2026/10/24,0000060,320,,,,,,
IT,IT285,,KIX,1200,,,,,,,,,,,,,,,,KHH,1400,2026/10/19,2026/10/21,1030000,320,,,,,,
IT,IT288,,KHH,0930,,,,,,,,,,,,,,,,OKA,1225,2026/10/22,2026/10/22,0004000,320,,,,,,
IT,IT288,,KHH,1010,,,,,,,,,,,,,,,,OKA,1300,2026/10/19,2026/10/24,1230560,320,,,,,,
IT,IT289,,OKA,1400,,,,,,,,,,,,,,,,KHH,1455,2026/10/19,2026/10/24,1230560,320,,,,,,
IT,IT289,,OKA,2140,,,,,,,,,,,,,,,,KHH,2230,2026/10/22,2026/10/22,0004000,320,,,,,,
IT,IT294,,KHH,0800,,,,,,,,,,,,,,,,KMQ,1205,2026/10/22,2026/10/22,0004000,320,,,,,,
IT,IT295,,KMQ,1255,,,,,,,,,,,,,,,,KHH,1525,2026/10/22,2026/10/22,0004000,320,,,,,,
IT,IT585,,KHH,1600,,,,,,,,,,,,,,,,DAD,1735,2026/10/21,2026/10/21,0030000,320,,,,,,
IT,IT585,,KHH,1630,,,,,,,,,,,,,,,,DAD,1810,2026/10/20,2026/10/22,0204000,320,,,,,,
IT,IT585,,KHH,1630,,,,,,,,,,,,,,,,DAD,1810,2026/10/24,2026/10/24,0000060,320,,,,,,
IT,IT586,,DAD,1825,,,,,,,,,,,,,,,,KHH,2145,2026/10/21,2026/10/21,0030000,320,,,,,,
IT,IT586,,DAD,1900,,,,,,,,,,,,,,,,KHH,2220,2026/10/20,2026/10/24,0204060,320,,,,,,
IT,IT632,,RMQ,0700,,,,,,,,,,,,,,,,CJU,1000,2026/10/21,2026/10/24,0030060,320,,,,,,
IT,IT633,,CJU,1955,,,,,,,,,,,,,,,,RMQ,2100,2026/10/23,2026/10/23,0000500,320,,,,,,
IT,IT662,,KHH,1555,,,,,,,,,,,,,,,,GMP,1945,2026/10/24,2026/10/24,0000060,320,,,,,,
IT,IT662,,KHH,1600,,,,,,,,,,,,,,,,GMP,1945,2026/10/19,2026/10/23,1004500,320,,,,,,
IT,IT663,,GMP,2035,,,,,,,,,,,,,,,,KHH,2240,2026/10/19,2026/10/24,1004560,320,,,,,,
IT,IT670,,KHH,1545,,,,,,,,,,,,,,,,CJU,1900,2026/10/23,2026/10/23,0000500,320,,,,,,
IT,IT670,,KHH,1550,,,,,,,,,,,,,,,,CJU,1850,2026/10/19,2026/10/19,1000000,320,,,,,,
IT,IT670,,KHH,1555,,,,,,,,,,,,,,,,CJU,1915,2026/10/21,2026/10/21,0030000,320,,,,,,
IT,IT671,,CJU,1950,,,,,,,,,,,,,,,,KHH,2115,2026/10/19,2026/10/19,1000000,320,,,,,,
IT,IT671,,CJU,2005,,,,,,,,,,,,,,,,KHH,2130,2026/10/21,2026/10/21,0030000,320,,,,,,
IT,IT675,,CJU,1050,,,,,,,,,,,,,,,,KHH,1215,2026/10/21,2026/10/24,0030060,320,,,,,,
IT,IT728,,KHH,1545,,,,,,,,,,,,,,,,OKA,1810,2026/10/20,2026/10/20,0200000,320,,,,,,
IT,IT728,,KHH,1615,,,,,,,,,,,,,,,,OKA,1840,2026/10/22,2026/10/22,0004000,320,,,,,,
IT,IT729,,OKA,1030,,,,,,,,,,,,,,,,KHH,1120,2026/10/19,2026/10/23,1000500,320,,,,,,
IT,IT762,,KHH,0815,,,,,,,,,,,,,,,,ISG,1010,2026/10/21,2026/10/21,0030000,320,,,,,,
IT,IT763,,ISG,1100,,,,,,,,,,,,,,,,KHH,1110,2026/10/21,2026/10/21,0030000,320,,,,,,
IT,IT766,,KHH,0845,,,,,,,,,,,,,,,,KMJ,1150,2026/10/20,2026/10/23,0200500,320,,,,,,
IT,IT767,,KMJ,1950,,,,,,,,,,,,,,,,KHH,2140,2026/10/20,2026/10/23,0200500,320,,,,,,
IT,IT772,,KHH,1325,,,,,,,,,,,,,,,,SDJ,1810,2026/10/19,2026/10/24,1030060,320,,,,,,
IT,IT773,,SDJ,1900,,,,,,,,,,,,,,,,KHH,2210,2026/10/19,2026/10/24,1030060,320,,,,,,
IT,IT778,,RMQ,1705,,,,,,,,,,,,,,,,NGO,2055,2026/10/19,2026/10/23,1030500,320,,,,,,
IT,IT779,,NGO,1345,,,,,,,,,,,,,,,,RMQ,1605,2026/10/19,2026/10/23,1030500,320,,,,,,
IT,IT792,,RMQ,0710,,,,,,,,,,,,,,,,OKA,0940,2026/10/19,2026/10/23,1000500,320,,,,,,
IT,IT793,,OKA,1900,,,,,,,,,,,,,,,,RMQ,1930,2026/10/20,2026/10/20,0200000,320,,,,,,
IT,IT793,,OKA,1930,,,,,,,,,,,,,,,,RMQ,2000,2026/10/22,2026/10/22,0004000,320,,,,,,
IT,IT794,,TNN,1555,,,,,,,,,,,,,,,,KMJ,1900,2026/10/20,2026/10/23,0200500,320,,,,,,
IT,IT795,,KMJ,1240,,,,,,,,,,,,,,,,TNN,1425,2026/10/20,2026/10/23,0200500,320,,,,,,
IT,IT796,,TNN,1505,,,,,,,,,,,,,,,,OKA,1750,2026/10/22,2026/10/22,0004000,320,,,,,,
IT,IT797,,OKA,1325,,,,,,,,,,,,,,,,TNN,1405,2026/10/22,2026/10/22,0004000,320,,,,,,
VJ,VJ1934,,HAN,0700,,,,,,,,,,,,,,,,RMQ,1030,2026/10/23,2026/10/23,0000500,321,320,,,,,
VJ,VJ1935,,RMQ,1130,,,,,,,,,,,,,,,,HAN,1320,2026/10/23,2026/10/23,0000500,321,320,,,,,
VJ,VJ1948,,HAN,0700,,,,,,,,,,,,,,,,KHH,1015,2026/10/24,2026/10/24,0000060,321,320,,,,,
VJ,VJ1949,,KHH,1115,,,,,,,,,,,,,,,,HAN,1300,2026/10/24,2026/10/24,0000060,321,320,,,,,
VJ,VJ8510,,DAD,1430,,,,,,,,,,,,,,,,RMQ,1800,2026/10/20,2026/10/20,0200000,321,320,,,,,
VJ,VJ8510,,DAD,1430,,,,,,,,,,,,,,,,RMQ,1800,2026/10/23,2026/10/23,0000500,321,320,,,,,
VJ,VJ8511,,RMQ,1900,,,,,,,,,,,,,,,,DAD,2035,2026/10/20,2026/10/20,0200000,321,320,,,,,
VJ,VJ8511,,RMQ,1900,,,,,,,,,,,,,,,,DAD,2035,2026/10/23,2026/10/23,0000500,321,320,,,,,
VJ,VJ852,,SGN,1010,,,,,,,,,,,,,,,,RMQ,1430,2026/10/19,2026/10/24,1234560,321,320,,,,,
VJ,VJ8520,,DAD,1200,,,,,,,,,,,,,,,,KHH,1515,2026/10/22,2026/10/22,0004000,321,320,,,,,
VJ,VJ8521,,KHH,1615,,,,,,,,,,,,,,,,DAD,1740,2026/10/22,2026/10/22,0004000,321,320,,,,,
VJ,VJ853,,RMQ,1530,,,,,,,,,,,,,,,,SGN,1800,2026/10/19,2026/10/24,1234560,321,320,,,,,
VJ,VJ885,,KHH,1240,,,,,,,,,,,,,,,,SGN,1450,2026/10/19,2026/10/24,1234560,321,320,,,,,
VJ,VJ886,,SGN,0730,,,,,,,,,,,,,,,,KHH,1140,2026/10/19,2026/10/24,1234560,321,320,,,,,
VJ,VJ946,,HAN,1435,,,,,,,,,,,,,,,,KHH,1750,2026/10/19,2026/10/24,1234560,321,320,,,,,
VJ,VJ947,,KHH,1850,,,,,,,,,,,,,,,,HAN,2035,2026/10/19,2026/10/24,1234560,321,320,,,,,
VJ,VJ948,,HAN,1330,,,,,,,,,,,,,,,,RMQ,1700,2026/10/19,2026/10/24,1234560,321,320,,,,,
VJ,VJ949,,RMQ,1800,,,,,,,,,,,,,,,,HAN,1950,2026/10/19,2026/10/24,1234560,321,320,,,,,
7C,7C6123,,GMP,0945,,,,,,,,,,,,,,,,KHH,1200,2026/10/20,2026/10/24,0204060,738,7M8,,,,,
7C,7C6124,,KHH,1300,,,,,,,,,,,,,,,,GMP,1655,2026/10/20,2026/10/24,0204060,738,7M8,,,,,
7C,7C6255,,PUS,1415,,,,,,,,,,,,,,,,KHH,1600,2026/10/19,2026/10/24,1234560,738,7M8,,,,,
7C,7C6256,,KHH,1700,,,,,,,,,,,,,,,,PUS,2030,2026/10/19,2026/10/24,1234560,738,7M8,,,,,
GK,GK017,,NRT,0955,,,,,,,,,,,,,,,,KHH,1300,2026/10/19,2026/10/24,1234560,320,32Q,,,,,
GK,GK018,,KHH,1400,,,,,,,,,,,,,,,,NRT,1830,2026/10/19,2026/10/24,1234560,320,32Q,,,,,
SL,SL390,,KHH,0815,,,,,,,,,,,,,,,,OKA,1100,2026/10/22,2026/10/24,0004060,738,73J,,,,,
SL,SL390,,DMK,0245,,,,,,,,,,,,,,,,KHH,0715,2026/10/22,2026/10/24,0004060,738,73J,,,,,
SL,SL391,,KHH,1340,,,,,,,,,,,,,,,,DMK,1605,2026/10/22,2026/10/24,0004060,738,73J,,,,,
SL,SL391,,OKA,1200,,,,,,,,,,,,,,,,KHH,1240,2026/10/22,2026/10/24,0004060,738,73J,,,,,
SL,SL392,,KHH,1050,,,,,,,,,,,,,,,,CTS,1600,2026/10/19,2026/10/23,1030500,73J,738,,,,,
SL,SL392,,DMK,0510,,,,,,,,,,,,,,,,KHH,0940,2026/10/19,2026/10/23,1030500,73J,738,,,,,
SL,SL393,,KHH,2155,,,,,,,,,,,,,,,,DMK,0020+1,2026/10/19,2026/10/23,1030500,73J,738,,,,,
SL,SL393,,CTS,1700,,,,,,,,,,,,,,,,KHH,2030,2026/10/19,2026/10/23,1030500,73J,738,,,,,
FD,FD234,,KHH,0805,,,,,,,,,,,,,,,,NRT,1255,2026/10/19,2026/10/23,1030500,32N,320,,,,,
FD,FD234,,DMK,0235,,,,,,,,,,,,,,,,KHH,0705,2026/10/19,2026/10/23,1030500,32N,320,,,,,
FD,FD235,,KHH,1805,,,,,,,,,,,,,,,,DMK,2030,2026/10/19,2026/10/23,1030500,32N,320,,,,,
FD,FD235,,NRT,1355,,,,,,,,,,,,,,,,KHH,1705,2026/10/19,2026/10/23,1030500,32N,320,,,,,
JX,JX1310,,RMQ,0810,,,,,,,,,,,,,,,,PUS,1130,2026/10/24,2026/10/24,0000060,32Q,,,,,,
JX,JX1310,,RMQ,1500,,,,,,,,,,,,,,,,PUS,1815,2026/10/21,2026/10/21,0030000,32Q,,,,,,
JX,JX1311,,PUS,1230,,,,,,,,,,,,,,,,RMQ,1400,2026/10/24,2026/10/24,0000060,32Q,,,,,,
JX,JX1311,,PUS,1915,,,,,,,,,,,,,,,,RMQ,2045,2026/10/21,2026/10/21,0030000,32Q,,,,,,
JX,JX300,,RMQ,0840,,,,,,,,,,,,,,,,TAK,1220,2026/10/19,2026/10/23,1034500,32Q,,,,,,
JX,JX301,,TAK,1320,,,,,,,,,,,,,,,,RMQ,1515,2026/10/19,2026/10/23,1034500,32Q,,,,,,
JX,JX302,,RMQ,1310,,,,,,,,,,,,,,,,OKA,1545,2026/10/19,2026/10/24,1234560,32Q,,,,,,
JX,JX303,,OKA,1645,,,,,,,,,,,,,,,,RMQ,1725,2026/10/19,2026/10/24,1234560,32Q,,,,,,
JX,JX306,,RMQ,0845,,,,,,,,,,,,,,,,UKB,1230,2026/10/19,2026/10/24,1234560,32Q,,,,,,
JX,JX307,,UKB,1330,,,,,,,,,,,,,,,,RMQ,1535,2026/10/19,2026/10/24,1234560,32Q,,,,,,
JX,JX308,,RMQ,0720,,,,,,,,,,,,,,,,SHI,0940,2026/10/19,2026/10/23,1030500,32Q,,,,,,
JX,JX309,,SHI,1040,,,,,,,,,,,,,,,,RMQ,1100,2026/10/19,2026/10/23,1030500,32Q,,,,,,
JX,JX310,,RMQ,0735,,,,,,,,,,,,,,,,PUS,1055,2026/10/22,2026/10/22,0004000,32Q,,,,,,
JX,JX310,,RMQ,0810,,,,,,,,,,,,,,,,PUS,1130,2026/10/20,2026/10/23,0200500,32Q,,,,,,
JX,JX311,,PUS,1155,,,,,,,,,,,,,,,,RMQ,1325,2026/10/22,2026/10/22,0004000,32Q,,,,,,
JX,JX311,,PUS,1230,,,,,,,,,,,,,,,,RMQ,1400,2026/10/20,2026/10/23,0200500,32Q,,,,,,
JX,JX312,,RMQ,1640,,,,,,,,,,,,,,,,OKA,1910,2026/10/19,2026/10/24,1234560,32Q,,,,,,
JX,JX313,,OKA,2010,,,,,,,,,,,,,,,,RMQ,2050,2026/10/19,2026/10/24,1234560,32Q,,,,,,
JX,JX314,,RMQ,0930,,,,,,,,,,,,,,,,NRT,1400,2026/10/19,2026/10/24,1034060,32Q,,,,,,
JX,JX314,,RMQ,0930,,,,,,,,,,,,,,,,NRT,1400,2026/10/20,2026/10/23,0200500,32Q,,,,,,
JX,JX315,,NRT,1530,,,,,,,,,,,,,,,,RMQ,1810,2026/10/19,2026/10/19,1000000,32Q,,,,,,
JX,JX315,,NRT,1600,,,,,,,,,,,,,,,,RMQ,1840,2026/10/21,2026/10/22,0034000,32Q,,,,,,
JX,JX315,,NRT,1600,,,,,,,,,,,,,,,,RMQ,1840,2026/10/20,2026/10/20,0200000,32Q,,,,,,
JX,JX315,,NRT,1630,,,,,,,,,,,,,,,,RMQ,1910,2026/10/24,2026/10/24,0000060,32Q,,,,,,
JX,JX315,,NRT,1630,,,,,,,,,,,,,,,,RMQ,1910,2026/10/23,2026/10/23,0000500,32Q,,,,,,
JX,JX316,,RMQ,1500,,,,,,,,,,,,,,,,KMJ,1815,2026/10/20,2026/10/23,0200500,32Q,,,,,,
JX,JX317,,KMJ,1915,,,,,,,,,,,,,,,,RMQ,2045,2026/10/20,2026/10/23,0200500,32Q,,,,,,
JX,JX318,,RMQ,0900,,,,,,,,,,,,,,,,CTS,1355,2026/10/19,2026/10/24,1230560,32Q,,,,,,
JX,JX318,,RMQ,0900,,,,,,,,,,,,,,,,CTS,1355,2026/10/22,2026/10/22,0004000,32Q,,,,,,
JX,JX319,,CTS,1500,,,,,,,,,,,,,,,,RMQ,1825,2026/10/19,2026/10/24,1230560,32Q,,,,,,
JX,JX319,,CTS,1500,,,,,,,,,,,,,,,,RMQ,1825,2026/10/22,2026/10/22,0004000,32Q,,,,,,
JX,JX329,,RMQ,0835,,,,,,,,,,,,,,,,MFM,1020,2026/10/19,2026/10/21,1030000,32Q,,,,,,
JX,JX330,,MFM,1125,,,,,,,,,,,,,,,,RMQ,1310,2026/10/19,2026/10/21,1030000,32Q,,,,,,
JX,JX331,,RMQ,1625,,,,,,,,,,,,,,,,MFM,1805,2026/10/19,2026/10/24,1234560,32Q,,,,,,
JX,JX332,,MFM,1915,,,,,,,,,,,,,,,,RMQ,2110,2026/10/19,2026/10/24,1234560,32Q,,,,,,
JX,JX333,,RMQ,0705,,,,,,,,,,,,,,,,PQC,0940,2026/10/20,2026/10/24,0200060,32Q,,,,,,
JX,JX334,,PQC,1040,,,,,,,,,,,,,,,,RMQ,1525,2026/10/20,2026/10/24,0200060,32Q,,,,,,
GJ,GJ8301,,TFU,1115,,,,,,,,,,,,,,,,RMQ,1425,2026/10/20,2026/10/24,0200060,320,32N,32Q,319,,,
GJ,GJ8302,,RMQ,1525,,,,,,,,,,,,,,,,TFU,1835,2026/10/20,2026/10/24,0200060,320,32N,32Q,319,,,
